ObjectID,NiceName,Category,SubCategory,ModelName,VariantOfClean,SnapGroups,LikelyRole,FBXPath,extent_x,extent_y,extent_z,center_x,center_y,center_z,SpacingRule
B_ALK_A,TITAN-CLASS LANDING BAY,Corvette,Access and Docking,B_ALK_A,,,prop/detail or unclassified,models/corvette/B_ALK_A.fbx,6.0,3.009532,6.003907,0.0,1.505,-2.99721,"use FBX extents X=6.000, Y=3.010, Z=6.004 * scale"
B_ALK_B,AMBASSADOR-CLASS LANDING BAY,Corvette,Access and Docking,B_ALK_B,,,prop/detail or unclassified,models/corvette/B_ALK_B.fbx,5.929688,2.998047,3.697327,0.0,1.499023,-1.831024,"use FBX extents X=5.930, Y=2.998, Z=3.697 * scale"
B_ALK_C,THUNDERBIRD-CLASS LANDING BAY,Corvette,Access and Docking,B_ALK_C,,,prop/detail or unclassified,models/corvette/B_ALK_C.fbx,6.0,2.970375,6.023438,0.0,1.57967,-0.001953,"use FBX extents X=6.000, Y=2.970, Z=6.023 * scale"
B_ALK_Z_A,TITAN-CLASS LANDING BAY (Z),Corvette,Access and Docking,B_ALK_Z_A,B_ALK_A,,prop/detail or unclassified,models/corvette/B_ALK_Z_A.fbx,6.0,3.009532,6.003906,0.0,1.505,2.99721,"use FBX extents X=6.000, Y=3.010, Z=6.004 * scale"
B_ALK_Z_B,AMBASSADOR-CLASS LANDING BAY (Z),Corvette,Access and Docking,B_ALK_Z_B,B_ALK_B,,prop/detail or unclassified,models/corvette/B_ALK_Z_B.fbx,5.929688,2.998047,3.697327,0.0,1.499023,1.831024,"use FBX extents X=5.930, Y=2.998, Z=3.697 * scale"
B_LND_A,LANDING GEAR,Corvette,Access and Docking,B_LND_A,,,prop/detail or unclassified,models/corvette/B_LND_A.fbx,5.589844,6.128489,5.589844,0.0,2.736119,0.001118,"use FBX extents X=5.590, Y=6.128, Z=5.590 * scale"
B_LND_B,MAG-FIELD LANDING THRUSTERS,Corvette,Access and Docking,B_LND_B,,,prop/detail or unclassified,models/corvette/B_LND_B.fbx,5.054688,2.299438,6.019531,-0.007812,1.973938,0.0,"use FBX extents X=5.055, Y=2.299, Z=6.020 * scale"
B_LND_C,HYDRAULIC LEGS,Corvette,Access and Docking,B_LND_C,,,prop/detail or unclassified,models/corvette/B_LND_C.fbx,5.638672,8.062741,7.261204,0.000977,3.918893,-0.02076,"use FBX extents X=5.639, Y=8.063, Z=7.261 * scale"
B_COK_A,TITAN-CLASS COCKPIT,Corvette,Cockpits and Habitation Modules,B_COK_A,,,prop/detail or unclassified,models/corvette/B_COK_A.fbx,5.9375,5.499756,6.415283,0.0,2.27356,3.120483,"use FBX extents X=5.938, Y=5.500, Z=6.415 * scale"
B_COK_B,AMBASSADOR-CLASS COCKPIT,Corvette,Cockpits and Habitation Modules,B_COK_B,,,prop/detail or unclassified,models/corvette/B_COK_B.fbx,6.324219,4.624023,5.790321,0.001953,0.672363,2.893902,"use FBX extents X=6.324, Y=4.624, Z=5.790 * scale"
B_COK_D,THUNDERBIRD-CLASS COCKPIT,Corvette,Cockpits and Habitation Modules,B_COK_D,,,prop/detail or unclassified,models/corvette/B_COK_D.fbx,6.556641,3.315186,6.216019,-0.010742,1.387329,3.099022,"use FBX extents X=6.557, Y=3.315, Z=6.216 * scale"
B_HAB1_A,TITAN-CLASS WALKWAY,Corvette,Cockpits and Habitation Modules,B_HAB1_A,,,prop/detail or unclassified,models/corvette/B_HAB1_A.fbx,6.0,2.952515,6.001953,0.0,1.441711,-0.000977,"use FBX extents X=6.000, Y=2.953, Z=6.002 * scale"
B_HAB1_B,THUNDERBIRD-CLASS WALKWAY,Corvette,Cockpits and Habitation Modules,B_HAB1_B,,,prop/detail or unclassified,models/corvette/B_HAB1_B.fbx,5.886719,2.931412,6.804688,0.0,1.4757,0.302734,"use FBX extents X=5.887, Y=2.931, Z=6.805 * scale"
B_HAB1_C,AMBASSADOR-CLASS WALKWAY,Corvette,Cockpits and Habitation Modules,B_HAB1_C,,,prop/detail or unclassified,models/corvette/B_HAB1_C.fbx,5.847656,3.015289,5.8125,0.0,1.492355,0.0,"use FBX extents X=5.848, Y=3.015, Z=5.812 * scale"
B_HAB_A,TITAN-CLASS HAB,Corvette,Cockpits and Habitation Modules,B_HAB_A,,,prop/detail or unclassified,models/corvette/B_HAB_A.fbx,6.015625,2.952515,12.0,0.0,1.441711,0.0,"use FBX extents X=6.016, Y=2.953, Z=12.000 * scale"
B_HAB_B,THUNDERBIRD-CLASS HAB,Corvette,Cockpits and Habitation Modules,B_HAB_B,,,prop/detail or unclassified,models/corvette/B_HAB_B.fbx,5.074219,2.821899,11.007812,0.0,1.510925,0.0,"use FBX extents X=5.074, Y=2.822, Z=11.008 * scale"
B_HAB_C,AMBASSADOR-CLASS HAB,Corvette,Cockpits and Habitation Modules,B_HAB_C,,,prop/detail or unclassified,models/corvette/B_HAB_C.fbx,5.847656,2.956696,11.820312,0.0,1.463058,0.0,"use FBX extents X=5.848, Y=2.957, Z=11.820 * scale"
B_SHL_A,DEFLECTOR SHIELD,Corvette,Defensive Systems,B_SHL_A,,,prop/detail or unclassified,models/corvette/B_SHL_A.fbx,3.101564,3.778916,3.101564,0.0,1.858589,0.0,"use FBX extents X=3.102, Y=3.779, Z=3.102 * scale"
B_SHL_B,ION BARRIER,Corvette,Defensive Systems,B_SHL_B,,,prop/detail or unclassified,models/corvette/B_SHL_B.fbx,3.637695,4.03653,2.369141,-0.001465,1.993454,0.004883,"use FBX extents X=3.638, Y=4.037, Z=2.369 * scale"
B_SHL_C,HIGH-ENERGY SHIELD,Corvette,Defensive Systems,B_SHL_C,,,prop/detail or unclassified,models/corvette/B_SHL_C.fbx,2.666016,2.909501,2.628907,0.00293,1.441735,0.0,"use FBX extents X=2.666, Y=2.910, Z=2.629 * scale"
B_SHL_E,AERON POWERSHIELD,Corvette,Defensive Systems,B_SHL_E,,,prop/detail or unclassified,models/corvette/B_SHL_E.fbx,3.753906,1.463577,3.753906,0.0,0.703758,0.0,"use FBX extents X=3.754, Y=1.464, Z=3.754 * scale"
B_TUR_A,PHOTON CANNON ARRAY,Corvette,Defensive Systems,B_TUR_A,,,prop/detail or unclassified,models/corvette/B_TUR_A.fbx,3.378906,2.175049,4.15625,0.0,0.959351,0.474609,"use FBX extents X=3.379, Y=2.175, Z=4.156 * scale"
B_TUR_B,DEADEYE CANNON,Corvette,Defensive Systems,B_TUR_B,,,prop/detail or unclassified,models/corvette/B_TUR_B.fbx,2.827294,3.832152,5.072688,0.003837,1.686848,0.619248,"use FBX extents X=2.827, Y=3.832, Z=5.073 * scale"
B_TUR_C,PHASE BEAM ARRAY,Corvette,Defensive Systems,B_TUR_C,,,prop/detail or unclassified,models/corvette/B_TUR_C.fbx,3.720703,2.489502,5.0625,0.021484,1.569702,0.164062,"use FBX extents X=3.721, Y=2.490, Z=5.062 * scale"
B_TUR_D,CYCLOTRON DEFENCE CANNON,Corvette,Defensive Systems,B_TUR_D,,,prop/detail or unclassified,models/corvette/B_TUR_D.fbx,1.862793,2.82959,5.357422,0.003174,1.903564,0.213867,"use FBX extents X=1.863, Y=2.830, Z=5.357 * scale"
B_TUR_E,INFRA-KNIFE PLATFORM,Corvette,Defensive Systems,B_TUR_E,,,prop/detail or unclassified,models/corvette/B_TUR_E.fbx,3.283203,1.712402,3.771484,0.0,1.114502,0.657227,"use FBX extents X=3.283, Y=1.712, Z=3.771 * scale"
B_TUR_F,B_TUR_F,Corvette,Defensive Systems,B_TUR_F,,,prop/detail or unclassified,models/corvette/B_TUR_F.fbx,5.925781,5.227978,13.765625,0.0,2.620386,-1.242188,"use FBX extents X=5.926, Y=5.228, Z=13.766 * scale"
B_DECO_A,ANTENNA,Corvette,Exterior Decoration,B_DECO_A,,,prop/detail or unclassified,models/corvette/B_DECO_A.fbx,1.674072,6.080595,1.76479,-0.516479,2.971633,0.52717,"use FBX extents X=1.674, Y=6.081, Z=1.765 * scale"
B_DECO_B,CARGO LINK,Corvette,Exterior Decoration,B_DECO_B,,,prop/detail or unclassified,models/corvette/B_DECO_B.fbx,4.0625,1.830688,3.865234,0.0,0.672546,0.0,"use FBX extents X=4.062, Y=1.831, Z=3.865 * scale"
B_DECO_C,SMALL VENT,Corvette,Exterior Decoration,B_DECO_C,,,prop/detail or unclassified,models/corvette/B_DECO_C.fbx,3.285156,2.866028,5.578125,0.0,1.359955,0.0,"use FBX extents X=3.285, Y=2.866, Z=5.578 * scale"
B_DECO_D,CARGO CAPSULE,Corvette,Exterior Decoration,B_DECO_D,,,prop/detail or unclassified,models/corvette/B_DECO_D.fbx,3.882812,5.986952,3.884766,0.0,2.990899,0.0,"use FBX extents X=3.883, Y=5.987, Z=3.885 * scale"
B_DECO_F,CARGO POD,Corvette,Exterior Decoration,B_DECO_F,,,prop/detail or unclassified,models/corvette/B_DECO_F.fbx,2.685547,8.119797,5.832031,0.0,4.057289,-0.011719,"use FBX extents X=2.686, Y=8.120, Z=5.832 * scale"
B_DECO_G,CARGO SPHERE,Corvette,Exterior Decoration,B_DECO_G,,,prop/detail or unclassified,models/corvette/B_DECO_G.fbx,4.695312,4.537766,4.011719,0.0,2.266273,0.0,"use FBX extents X=4.695, Y=4.538, Z=4.012 * scale"
B_DECO_H,SATELLITE RECEIVER,Corvette,Exterior Decoration,B_DECO_H,,,prop/detail or unclassified,models/corvette/B_DECO_H.fbx,4.947266,4.239624,4.848145,-2.104492,2.079407,2.068115,"use FBX extents X=4.947, Y=4.240, Z=4.848 * scale"
B_DECO_I,TORPEDO LAUNCHER,Corvette,Exterior Decoration,B_DECO_I,,,prop/detail or unclassified,models/corvette/B_DECO_I.fbx,3.006571,2.823329,5.554688,0.239613,1.463605,-0.224609,"use FBX extents X=3.007, Y=2.823, Z=5.555 * scale"
B_DECO_J,AIR PURIFIER,Corvette,Exterior Decoration,B_DECO_J,,,prop/detail or unclassified,models/corvette/B_DECO_J.fbx,3.703125,1.183176,5.980469,0.033203,0.594935,-0.060547,"use FBX extents X=3.703, Y=1.183, Z=5.980 * scale"
B_DECO_K,FUEL RODS,Corvette,Exterior Decoration,B_DECO_K,,,prop/detail or unclassified,models/corvette/B_DECO_K.fbx,5.347656,2.80719,5.998047,0.0,1.326874,0.000977,"use FBX extents X=5.348, Y=2.807, Z=5.998 * scale"
B_DECO_L,RADIATOR VENT,Corvette,Exterior Decoration,B_DECO_L,,,prop/detail or unclassified,models/corvette/B_DECO_L.fbx,4.914062,1.76915,5.683594,0.0,0.859566,0.0,"use FBX extents X=4.914, Y=1.769, Z=5.684 * scale"
B_DECO_M,DUCTING OUTLET,Corvette,Exterior Decoration,B_DECO_M,,,prop/detail or unclassified,models/corvette/B_DECO_M.fbx,3.917969,1.723145,5.970703,0.0,0.772217,-0.004883,"use FBX extents X=3.918, Y=1.723, Z=5.971 * scale"
B_DECO_N_0,STREAMLINED TRIM CAP,Corvette,Exterior Decoration,B_DECO_N_0,,,prop/detail or unclassified,models/corvette/B_DECO_N_0.fbx,2.975586,3.006377,5.646484,-0.000488,1.502671,-0.170898,"use FBX extents X=2.976, Y=3.006, Z=5.646 * scale"
B_DECO_N_1,STREAMLINED TRIM CAP,Corvette,Exterior Decoration,B_DECO_N_1,,,prop/detail or unclassified,models/corvette/B_DECO_N_1.fbx,2.975586,3.006377,5.646484,0.000488,1.502671,0.170898,"use FBX extents X=2.976, Y=3.006, Z=5.646 * scale"
B_DECO_O,STREAMLINED TRIM,Corvette,Exterior Decoration,B_DECO_O,,,prop/detail or unclassified,models/corvette/B_DECO_O.fbx,2.96875,3.156025,5.992188,0.0,1.582144,-0.001953,"use FBX extents X=2.969, Y=3.156, Z=5.992 * scale"
B_DECO_P,RADAR DOME,Corvette,Exterior Decoration,B_DECO_P,,,prop/detail or unclassified,models/corvette/B_DECO_P.fbx,12.078125,3.501953,12.078125,0.0,1.750976,0.0,"use FBX extents X=12.078, Y=3.502, Z=12.078 * scale"
B_DECO_Q_0,AERON DIFFUSER,Corvette,Exterior Decoration,B_DECO_Q_0,,,prop/detail or unclassified,models/corvette/B_DECO_Q_0.fbx,3.15625,2.929733,5.970703,-0.000977,1.462868,-0.014648,"use FBX extents X=3.156, Y=2.930, Z=5.971 * scale"
B_DECO_Q_1,AERON DIFFUSER,Corvette,Exterior Decoration,B_DECO_Q_1,,,prop/detail or unclassified,models/corvette/B_DECO_Q_1.fbx,3.15625,2.929733,5.970704,0.000977,1.462868,0.014649,"use FBX extents X=3.156, Y=2.930, Z=5.971 * scale"
B_DECO_R,AERON COWLING,Corvette,Exterior Decoration,B_DECO_R,,,prop/detail or unclassified,models/corvette/B_DECO_R.fbx,3.160156,2.923145,6.0,0.0,1.466162,0.0,"use FBX extents X=3.160, Y=2.923, Z=6.000 * scale"
B_DECO_S,AERON PILLAR,Corvette,Exterior Decoration,B_DECO_S,,,prop/detail or unclassified,models/corvette/B_DECO_S.fbx,15.5625,2.054199,19.484375,0.0,1.87915,0.0,"use FBX extents X=15.562, Y=2.054, Z=19.484 * scale"
B_DECO_T,AERON PYRAMID,Corvette,Exterior Decoration,B_DECO_T,,,prop/detail or unclassified,models/corvette/B_DECO_T.fbx,4.742188,5.773239,4.742188,0.0,2.902443,0.0,"use FBX extents X=4.742, Y=5.773, Z=4.742 * scale"
B_CON2_0,REINFORCED HULL LINK,Corvette,Hull Connectors,B_CON2_0,,,prop/detail or unclassified,models/corvette/B_CON2_0.fbx,6.050781,3.009319,11.984375,0.0,1.499247,0.0,"use FBX extents X=6.051, Y=3.009, Z=11.984 * scale"
B_CON2_1,INDUSTRIAL CARGO LINK,Corvette,Hull Connectors,B_CON2_1,,,prop/detail or unclassified,models/corvette/B_CON2_1.fbx,6.015625,3.009319,12.015625,0.0,1.499247,0.0,"use FBX extents X=6.016, Y=3.009, Z=12.016 * scale"
B_CON2_2,OVERSIZED CANISTER LINK,Corvette,Hull Connectors,B_CON2_2,,,prop/detail or unclassified,models/corvette/B_CON2_2.fbx,6.0,3.0,12.0,0.0,1.5,0.0,"use FBX extents X=6.000, Y=3.000, Z=12.000 * scale"
B_CON2_3,STRUCTURAL GANTRY LINK,Corvette,Hull Connectors,B_CON2_3,,,prop/detail or unclassified,models/corvette/B_CON2_3.fbx,6.0,3.0,12.0,0.0,1.5,0.0,"use FBX extents X=6.000, Y=3.000, Z=12.000 * scale"
B_CON_10,BALLAST TANK,Corvette,Hull Connectors,B_CON_10,,,prop/detail or unclassified,models/corvette/B_CON_10.fbx,6.0,2.998046,6.0,0.0,1.499024,0.0,"use FBX extents X=6.000, Y=2.998, Z=6.000 * scale"
B_CON_11,COOLANT DISTRIBUTOR,Corvette,Hull Connectors,B_CON_11,,,prop/detail or unclassified,models/corvette/B_CON_11.fbx,5.996094,3.0,5.982422,0.0,1.5,0.000977,"use FBX extents X=5.996, Y=3.000, Z=5.982 * scale"
B_CON_12,FUEL CELL,Corvette,Hull Connectors,B_CON_12,,,prop/detail or unclassified,models/corvette/B_CON_12.fbx,6.0,2.998047,6.0,0.0,1.499023,0.0,"use FBX extents X=6.000, Y=2.998, Z=6.000 * scale"
B_CON_13,PLASMA CORE,Corvette,Hull Connectors,B_CON_13,,,prop/detail or unclassified,models/corvette/B_CON_13.fbx,6.0,3.0,6.0,0.0,1.5,0.0,"use FBX extents X=6.000, Y=3.000, Z=6.000 * scale"
B_CON_14,SHIELDED JOINT,Corvette,Hull Connectors,B_CON_14,,,prop/detail or unclassified,models/corvette/B_CON_14.fbx,6.0,3.027374,6.0,0.0,1.499985,0.0,"use FBX extents X=6.000, Y=3.027, Z=6.000 * scale"
B_CON_15,HIGH-ENERGY DUCTING,Corvette,Hull Connectors,B_CON_15,,,prop/detail or unclassified,models/corvette/B_CON_15.fbx,5.972656,2.938614,5.972656,0.0,1.499443,0.0,"use FBX extents X=5.973, Y=2.939, Z=5.973 * scale"
B_CON_5,INDUSTRIAL JOINT,Corvette,Hull Connectors,B_CON_5,,,prop/detail or unclassified,models/corvette/B_CON_5.fbx,6.0,2.998046,6.0,0.0,1.499024,0.0,"use FBX extents X=6.000, Y=2.998, Z=6.000 * scale"
B_CON_6,HEAVY LINKAGE,Corvette,Hull Connectors,B_CON_6,,,prop/detail or unclassified,models/corvette/B_CON_6.fbx,6.0,3.001742,5.996094,0.0,1.499129,0.0,"use FBX extents X=6.000, Y=3.002, Z=5.996 * scale"
B_CON_7,RELAY JOINT,Corvette,Hull Connectors,B_CON_7,,,prop/detail or unclassified,models/corvette/B_CON_7.fbx,5.996094,3.0,5.996094,0.0,1.5,0.0,"use FBX extents X=5.996, Y=3.000, Z=5.996 * scale"
B_CON_8,BOLTED JOINT,Corvette,Hull Connectors,B_CON_8,,,prop/detail or unclassified,models/corvette/B_CON_8.fbx,6.0,3.000036,6.0,0.0,1.499982,0.0,"use FBX extents X=6.000, Y=3.000, Z=6.000 * scale"
B_CON_9,DUCTING JOINT,Corvette,Hull Connectors,B_CON_9,,,prop/detail or unclassified,models/corvette/B_CON_9.fbx,6.0,2.998047,6.007812,0.0,1.499023,0.0,"use FBX extents X=6.000, Y=2.998, Z=6.008 * scale"
B_CON_L_0,GIRDER ARRAY,Corvette,Hull Connectors,B_CON_L_0,,,prop/detail or unclassified,models/corvette/B_CON_L_0.fbx,5.9375,3.0,5.9375,0.0,1.5,0.0,"use FBX extents X=5.938, Y=3.000, Z=5.938 * scale"
B_CON_L_1,LIGHT SCAFFOLD,Corvette,Hull Connectors,B_CON_L_1,,,light/accent,models/corvette/B_CON_L_1.fbx,6.015625,3.003158,6.019531,0.003906,1.500374,0.001953,"use FBX extents X=6.016, Y=3.003, Z=6.020 * scale"
B_CON_L_2,HEAVY SCAFFOLD,Corvette,Hull Connectors,B_CON_L_2,,,prop/detail or unclassified,models/corvette/B_CON_L_2.fbx,6.0,3.000005,6.0,0.0,1.499998,0.0,"use FBX extents X=6.000, Y=3.000, Z=6.000 * scale"
B_CON_L_3,HULL LINKAGE,Corvette,Hull Connectors,B_CON_L_3,,,prop/detail or unclassified,models/corvette/B_CON_L_3.fbx,6.0,2.998047,6.0,0.0,1.499024,0.0,"use FBX extents X=6.000, Y=2.998, Z=6.000 * scale"
B_CON_R_0,GIRDER ARRAY,Corvette,Hull Connectors,B_CON_R_0,B_CON_L_0,,prop/detail or unclassified,models/corvette/B_CON_R_0.fbx,5.9375,3.0,5.9375,0.0,1.5,0.0,"use FBX extents X=5.938, Y=3.000, Z=5.938 * scale"
B_CON_R_1,LIGHT SCAFFOLD,Corvette,Hull Connectors,B_CON_R_1,B_CON_L_1,,light/accent,models/corvette/B_CON_R_1.fbx,6.015625,3.003158,6.019531,-0.003906,1.500374,0.001953,"use FBX extents X=6.016, Y=3.003, Z=6.020 * scale"
B_CON_R_2,HEAVY SCAFFOLD,Corvette,Hull Connectors,B_CON_R_2,B_CON_L_2,,prop/detail or unclassified,models/corvette/B_CON_R_2.fbx,6.0,3.000005,6.0,0.0,1.499998,0.0,"use FBX extents X=6.000, Y=3.000, Z=6.000 * scale"
B_CON_R_3,HULL LINKAGE,Corvette,Hull Connectors,B_CON_R_3,B_CON_L_3,,prop/detail or unclassified,models/corvette/B_CON_R_3.fbx,6.0,2.998047,6.0,0.0,1.499024,0.0,"use FBX extents X=6.000, Y=2.998, Z=6.000 * scale"
B_STR_AA_E,AERON WINGLET (E),Corvette,Hull Plating,B_STR_AA_E,B_STR_AA_N,,prop/detail or unclassified,models/corvette/B_STR_AA_E.fbx,8.946746,3.109632,6.310547,1.534439,1.552605,-0.000977,"use FBX extents X=8.947, Y=3.110, Z=6.311 * scale"
B_STR_AA_N,AERON WINGLET (N),Corvette,Hull Plating,B_STR_AA_N,,,prop/detail or unclassified,models/corvette/B_STR_AA_N.fbx,6.310547,3.109632,8.946747,0.000977,1.552605,1.534439,"use FBX extents X=6.311, Y=3.110, Z=8.947 * scale"
B_STR_AA_NE,B_STR_AA_NE (NE),Corvette,Hull Plating,B_STR_AA_NE,,,prop/detail or unclassified,,,,,,,,
B_STR_AA_NE1,B_STR_AA_NE1 (NE1),Corvette,Hull Plating,B_STR_AA_NE1,B_STR_AA_NE,,prop/detail or unclassified,,,,,,,,
B_STR_AA_NE2,B_STR_AA_NE2 (NE2),Corvette,Hull Plating,B_STR_AA_NE2,B_STR_AA_NE,,prop/detail or unclassified,,,,,,,,
B_STR_AA_NE3,B_STR_AA_NE3 (NE3),Corvette,Hull Plating,B_STR_AA_NE3,B_STR_AA_NE,,prop/detail or unclassified,,,,,,,,
B_STR_AA_NW,B_STR_AA_NW (NW),Corvette,Hull Plating,B_STR_AA_NW,B_STR_AA_NE,,prop/detail or unclassified,,,,,,,,
B_STR_AA_NW1,B_STR_AA_NW1 (NW1),Corvette,Hull Plating,B_STR_AA_NW1,B_STR_AA_NE,,prop/detail or unclassified,,,,,,,,
B_STR_AA_NW2,B_STR_AA_NW2 (NW2),Corvette,Hull Plating,B_STR_AA_NW2,B_STR_AA_NE,,prop/detail or unclassified,,,,,,,,
B_STR_AA_NW3,B_STR_AA_NW3 (NW3),Corvette,Hull Plating,B_STR_AA_NW3,B_STR_AA_NE,,prop/detail or unclassified,,,,,,,,
B_STR_AA_S,AERON WINGLET (S),Corvette,Hull Plating,B_STR_AA_S,B_STR_AA_N,,prop/detail or unclassified,models/corvette/B_STR_AA_S.fbx,6.310547,3.109632,8.946746,-0.000977,1.552605,-1.534439,"use FBX extents X=6.311, Y=3.110, Z=8.947 * scale"
B_STR_AA_W,AERON WINGLET (W),Corvette,Hull Plating,B_STR_AA_W,B_STR_AA_N,,prop/detail or unclassified,models/corvette/B_STR_AA_W.fbx,8.946747,3.109632,6.310547,-1.534439,1.552605,0.000977,"use FBX extents X=8.947, Y=3.110, Z=6.311 * scale"
B_STR_AA_Y_E,AERON WINGLET (Y_E),Corvette,Hull Plating,B_STR_AA_Y_E,B_STR_AA_N,,prop/detail or unclassified,models/corvette/B_STR_AA_Y_E.fbx,8.946746,3.109633,6.310547,1.534439,1.552606,-0.000978,"use FBX extents X=8.947, Y=3.110, Z=6.311 * scale"
B_STR_AA_Y_N,AERON WINGLET (Y_N),Corvette,Hull Plating,B_STR_AA_Y_N,B_STR_AA_N,,prop/detail or unclassified,models/corvette/B_STR_AA_Y_N.fbx,6.310547,3.109632,8.946746,-0.000977,1.552605,-1.534439,"use FBX extents X=6.311, Y=3.110, Z=8.947 * scale"
B_STR_AA_Y_NE,B_STR_AA_Y_NE (Y_NE),Corvette,Hull Plating,B_STR_AA_Y_NE,B_STR_AA_NE,,prop/detail or unclassified,,,,,,,,
B_STR_AA_Y_NE1,B_STR_AA_Y_NE1 (Y_NE1),Corvette,Hull Plating,B_STR_AA_Y_NE1,B_STR_AA_NE,,prop/detail or unclassified,,,,,,,,
B_STR_AA_Y_NE2,B_STR_AA_Y_NE2 (Y_NE2),Corvette,Hull Plating,B_STR_AA_Y_NE2,B_STR_AA_NE,,prop/detail or unclassified,,,,,,,,
B_STR_AA_Y_NE3,B_STR_AA_Y_NE3 (Y_NE3),Corvette,Hull Plating,B_STR_AA_Y_NE3,B_STR_AA_NE,,prop/detail or unclassified,,,,,,,,
B_STR_AA_Y_NW,B_STR_AA_Y_NW (Y_NW),Corvette,Hull Plating,B_STR_AA_Y_NW,B_STR_AA_NE,,prop/detail or unclassified,,,,,,,,
B_STR_AA_Y_NW1,B_STR_AA_Y_NW1 (Y_NW1),Corvette,Hull Plating,B_STR_AA_Y_NW1,B_STR_AA_NE,,prop/detail or unclassified,,,,,,,,
B_STR_AA_Y_NW2,B_STR_AA_Y_NW2 (Y_NW2),Corvette,Hull Plating,B_STR_AA_Y_NW2,B_STR_AA_NE,,prop/detail or unclassified,,,,,,,,
B_STR_AA_Y_NW3,B_STR_AA_Y_NW3 (Y_NW3),Corvette,Hull Plating,B_STR_AA_Y_NW3,B_STR_AA_NE,,prop/detail or unclassified,,,,,,,,
B_STR_AA_Y_S,AERON WINGLET (Y_S),Corvette,Hull Plating,B_STR_AA_Y_S,B_STR_AA_N,,prop/detail or unclassified,models/corvette/B_STR_AA_Y_S.fbx,6.310547,3.109633,8.946747,0.000977,1.552606,1.534439,"use FBX extents X=6.311, Y=3.110, Z=8.947 * scale"
B_STR_AA_Y_W,AERON WINGLET (Y_W),Corvette,Hull Plating,B_STR_AA_Y_W,B_STR_AA_N,,prop/detail or unclassified,models/corvette/B_STR_AA_Y_W.fbx,8.946747,3.109632,6.310547,-1.534439,1.552605,0.000977,"use FBX extents X=8.947, Y=3.110, Z=6.311 * scale"
B_STR_A_E,ARGONAUT COWLING (E),Corvette,Hull Plating,B_STR_A_E,B_STR_A_N,,prop/detail or unclassified,models/corvette/B_STR_A_E.fbx,6.137429,3.00071,5.996094,-0.068005,1.499645,0.0,"use FBX extents X=6.137, Y=3.001, Z=5.996 * scale"
B_STR_A_N,ARGONAUT COWLING (N),Corvette,Hull Plating,B_STR_A_N,,,prop/detail or unclassified,models/corvette/B_STR_A_N.fbx,5.996094,3.00071,6.137429,0.0,1.499645,0.068004,"use FBX extents X=5.996, Y=3.001, Z=6.137 * scale"
B_STR_A_NE,ARGONAUT AEROFOIL (NE),Corvette,Hull Plating,B_STR_A_NE,,,prop/detail or unclassified,models/corvette/B_STR_A_NE.fbx,2.990483,2.990483,5.983386,1.505007,1.494992,-0.007318,"use FBX extents X=2.990, Y=2.990, Z=5.983 * scale"
B_STR_A_NE1,ARGONAUT AEROFOIL (NE1),Corvette,Hull Plating,B_STR_A_NE1,B_STR_A_NE,,prop/detail or unclassified,models/corvette/B_STR_A_NE1.fbx,5.983386,2.990483,2.990484,-0.007318,1.494992,-1.505007,"use FBX extents X=5.983, Y=2.990, Z=2.990 * scale"
B_STR_A_NE2,ARGONAUT AEROFOIL (NE2),Corvette,Hull Plating,B_STR_A_NE2,B_STR_A_NE,,prop/detail or unclassified,models/corvette/B_STR_A_NE2.fbx,2.990483,2.990483,5.983386,-1.505007,1.494992,0.007318,"use FBX extents X=2.990, Y=2.990, Z=5.983 * scale"
B_STR_A_NE3,ARGONAUT AEROFOIL (NE3),Corvette,Hull Plating,B_STR_A_NE3,B_STR_A_NE,,prop/detail or unclassified,models/corvette/B_STR_A_NE3.fbx,5.983386,2.990483,2.990483,0.007318,1.494992,1.505007,"use FBX extents X=5.983, Y=2.990, Z=2.990 * scale"
B_STR_A_NW,ARGONAUT AEROFOIL (NW),Corvette,Hull Plating,B_STR_A_NW,B_STR_A_NE,,prop/detail or unclassified,models/corvette/B_STR_A_NW.fbx,2.990484,2.990483,5.983386,-1.505007,1.494992,-0.007318,"use FBX extents X=2.990, Y=2.990, Z=5.983 * scale"
B_STR_A_NW1,ARGONAUT AEROFOIL (NW1),Corvette,Hull Plating,B_STR_A_NW1,B_STR_A_NE,,prop/detail or unclassified,models/corvette/B_STR_A_NW1.fbx,5.983386,2.990483,2.990483,-0.007318,1.494992,1.505007,"use FBX extents X=5.983, Y=2.990, Z=2.990 * scale"
B_STR_A_NW2,ARGONAUT AEROFOIL (NW2),Corvette,Hull Plating,B_STR_A_NW2,B_STR_A_NE,,prop/detail or unclassified,models/corvette/B_STR_A_NW2.fbx,2.990483,2.990483,5.983386,1.505007,1.494992,0.007318,"use FBX extents X=2.990, Y=2.990, Z=5.983 * scale"
B_STR_A_NW3,ARGONAUT AEROFOIL (NW3),Corvette,Hull Plating,B_STR_A_NW3,B_STR_A_NE,,prop/detail or unclassified,models/corvette/B_STR_A_NW3.fbx,5.983386,2.990483,2.990484,0.007318,1.494992,-1.505007,"use FBX extents X=5.983, Y=2.990, Z=2.990 * scale"
B_STR_A_S,ARGONAUT COWLING (S),Corvette,Hull Plating,B_STR_A_S,B_STR_A_N,,prop/detail or unclassified,models/corvette/B_STR_A_S.fbx,5.996094,3.00071,6.137429,0.0,1.499645,-0.068004,"use FBX extents X=5.996, Y=3.001, Z=6.137 * scale"
B_STR_A_W,ARGONAUT COWLING (W),Corvette,Hull Plating,B_STR_A_W,B_STR_A_N,,prop/detail or unclassified,models/corvette/B_STR_A_W.fbx,6.137429,3.00071,5.996094,0.068005,1.499645,0.0,"use FBX extents X=6.137, Y=3.001, Z=5.996 * scale"
B_STR_A_Y_E,ARGONAUT COWLING (Y_E),Corvette,Hull Plating,B_STR_A_Y_E,B_STR_A_N,,prop/detail or unclassified,models/corvette/B_STR_A_Y_E.fbx,6.137429,3.00071,5.996094,-0.068005,1.499645,0.0,"use FBX extents X=6.137, Y=3.001, Z=5.996 * scale"
B_STR_A_Y_N,ARGONAUT COWLING (Y_N),Corvette,Hull Plating,B_STR_A_Y_N,B_STR_A_N,,prop/detail or unclassified,models/corvette/B_STR_A_Y_N.fbx,5.996094,3.000709,6.137429,0.0,1.499645,0.068005,"use FBX extents X=5.996, Y=3.001, Z=6.137 * scale"
B_STR_A_Y_NE,ARGONAUT AEROFOIL (Y_NE),Corvette,Hull Plating,B_STR_A_Y_NE,B_STR_A_NE,,prop/detail or unclassified,models/corvette/B_STR_A_Y_NE.fbx,2.990483,2.990483,5.983386,1.505007,1.494992,-0.007318,"use FBX extents X=2.990, Y=2.990, Z=5.983 * scale"
B_STR_A_Y_NE1,ARGONAUT AEROFOIL (Y_NE1),Corvette,Hull Plating,B_STR_A_Y_NE1,B_STR_A_NE,,prop/detail or unclassified,models/corvette/B_STR_A_Y_NE1.fbx,5.983386,2.990483,2.990484,-0.007318,1.494993,-1.505007,"use FBX extents X=5.983, Y=2.990, Z=2.990 * scale"
B_STR_A_Y_NE2,ARGONAUT AEROFOIL (Y_NE2),Corvette,Hull Plating,B_STR_A_Y_NE2,B_STR_A_NE,,prop/detail or unclassified,models/corvette/B_STR_A_Y_NE2.fbx,2.990483,2.990484,5.983386,-1.505007,1.494993,0.007318,"use FBX extents X=2.990, Y=2.990, Z=5.983 * scale"
B_STR_A_Y_NE3,ARGONAUT AEROFOIL (Y_NE3),Corvette,Hull Plating,B_STR_A_Y_NE3,B_STR_A_NE,,prop/detail or unclassified,models/corvette/B_STR_A_Y_NE3.fbx,5.983386,2.990484,2.990483,0.007318,1.494992,1.505008,"use FBX extents X=5.983, Y=2.990, Z=2.990 * scale"
B_STR_A_Y_NW,ARGONAUT AEROFOIL (Y_NW),Corvette,Hull Plating,B_STR_A_Y_NW,B_STR_A_NE,,prop/detail or unclassified,models/corvette/B_STR_A_Y_NW.fbx,2.990484,2.990483,5.983386,-1.505007,1.494992,-0.007318,"use FBX extents X=2.990, Y=2.990, Z=5.983 * scale"
B_STR_A_Y_NW1,ARGONAUT AEROFOIL (Y_NW1),Corvette,Hull Plating,B_STR_A_Y_NW1,B_STR_A_NE,,prop/detail or unclassified,models/corvette/B_STR_A_Y_NW1.fbx,5.983386,2.990484,2.990483,-0.007318,1.494992,1.505008,"use FBX extents X=5.983, Y=2.990, Z=2.990 * scale"
B_STR_A_Y_NW2,ARGONAUT AEROFOIL (Y_NW2),Corvette,Hull Plating,B_STR_A_Y_NW2,B_STR_A_NE,,prop/detail or unclassified,models/corvette/B_STR_A_Y_NW2.fbx,2.990483,2.990484,5.983386,1.505007,1.494993,0.007318,"use FBX extents X=2.990, Y=2.990, Z=5.983 * scale"
B_STR_A_Y_NW3,ARGONAUT AEROFOIL (Y_NW3),Corvette,Hull Plating,B_STR_A_Y_NW3,B_STR_A_NE,,prop/detail or unclassified,models/corvette/B_STR_A_Y_NW3.fbx,5.983386,2.990483,2.990484,0.007318,1.494993,-1.505007,"use FBX extents X=5.983, Y=2.990, Z=2.990 * scale"
B_STR_A_Y_S,ARGONAUT COWLING (Y_S),Corvette,Hull Plating,B_STR_A_Y_S,B_STR_A_N,,prop/detail or unclassified,models/corvette/B_STR_A_Y_S.fbx,5.996094,3.00071,6.137429,0.0,1.499645,-0.068004,"use FBX extents X=5.996, Y=3.001, Z=6.137 * scale"
B_STR_A_Y_W,ARGONAUT COWLING (Y_W),Corvette,Hull Plating,B_STR_A_Y_W,B_STR_A_N,,prop/detail or unclassified,models/corvette/B_STR_A_Y_W.fbx,6.137429,3.00071,5.996094,0.068005,1.499645,0.0,"use FBX extents X=6.137, Y=3.001, Z=5.996 * scale"
B_STR_B_E,SUPERCRUISE COWLING (E),Corvette,Hull Plating,B_STR_B_E,B_STR_B_N,,prop/detail or unclassified,models/corvette/B_STR_B_E.fbx,12.004257,3.022179,6.121094,-2.997871,1.498676,0.0,"use FBX extents X=12.004, Y=3.022, Z=6.121 * scale"
B_STR_B_N,SUPERCRUISE COWLING (N),Corvette,Hull Plating,B_STR_B_N,,,prop/detail or unclassified,models/corvette/B_STR_B_N.fbx,6.121094,3.022179,12.004257,0.0,1.498676,2.997871,"use FBX extents X=6.121, Y=3.022, Z=12.004 * scale"
B_STR_B_NE,SUPERCRUISE AEROFOIL (NE),Corvette,Hull Plating,B_STR_B_NE,,,prop/detail or unclassified,models/corvette/B_STR_B_NE.fbx,2.990236,2.99189,11.982357,1.504884,1.494289,2.993196,"use FBX extents X=2.990, Y=2.992, Z=11.982 * scale"
B_STR_B_NE1,SUPERCRUISE AEROFOIL (NE1),Corvette,Hull Plating,B_STR_B_NE1,B_STR_B_NE,,prop/detail or unclassified,models/corvette/B_STR_B_NE1.fbx,11.982357,2.99189,2.990237,2.993196,1.494289,-1.504884,"use FBX extents X=11.982, Y=2.992, Z=2.990 * scale"
B_STR_B_NE2,SUPERCRUISE AEROFOIL (NE2),Corvette,Hull Plating,B_STR_B_NE2,B_STR_B_NE,,prop/detail or unclassified,models/corvette/B_STR_B_NE2.fbx,2.990237,2.99189,11.982357,-1.504884,1.494289,-2.993196,"use FBX extents X=2.990, Y=2.992, Z=11.982 * scale"
B_STR_B_NE3,SUPERCRUISE AEROFOIL (NE3),Corvette,Hull Plating,B_STR_B_NE3,B_STR_B_NE,,prop/detail or unclassified,models/corvette/B_STR_B_NE3.fbx,11.982357,2.99189,2.990236,-2.993196,1.494289,1.504884,"use FBX extents X=11.982, Y=2.992, Z=2.990 * scale"
B_STR_B_NW,SUPERCRUISE AEROFOIL (NW),Corvette,Hull Plating,B_STR_B_NW,B_STR_B_NE,,prop/detail or unclassified,models/corvette/B_STR_B_NW.fbx,2.990237,2.99189,11.982357,-1.504884,1.494289,2.993196,"use FBX extents X=2.990, Y=2.992, Z=11.982 * scale"
B_STR_B_NW1,SUPERCRUISE AEROFOIL (NW1),Corvette,Hull Plating,B_STR_B_NW1,B_STR_B_NE,,prop/detail or unclassified,models/corvette/B_STR_B_NW1.fbx,11.982357,2.99189,2.990236,2.993196,1.494289,1.504884,"use FBX extents X=11.982, Y=2.992, Z=2.990 * scale"
B_STR_B_NW2,SUPERCRUISE AEROFOIL (NW2),Corvette,Hull Plating,B_STR_B_NW2,B_STR_B_NE,,prop/detail or unclassified,models/corvette/B_STR_B_NW2.fbx,2.990237,2.99189,11.982357,1.504884,1.494289,-2.993196,"use FBX extents X=2.990, Y=2.992, Z=11.982 * scale"
B_STR_B_NW3,SUPERCRUISE AEROFOIL (NW3),Corvette,Hull Plating,B_STR_B_NW3,B_STR_B_NE,,prop/detail or unclassified,models/corvette/B_STR_B_NW3.fbx,11.982357,2.99189,2.990237,-2.993196,1.494289,-1.504884,"use FBX extents X=11.982, Y=2.992, Z=2.990 * scale"
B_STR_B_S,SUPERCRUISE COWLING (S),Corvette,Hull Plating,B_STR_B_S,B_STR_B_N,,prop/detail or unclassified,models/corvette/B_STR_B_S.fbx,6.121094,3.022179,12.004257,0.0,1.498676,-2.997871,"use FBX extents X=6.121, Y=3.022, Z=12.004 * scale"
B_STR_B_W,SUPERCRUISE COWLING (W),Corvette,Hull Plating,B_STR_B_W,B_STR_B_N,,prop/detail or unclassified,models/corvette/B_STR_B_W.fbx,12.004257,3.022179,6.121094,2.997871,1.498676,0.0,"use FBX extents X=12.004, Y=3.022, Z=6.121 * scale"
B_STR_B_Y_E,SUPERCRUISE COWLING (Y_E),Corvette,Hull Plating,B_STR_B_Y_E,B_STR_B_N,,prop/detail or unclassified,models/corvette/B_STR_B_Y_E.fbx,12.004257,3.022179,6.121094,-2.997871,1.498676,0.0,"use FBX extents X=12.004, Y=3.022, Z=6.121 * scale"
B_STR_B_Y_N,SUPERCRUISE COWLING (Y_N),Corvette,Hull Plating,B_STR_B_Y_N,B_STR_B_N,,prop/detail or unclassified,models/corvette/B_STR_B_Y_N.fbx,6.121094,3.022178,12.004257,0.0,1.498676,2.997871,"use FBX extents X=6.121, Y=3.022, Z=12.004 * scale"
B_STR_B_Y_NE,SUPERCRUISE AEROFOIL (Y_NE),Corvette,Hull Plating,B_STR_B_Y_NE,B_STR_B_NE,,prop/detail or unclassified,models/corvette/B_STR_B_Y_NE.fbx,2.990236,2.991889,11.982357,1.504884,1.494289,2.993196,"use FBX extents X=2.990, Y=2.992, Z=11.982 * scale"
B_STR_B_Y_NE1,SUPERCRUISE AEROFOIL (Y_NE1),Corvette,Hull Plating,B_STR_B_Y_NE1,B_STR_B_NE,,prop/detail or unclassified,models/corvette/B_STR_B_Y_NE1.fbx,11.982357,2.99189,2.990238,2.993196,1.494289,-1.504884,"use FBX extents X=11.982, Y=2.992, Z=2.990 * scale"
B_STR_B_Y_NE2,SUPERCRUISE AEROFOIL (Y_NE2),Corvette,Hull Plating,B_STR_B_Y_NE2,B_STR_B_NE,,prop/detail or unclassified,models/corvette/B_STR_B_Y_NE2.fbx,2.990237,2.991891,11.982357,-1.504884,1.494289,-2.993196,"use FBX extents X=2.990, Y=2.992, Z=11.982 * scale"
B_STR_B_Y_NE3,SUPERCRUISE AEROFOIL (Y_NE3),Corvette,Hull Plating,B_STR_B_Y_NE3,B_STR_B_NE,,prop/detail or unclassified,models/corvette/B_STR_B_Y_NE3.fbx,11.982357,2.99189,2.990236,-2.993196,1.494289,1.504884,"use FBX extents X=11.982, Y=2.992, Z=2.990 * scale"
B_STR_B_Y_NW,SUPERCRUISE AEROFOIL (Y_NW),Corvette,Hull Plating,B_STR_B_Y_NW,B_STR_B_NE,,prop/detail or unclassified,models/corvette/B_STR_B_Y_NW.fbx,2.990237,2.991889,11.982357,-1.504884,1.494289,2.993196,"use FBX extents X=2.990, Y=2.992, Z=11.982 * scale"
B_STR_B_Y_NW1,SUPERCRUISE AEROFOIL (Y_NW1),Corvette,Hull Plating,B_STR_B_Y_NW1,B_STR_B_NE,,prop/detail or unclassified,models/corvette/B_STR_B_Y_NW1.fbx,11.982357,2.99189,2.990236,2.993196,1.494289,1.504884,"use FBX extents X=11.982, Y=2.992, Z=2.990 * scale"
B_STR_B_Y_NW2,SUPERCRUISE AEROFOIL (Y_NW2),Corvette,Hull Plating,B_STR_B_Y_NW2,B_STR_B_NE,,prop/detail or unclassified,models/corvette/B_STR_B_Y_NW2.fbx,2.990237,2.991891,11.982357,1.504884,1.494289,-2.993196,"use FBX extents X=2.990, Y=2.992, Z=11.982 * scale"
B_STR_B_Y_NW3,SUPERCRUISE AEROFOIL (Y_NW3),Corvette,Hull Plating,B_STR_B_Y_NW3,B_STR_B_NE,,prop/detail or unclassified,models/corvette/B_STR_B_Y_NW3.fbx,11.982357,2.99189,2.990238,-2.993196,1.494289,-1.504884,"use FBX extents X=11.982, Y=2.992, Z=2.990 * scale"
B_STR_B_Y_S,SUPERCRUISE COWLING (Y_S),Corvette,Hull Plating,B_STR_B_Y_S,B_STR_B_N,,prop/detail or unclassified,models/corvette/B_STR_B_Y_S.fbx,6.121094,3.02218,12.004257,0.0,1.498676,-2.997871,"use FBX extents X=6.121, Y=3.022, Z=12.004 * scale"
B_STR_B_Y_W,SUPERCRUISE COWLING (Y_W),Corvette,Hull Plating,B_STR_B_Y_W,B_STR_B_N,,prop/detail or unclassified,models/corvette/B_STR_B_Y_W.fbx,12.004257,3.022179,6.121094,2.997871,1.498676,0.0,"use FBX extents X=12.004, Y=3.022, Z=6.121 * scale"
B_STR_C_E,HARDFRAME COWLING (E),Corvette,Hull Plating,B_STR_C_E,B_STR_C_N,,prop/detail or unclassified,models/corvette/B_STR_C_E.fbx,5.121088,2.999999,6.0,0.443357,1.5,0.0,"use FBX extents X=5.121, Y=3.000, Z=6.000 * scale"
B_STR_C_N,HARDFRAME COWLING (N),Corvette,Hull Plating,B_STR_C_N,,,prop/detail or unclassified,models/corvette/B_STR_C_N.fbx,6.0,2.999999,5.121088,0.0,1.5,-0.443356,"use FBX extents X=6.000, Y=3.000, Z=5.121 * scale"
B_STR_C_NE,ARGONAUT WINGLET (NE),Corvette,Hull Plating,B_STR_C_NE,,,prop/detail or unclassified,models/corvette/B_STR_C_NE.fbx,5.968913,2.990234,5.996096,0.015707,1.495117,-0.001954,"use FBX extents X=5.969, Y=2.990, Z=5.996 * scale"
B_STR_C_NE1,ARGONAUT WINGLET (NE1),Corvette,Hull Plating,B_STR_C_NE1,B_STR_C_NE,,prop/detail or unclassified,models/corvette/B_STR_C_NE1.fbx,5.996096,2.990234,5.968913,-0.001954,1.495117,-0.015706,"use FBX extents X=5.996, Y=2.990, Z=5.969 * scale"
B_STR_C_NE2,ARGONAUT WINGLET (NE2),Corvette,Hull Plating,B_STR_C_NE2,B_STR_C_NE,,prop/detail or unclassified,models/corvette/B_STR_C_NE2.fbx,5.968913,2.990234,5.996096,-0.015707,1.495117,0.001954,"use FBX extents X=5.969, Y=2.990, Z=5.996 * scale"
B_STR_C_NE3,ARGONAUT WINGLET (NE3),Corvette,Hull Plating,B_STR_C_NE3,B_STR_C_NE,,prop/detail or unclassified,models/corvette/B_STR_C_NE3.fbx,5.996097,2.990234,5.968913,0.001954,1.495117,0.015707,"use FBX extents X=5.996, Y=2.990, Z=5.969 * scale"
B_STR_C_NW,ARGONAUT WINGLET (NW),Corvette,Hull Plating,B_STR_C_NW,B_STR_C_NE,,prop/detail or unclassified,models/corvette/B_STR_C_NW.fbx,5.968913,2.990234,5.996095,-0.015707,1.495117,-0.001954,"use FBX extents X=5.969, Y=2.990, Z=5.996 * scale"
B_STR_C_NW1,ARGONAUT WINGLET (NW1),Corvette,Hull Plating,B_STR_C_NW1,B_STR_C_NE,,prop/detail or unclassified,models/corvette/B_STR_C_NW1.fbx,5.996097,2.990234,5.968913,-0.001954,1.495117,0.015707,"use FBX extents X=5.996, Y=2.990, Z=5.969 * scale"
B_STR_C_NW2,ARGONAUT WINGLET (NW2),Corvette,Hull Plating,B_STR_C_NW2,B_STR_C_NE,,prop/detail or unclassified,models/corvette/B_STR_C_NW2.fbx,5.968913,2.990234,5.996096,0.015707,1.495117,0.001954,"use FBX extents X=5.969, Y=2.990, Z=5.996 * scale"
B_STR_C_NW3,ARGONAUT WINGLET (NW3),Corvette,Hull Plating,B_STR_C_NW3,B_STR_C_NE,,prop/detail or unclassified,models/corvette/B_STR_C_NW3.fbx,5.996096,2.990234,5.968913,0.001954,1.495117,-0.015706,"use FBX extents X=5.996, Y=2.990, Z=5.969 * scale"
B_STR_C_S,HARDFRAME COWLING (S),Corvette,Hull Plating,B_STR_C_S,B_STR_C_N,,prop/detail or unclassified,models/corvette/B_STR_C_S.fbx,6.0,2.999999,5.121088,0.0,1.5,0.443357,"use FBX extents X=6.000, Y=3.000, Z=5.121 * scale"
B_STR_C_W,HARDFRAME COWLING (W),Corvette,Hull Plating,B_STR_C_W,B_STR_C_N,,prop/detail or unclassified,models/corvette/B_STR_C_W.fbx,5.121088,2.999999,6.0,-0.443357,1.5,0.0,"use FBX extents X=5.121, Y=3.000, Z=6.000 * scale"
B_STR_C_Y_E,HARDFRAME COWLING (Y_E),Corvette,Hull Plating,B_STR_C_Y_E,B_STR_C_N,,prop/detail or unclassified,models/corvette/B_STR_C_Y_E.fbx,5.121088,3.0,6.0,0.443357,1.5,0.0,"use FBX extents X=5.121, Y=3.000, Z=6.000 * scale"
B_STR_C_Y_N,HARDFRAME COWLING (Y_N),Corvette,Hull Plating,B_STR_C_Y_N,B_STR_C_N,,prop/detail or unclassified,models/corvette/B_STR_C_Y_N.fbx,6.0,3.0,5.121088,0.0,1.5,-0.443356,"use FBX extents X=6.000, Y=3.000, Z=5.121 * scale"
B_STR_C_Y_NE,ARGONAUT WINGLET (Y_NE),Corvette,Hull Plating,B_STR_C_Y_NE,B_STR_C_NE,,prop/detail or unclassified,models/corvette/B_STR_C_Y_NE.fbx,5.968913,2.990234,5.996096,0.015707,1.495117,-0.001954,"use FBX extents X=5.969, Y=2.990, Z=5.996 * scale"
B_STR_C_Y_NE1,ARGONAUT WINGLET (Y_NE1),Corvette,Hull Plating,B_STR_C_Y_NE1,B_STR_C_NE,,prop/detail or unclassified,models/corvette/B_STR_C_Y_NE1.fbx,5.996096,2.990234,5.968914,-0.001954,1.495117,-0.015706,"use FBX extents X=5.996, Y=2.990, Z=5.969 * scale"
B_STR_C_Y_NE2,ARGONAUT WINGLET (Y_NE2),Corvette,Hull Plating,B_STR_C_Y_NE2,B_STR_C_NE,,prop/detail or unclassified,models/corvette/B_STR_C_Y_NE2.fbx,5.968913,2.990235,5.996096,-0.015707,1.495117,0.001954,"use FBX extents X=5.969, Y=2.990, Z=5.996 * scale"
B_STR_C_Y_NE3,ARGONAUT WINGLET (Y_NE3),Corvette,Hull Plating,B_STR_C_Y_NE3,B_STR_C_NE,,prop/detail or unclassified,models/corvette/B_STR_C_Y_NE3.fbx,5.996097,2.990235,5.968913,0.001954,1.495117,0.015707,"use FBX extents X=5.996, Y=2.990, Z=5.969 * scale"
B_STR_C_Y_NW,ARGONAUT WINGLET (Y_NW),Corvette,Hull Plating,B_STR_C_Y_NW,B_STR_C_NE,,prop/detail or unclassified,models/corvette/B_STR_C_Y_NW.fbx,5.968913,2.990234,5.996095,-0.015707,1.495117,-0.001954,"use FBX extents X=5.969, Y=2.990, Z=5.996 * scale"
B_STR_C_Y_NW1,ARGONAUT WINGLET (Y_NW1),Corvette,Hull Plating,B_STR_C_Y_NW1,B_STR_C_NE,,prop/detail or unclassified,models/corvette/B_STR_C_Y_NW1.fbx,5.996097,2.990235,5.968913,-0.001954,1.495117,0.015707,"use FBX extents X=5.996, Y=2.990, Z=5.969 * scale"
B_STR_C_Y_NW2,ARGONAUT WINGLET (Y_NW2),Corvette,Hull Plating,B_STR_C_Y_NW2,B_STR_C_NE,,prop/detail or unclassified,models/corvette/B_STR_C_Y_NW2.fbx,5.968913,2.990235,5.996096,0.015707,1.495117,0.001954,"use FBX extents X=5.969, Y=2.990, Z=5.996 * scale"
B_STR_C_Y_NW3,ARGONAUT WINGLET (Y_NW3),Corvette,Hull Plating,B_STR_C_Y_NW3,B_STR_C_NE,,prop/detail or unclassified,models/corvette/B_STR_C_Y_NW3.fbx,5.996096,2.990234,5.968914,0.001954,1.495117,-0.015706,"use FBX extents X=5.996, Y=2.990, Z=5.969 * scale"
B_STR_C_Y_S,HARDFRAME COWLING (Y_S),Corvette,Hull Plating,B_STR_C_Y_S,B_STR_C_N,,prop/detail or unclassified,models/corvette/B_STR_C_Y_S.fbx,6.0,3.0,5.121088,0.0,1.5,0.443357,"use FBX extents X=6.000, Y=3.000, Z=5.121 * scale"
B_STR_C_Y_W,HARDFRAME COWLING (Y_W),Corvette,Hull Plating,B_STR_C_Y_W,B_STR_C_N,,prop/detail or unclassified,models/corvette/B_STR_C_Y_W.fbx,5.121088,3.0,6.0,-0.443357,1.5,0.0,"use FBX extents X=5.121, Y=3.000, Z=6.000 * scale"
B_STR_D_E,TURBINE COWLING (E),Corvette,Hull Plating,B_STR_D_E,B_STR_D_N,,prop/detail or unclassified,models/corvette/B_STR_D_E.fbx,11.921875,3.044982,6.097656,-2.960938,1.522431,0.0,"use FBX extents X=11.922, Y=3.045, Z=6.098 * scale"
B_STR_D_N,TURBINE COWLING (N),Corvette,Hull Plating,B_STR_D_N,,,prop/detail or unclassified,models/corvette/B_STR_D_N.fbx,6.097656,3.044982,11.921875,0.0,1.522431,2.960937,"use FBX extents X=6.098, Y=3.045, Z=11.922 * scale"
B_STR_D_NE,TURBINE AEROFOIL (NE),Corvette,Hull Plating,B_STR_D_NE,,,prop/detail or unclassified,models/corvette/B_STR_D_NE.fbx,5.96912,3.03421,11.996872,0.01581,1.473129,2.993752,"use FBX extents X=5.969, Y=3.034, Z=11.997 * scale"
B_STR_D_NE1,TURBINE AEROFOIL (NE1),Corvette,Hull Plating,B_STR_D_NE1,B_STR_D_NE,,prop/detail or unclassified,models/corvette/B_STR_D_NE1.fbx,11.996872,3.03421,5.969122,2.993752,1.473129,-0.015811,"use FBX extents X=11.997, Y=3.034, Z=5.969 * scale"
B_STR_D_NE2,TURBINE AEROFOIL (NE2),Corvette,Hull Plating,B_STR_D_NE2,B_STR_D_NE,,prop/detail or unclassified,models/corvette/B_STR_D_NE2.fbx,5.969121,3.03421,11.996872,-0.01581,1.473129,-2.993752,"use FBX extents X=5.969, Y=3.034, Z=11.997 * scale"
B_STR_D_NE3,TURBINE AEROFOIL (NE3),Corvette,Hull Plating,B_STR_D_NE3,B_STR_D_NE,,prop/detail or unclassified,models/corvette/B_STR_D_NE3.fbx,11.996872,3.03421,5.96912,-2.993752,1.473129,0.01581,"use FBX extents X=11.997, Y=3.034, Z=5.969 * scale"
B_STR_D_NW,TURBINE AEROFOIL (NW),Corvette,Hull Plating,B_STR_D_NW,B_STR_D_NE,,prop/detail or unclassified,models/corvette/B_STR_D_NW.fbx,5.969122,3.03421,11.996872,-0.01581,1.473129,2.993752,"use FBX extents X=5.969, Y=3.034, Z=11.997 * scale"
B_STR_D_NW1,TURBINE AEROFOIL (NW1),Corvette,Hull Plating,B_STR_D_NW1,B_STR_D_NE,,prop/detail or unclassified,models/corvette/B_STR_D_NW1.fbx,11.996872,3.03421,5.96912,2.993752,1.473129,0.01581,"use FBX extents X=11.997, Y=3.034, Z=5.969 * scale"
B_STR_D_NW2,TURBINE AEROFOIL (NW2),Corvette,Hull Plating,B_STR_D_NW2,B_STR_D_NE,,prop/detail or unclassified,models/corvette/B_STR_D_NW2.fbx,5.969121,3.03421,11.996872,0.01581,1.473129,-2.993752,"use FBX extents X=5.969, Y=3.034, Z=11.997 * scale"
B_STR_D_NW3,TURBINE AEROFOIL (NW3),Corvette,Hull Plating,B_STR_D_NW3,B_STR_D_NE,,prop/detail or unclassified,models/corvette/B_STR_D_NW3.fbx,11.996872,3.03421,5.969122,-2.993752,1.473129,-0.015811,"use FBX extents X=11.997, Y=3.034, Z=5.969 * scale"
B_STR_D_S,TURBINE COWLING (S),Corvette,Hull Plating,B_STR_D_S,B_STR_D_N,,prop/detail or unclassified,models/corvette/B_STR_D_S.fbx,6.097656,3.044982,11.921875,0.0,1.522431,-2.960938,"use FBX extents X=6.098, Y=3.045, Z=11.922 * scale"
B_STR_D_W,TURBINE COWLING (W),Corvette,Hull Plating,B_STR_D_W,B_STR_D_N,,prop/detail or unclassified,models/corvette/B_STR_D_W.fbx,11.921875,3.044982,6.097656,2.960938,1.522431,0.0,"use FBX extents X=11.922, Y=3.045, Z=6.098 * scale"
B_STR_D_Y_E,TURBINE COWLING (Y_E),Corvette,Hull Plating,B_STR_D_Y_E,B_STR_D_N,,prop/detail or unclassified,models/corvette/B_STR_D_Y_E.fbx,11.921875,3.044982,6.097656,-2.960938,1.522431,0.0,"use FBX extents X=11.922, Y=3.045, Z=6.098 * scale"
B_STR_D_Y_N,TURBINE COWLING (Y_N),Corvette,Hull Plating,B_STR_D_Y_N,B_STR_D_N,,prop/detail or unclassified,models/corvette/B_STR_D_Y_N.fbx,6.097656,3.044982,11.921875,0.0,1.52243,2.960937,"use FBX extents X=6.098, Y=3.045, Z=11.922 * scale"
B_STR_D_Y_NE,TURBINE AEROFOIL (Y_NE),Corvette,Hull Plating,B_STR_D_Y_NE,B_STR_D_NE,,prop/detail or unclassified,models/corvette/B_STR_D_Y_NE.fbx,5.96912,3.03421,11.996872,0.01581,1.473129,2.993752,"use FBX extents X=5.969, Y=3.034, Z=11.997 * scale"
B_STR_D_Y_NE1,TURBINE AEROFOIL (Y_NE1),Corvette,Hull Plating,B_STR_D_Y_NE1,B_STR_D_NE,,prop/detail or unclassified,models/corvette/B_STR_D_Y_NE1.fbx,11.996872,3.03421,5.969122,2.993752,1.473129,-0.01581,"use FBX extents X=11.997, Y=3.034, Z=5.969 * scale"
B_STR_D_Y_NE2,TURBINE AEROFOIL (Y_NE2),Corvette,Hull Plating,B_STR_D_Y_NE2,B_STR_D_NE,,prop/detail or unclassified,models/corvette/B_STR_D_Y_NE2.fbx,5.969121,3.034211,11.996872,-0.01581,1.473129,-2.993752,"use FBX extents X=5.969, Y=3.034, Z=11.997 * scale"
B_STR_D_Y_NE3,TURBINE AEROFOIL (Y_NE3),Corvette,Hull Plating,B_STR_D_Y_NE3,B_STR_D_NE,,prop/detail or unclassified,models/corvette/B_STR_D_Y_NE3.fbx,11.996872,3.034211,5.96912,-2.993752,1.473129,0.015811,"use FBX extents X=11.997, Y=3.034, Z=5.969 * scale"
B_STR_D_Y_NW,TURBINE AEROFOIL (Y_NW),Corvette,Hull Plating,B_STR_D_Y_NW,B_STR_D_NE,,prop/detail or unclassified,models/corvette/B_STR_D_Y_NW.fbx,5.969122,3.03421,11.996872,-0.01581,1.473129,2.993752,"use FBX extents X=5.969, Y=3.034, Z=11.997 * scale"
B_STR_D_Y_NW1,TURBINE AEROFOIL (Y_NW1),Corvette,Hull Plating,B_STR_D_Y_NW1,B_STR_D_NE,,prop/detail or unclassified,models/corvette/B_STR_D_Y_NW1.fbx,11.996872,3.034211,5.96912,2.993752,1.473129,0.015811,"use FBX extents X=11.997, Y=3.034, Z=5.969 * scale"
B_STR_D_Y_NW2,TURBINE AEROFOIL (Y_NW2),Corvette,Hull Plating,B_STR_D_Y_NW2,B_STR_D_NE,,prop/detail or unclassified,models/corvette/B_STR_D_Y_NW2.fbx,5.969121,3.034211,11.996872,0.01581,1.473129,-2.993752,"use FBX extents X=5.969, Y=3.034, Z=11.997 * scale"
B_STR_D_Y_NW3,TURBINE AEROFOIL (Y_NW3),Corvette,Hull Plating,B_STR_D_Y_NW3,B_STR_D_NE,,prop/detail or unclassified,models/corvette/B_STR_D_Y_NW3.fbx,11.996872,3.03421,5.969122,-2.993752,1.473129,-0.01581,"use FBX extents X=11.997, Y=3.034, Z=5.969 * scale"
B_STR_D_Y_S,TURBINE COWLING (Y_S),Corvette,Hull Plating,B_STR_D_Y_S,B_STR_D_N,,prop/detail or unclassified,models/corvette/B_STR_D_Y_S.fbx,6.097656,3.044983,11.921875,0.0,1.522431,-2.960938,"use FBX extents X=6.098, Y=3.045, Z=11.922 * scale"
B_STR_D_Y_W,TURBINE COWLING (Y_W),Corvette,Hull Plating,B_STR_D_Y_W,B_STR_D_N,,prop/detail or unclassified,models/corvette/B_STR_D_Y_W.fbx,11.921875,3.044982,6.097656,2.960938,1.522431,0.0,"use FBX extents X=11.922, Y=3.045, Z=6.098 * scale"
B_STR_E_E,ARGONAUT FUEL COVER (E),Corvette,Hull Plating,B_STR_E_E,B_STR_E_N,,prop/detail or unclassified,models/corvette/B_STR_E_E.fbx,6.0,3.0,6.0,0.0,1.5,0.0,"use FBX extents X=6.000, Y=3.000, Z=6.000 * scale"
B_STR_E_N,ARGONAUT FUEL COVER (N),Corvette,Hull Plating,B_STR_E_N,,,prop/detail or unclassified,models/corvette/B_STR_E_N.fbx,6.0,3.0,6.0,0.0,1.5,0.0,"use FBX extents X=6.000, Y=3.000, Z=6.000 * scale"
B_STR_E_NE,HARDFRAME DIFFUSER (NE),Corvette,Hull Plating,B_STR_E_NE,,,prop/detail or unclassified,models/corvette/B_STR_E_NE.fbx,5.96919,2.999999,5.121113,0.015845,1.5,-0.443369,"use FBX extents X=5.969, Y=3.000, Z=5.121 * scale"
B_STR_E_NE1,HARDFRAME DIFFUSER (NE1),Corvette,Hull Plating,B_STR_E_NE1,B_STR_E_NE,,prop/detail or unclassified,models/corvette/B_STR_E_NE1.fbx,5.121113,2.999999,5.96919,-0.443369,1.5,-0.015845,"use FBX extents X=5.121, Y=3.000, Z=5.969 * scale"
B_STR_E_NE2,HARDFRAME DIFFUSER (NE2),Corvette,Hull Plating,B_STR_E_NE2,B_STR_E_NE,,prop/detail or unclassified,models/corvette/B_STR_E_NE2.fbx,5.96919,2.999999,5.121113,-0.015845,1.5,0.443369,"use FBX extents X=5.969, Y=3.000, Z=5.121 * scale"
B_STR_E_NE3,HARDFRAME DIFFUSER (NE3),Corvette,Hull Plating,B_STR_E_NE3,B_STR_E_NE,,prop/detail or unclassified,models/corvette/B_STR_E_NE3.fbx,5.121113,2.999999,5.969189,0.443369,1.5,0.015845,"use FBX extents X=5.121, Y=3.000, Z=5.969 * scale"
B_STR_E_NW,HARDFRAME DIFFUSER (NW),Corvette,Hull Plating,B_STR_E_NW,B_STR_E_NE,,prop/detail or unclassified,models/corvette/B_STR_E_NW.fbx,5.96919,2.999999,5.121113,-0.015845,1.5,-0.443369,"use FBX extents X=5.969, Y=3.000, Z=5.121 * scale"
B_STR_E_NW1,HARDFRAME DIFFUSER (NW1),Corvette,Hull Plating,B_STR_E_NW1,B_STR_E_NE,,prop/detail or unclassified,models/corvette/B_STR_E_NW1.fbx,5.121113,2.999999,5.969189,-0.443369,1.5,0.015845,"use FBX extents X=5.121, Y=3.000, Z=5.969 * scale"
B_STR_E_NW2,HARDFRAME DIFFUSER (NW2),Corvette,Hull Plating,B_STR_E_NW2,B_STR_E_NE,,prop/detail or unclassified,models/corvette/B_STR_E_NW2.fbx,5.96919,2.999999,5.121113,0.015845,1.5,0.443369,"use FBX extents X=5.969, Y=3.000, Z=5.121 * scale"
B_STR_E_NW3,HARDFRAME DIFFUSER (NW3),Corvette,Hull Plating,B_STR_E_NW3,B_STR_E_NE,,prop/detail or unclassified,models/corvette/B_STR_E_NW3.fbx,5.121113,2.999999,5.96919,0.443369,1.5,-0.015845,"use FBX extents X=5.121, Y=3.000, Z=5.969 * scale"
B_STR_E_S,ARGONAUT FUEL COVER (S),Corvette,Hull Plating,B_STR_E_S,B_STR_E_N,,prop/detail or unclassified,models/corvette/B_STR_E_S.fbx,6.0,3.0,6.0,0.0,1.5,0.0,"use FBX extents X=6.000, Y=3.000, Z=6.000 * scale"
B_STR_E_W,ARGONAUT FUEL COVER (W),Corvette,Hull Plating,B_STR_E_W,B_STR_E_N,,prop/detail or unclassified,models/corvette/B_STR_E_W.fbx,6.0,3.0,6.0,0.0,1.5,0.0,"use FBX extents X=6.000, Y=3.000, Z=6.000 * scale"
B_STR_E_Y_E,ARGONAUT FUEL COVER (Y_E),Corvette,Hull Plating,B_STR_E_Y_E,B_STR_E_N,,prop/detail or unclassified,models/corvette/B_STR_E_Y_E.fbx,6.0,3.0,6.0,0.0,1.5,0.0,"use FBX extents X=6.000, Y=3.000, Z=6.000 * scale"
B_STR_E_Y_N,ARGONAUT FUEL COVER (Y_N),Corvette,Hull Plating,B_STR_E_Y_N,B_STR_E_N,,prop/detail or unclassified,models/corvette/B_STR_E_Y_N.fbx,6.0,3.0,6.000001,0.0,1.5,0.0,"use FBX extents X=6.000, Y=3.000, Z=6.000 * scale"
B_STR_E_Y_NE,HARDFRAME DIFFUSER (Y_NE),Corvette,Hull Plating,B_STR_E_Y_NE,B_STR_E_NE,,prop/detail or unclassified,models/corvette/B_STR_E_Y_NE.fbx,5.96919,3.0,5.121113,0.015845,1.5,-0.443369,"use FBX extents X=5.969, Y=3.000, Z=5.121 * scale"
B_STR_E_Y_NE1,HARDFRAME DIFFUSER (Y_NE1),Corvette,Hull Plating,B_STR_E_Y_NE1,B_STR_E_NE,,prop/detail or unclassified,models/corvette/B_STR_E_Y_NE1.fbx,5.121113,3.0,5.96919,-0.443369,1.5,-0.015844,"use FBX extents X=5.121, Y=3.000, Z=5.969 * scale"
B_STR_E_Y_NE2,HARDFRAME DIFFUSER (Y_NE2),Corvette,Hull Plating,B_STR_E_Y_NE2,B_STR_E_NE,,prop/detail or unclassified,models/corvette/B_STR_E_Y_NE2.fbx,5.96919,3.0,5.121113,-0.015845,1.5,0.443369,"use FBX extents X=5.969, Y=3.000, Z=5.121 * scale"
B_STR_E_Y_NE3,HARDFRAME DIFFUSER (Y_NE3),Corvette,Hull Plating,B_STR_E_Y_NE3,B_STR_E_NE,,prop/detail or unclassified,models/corvette/B_STR_E_Y_NE3.fbx,5.121113,2.999999,5.969189,0.443369,1.5,0.015845,"use FBX extents X=5.121, Y=3.000, Z=5.969 * scale"
B_STR_E_Y_NW,HARDFRAME DIFFUSER (Y_NW),Corvette,Hull Plating,B_STR_E_Y_NW,B_STR_E_NE,,prop/detail or unclassified,models/corvette/B_STR_E_Y_NW.fbx,5.96919,3.0,5.121113,-0.015845,1.5,-0.443368,"use FBX extents X=5.969, Y=3.000, Z=5.121 * scale"
B_STR_E_Y_NW1,HARDFRAME DIFFUSER (Y_NW1),Corvette,Hull Plating,B_STR_E_Y_NW1,B_STR_E_NE,,prop/detail or unclassified,models/corvette/B_STR_E_Y_NW1.fbx,5.121113,2.999999,5.969189,-0.443369,1.5,0.015845,"use FBX extents X=5.121, Y=3.000, Z=5.969 * scale"
B_STR_E_Y_NW2,HARDFRAME DIFFUSER (Y_NW2),Corvette,Hull Plating,B_STR_E_Y_NW2,B_STR_E_NE,,prop/detail or unclassified,models/corvette/B_STR_E_Y_NW2.fbx,5.96919,3.0,5.121113,0.015845,1.5,0.443369,"use FBX extents X=5.969, Y=3.000, Z=5.121 * scale"
B_STR_E_Y_NW3,HARDFRAME DIFFUSER (Y_NW3),Corvette,Hull Plating,B_STR_E_Y_NW3,B_STR_E_NE,,prop/detail or unclassified,models/corvette/B_STR_E_Y_NW3.fbx,5.121113,3.0,5.96919,0.443369,1.5,-0.015844,"use FBX extents X=5.121, Y=3.000, Z=5.969 * scale"
B_STR_E_Y_S,ARGONAUT FUEL COVER (Y_S),Corvette,Hull Plating,B_STR_E_Y_S,B_STR_E_N,,prop/detail or unclassified,models/corvette/B_STR_E_Y_S.fbx,6.0,3.000001,6.0,0.0,1.5,0.0,"use FBX extents X=6.000, Y=3.000, Z=6.000 * scale"
B_STR_E_Y_W,ARGONAUT FUEL COVER (Y_W),Corvette,Hull Plating,B_STR_E_Y_W,B_STR_E_N,,prop/detail or unclassified,models/corvette/B_STR_E_Y_W.fbx,6.0,3.0,6.0,0.0,1.5,0.0,"use FBX extents X=6.000, Y=3.000, Z=6.000 * scale"
B_STR_F_E,LONGSHORE COWLING (E),Corvette,Hull Plating,B_STR_F_E,B_STR_F_N,,prop/detail or unclassified,models/corvette/B_STR_F_E.fbx,12.105114,3.006138,6.070312,-3.056818,1.496931,0.0,"use FBX extents X=12.105, Y=3.006, Z=6.070 * scale"
B_STR_F_N,LONGSHORE COWLING (N),Corvette,Hull Plating,B_STR_F_N,,,prop/detail or unclassified,models/corvette/B_STR_F_N.fbx,6.070312,3.006138,12.105114,0.0,1.496931,3.056818,"use FBX extents X=6.070, Y=3.006, Z=12.105 * scale"
B_STR_F_NE,VESPER DIFFUSER (NE),Corvette,Hull Plating,B_STR_F_NE,,,prop/detail or unclassified,models/corvette/B_STR_F_NE.fbx,5.905197,2.916019,11.089855,0.050255,1.458006,2.54101,"use FBX extents X=5.905, Y=2.916, Z=11.090 * scale"
B_STR_F_NE1,VESPER DIFFUSER (NE1),Corvette,Hull Plating,B_STR_F_NE1,B_STR_F_NE,,prop/detail or unclassified,models/corvette/B_STR_F_NE1.fbx,11.089855,2.916019,5.905197,2.54101,1.458006,-0.050255,"use FBX extents X=11.090, Y=2.916, Z=5.905 * scale"
B_STR_F_NE2,VESPER DIFFUSER (NE2),Corvette,Hull Plating,B_STR_F_NE2,B_STR_F_NE,,prop/detail or unclassified,models/corvette/B_STR_F_NE2.fbx,5.905197,2.916019,11.089855,-0.050255,1.458006,-2.54101,"use FBX extents X=5.905, Y=2.916, Z=11.090 * scale"
B_STR_F_NE3,VESPER DIFFUSER (NE3),Corvette,Hull Plating,B_STR_F_NE3,B_STR_F_NE,,prop/detail or unclassified,models/corvette/B_STR_F_NE3.fbx,11.089855,2.916019,5.905197,-2.54101,1.458006,0.050255,"use FBX extents X=11.090, Y=2.916, Z=5.905 * scale"
B_STR_F_NW,VESPER DIFFUSER (NW),Corvette,Hull Plating,B_STR_F_NW,B_STR_F_NE,,prop/detail or unclassified,models/corvette/B_STR_F_NW.fbx,5.905197,2.916019,11.089855,-0.050255,1.458006,2.54101,"use FBX extents X=5.905, Y=2.916, Z=11.090 * scale"
B_STR_F_NW1,VESPER DIFFUSER (NW1),Corvette,Hull Plating,B_STR_F_NW1,B_STR_F_NE,,prop/detail or unclassified,models/corvette/B_STR_F_NW1.fbx,11.089855,2.916019,5.905197,2.54101,1.458006,0.050255,"use FBX extents X=11.090, Y=2.916, Z=5.905 * scale"
B_STR_F_NW2,VESPER DIFFUSER (NW2),Corvette,Hull Plating,B_STR_F_NW2,B_STR_F_NE,,prop/detail or unclassified,models/corvette/B_STR_F_NW2.fbx,5.905197,2.916019,11.089855,0.050255,1.458006,-2.54101,"use FBX extents X=5.905, Y=2.916, Z=11.090 * scale"
B_STR_F_NW3,VESPER DIFFUSER (NW3),Corvette,Hull Plating,B_STR_F_NW3,B_STR_F_NE,,prop/detail or unclassified,models/corvette/B_STR_F_NW3.fbx,11.089855,2.916019,5.905197,-2.54101,1.458006,-0.050255,"use FBX extents X=11.090, Y=2.916, Z=5.905 * scale"
B_STR_F_S,LONGSHORE COWLING (S),Corvette,Hull Plating,B_STR_F_S,B_STR_F_N,,prop/detail or unclassified,models/corvette/B_STR_F_S.fbx,6.070312,3.006138,12.105114,0.0,1.496931,-3.056818,"use FBX extents X=6.070, Y=3.006, Z=12.105 * scale"
B_STR_F_W,LONGSHORE COWLING (W),Corvette,Hull Plating,B_STR_F_W,B_STR_F_N,,prop/detail or unclassified,models/corvette/B_STR_F_W.fbx,12.105114,3.006138,6.070312,3.056818,1.496931,0.0,"use FBX extents X=12.105, Y=3.006, Z=6.070 * scale"
B_STR_F_Y_E,LONGSHORE COWLING (Y_E),Corvette,Hull Plating,B_STR_F_Y_E,B_STR_F_N,,prop/detail or unclassified,models/corvette/B_STR_F_Y_E.fbx,12.105114,3.006138,6.070312,-3.056818,1.496931,0.0,"use FBX extents X=12.105, Y=3.006, Z=6.070 * scale"
B_STR_F_Y_N,LONGSHORE COWLING (Y_N),Corvette,Hull Plating,B_STR_F_Y_N,B_STR_F_N,,prop/detail or unclassified,models/corvette/B_STR_F_Y_N.fbx,6.070312,3.006138,12.105114,0.0,1.496931,3.056818,"use FBX extents X=6.070, Y=3.006, Z=12.105 * scale"
B_STR_F_Y_NE,VESPER DIFFUSER (Y_NE),Corvette,Hull Plating,B_STR_F_Y_NE,B_STR_F_NE,,prop/detail or unclassified,models/corvette/B_STR_F_Y_NE.fbx,5.905197,2.916018,11.089855,0.050255,1.458006,2.54101,"use FBX extents X=5.905, Y=2.916, Z=11.090 * scale"
B_STR_F_Y_NE1,VESPER DIFFUSER (Y_NE1),Corvette,Hull Plating,B_STR_F_Y_NE1,B_STR_F_NE,,prop/detail or unclassified,models/corvette/B_STR_F_Y_NE1.fbx,11.089855,2.916019,5.905198,2.54101,1.458006,-0.050255,"use FBX extents X=11.090, Y=2.916, Z=5.905 * scale"
B_STR_F_Y_NE2,VESPER DIFFUSER (Y_NE2),Corvette,Hull Plating,B_STR_F_Y_NE2,B_STR_F_NE,,prop/detail or unclassified,models/corvette/B_STR_F_Y_NE2.fbx,5.905197,2.916019,11.089855,-0.050255,1.458006,-2.54101,"use FBX extents X=5.905, Y=2.916, Z=11.090 * scale"
B_STR_F_Y_NE3,VESPER DIFFUSER (Y_NE3),Corvette,Hull Plating,B_STR_F_Y_NE3,B_STR_F_NE,,prop/detail or unclassified,models/corvette/B_STR_F_Y_NE3.fbx,11.089855,2.916018,5.905197,-2.54101,1.458006,0.050255,"use FBX extents X=11.090, Y=2.916, Z=5.905 * scale"
B_STR_F_Y_NW,VESPER DIFFUSER (Y_NW),Corvette,Hull Plating,B_STR_F_Y_NW,B_STR_F_NE,,prop/detail or unclassified,models/corvette/B_STR_F_Y_NW.fbx,5.905197,2.916018,11.089855,-0.050255,1.458006,2.54101,"use FBX extents X=5.905, Y=2.916, Z=11.090 * scale"
B_STR_F_Y_NW1,VESPER DIFFUSER (Y_NW1),Corvette,Hull Plating,B_STR_F_Y_NW1,B_STR_F_NE,,prop/detail or unclassified,models/corvette/B_STR_F_Y_NW1.fbx,11.089855,2.916018,5.905197,2.54101,1.458006,0.050255,"use FBX extents X=11.090, Y=2.916, Z=5.905 * scale"
B_STR_F_Y_NW2,VESPER DIFFUSER (Y_NW2),Corvette,Hull Plating,B_STR_F_Y_NW2,B_STR_F_NE,,prop/detail or unclassified,models/corvette/B_STR_F_Y_NW2.fbx,5.905197,2.916019,11.089855,0.050255,1.458006,-2.54101,"use FBX extents X=5.905, Y=2.916, Z=11.090 * scale"
B_STR_F_Y_NW3,VESPER DIFFUSER (Y_NW3),Corvette,Hull Plating,B_STR_F_Y_NW3,B_STR_F_NE,,prop/detail or unclassified,models/corvette/B_STR_F_Y_NW3.fbx,11.089855,2.916019,5.905198,-2.54101,1.458006,-0.050255,"use FBX extents X=11.090, Y=2.916, Z=5.905 * scale"
B_STR_F_Y_S,LONGSHORE COWLING (Y_S),Corvette,Hull Plating,B_STR_F_Y_S,B_STR_F_N,,prop/detail or unclassified,models/corvette/B_STR_F_Y_S.fbx,6.070312,3.006138,12.105114,0.0,1.496931,-3.056818,"use FBX extents X=6.070, Y=3.006, Z=12.105 * scale"
B_STR_F_Y_W,LONGSHORE COWLING (Y_W),Corvette,Hull Plating,B_STR_F_Y_W,B_STR_F_N,,prop/detail or unclassified,models/corvette/B_STR_F_Y_W.fbx,12.105114,3.006138,6.070312,3.056818,1.496931,0.0,"use FBX extents X=12.105, Y=3.006, Z=6.070 * scale"
B_STR_G_E,ARGONAUT HYDRAULICS (E),Corvette,Hull Plating,B_STR_G_E,B_STR_G_N,,prop/detail or unclassified,models/corvette/B_STR_G_E.fbx,5.988282,3.0,6.0,0.005859,1.5,0.0,"use FBX extents X=5.988, Y=3.000, Z=6.000 * scale"
B_STR_G_N,ARGONAUT HYDRAULICS (N),Corvette,Hull Plating,B_STR_G_N,,,prop/detail or unclassified,models/corvette/B_STR_G_N.fbx,6.0,3.0,5.988282,0.0,1.5,-0.005859,"use FBX extents X=6.000, Y=3.000, Z=5.988 * scale"
B_STR_G_NE,FUEL POD COVER (NE),Corvette,Hull Plating,B_STR_G_NE,,,prop/detail or unclassified,models/corvette/B_STR_G_NE.fbx,2.981984,2.980469,5.406367,1.50857,1.490234,-0.296933,"use FBX extents X=2.982, Y=2.980, Z=5.406 * scale"
B_STR_G_NE1,FUEL POD COVER (NE1),Corvette,Hull Plating,B_STR_G_NE1,B_STR_G_NE,,prop/detail or unclassified,models/corvette/B_STR_G_NE1.fbx,5.406367,2.980469,2.981984,-0.296934,1.490234,-1.50857,"use FBX extents X=5.406, Y=2.980, Z=2.982 * scale"
B_STR_G_NE2,FUEL POD COVER (NE2),Corvette,Hull Plating,B_STR_G_NE2,B_STR_G_NE,,prop/detail or unclassified,models/corvette/B_STR_G_NE2.fbx,2.981984,2.980469,5.406367,-1.50857,1.490234,0.296934,"use FBX extents X=2.982, Y=2.980, Z=5.406 * scale"
B_STR_G_NE3,FUEL POD COVER (NE3),Corvette,Hull Plating,B_STR_G_NE3,B_STR_G_NE,,prop/detail or unclassified,models/corvette/B_STR_G_NE3.fbx,5.406367,2.980469,2.981984,0.296933,1.490234,1.50857,"use FBX extents X=5.406, Y=2.980, Z=2.982 * scale"
B_STR_G_NW,FUEL POD COVER (NW),Corvette,Hull Plating,B_STR_G_NW,B_STR_G_NE,,prop/detail or unclassified,models/corvette/B_STR_G_NW.fbx,2.981984,2.980469,5.406367,-1.50857,1.490234,-0.296934,"use FBX extents X=2.982, Y=2.980, Z=5.406 * scale"
B_STR_G_NW1,FUEL POD COVER (NW1),Corvette,Hull Plating,B_STR_G_NW1,B_STR_G_NE,,prop/detail or unclassified,models/corvette/B_STR_G_NW1.fbx,5.406367,2.980469,2.981984,-0.296933,1.490234,1.50857,"use FBX extents X=5.406, Y=2.980, Z=2.982 * scale"
B_STR_G_NW2,FUEL POD COVER (NW2),Corvette,Hull Plating,B_STR_G_NW2,B_STR_G_NE,,prop/detail or unclassified,models/corvette/B_STR_G_NW2.fbx,2.981984,2.980469,5.406367,1.50857,1.490234,0.296934,"use FBX extents X=2.982, Y=2.980, Z=5.406 * scale"
B_STR_G_NW3,FUEL POD COVER (NW3),Corvette,Hull Plating,B_STR_G_NW3,B_STR_G_NE,,prop/detail or unclassified,models/corvette/B_STR_G_NW3.fbx,5.406367,2.980469,2.981984,0.296934,1.490234,-1.50857,"use FBX extents X=5.406, Y=2.980, Z=2.982 * scale"
B_STR_G_S,ARGONAUT HYDRAULICS (S),Corvette,Hull Plating,B_STR_G_S,B_STR_G_N,,prop/detail or unclassified,models/corvette/B_STR_G_S.fbx,6.0,3.0,5.988281,0.0,1.5,0.005859,"use FBX extents X=6.000, Y=3.000, Z=5.988 * scale"
B_STR_G_W,ARGONAUT HYDRAULICS (W),Corvette,Hull Plating,B_STR_G_W,B_STR_G_N,,prop/detail or unclassified,models/corvette/B_STR_G_W.fbx,5.988282,3.0,6.0,-0.005859,1.5,0.0,"use FBX extents X=5.988, Y=3.000, Z=6.000 * scale"
B_STR_G_Y_E,ARGONAUT HYDRAULICS (Y_E),Corvette,Hull Plating,B_STR_G_Y_E,B_STR_G_N,,prop/detail or unclassified,models/corvette/B_STR_G_Y_E.fbx,5.988282,3.0,6.0,0.005859,1.5,0.0,"use FBX extents X=5.988, Y=3.000, Z=6.000 * scale"
B_STR_G_Y_N,ARGONAUT HYDRAULICS (Y_N),Corvette,Hull Plating,B_STR_G_Y_N,B_STR_G_N,,prop/detail or unclassified,models/corvette/B_STR_G_Y_N.fbx,6.0,3.0,5.988282,0.0,1.5,-0.005859,"use FBX extents X=6.000, Y=3.000, Z=5.988 * scale"
B_STR_G_Y_NE,FUEL POD COVER (Y_NE),Corvette,Hull Plating,B_STR_G_Y_NE,B_STR_G_NE,,prop/detail or unclassified,models/corvette/B_STR_G_Y_NE.fbx,2.981984,2.980469,5.406367,1.50857,1.490234,-0.296933,"use FBX extents X=2.982, Y=2.980, Z=5.406 * scale"
B_STR_G_Y_NE1,FUEL POD COVER (Y_NE1),Corvette,Hull Plating,B_STR_G_Y_NE1,B_STR_G_NE,,prop/detail or unclassified,models/corvette/B_STR_G_Y_NE1.fbx,5.406367,2.980469,2.981984,-0.296934,1.490234,-1.50857,"use FBX extents X=5.406, Y=2.980, Z=2.982 * scale"
B_STR_G_Y_NE2,FUEL POD COVER (Y_NE2),Corvette,Hull Plating,B_STR_G_Y_NE2,B_STR_G_NE,,prop/detail or unclassified,models/corvette/B_STR_G_Y_NE2.fbx,2.981984,2.980469,5.406368,-1.50857,1.490234,0.296934,"use FBX extents X=2.982, Y=2.980, Z=5.406 * scale"
B_STR_G_Y_NE3,FUEL POD COVER (Y_NE3),Corvette,Hull Plating,B_STR_G_Y_NE3,B_STR_G_NE,,prop/detail or unclassified,models/corvette/B_STR_G_Y_NE3.fbx,5.406367,2.980469,2.981984,0.296933,1.490234,1.50857,"use FBX extents X=5.406, Y=2.980, Z=2.982 * scale"
B_STR_G_Y_NW,FUEL POD COVER (Y_NW),Corvette,Hull Plating,B_STR_G_Y_NW,B_STR_G_NE,,prop/detail or unclassified,models/corvette/B_STR_G_Y_NW.fbx,2.981984,2.980469,5.406367,-1.50857,1.490234,-0.296934,"use FBX extents X=2.982, Y=2.980, Z=5.406 * scale"
B_STR_G_Y_NW1,FUEL POD COVER (Y_NW1),Corvette,Hull Plating,B_STR_G_Y_NW1,B_STR_G_NE,,prop/detail or unclassified,models/corvette/B_STR_G_Y_NW1.fbx,5.406367,2.980469,2.981984,-0.296933,1.490234,1.50857,"use FBX extents X=5.406, Y=2.980, Z=2.982 * scale"
B_STR_G_Y_NW2,FUEL POD COVER (Y_NW2),Corvette,Hull Plating,B_STR_G_Y_NW2,B_STR_G_NE,,prop/detail or unclassified,models/corvette/B_STR_G_Y_NW2.fbx,2.981984,2.980469,5.406368,1.50857,1.490234,0.296934,"use FBX extents X=2.982, Y=2.980, Z=5.406 * scale"
B_STR_G_Y_NW3,FUEL POD COVER (Y_NW3),Corvette,Hull Plating,B_STR_G_Y_NW3,B_STR_G_NE,,prop/detail or unclassified,models/corvette/B_STR_G_Y_NW3.fbx,5.406367,2.980469,2.981984,0.296934,1.490234,-1.50857,"use FBX extents X=5.406, Y=2.980, Z=2.982 * scale"
B_STR_G_Y_S,ARGONAUT HYDRAULICS (Y_S),Corvette,Hull Plating,B_STR_G_Y_S,B_STR_G_N,,prop/detail or unclassified,models/corvette/B_STR_G_Y_S.fbx,6.0,3.000001,5.988281,0.0,1.5,0.00586,"use FBX extents X=6.000, Y=3.000, Z=5.988 * scale"
B_STR_G_Y_W,ARGONAUT HYDRAULICS (Y_W),Corvette,Hull Plating,B_STR_G_Y_W,B_STR_G_N,,prop/detail or unclassified,models/corvette/B_STR_G_Y_W.fbx,5.988282,3.0,6.0,-0.005859,1.5,0.0,"use FBX extents X=5.988, Y=3.000, Z=6.000 * scale"
B_STR_H_E,FIREBOX COWLING (E),Corvette,Hull Plating,B_STR_H_E,B_STR_H_N,,prop/detail or unclassified,models/corvette/B_STR_H_E.fbx,11.406357,3.070679,6.054688,-2.703071,1.486145,0.0,"use FBX extents X=11.406, Y=3.071, Z=6.055 * scale"
B_STR_H_N,FIREBOX COWLING (N),Corvette,Hull Plating,B_STR_H_N,,,prop/detail or unclassified,models/corvette/B_STR_H_N.fbx,6.054688,3.070679,11.406357,0.0,1.486145,2.703071,"use FBX extents X=6.055, Y=3.071, Z=11.406 * scale"
B_STR_H_NE,ENGINE COVER (NE),Corvette,Hull Plating,B_STR_H_NE,,,prop/detail or unclassified,models/corvette/B_STR_H_NE.fbx,2.989731,2.989136,10.703117,1.514397,1.485901,2.351566,"use FBX extents X=2.990, Y=2.989, Z=10.703 * scale"
B_STR_H_NE1,ENGINE COVER (NE1),Corvette,Hull Plating,B_STR_H_NE1,B_STR_H_NE,,prop/detail or unclassified,models/corvette/B_STR_H_NE1.fbx,10.703118,2.989136,2.989731,2.351566,1.485901,-1.514397,"use FBX extents X=10.703, Y=2.989, Z=2.990 * scale"
B_STR_H_NE2,ENGINE COVER (NE2),Corvette,Hull Plating,B_STR_H_NE2,B_STR_H_NE,,prop/detail or unclassified,models/corvette/B_STR_H_NE2.fbx,2.989731,2.989136,10.703118,-1.514397,1.485901,-2.351566,"use FBX extents X=2.990, Y=2.989, Z=10.703 * scale"
B_STR_H_NE3,ENGINE COVER (NE3),Corvette,Hull Plating,B_STR_H_NE3,B_STR_H_NE,,prop/detail or unclassified,models/corvette/B_STR_H_NE3.fbx,10.703117,2.989136,2.989731,-2.351566,1.485901,1.514397,"use FBX extents X=10.703, Y=2.989, Z=2.990 * scale"
B_STR_H_NW,ENGINE COVER (NW),Corvette,Hull Plating,B_STR_H_NW,B_STR_H_NE,,prop/detail or unclassified,models/corvette/B_STR_H_NW.fbx,2.989731,2.989136,10.703118,-1.514396,1.485901,2.351566,"use FBX extents X=2.990, Y=2.989, Z=10.703 * scale"
B_STR_H_NW1,ENGINE COVER (NW1),Corvette,Hull Plating,B_STR_H_NW1,B_STR_H_NE,,prop/detail or unclassified,models/corvette/B_STR_H_NW1.fbx,10.703117,2.989136,2.989731,2.351566,1.485901,1.514397,"use FBX extents X=10.703, Y=2.989, Z=2.990 * scale"
B_STR_H_NW2,ENGINE COVER (NW2),Corvette,Hull Plating,B_STR_H_NW2,B_STR_H_NE,,prop/detail or unclassified,models/corvette/B_STR_H_NW2.fbx,2.989731,2.989136,10.703118,1.514397,1.485901,-2.351566,"use FBX extents X=2.990, Y=2.989, Z=10.703 * scale"
B_STR_H_NW3,ENGINE COVER (NW3),Corvette,Hull Plating,B_STR_H_NW3,B_STR_H_NE,,prop/detail or unclassified,models/corvette/B_STR_H_NW3.fbx,10.703118,2.989136,2.989731,-2.351566,1.485901,-1.514397,"use FBX extents X=10.703, Y=2.989, Z=2.990 * scale"
B_STR_H_S,FIREBOX COWLING (S),Corvette,Hull Plating,B_STR_H_S,B_STR_H_N,,prop/detail or unclassified,models/corvette/B_STR_H_S.fbx,6.054688,3.070679,11.406357,0.0,1.486145,-2.703071,"use FBX extents X=6.055, Y=3.071, Z=11.406 * scale"
B_STR_H_W,FIREBOX COWLING (W),Corvette,Hull Plating,B_STR_H_W,B_STR_H_N,,prop/detail or unclassified,models/corvette/B_STR_H_W.fbx,11.406357,3.070679,6.054688,2.703071,1.486145,0.0,"use FBX extents X=11.406, Y=3.071, Z=6.055 * scale"
B_STR_H_Y_E,FIREBOX COWLING (Y_E),Corvette,Hull Plating,B_STR_H_Y_E,B_STR_H_N,,prop/detail or unclassified,models/corvette/B_STR_H_Y_E.fbx,11.406357,3.070679,6.054688,-2.703071,1.486145,0.0,"use FBX extents X=11.406, Y=3.071, Z=6.055 * scale"
B_STR_H_Y_N,FIREBOX COWLING (Y_N),Corvette,Hull Plating,B_STR_H_Y_N,B_STR_H_N,,prop/detail or unclassified,models/corvette/B_STR_H_Y_N.fbx,6.054688,3.070678,11.406357,0.0,1.486145,2.703071,"use FBX extents X=6.055, Y=3.071, Z=11.406 * scale"
B_STR_H_Y_NE,ENGINE COVER (Y_NE),Corvette,Hull Plating,B_STR_H_Y_NE,B_STR_H_NE,,prop/detail or unclassified,models/corvette/B_STR_H_Y_NE.fbx,2.989731,2.989136,10.703117,1.514397,1.485901,2.351566,"use FBX extents X=2.990, Y=2.989, Z=10.703 * scale"
B_STR_H_Y_NE1,ENGINE COVER (Y_NE1),Corvette,Hull Plating,B_STR_H_Y_NE1,B_STR_H_NE,,prop/detail or unclassified,models/corvette/B_STR_H_Y_NE1.fbx,10.703118,2.989136,2.989731,2.351566,1.485901,-1.514396,"use FBX extents X=10.703, Y=2.989, Z=2.990 * scale"
B_STR_H_Y_NE2,ENGINE COVER (Y_NE2),Corvette,Hull Plating,B_STR_H_Y_NE2,B_STR_H_NE,,prop/detail or unclassified,models/corvette/B_STR_H_Y_NE2.fbx,2.989731,2.989136,10.703118,-1.514397,1.485901,-2.351566,"use FBX extents X=2.990, Y=2.989, Z=10.703 * scale"
B_STR_H_Y_NE3,ENGINE COVER (Y_NE3),Corvette,Hull Plating,B_STR_H_Y_NE3,B_STR_H_NE,,prop/detail or unclassified,models/corvette/B_STR_H_Y_NE3.fbx,10.703117,2.989136,2.989731,-2.351566,1.485901,1.514397,"use FBX extents X=10.703, Y=2.989, Z=2.990 * scale"
B_STR_H_Y_NW,ENGINE COVER (Y_NW),Corvette,Hull Plating,B_STR_H_Y_NW,B_STR_H_NE,,prop/detail or unclassified,models/corvette/B_STR_H_Y_NW.fbx,2.989731,2.989136,10.703118,-1.514396,1.485901,2.351566,"use FBX extents X=2.990, Y=2.989, Z=10.703 * scale"
B_STR_H_Y_NW1,ENGINE COVER (Y_NW1),Corvette,Hull Plating,B_STR_H_Y_NW1,B_STR_H_NE,,prop/detail or unclassified,models/corvette/B_STR_H_Y_NW1.fbx,10.703117,2.989136,2.989731,2.351566,1.485901,1.514397,"use FBX extents X=10.703, Y=2.989, Z=2.990 * scale"
B_STR_H_Y_NW2,ENGINE COVER (Y_NW2),Corvette,Hull Plating,B_STR_H_Y_NW2,B_STR_H_NE,,prop/detail or unclassified,models/corvette/B_STR_H_Y_NW2.fbx,2.989731,2.989136,10.703118,1.514397,1.485901,-2.351566,"use FBX extents X=2.990, Y=2.989, Z=10.703 * scale"
B_STR_H_Y_NW3,ENGINE COVER (Y_NW3),Corvette,Hull Plating,B_STR_H_Y_NW3,B_STR_H_NE,,prop/detail or unclassified,models/corvette/B_STR_H_Y_NW3.fbx,10.703118,2.989136,2.989731,-2.351566,1.485901,-1.514396,"use FBX extents X=10.703, Y=2.989, Z=2.990 * scale"
B_STR_H_Y_S,FIREBOX COWLING (Y_S),Corvette,Hull Plating,B_STR_H_Y_S,B_STR_H_N,,prop/detail or unclassified,models/corvette/B_STR_H_Y_S.fbx,6.054688,3.07068,11.406357,0.0,1.486145,-2.703071,"use FBX extents X=6.055, Y=3.071, Z=11.406 * scale"
B_STR_H_Y_W,FIREBOX COWLING (Y_W),Corvette,Hull Plating,B_STR_H_Y_W,B_STR_H_N,,prop/detail or unclassified,models/corvette/B_STR_H_Y_W.fbx,11.406357,3.070679,6.054688,2.703071,1.486145,0.0,"use FBX extents X=11.406, Y=3.071, Z=6.055 * scale"
B_STR_I_E,RADIATOR CASING (E),Corvette,Hull Plating,B_STR_I_E,B_STR_I_N,,prop/detail or unclassified,models/corvette/B_STR_I_E.fbx,2.992188,2.992188,5.996094,1.503906,1.496094,0.0,"use FBX extents X=2.992, Y=2.992, Z=5.996 * scale"
B_STR_I_N,RADIATOR CASING (N),Corvette,Hull Plating,B_STR_I_N,,,prop/detail or unclassified,models/corvette/B_STR_I_N.fbx,5.996094,2.992188,2.992188,0.0,1.496094,-1.503906,"use FBX extents X=5.996, Y=2.992, Z=2.992 * scale"
B_STR_I_NE,SPEEDBIRD DOME SECTION (NE),Corvette,Hull Plating,B_STR_I_NE,,,prop/detail or unclassified,models/corvette/B_STR_I_NE.fbx,5.808691,2.490234,5.808699,0.095752,1.245117,-0.095755,"use FBX extents X=5.809, Y=2.490, Z=5.809 * scale"
B_STR_I_NE1,SPEEDBIRD DOME SECTION (NE1),Corvette,Hull Plating,B_STR_I_NE1,B_STR_I_NE,,prop/detail or unclassified,models/corvette/B_STR_I_NE1.fbx,5.808699,2.490234,5.808692,-0.095756,1.245117,-0.095752,"use FBX extents X=5.809, Y=2.490, Z=5.809 * scale"
B_STR_I_NE2,SPEEDBIRD DOME SECTION (NE2),Corvette,Hull Plating,B_STR_I_NE2,B_STR_I_NE,,prop/detail or unclassified,models/corvette/B_STR_I_NE2.fbx,5.808692,2.490234,5.808699,-0.095752,1.245117,0.095756,"use FBX extents X=5.809, Y=2.490, Z=5.809 * scale"
B_STR_I_NE3,SPEEDBIRD DOME SECTION (NE3),Corvette,Hull Plating,B_STR_I_NE3,B_STR_I_NE,,prop/detail or unclassified,models/corvette/B_STR_I_NE3.fbx,5.808699,2.490234,5.808692,0.095756,1.245117,0.095752,"use FBX extents X=5.809, Y=2.490, Z=5.809 * scale"
B_STR_I_NW,SPEEDBIRD DOME SECTION (NW),Corvette,Hull Plating,B_STR_I_NW,B_STR_I_NE,,prop/detail or unclassified,models/corvette/B_STR_I_NW.fbx,5.808692,2.490234,5.808698,-0.095752,1.245117,-0.095756,"use FBX extents X=5.809, Y=2.490, Z=5.809 * scale"
B_STR_I_NW1,SPEEDBIRD DOME SECTION (NW1),Corvette,Hull Plating,B_STR_I_NW1,B_STR_I_NE,,prop/detail or unclassified,models/corvette/B_STR_I_NW1.fbx,5.808699,2.490234,5.808692,-0.095756,1.245117,0.095752,"use FBX extents X=5.809, Y=2.490, Z=5.809 * scale"
B_STR_I_NW2,SPEEDBIRD DOME SECTION (NW2),Corvette,Hull Plating,B_STR_I_NW2,B_STR_I_NE,,prop/detail or unclassified,models/corvette/B_STR_I_NW2.fbx,5.808692,2.490234,5.808699,0.095752,1.245117,0.095756,"use FBX extents X=5.809, Y=2.490, Z=5.809 * scale"
B_STR_I_NW3,SPEEDBIRD DOME SECTION (NW3),Corvette,Hull Plating,B_STR_I_NW3,B_STR_I_NE,,prop/detail or unclassified,models/corvette/B_STR_I_NW3.fbx,5.808699,2.490234,5.808692,0.095756,1.245117,-0.095752,"use FBX extents X=5.809, Y=2.490, Z=5.809 * scale"
B_STR_I_S,RADIATOR CASING (S),Corvette,Hull Plating,B_STR_I_S,B_STR_I_N,,prop/detail or unclassified,models/corvette/B_STR_I_S.fbx,5.996094,2.992188,2.992188,0.0,1.496094,1.503906,"use FBX extents X=5.996, Y=2.992, Z=2.992 * scale"
B_STR_I_W,RADIATOR CASING (W),Corvette,Hull Plating,B_STR_I_W,B_STR_I_N,,prop/detail or unclassified,models/corvette/B_STR_I_W.fbx,2.992188,2.992188,5.996094,-1.503906,1.496094,0.0,"use FBX extents X=2.992, Y=2.992, Z=5.996 * scale"
B_STR_I_Y_E,RADIATOR CASING (Y_E),Corvette,Hull Plating,B_STR_I_Y_E,B_STR_I_N,,prop/detail or unclassified,models/corvette/B_STR_I_Y_E.fbx,2.992188,2.992188,5.996094,1.503906,1.496093,0.0,"use FBX extents X=2.992, Y=2.992, Z=5.996 * scale"
B_STR_I_Y_N,RADIATOR CASING (Y_N),Corvette,Hull Plating,B_STR_I_Y_N,B_STR_I_N,,prop/detail or unclassified,models/corvette/B_STR_I_Y_N.fbx,5.996094,2.992188,2.992188,0.0,1.496094,-1.503906,"use FBX extents X=5.996, Y=2.992, Z=2.992 * scale"
B_STR_I_Y_NE,SPEEDBIRD DOME SECTION (Y_NE),Corvette,Hull Plating,B_STR_I_Y_NE,B_STR_I_NE,,prop/detail or unclassified,models/corvette/B_STR_I_Y_NE.fbx,5.808691,2.490235,5.808699,0.095752,1.245117,-0.095755,"use FBX extents X=5.809, Y=2.490, Z=5.809 * scale"
B_STR_I_Y_NE1,SPEEDBIRD DOME SECTION (Y_NE1),Corvette,Hull Plating,B_STR_I_Y_NE1,B_STR_I_NE,,prop/detail or unclassified,models/corvette/B_STR_I_Y_NE1.fbx,5.808699,2.490235,5.808692,-0.095756,1.245117,-0.095752,"use FBX extents X=5.809, Y=2.490, Z=5.809 * scale"
B_STR_I_Y_NE2,SPEEDBIRD DOME SECTION (Y_NE2),Corvette,Hull Plating,B_STR_I_Y_NE2,B_STR_I_NE,,prop/detail or unclassified,models/corvette/B_STR_I_Y_NE2.fbx,5.808692,2.490234,5.808699,-0.095752,1.245117,0.095756,"use FBX extents X=5.809, Y=2.490, Z=5.809 * scale"
B_STR_I_Y_NE3,SPEEDBIRD DOME SECTION (Y_NE3),Corvette,Hull Plating,B_STR_I_Y_NE3,B_STR_I_NE,,prop/detail or unclassified,models/corvette/B_STR_I_Y_NE3.fbx,5.808699,2.490234,5.808692,0.095756,1.245117,0.095752,"use FBX extents X=5.809, Y=2.490, Z=5.809 * scale"
B_STR_I_Y_NW,SPEEDBIRD DOME SECTION (Y_NW),Corvette,Hull Plating,B_STR_I_Y_NW,B_STR_I_NE,,prop/detail or unclassified,models/corvette/B_STR_I_Y_NW.fbx,5.808692,2.490235,5.808699,-0.095752,1.245117,-0.095756,"use FBX extents X=5.809, Y=2.490, Z=5.809 * scale"
B_STR_I_Y_NW1,SPEEDBIRD DOME SECTION (Y_NW1),Corvette,Hull Plating,B_STR_I_Y_NW1,B_STR_I_NE,,prop/detail or unclassified,models/corvette/B_STR_I_Y_NW1.fbx,5.808699,2.490234,5.808692,-0.095756,1.245117,0.095752,"use FBX extents X=5.809, Y=2.490, Z=5.809 * scale"
B_STR_I_Y_NW2,SPEEDBIRD DOME SECTION (Y_NW2),Corvette,Hull Plating,B_STR_I_Y_NW2,B_STR_I_NE,,prop/detail or unclassified,models/corvette/B_STR_I_Y_NW2.fbx,5.808692,2.490234,5.808699,0.095752,1.245117,0.095756,"use FBX extents X=5.809, Y=2.490, Z=5.809 * scale"
B_STR_I_Y_NW3,SPEEDBIRD DOME SECTION (Y_NW3),Corvette,Hull Plating,B_STR_I_Y_NW3,B_STR_I_NE,,prop/detail or unclassified,models/corvette/B_STR_I_Y_NW3.fbx,5.808699,2.490235,5.808692,0.095756,1.245117,-0.095752,"use FBX extents X=5.809, Y=2.490, Z=5.809 * scale"
B_STR_I_Y_S,RADIATOR CASING (Y_S),Corvette,Hull Plating,B_STR_I_Y_S,B_STR_I_N,,prop/detail or unclassified,models/corvette/B_STR_I_Y_S.fbx,5.996094,2.992188,2.992188,0.0,1.496094,1.503906,"use FBX extents X=5.996, Y=2.992, Z=2.992 * scale"
B_STR_I_Y_W,RADIATOR CASING (Y_W),Corvette,Hull Plating,B_STR_I_Y_W,B_STR_I_N,,prop/detail or unclassified,models/corvette/B_STR_I_Y_W.fbx,2.992188,2.992188,5.996094,-1.503906,1.496093,0.0,"use FBX extents X=2.992, Y=2.992, Z=5.996 * scale"
B_STR_J_E,SPEEDBIRD DIFFUSER (E),Corvette,Hull Plating,B_STR_J_E,B_STR_J_N,,prop/detail or unclassified,models/corvette/B_STR_J_E.fbx,2.919983,2.919922,6.027344,1.504913,1.459961,0.0,"use FBX extents X=2.920, Y=2.920, Z=6.027 * scale"
B_STR_J_N,SPEEDBIRD DIFFUSER (N),Corvette,Hull Plating,B_STR_J_N,,,prop/detail or unclassified,models/corvette/B_STR_J_N.fbx,6.027344,2.919922,2.919983,0.0,1.459961,-1.504913,"use FBX extents X=6.027, Y=2.920, Z=2.920 * scale"
B_STR_J_NE,SPEEDBIRD NACELLE (NE),Corvette,Hull Plating,B_STR_J_NE,,,prop/detail or unclassified,models/corvette/B_STR_J_NE.fbx,6.007819,2.92469,11.969458,-0.003903,1.457577,2.984021,"use FBX extents X=6.008, Y=2.925, Z=11.969 * scale"
B_STR_J_NE1,SPEEDBIRD NACELLE (NE1),Corvette,Hull Plating,B_STR_J_NE1,B_STR_J_NE,,prop/detail or unclassified,models/corvette/B_STR_J_NE1.fbx,11.969458,2.92469,6.00782,2.984021,1.457577,0.003903,"use FBX extents X=11.969, Y=2.925, Z=6.008 * scale"
B_STR_J_NE2,SPEEDBIRD NACELLE (NE2),Corvette,Hull Plating,B_STR_J_NE2,B_STR_J_NE,,prop/detail or unclassified,models/corvette/B_STR_J_NE2.fbx,6.00782,2.92469,11.969458,0.003903,1.457577,-2.984021,"use FBX extents X=6.008, Y=2.925, Z=11.969 * scale"
B_STR_J_NE3,SPEEDBIRD NACELLE (NE3),Corvette,Hull Plating,B_STR_J_NE3,B_STR_J_NE,,prop/detail or unclassified,models/corvette/B_STR_J_NE3.fbx,11.969458,2.92469,6.007819,-2.984021,1.457577,-0.003903,"use FBX extents X=11.969, Y=2.925, Z=6.008 * scale"
B_STR_J_NW,SPEEDBIRD NACELLE (NW),Corvette,Hull Plating,B_STR_J_NW,B_STR_J_NE,,prop/detail or unclassified,models/corvette/B_STR_J_NW.fbx,6.00782,2.92469,11.969458,0.003902,1.457577,2.984021,"use FBX extents X=6.008, Y=2.925, Z=11.969 * scale"
B_STR_J_NW1,SPEEDBIRD NACELLE (NW1),Corvette,Hull Plating,B_STR_J_NW1,B_STR_J_NE,,prop/detail or unclassified,models/corvette/B_STR_J_NW1.fbx,11.969458,2.92469,6.007819,2.984021,1.457577,-0.003903,"use FBX extents X=11.969, Y=2.925, Z=6.008 * scale"
B_STR_J_NW2,SPEEDBIRD NACELLE (NW2),Corvette,Hull Plating,B_STR_J_NW2,B_STR_J_NE,,prop/detail or unclassified,models/corvette/B_STR_J_NW2.fbx,6.00782,2.92469,11.969458,-0.003903,1.457577,-2.984021,"use FBX extents X=6.008, Y=2.925, Z=11.969 * scale"
B_STR_J_NW3,SPEEDBIRD NACELLE (NW3),Corvette,Hull Plating,B_STR_J_NW3,B_STR_J_NE,,prop/detail or unclassified,models/corvette/B_STR_J_NW3.fbx,11.969458,2.92469,6.00782,-2.984021,1.457577,0.003903,"use FBX extents X=11.969, Y=2.925, Z=6.008 * scale"
B_STR_J_S,SPEEDBIRD DIFFUSER (S),Corvette,Hull Plating,B_STR_J_S,B_STR_J_N,,prop/detail or unclassified,models/corvette/B_STR_J_S.fbx,6.027344,2.919922,2.919983,0.0,1.459961,1.504913,"use FBX extents X=6.027, Y=2.920, Z=2.920 * scale"
B_STR_J_W,SPEEDBIRD DIFFUSER (W),Corvette,Hull Plating,B_STR_J_W,B_STR_J_N,,prop/detail or unclassified,models/corvette/B_STR_J_W.fbx,2.919983,2.919922,6.027344,-1.504913,1.459961,0.0,"use FBX extents X=2.920, Y=2.920, Z=6.027 * scale"
B_STR_J_Y_E,SPEEDBIRD DIFFUSER (Y_E),Corvette,Hull Plating,B_STR_J_Y_E,B_STR_J_N,,prop/detail or unclassified,models/corvette/B_STR_J_Y_E.fbx,2.919983,2.919923,6.027344,1.504913,1.459961,0.0,"use FBX extents X=2.920, Y=2.920, Z=6.027 * scale"
B_STR_J_Y_N,SPEEDBIRD DIFFUSER (Y_N),Corvette,Hull Plating,B_STR_J_Y_N,B_STR_J_N,,prop/detail or unclassified,models/corvette/B_STR_J_Y_N.fbx,6.027344,2.919922,2.919984,0.0,1.459961,-1.504913,"use FBX extents X=6.027, Y=2.920, Z=2.920 * scale"
B_STR_J_Y_NE,SPEEDBIRD NACELLE (Y_NE),Corvette,Hull Plating,B_STR_J_Y_NE,B_STR_J_NE,,prop/detail or unclassified,models/corvette/B_STR_J_Y_NE.fbx,6.007819,2.92469,11.969458,-0.003903,1.457577,2.984021,"use FBX extents X=6.008, Y=2.925, Z=11.969 * scale"
B_STR_J_Y_NE1,SPEEDBIRD NACELLE (Y_NE1),Corvette,Hull Plating,B_STR_J_Y_NE1,B_STR_J_NE,,prop/detail or unclassified,models/corvette/B_STR_J_Y_NE1.fbx,11.969458,2.92469,6.00782,2.984021,1.457577,0.003903,"use FBX extents X=11.969, Y=2.925, Z=6.008 * scale"
B_STR_J_Y_NE2,SPEEDBIRD NACELLE (Y_NE2),Corvette,Hull Plating,B_STR_J_Y_NE2,B_STR_J_NE,,prop/detail or unclassified,models/corvette/B_STR_J_Y_NE2.fbx,6.00782,2.924691,11.969458,0.003903,1.457576,-2.984021,"use FBX extents X=6.008, Y=2.925, Z=11.969 * scale"
B_STR_J_Y_NE3,SPEEDBIRD NACELLE (Y_NE3),Corvette,Hull Plating,B_STR_J_Y_NE3,B_STR_J_NE,,prop/detail or unclassified,models/corvette/B_STR_J_Y_NE3.fbx,11.969458,2.924691,6.007819,-2.984021,1.457576,-0.003903,"use FBX extents X=11.969, Y=2.925, Z=6.008 * scale"
B_STR_J_Y_NW,SPEEDBIRD NACELLE (Y_NW),Corvette,Hull Plating,B_STR_J_Y_NW,B_STR_J_NE,,prop/detail or unclassified,models/corvette/B_STR_J_Y_NW.fbx,6.00782,2.92469,11.969458,0.003902,1.457577,2.984021,"use FBX extents X=6.008, Y=2.925, Z=11.969 * scale"
B_STR_J_Y_NW1,SPEEDBIRD NACELLE (Y_NW1),Corvette,Hull Plating,B_STR_J_Y_NW1,B_STR_J_NE,,prop/detail or unclassified,models/corvette/B_STR_J_Y_NW1.fbx,11.969458,2.924691,6.007819,2.984021,1.457576,-0.003903,"use FBX extents X=11.969, Y=2.925, Z=6.008 * scale"
B_STR_J_Y_NW2,SPEEDBIRD NACELLE (Y_NW2),Corvette,Hull Plating,B_STR_J_Y_NW2,B_STR_J_NE,,prop/detail or unclassified,models/corvette/B_STR_J_Y_NW2.fbx,6.00782,2.924691,11.969458,-0.003903,1.457576,-2.984021,"use FBX extents X=6.008, Y=2.925, Z=11.969 * scale"
B_STR_J_Y_NW3,SPEEDBIRD NACELLE (Y_NW3),Corvette,Hull Plating,B_STR_J_Y_NW3,B_STR_J_NE,,prop/detail or unclassified,models/corvette/B_STR_J_Y_NW3.fbx,11.969458,2.92469,6.00782,-2.984021,1.457577,0.003903,"use FBX extents X=11.969, Y=2.925, Z=6.008 * scale"
B_STR_J_Y_S,SPEEDBIRD DIFFUSER (Y_S),Corvette,Hull Plating,B_STR_J_Y_S,B_STR_J_N,,prop/detail or unclassified,models/corvette/B_STR_J_Y_S.fbx,6.027344,2.919922,2.919983,0.0,1.459961,1.504913,"use FBX extents X=6.027, Y=2.920, Z=2.920 * scale"
B_STR_J_Y_W,SPEEDBIRD DIFFUSER (Y_W),Corvette,Hull Plating,B_STR_J_Y_W,B_STR_J_N,,prop/detail or unclassified,models/corvette/B_STR_J_Y_W.fbx,2.919983,2.919923,6.027344,-1.504913,1.459961,0.0,"use FBX extents X=2.920, Y=2.920, Z=6.027 * scale"
B_STR_K_E,ALBATROSS SIDEPOD (E),Corvette,Hull Plating,B_STR_K_E,B_STR_K_N,,prop/detail or unclassified,models/corvette/B_STR_K_E.fbx,6.128907,3.027344,6.0,-0.064453,1.513672,0.0,"use FBX extents X=6.129, Y=3.027, Z=6.000 * scale"
B_STR_K_N,ALBATROSS SIDEPOD (N),Corvette,Hull Plating,B_STR_K_N,,,prop/detail or unclassified,models/corvette/B_STR_K_N.fbx,6.0,3.027344,6.128907,0.0,1.513672,0.064453,"use FBX extents X=6.000, Y=3.027, Z=6.129 * scale"
B_STR_K_NE,ARCADIA BLADE (NE),Corvette,Hull Plating,B_STR_K_NE,,,prop/detail or unclassified,models/corvette/B_STR_K_NE.fbx,5.473436,2.722656,11.523491,0.264062,1.361328,2.761692,"use FBX extents X=5.473, Y=2.723, Z=11.523 * scale"
B_STR_K_NE1,ARCADIA BLADE (NE1),Corvette,Hull Plating,B_STR_K_NE1,B_STR_K_NE,,prop/detail or unclassified,models/corvette/B_STR_K_NE1.fbx,11.523491,2.722656,5.473438,2.761692,1.361328,-0.264063,"use FBX extents X=11.523, Y=2.723, Z=5.473 * scale"
B_STR_K_NE2,ARCADIA BLADE (NE2),Corvette,Hull Plating,B_STR_K_NE2,B_STR_K_NE,,prop/detail or unclassified,models/corvette/B_STR_K_NE2.fbx,5.473437,2.722656,11.523491,-0.264062,1.361328,-2.761692,"use FBX extents X=5.473, Y=2.723, Z=11.523 * scale"
B_STR_K_NE3,ARCADIA BLADE (NE3),Corvette,Hull Plating,B_STR_K_NE3,B_STR_K_NE,,prop/detail or unclassified,models/corvette/B_STR_K_NE3.fbx,11.523491,2.722656,5.473436,-2.761692,1.361328,0.264062,"use FBX extents X=11.523, Y=2.723, Z=5.473 * scale"
B_STR_K_NW,ARCADIA BLADE (NW),Corvette,Hull Plating,B_STR_K_NW,B_STR_K_NE,,prop/detail or unclassified,models/corvette/B_STR_K_NW.fbx,5.473438,2.722656,11.523491,-0.264063,1.361328,2.761692,"use FBX extents X=5.473, Y=2.723, Z=11.523 * scale"
B_STR_K_NW1,ARCADIA BLADE (NW1),Corvette,Hull Plating,B_STR_K_NW1,B_STR_K_NE,,prop/detail or unclassified,models/corvette/B_STR_K_NW1.fbx,11.523491,2.722656,5.473436,2.761692,1.361328,0.264062,"use FBX extents X=11.523, Y=2.723, Z=5.473 * scale"
B_STR_K_NW2,ARCADIA BLADE (NW2),Corvette,Hull Plating,B_STR_K_NW2,B_STR_K_NE,,prop/detail or unclassified,models/corvette/B_STR_K_NW2.fbx,5.473437,2.722656,11.523491,0.264062,1.361328,-2.761692,"use FBX extents X=5.473, Y=2.723, Z=11.523 * scale"
B_STR_K_NW3,ARCADIA BLADE (NW3),Corvette,Hull Plating,B_STR_K_NW3,B_STR_K_NE,,prop/detail or unclassified,models/corvette/B_STR_K_NW3.fbx,11.523491,2.722656,5.473438,-2.761692,1.361328,-0.264063,"use FBX extents X=11.523, Y=2.723, Z=5.473 * scale"
B_STR_K_S,ALBATROSS SIDEPOD (S),Corvette,Hull Plating,B_STR_K_S,B_STR_K_N,,prop/detail or unclassified,models/corvette/B_STR_K_S.fbx,6.0,3.027344,6.128906,0.0,1.513672,-0.064453,"use FBX extents X=6.000, Y=3.027, Z=6.129 * scale"
B_STR_K_W,ALBATROSS SIDEPOD (W),Corvette,Hull Plating,B_STR_K_W,B_STR_K_N,,prop/detail or unclassified,models/corvette/B_STR_K_W.fbx,6.128907,3.027344,6.0,0.064453,1.513672,0.0,"use FBX extents X=6.129, Y=3.027, Z=6.000 * scale"
B_STR_K_Y_E,ALBATROSS SIDEPOD (Y_E),Corvette,Hull Plating,B_STR_K_Y_E,B_STR_K_N,,prop/detail or unclassified,models/corvette/B_STR_K_Y_E.fbx,6.128907,3.027344,6.0,-0.064453,1.513672,0.0,"use FBX extents X=6.129, Y=3.027, Z=6.000 * scale"
B_STR_K_Y_N,ALBATROSS SIDEPOD (Y_N),Corvette,Hull Plating,B_STR_K_Y_N,B_STR_K_N,,prop/detail or unclassified,models/corvette/B_STR_K_Y_N.fbx,6.0,3.027344,6.128907,0.0,1.513672,0.064453,"use FBX extents X=6.000, Y=3.027, Z=6.129 * scale"
B_STR_K_Y_NE,ARCADIA BLADE (Y_NE),Corvette,Hull Plating,B_STR_K_Y_NE,B_STR_K_NE,,prop/detail or unclassified,models/corvette/B_STR_K_Y_NE.fbx,5.473436,2.722656,11.523491,0.264062,1.361328,2.761692,"use FBX extents X=5.473, Y=2.723, Z=11.523 * scale"
B_STR_K_Y_NE1,ARCADIA BLADE (Y_NE1),Corvette,Hull Plating,B_STR_K_Y_NE1,B_STR_K_NE,,prop/detail or unclassified,models/corvette/B_STR_K_Y_NE1.fbx,11.523491,2.722656,5.473439,2.761692,1.361328,-0.264063,"use FBX extents X=11.523, Y=2.723, Z=5.473 * scale"
B_STR_K_Y_NE2,ARCADIA BLADE (Y_NE2),Corvette,Hull Plating,B_STR_K_Y_NE2,B_STR_K_NE,,prop/detail or unclassified,models/corvette/B_STR_K_Y_NE2.fbx,5.473437,2.722657,11.523491,-0.264062,1.361328,-2.761692,"use FBX extents X=5.473, Y=2.723, Z=11.523 * scale"
B_STR_K_Y_NE3,ARCADIA BLADE (Y_NE3),Corvette,Hull Plating,B_STR_K_Y_NE3,B_STR_K_NE,,prop/detail or unclassified,models/corvette/B_STR_K_Y_NE3.fbx,11.523491,2.722657,5.473436,-2.761692,1.361328,0.264062,"use FBX extents X=11.523, Y=2.723, Z=5.473 * scale"
B_STR_K_Y_NW,ARCADIA BLADE (Y_NW),Corvette,Hull Plating,B_STR_K_Y_NW,B_STR_K_NE,,prop/detail or unclassified,models/corvette/B_STR_K_Y_NW.fbx,5.473438,2.722656,11.523491,-0.264063,1.361328,2.761692,"use FBX extents X=5.473, Y=2.723, Z=11.523 * scale"
B_STR_K_Y_NW1,ARCADIA BLADE (Y_NW1),Corvette,Hull Plating,B_STR_K_Y_NW1,B_STR_K_NE,,prop/detail or unclassified,models/corvette/B_STR_K_Y_NW1.fbx,11.523491,2.722657,5.473436,2.761692,1.361328,0.264062,"use FBX extents X=11.523, Y=2.723, Z=5.473 * scale"
B_STR_K_Y_NW2,ARCADIA BLADE (Y_NW2),Corvette,Hull Plating,B_STR_K_Y_NW2,B_STR_K_NE,,prop/detail or unclassified,models/corvette/B_STR_K_Y_NW2.fbx,5.473437,2.722657,11.523491,0.264062,1.361328,-2.761692,"use FBX extents X=5.473, Y=2.723, Z=11.523 * scale"
B_STR_K_Y_NW3,ARCADIA BLADE (Y_NW3),Corvette,Hull Plating,B_STR_K_Y_NW3,B_STR_K_NE,,prop/detail or unclassified,models/corvette/B_STR_K_Y_NW3.fbx,11.523491,2.722656,5.473439,-2.761692,1.361328,-0.264063,"use FBX extents X=11.523, Y=2.723, Z=5.473 * scale"
B_STR_K_Y_S,ALBATROSS SIDEPOD (Y_S),Corvette,Hull Plating,B_STR_K_Y_S,B_STR_K_N,,prop/detail or unclassified,models/corvette/B_STR_K_Y_S.fbx,6.0,3.027344,6.128906,0.0,1.513672,-0.064453,"use FBX extents X=6.000, Y=3.027, Z=6.129 * scale"
B_STR_K_Y_W,ALBATROSS SIDEPOD (Y_W),Corvette,Hull Plating,B_STR_K_Y_W,B_STR_K_N,,prop/detail or unclassified,models/corvette/B_STR_K_Y_W.fbx,6.128907,3.027344,6.0,0.064453,1.513672,0.0,"use FBX extents X=6.129, Y=3.027, Z=6.000 * scale"
B_STR_L_E,ALBATROSS CARGO TANK (E),Corvette,Hull Plating,B_STR_L_E,B_STR_L_N,,prop/detail or unclassified,models/corvette/B_STR_L_E.fbx,5.988282,2.998047,6.0,0.005859,1.499023,0.0,"use FBX extents X=5.988, Y=2.998, Z=6.000 * scale"
B_STR_L_N,ALBATROSS CARGO TANK (N),Corvette,Hull Plating,B_STR_L_N,,,prop/detail or unclassified,models/corvette/B_STR_L_N.fbx,6.0,2.998047,5.988282,0.0,1.499023,-0.005859,"use FBX extents X=6.000, Y=2.998, Z=5.988 * scale"
B_STR_L_NE,ARCADIA STABILISER (NE),Corvette,Hull Plating,B_STR_L_NE,,,prop/detail or unclassified,models/corvette/B_STR_L_NE.fbx,6.230468,2.99222,9.820332,-0.115234,1.496077,1.910147,"use FBX extents X=6.230, Y=2.992, Z=9.820 * scale"
B_STR_L_NE1,ARCADIA STABILISER (NE1),Corvette,Hull Plating,B_STR_L_NE1,B_STR_L_NE,,prop/detail or unclassified,models/corvette/B_STR_L_NE1.fbx,9.820333,2.99222,6.230469,1.910146,1.496077,0.115234,"use FBX extents X=9.820, Y=2.992, Z=6.230 * scale"
B_STR_L_NE2,ARCADIA STABILISER (NE2),Corvette,Hull Plating,B_STR_L_NE2,B_STR_L_NE,,prop/detail or unclassified,models/corvette/B_STR_L_NE2.fbx,6.230469,2.99222,9.820332,0.115234,1.496077,-1.910146,"use FBX extents X=6.230, Y=2.992, Z=9.820 * scale"
B_STR_L_NE3,ARCADIA STABILISER (NE3),Corvette,Hull Plating,B_STR_L_NE3,B_STR_L_NE,,prop/detail or unclassified,models/corvette/B_STR_L_NE3.fbx,9.820332,2.99222,6.230468,-1.910147,1.496077,-0.115234,"use FBX extents X=9.820, Y=2.992, Z=6.230 * scale"
B_STR_L_NW,ARCADIA STABILISER (NW),Corvette,Hull Plating,B_STR_L_NW,B_STR_L_NE,,prop/detail or unclassified,models/corvette/B_STR_L_NW.fbx,6.23047,2.99222,9.820332,0.115234,1.496077,1.910146,"use FBX extents X=6.230, Y=2.992, Z=9.820 * scale"
B_STR_L_NW1,ARCADIA STABILISER (NW1),Corvette,Hull Plating,B_STR_L_NW1,B_STR_L_NE,,prop/detail or unclassified,models/corvette/B_STR_L_NW1.fbx,9.820332,2.99222,6.230468,1.910147,1.496077,-0.115234,"use FBX extents X=9.820, Y=2.992, Z=6.230 * scale"
B_STR_L_NW2,ARCADIA STABILISER (NW2),Corvette,Hull Plating,B_STR_L_NW2,B_STR_L_NE,,prop/detail or unclassified,models/corvette/B_STR_L_NW2.fbx,6.230469,2.99222,9.820332,-0.115234,1.496077,-1.910146,"use FBX extents X=6.230, Y=2.992, Z=9.820 * scale"
B_STR_L_NW3,ARCADIA STABILISER (NW3),Corvette,Hull Plating,B_STR_L_NW3,B_STR_L_NE,,prop/detail or unclassified,models/corvette/B_STR_L_NW3.fbx,9.820333,2.99222,6.230469,-1.910146,1.496077,0.115234,"use FBX extents X=9.820, Y=2.992, Z=6.230 * scale"
B_STR_L_S,ALBATROSS CARGO TANK (S),Corvette,Hull Plating,B_STR_L_S,B_STR_L_N,,prop/detail or unclassified,models/corvette/B_STR_L_S.fbx,6.0,2.998047,5.988281,0.0,1.499023,0.005859,"use FBX extents X=6.000, Y=2.998, Z=5.988 * scale"
B_STR_L_W,ALBATROSS CARGO TANK (W),Corvette,Hull Plating,B_STR_L_W,B_STR_L_N,,prop/detail or unclassified,models/corvette/B_STR_L_W.fbx,5.988282,2.998047,6.0,-0.005859,1.499023,0.0,"use FBX extents X=5.988, Y=2.998, Z=6.000 * scale"
B_STR_L_Y_E,ALBATROSS CARGO TANK (Y_E),Corvette,Hull Plating,B_STR_L_Y_E,B_STR_L_N,,prop/detail or unclassified,models/corvette/B_STR_L_Y_E.fbx,5.988282,2.998047,6.0,0.005859,1.499023,0.0,"use FBX extents X=5.988, Y=2.998, Z=6.000 * scale"
B_STR_L_Y_N,ALBATROSS CARGO TANK (Y_N),Corvette,Hull Plating,B_STR_L_Y_N,B_STR_L_N,,prop/detail or unclassified,models/corvette/B_STR_L_Y_N.fbx,6.0,2.998047,5.988282,0.0,1.499023,-0.005859,"use FBX extents X=6.000, Y=2.998, Z=5.988 * scale"
B_STR_L_Y_NE,ARCADIA STABILISER (Y_NE),Corvette,Hull Plating,B_STR_L_Y_NE,B_STR_L_NE,,prop/detail or unclassified,models/corvette/B_STR_L_Y_NE.fbx,6.230468,2.99222,9.820332,-0.115234,1.496077,1.910147,"use FBX extents X=6.230, Y=2.992, Z=9.820 * scale"
B_STR_L_Y_NE1,ARCADIA STABILISER (Y_NE1),Corvette,Hull Plating,B_STR_L_Y_NE1,B_STR_L_NE,,prop/detail or unclassified,models/corvette/B_STR_L_Y_NE1.fbx,9.820333,2.99222,6.230469,1.910146,1.496077,0.115234,"use FBX extents X=9.820, Y=2.992, Z=6.230 * scale"
B_STR_L_Y_NE2,ARCADIA STABILISER (Y_NE2),Corvette,Hull Plating,B_STR_L_Y_NE2,B_STR_L_NE,,prop/detail or unclassified,models/corvette/B_STR_L_Y_NE2.fbx,6.230469,2.992221,9.820332,0.115234,1.496077,-1.910146,"use FBX extents X=6.230, Y=2.992, Z=9.820 * scale"
B_STR_L_Y_NE3,ARCADIA STABILISER (Y_NE3),Corvette,Hull Plating,B_STR_L_Y_NE3,B_STR_L_NE,,prop/detail or unclassified,models/corvette/B_STR_L_Y_NE3.fbx,9.820332,2.992221,6.230468,-1.910147,1.496077,-0.115234,"use FBX extents X=9.820, Y=2.992, Z=6.230 * scale"
B_STR_L_Y_NW,ARCADIA STABILISER (Y_NW),Corvette,Hull Plating,B_STR_L_Y_NW,B_STR_L_NE,,prop/detail or unclassified,models/corvette/B_STR_L_Y_NW.fbx,6.23047,2.99222,9.820332,0.115234,1.496077,1.910146,"use FBX extents X=6.230, Y=2.992, Z=9.820 * scale"
B_STR_L_Y_NW1,ARCADIA STABILISER (Y_NW1),Corvette,Hull Plating,B_STR_L_Y_NW1,B_STR_L_NE,,prop/detail or unclassified,models/corvette/B_STR_L_Y_NW1.fbx,9.820332,2.992221,6.230468,1.910147,1.496077,-0.115234,"use FBX extents X=9.820, Y=2.992, Z=6.230 * scale"
B_STR_L_Y_NW2,ARCADIA STABILISER (Y_NW2),Corvette,Hull Plating,B_STR_L_Y_NW2,B_STR_L_NE,,prop/detail or unclassified,models/corvette/B_STR_L_Y_NW2.fbx,6.230469,2.992221,9.820332,-0.115234,1.496077,-1.910146,"use FBX extents X=6.230, Y=2.992, Z=9.820 * scale"
B_STR_L_Y_NW3,ARCADIA STABILISER (Y_NW3),Corvette,Hull Plating,B_STR_L_Y_NW3,B_STR_L_NE,,prop/detail or unclassified,models/corvette/B_STR_L_Y_NW3.fbx,9.820333,2.99222,6.230469,-1.910146,1.496077,0.115234,"use FBX extents X=9.820, Y=2.992, Z=6.230 * scale"
B_STR_L_Y_S,ALBATROSS CARGO TANK (Y_S),Corvette,Hull Plating,B_STR_L_Y_S,B_STR_L_N,,prop/detail or unclassified,models/corvette/B_STR_L_Y_S.fbx,6.0,2.998048,5.988281,0.0,1.499023,0.00586,"use FBX extents X=6.000, Y=2.998, Z=5.988 * scale"
B_STR_L_Y_W,ALBATROSS CARGO TANK (Y_W),Corvette,Hull Plating,B_STR_L_Y_W,B_STR_L_N,,prop/detail or unclassified,models/corvette/B_STR_L_Y_W.fbx,5.988282,2.998047,6.0,-0.005859,1.499023,0.0,"use FBX extents X=5.988, Y=2.998, Z=6.000 * scale"
B_STR_M_E,VESPER COWLING (E),Corvette,Hull Plating,B_STR_M_E,B_STR_M_N,,prop/detail or unclassified,models/corvette/B_STR_M_E.fbx,11.081736,2.912109,6.003906,-2.537257,1.456055,0.0,"use FBX extents X=11.082, Y=2.912, Z=6.004 * scale"
B_STR_M_N,VESPER COWLING (N),Corvette,Hull Plating,B_STR_M_N,,,prop/detail or unclassified,models/corvette/B_STR_M_N.fbx,6.003906,2.912109,11.081736,0.0,1.456055,2.537257,"use FBX extents X=6.004, Y=2.912, Z=11.082 * scale"
B_STR_M_NE,VESPER AEROFOIL (NE),Corvette,Hull Plating,B_STR_M_NE,,,prop/detail or unclassified,models/corvette/B_STR_M_NE.fbx,3.010856,2.980286,11.983589,1.505428,1.457123,2.976955,"use FBX extents X=3.011, Y=2.980, Z=11.984 * scale"
B_STR_M_NE1,VESPER AEROFOIL (NE1),Corvette,Hull Plating,B_STR_M_NE1,B_STR_M_NE,,prop/detail or unclassified,models/corvette/B_STR_M_NE1.fbx,11.983589,2.980286,3.010857,2.976955,1.457123,-1.505428,"use FBX extents X=11.984, Y=2.980, Z=3.011 * scale"
B_STR_M_NE2,VESPER AEROFOIL (NE2),Corvette,Hull Plating,B_STR_M_NE2,B_STR_M_NE,,prop/detail or unclassified,models/corvette/B_STR_M_NE2.fbx,3.010857,2.980286,11.983589,-1.505428,1.457123,-2.976955,"use FBX extents X=3.011, Y=2.980, Z=11.984 * scale"
B_STR_M_NE3,VESPER AEROFOIL (NE3),Corvette,Hull Plating,B_STR_M_NE3,B_STR_M_NE,,prop/detail or unclassified,models/corvette/B_STR_M_NE3.fbx,11.983589,2.980286,3.010856,-2.976955,1.457123,1.505428,"use FBX extents X=11.984, Y=2.980, Z=3.011 * scale"
B_STR_M_NW,VESPER AEROFOIL (NW),Corvette,Hull Plating,B_STR_M_NW,B_STR_M_NE,,prop/detail or unclassified,models/corvette/B_STR_M_NW.fbx,3.010857,2.980286,11.983589,-1.505428,1.457123,2.976955,"use FBX extents X=3.011, Y=2.980, Z=11.984 * scale"
B_STR_M_NW1,VESPER AEROFOIL (NW1),Corvette,Hull Plating,B_STR_M_NW1,B_STR_M_NE,,prop/detail or unclassified,models/corvette/B_STR_M_NW1.fbx,11.983589,2.980286,3.010856,2.976955,1.457123,1.505428,"use FBX extents X=11.984, Y=2.980, Z=3.011 * scale"
B_STR_M_NW2,VESPER AEROFOIL (NW2),Corvette,Hull Plating,B_STR_M_NW2,B_STR_M_NE,,prop/detail or unclassified,models/corvette/B_STR_M_NW2.fbx,3.010857,2.980286,11.983589,1.505428,1.457123,-2.976955,"use FBX extents X=3.011, Y=2.980, Z=11.984 * scale"
B_STR_M_NW3,VESPER AEROFOIL (NW3),Corvette,Hull Plating,B_STR_M_NW3,B_STR_M_NE,,prop/detail or unclassified,models/corvette/B_STR_M_NW3.fbx,11.983589,2.980286,3.010857,-2.976955,1.457123,-1.505428,"use FBX extents X=11.984, Y=2.980, Z=3.011 * scale"
B_STR_M_S,VESPER COWLING (S),Corvette,Hull Plating,B_STR_M_S,B_STR_M_N,,prop/detail or unclassified,models/corvette/B_STR_M_S.fbx,6.003906,2.912109,11.081736,0.0,1.456055,-2.537257,"use FBX extents X=6.004, Y=2.912, Z=11.082 * scale"
B_STR_M_W,VESPER COWLING (W),Corvette,Hull Plating,B_STR_M_W,B_STR_M_N,,prop/detail or unclassified,models/corvette/B_STR_M_W.fbx,11.081736,2.912109,6.003906,2.537257,1.456055,0.0,"use FBX extents X=11.082, Y=2.912, Z=6.004 * scale"
B_STR_M_Y_E,VESPER COWLING (Y_E),Corvette,Hull Plating,B_STR_M_Y_E,B_STR_M_N,,prop/detail or unclassified,models/corvette/B_STR_M_Y_E.fbx,11.081736,2.91211,6.003906,-2.537257,1.456055,0.0,"use FBX extents X=11.082, Y=2.912, Z=6.004 * scale"
B_STR_M_Y_N,VESPER COWLING (Y_N),Corvette,Hull Plating,B_STR_M_Y_N,B_STR_M_N,,prop/detail or unclassified,models/corvette/B_STR_M_Y_N.fbx,6.003906,2.912109,11.081736,0.0,1.456054,2.537257,"use FBX extents X=6.004, Y=2.912, Z=11.082 * scale"
B_STR_M_Y_NE,VESPER AEROFOIL (Y_NE),Corvette,Hull Plating,B_STR_M_Y_NE,B_STR_M_NE,,prop/detail or unclassified,models/corvette/B_STR_M_Y_NE.fbx,3.010856,2.980286,11.983589,1.505428,1.457123,2.976955,"use FBX extents X=3.011, Y=2.980, Z=11.984 * scale"
B_STR_M_Y_NE1,VESPER AEROFOIL (Y_NE1),Corvette,Hull Plating,B_STR_M_Y_NE1,B_STR_M_NE,,prop/detail or unclassified,models/corvette/B_STR_M_Y_NE1.fbx,11.983589,2.980285,3.010857,2.976955,1.457123,-1.505428,"use FBX extents X=11.984, Y=2.980, Z=3.011 * scale"
B_STR_M_Y_NE2,VESPER AEROFOIL (Y_NE2),Corvette,Hull Plating,B_STR_M_Y_NE2,B_STR_M_NE,,prop/detail or unclassified,models/corvette/B_STR_M_Y_NE2.fbx,3.010857,2.980286,11.983589,-1.505428,1.457123,-2.976955,"use FBX extents X=3.011, Y=2.980, Z=11.984 * scale"
B_STR_M_Y_NE3,VESPER AEROFOIL (Y_NE3),Corvette,Hull Plating,B_STR_M_Y_NE3,B_STR_M_NE,,prop/detail or unclassified,models/corvette/B_STR_M_Y_NE3.fbx,11.983589,2.980286,3.010857,-2.976955,1.457123,1.505428,"use FBX extents X=11.984, Y=2.980, Z=3.011 * scale"
B_STR_M_Y_NW,VESPER AEROFOIL (Y_NW),Corvette,Hull Plating,B_STR_M_Y_NW,B_STR_M_NE,,prop/detail or unclassified,models/corvette/B_STR_M_Y_NW.fbx,3.010857,2.980286,11.983589,-1.505428,1.457123,2.976955,"use FBX extents X=3.011, Y=2.980, Z=11.984 * scale"
B_STR_M_Y_NW1,VESPER AEROFOIL (Y_NW1),Corvette,Hull Plating,B_STR_M_Y_NW1,B_STR_M_NE,,prop/detail or unclassified,models/corvette/B_STR_M_Y_NW1.fbx,11.983589,2.980286,3.010857,2.976955,1.457123,1.505428,"use FBX extents X=11.984, Y=2.980, Z=3.011 * scale"
B_STR_M_Y_NW2,VESPER AEROFOIL (Y_NW2),Corvette,Hull Plating,B_STR_M_Y_NW2,B_STR_M_NE,,prop/detail or unclassified,models/corvette/B_STR_M_Y_NW2.fbx,3.010857,2.980286,11.983589,1.505428,1.457123,-2.976955,"use FBX extents X=3.011, Y=2.980, Z=11.984 * scale"
B_STR_M_Y_NW3,VESPER AEROFOIL (Y_NW3),Corvette,Hull Plating,B_STR_M_Y_NW3,B_STR_M_NE,,prop/detail or unclassified,models/corvette/B_STR_M_Y_NW3.fbx,11.983589,2.980285,3.010857,-2.976955,1.457123,-1.505428,"use FBX extents X=11.984, Y=2.980, Z=3.011 * scale"
B_STR_M_Y_S,VESPER COWLING (Y_S),Corvette,Hull Plating,B_STR_M_Y_S,B_STR_M_N,,prop/detail or unclassified,models/corvette/B_STR_M_Y_S.fbx,6.003906,2.912111,11.081736,0.0,1.456055,-2.537257,"use FBX extents X=6.004, Y=2.912, Z=11.082 * scale"
B_STR_M_Y_W,VESPER COWLING (Y_W),Corvette,Hull Plating,B_STR_M_Y_W,B_STR_M_N,,prop/detail or unclassified,models/corvette/B_STR_M_Y_W.fbx,11.081736,2.91211,6.003906,2.537257,1.456055,0.0,"use FBX extents X=11.082, Y=2.912, Z=6.004 * scale"
B_STR_N_E,THERMAL GRILLE (E),Corvette,Hull Plating,B_STR_N_E,B_STR_N_N,,prop/detail or unclassified,models/corvette/B_STR_N_E.fbx,4.078125,1.927411,6.0,0.960938,0.963052,0.0,"use FBX extents X=4.078, Y=1.927, Z=6.000 * scale"
B_STR_N_N,THERMAL GRILLE (N),Corvette,Hull Plating,B_STR_N_N,,,prop/detail or unclassified,models/corvette/B_STR_N_N.fbx,6.0,1.927411,4.078125,0.0,0.963052,-0.960937,"use FBX extents X=6.000, Y=1.927, Z=4.078 * scale"
B_STR_N_NE,THERMAL GRILLE CAP (NE),Corvette,Hull Plating,B_STR_N_NE,,,prop/detail or unclassified,models/corvette/B_STR_N_NE.fbx,2.917969,2.917969,5.477619,1.541016,1.458984,-0.266153,"use FBX extents X=2.918, Y=2.918, Z=5.478 * scale"
B_STR_N_NE1,THERMAL GRILLE CAP (NE1),Corvette,Hull Plating,B_STR_N_NE1,B_STR_N_NE,,prop/detail or unclassified,models/corvette/B_STR_N_NE1.fbx,5.477619,2.917969,2.917969,-0.266153,1.458984,-1.541016,"use FBX extents X=5.478, Y=2.918, Z=2.918 * scale"
B_STR_N_NE2,THERMAL GRILLE CAP (NE2),Corvette,Hull Plating,B_STR_N_NE2,B_STR_N_NE,,prop/detail or unclassified,models/corvette/B_STR_N_NE2.fbx,2.917969,2.917969,5.477619,-1.541016,1.458984,0.266153,"use FBX extents X=2.918, Y=2.918, Z=5.478 * scale"
B_STR_N_NE3,THERMAL GRILLE CAP (NE3),Corvette,Hull Plating,B_STR_N_NE3,B_STR_N_NE,,prop/detail or unclassified,models/corvette/B_STR_N_NE3.fbx,5.477619,2.917969,2.917969,0.266153,1.458984,1.541016,"use FBX extents X=5.478, Y=2.918, Z=2.918 * scale"
B_STR_N_NW,THERMAL GRILLE CAP (NW),Corvette,Hull Plating,B_STR_N_NW,B_STR_N_NE,,prop/detail or unclassified,models/corvette/B_STR_N_NW.fbx,2.917969,2.917969,5.477619,-1.541016,1.458984,-0.266153,"use FBX extents X=2.918, Y=2.918, Z=5.478 * scale"
B_STR_N_NW1,THERMAL GRILLE CAP (NW1),Corvette,Hull Plating,B_STR_N_NW1,B_STR_N_NE,,prop/detail or unclassified,models/corvette/B_STR_N_NW1.fbx,5.477619,2.917969,2.917969,-0.266153,1.458984,1.541016,"use FBX extents X=5.478, Y=2.918, Z=2.918 * scale"
B_STR_N_NW2,THERMAL GRILLE CAP (NW2),Corvette,Hull Plating,B_STR_N_NW2,B_STR_N_NE,,prop/detail or unclassified,models/corvette/B_STR_N_NW2.fbx,2.917969,2.917969,5.477619,1.541016,1.458984,0.266153,"use FBX extents X=2.918, Y=2.918, Z=5.478 * scale"
B_STR_N_NW3,THERMAL GRILLE CAP (NW3),Corvette,Hull Plating,B_STR_N_NW3,B_STR_N_NE,,prop/detail or unclassified,models/corvette/B_STR_N_NW3.fbx,5.477619,2.917969,2.917969,0.266153,1.458984,-1.541016,"use FBX extents X=5.478, Y=2.918, Z=2.918 * scale"
B_STR_N_S,THERMAL GRILLE (S),Corvette,Hull Plating,B_STR_N_S,B_STR_N_N,,prop/detail or unclassified,models/corvette/B_STR_N_S.fbx,6.0,1.927411,4.078125,0.0,0.963052,0.960938,"use FBX extents X=6.000, Y=1.927, Z=4.078 * scale"
B_STR_N_W,THERMAL GRILLE (W),Corvette,Hull Plating,B_STR_N_W,B_STR_N_N,,prop/detail or unclassified,models/corvette/B_STR_N_W.fbx,4.078125,1.927411,6.0,-0.960938,0.963052,0.0,"use FBX extents X=4.078, Y=1.927, Z=6.000 * scale"
B_STR_N_Y_E,THERMAL GRILLE (Y_E),Corvette,Hull Plating,B_STR_N_Y_E,B_STR_N_N,,prop/detail or unclassified,models/corvette/B_STR_N_Y_E.fbx,4.078125,1.927411,6.0,0.960938,0.963052,0.0,"use FBX extents X=4.078, Y=1.927, Z=6.000 * scale"
B_STR_N_Y_N,THERMAL GRILLE (Y_N),Corvette,Hull Plating,B_STR_N_Y_N,B_STR_N_N,,prop/detail or unclassified,models/corvette/B_STR_N_Y_N.fbx,6.0,1.927411,4.078125,0.0,0.963052,-0.960938,"use FBX extents X=6.000, Y=1.927, Z=4.078 * scale"
B_STR_N_Y_NE,THERMAL GRILLE CAP (Y_NE),Corvette,Hull Plating,B_STR_N_Y_NE,B_STR_N_NE,,prop/detail or unclassified,models/corvette/B_STR_N_Y_NE.fbx,2.917969,2.917969,5.47762,1.541016,1.458984,-0.266153,"use FBX extents X=2.918, Y=2.918, Z=5.478 * scale"
B_STR_N_Y_NE1,THERMAL GRILLE CAP (Y_NE1),Corvette,Hull Plating,B_STR_N_Y_NE1,B_STR_N_NE,,prop/detail or unclassified,models/corvette/B_STR_N_Y_NE1.fbx,5.477619,2.917969,2.917969,-0.266153,1.458984,-1.541016,"use FBX extents X=5.478, Y=2.918, Z=2.918 * scale"
B_STR_N_Y_NE2,THERMAL GRILLE CAP (Y_NE2),Corvette,Hull Plating,B_STR_N_Y_NE2,B_STR_N_NE,,prop/detail or unclassified,models/corvette/B_STR_N_Y_NE2.fbx,2.917969,2.917969,5.477619,-1.541016,1.458984,0.266153,"use FBX extents X=2.918, Y=2.918, Z=5.478 * scale"
B_STR_N_Y_NE3,THERMAL GRILLE CAP (Y_NE3),Corvette,Hull Plating,B_STR_N_Y_NE3,B_STR_N_NE,,prop/detail or unclassified,models/corvette/B_STR_N_Y_NE3.fbx,5.477619,2.917969,2.917968,0.266153,1.458984,1.541016,"use FBX extents X=5.478, Y=2.918, Z=2.918 * scale"
B_STR_N_Y_NW,THERMAL GRILLE CAP (Y_NW),Corvette,Hull Plating,B_STR_N_Y_NW,B_STR_N_NE,,prop/detail or unclassified,models/corvette/B_STR_N_Y_NW.fbx,2.917969,2.917969,5.477619,-1.541016,1.458984,-0.266153,"use FBX extents X=2.918, Y=2.918, Z=5.478 * scale"
B_STR_N_Y_NW1,THERMAL GRILLE CAP (Y_NW1),Corvette,Hull Plating,B_STR_N_Y_NW1,B_STR_N_NE,,prop/detail or unclassified,models/corvette/B_STR_N_Y_NW1.fbx,5.477619,2.917969,2.917968,-0.266153,1.458984,1.541016,"use FBX extents X=5.478, Y=2.918, Z=2.918 * scale"
B_STR_N_Y_NW2,THERMAL GRILLE CAP (Y_NW2),Corvette,Hull Plating,B_STR_N_Y_NW2,B_STR_N_NE,,prop/detail or unclassified,models/corvette/B_STR_N_Y_NW2.fbx,2.917969,2.917969,5.477619,1.541016,1.458984,0.266153,"use FBX extents X=2.918, Y=2.918, Z=5.478 * scale"
B_STR_N_Y_NW3,THERMAL GRILLE CAP (Y_NW3),Corvette,Hull Plating,B_STR_N_Y_NW3,B_STR_N_NE,,prop/detail or unclassified,models/corvette/B_STR_N_Y_NW3.fbx,5.477619,2.917969,2.917969,0.266153,1.458984,-1.541016,"use FBX extents X=5.478, Y=2.918, Z=2.918 * scale"
B_STR_N_Y_S,THERMAL GRILLE (Y_S),Corvette,Hull Plating,B_STR_N_Y_S,B_STR_N_N,,prop/detail or unclassified,models/corvette/B_STR_N_Y_S.fbx,6.0,1.927412,4.078125,0.0,0.963052,0.960938,"use FBX extents X=6.000, Y=1.927, Z=4.078 * scale"
B_STR_N_Y_W,THERMAL GRILLE (Y_W),Corvette,Hull Plating,B_STR_N_Y_W,B_STR_N_N,,prop/detail or unclassified,models/corvette/B_STR_N_Y_W.fbx,4.078125,1.927411,6.0,-0.960938,0.963052,0.0,"use FBX extents X=4.078, Y=1.927, Z=6.000 * scale"
B_STR_O_E,FIREBOX FAIRING (E),Corvette,Hull Plating,B_STR_O_E,B_STR_O_N,,prop/detail or unclassified,models/corvette/B_STR_O_E.fbx,5.75391,3.021889,6.0,0.126955,1.498821,0.0,"use FBX extents X=5.754, Y=3.022, Z=6.000 * scale"
B_STR_O_N,FIREBOX FAIRING (N),Corvette,Hull Plating,B_STR_O_N,,,prop/detail or unclassified,models/corvette/B_STR_O_N.fbx,6.0,3.021889,5.75391,0.0,1.498821,-0.126955,"use FBX extents X=6.000, Y=3.022, Z=5.754 * scale"
B_STR_O_S,FIREBOX FAIRING (S),Corvette,Hull Plating,B_STR_O_S,B_STR_O_N,,prop/detail or unclassified,models/corvette/B_STR_O_S.fbx,6.0,3.021889,5.75391,0.0,1.498821,0.126955,"use FBX extents X=6.000, Y=3.022, Z=5.754 * scale"
B_STR_O_W,FIREBOX FAIRING (W),Corvette,Hull Plating,B_STR_O_W,B_STR_O_N,,prop/detail or unclassified,models/corvette/B_STR_O_W.fbx,5.75391,3.021889,6.0,-0.126955,1.498821,0.0,"use FBX extents X=5.754, Y=3.022, Z=6.000 * scale"
B_STR_O_Y_E,FIREBOX FAIRING (Y_E),Corvette,Hull Plating,B_STR_O_Y_E,B_STR_O_N,,prop/detail or unclassified,models/corvette/B_STR_O_Y_E.fbx,5.75391,3.021889,6.0,0.126955,1.498821,0.0,"use FBX extents X=5.754, Y=3.022, Z=6.000 * scale"
B_STR_O_Y_N,FIREBOX FAIRING (Y_N),Corvette,Hull Plating,B_STR_O_Y_N,B_STR_O_N,,prop/detail or unclassified,models/corvette/B_STR_O_Y_N.fbx,6.0,3.021888,5.75391,0.0,1.498821,-0.126955,"use FBX extents X=6.000, Y=3.022, Z=5.754 * scale"
B_STR_O_Y_S,FIREBOX FAIRING (Y_S),Corvette,Hull Plating,B_STR_O_Y_S,B_STR_O_N,,prop/detail or unclassified,models/corvette/B_STR_O_Y_S.fbx,6.0,3.021889,5.753911,0.0,1.498821,0.126955,"use FBX extents X=6.000, Y=3.022, Z=5.754 * scale"
B_STR_O_Y_W,FIREBOX FAIRING (Y_W),Corvette,Hull Plating,B_STR_O_Y_W,B_STR_O_N,,prop/detail or unclassified,models/corvette/B_STR_O_Y_W.fbx,5.75391,3.021889,6.0,-0.126955,1.498821,0.0,"use FBX extents X=5.754, Y=3.022, Z=6.000 * scale"
B_STR_P_E,SWEPT CASING (E),Corvette,Hull Plating,B_STR_P_E,B_STR_P_N,,prop/detail or unclassified,models/corvette/B_STR_P_E.fbx,3.266236,3.0,6.0,1.500305,1.5,0.0,"use FBX extents X=3.266, Y=3.000, Z=6.000 * scale"
B_STR_P_N,SWEPT CASING (N),Corvette,Hull Plating,B_STR_P_N,,,prop/detail or unclassified,models/corvette/B_STR_P_N.fbx,6.0,3.0,3.266236,0.0,1.5,-1.500305,"use FBX extents X=6.000, Y=3.000, Z=3.266 * scale"
B_STR_P_S,SWEPT CASING (S),Corvette,Hull Plating,B_STR_P_S,B_STR_P_N,,prop/detail or unclassified,models/corvette/B_STR_P_S.fbx,6.0,3.0,3.266235,0.0,1.5,1.500305,"use FBX extents X=6.000, Y=3.000, Z=3.266 * scale"
B_STR_P_W,SWEPT CASING (W),Corvette,Hull Plating,B_STR_P_W,B_STR_P_N,,prop/detail or unclassified,models/corvette/B_STR_P_W.fbx,3.266236,3.0,6.0,-1.500305,1.5,0.0,"use FBX extents X=3.266, Y=3.000, Z=6.000 * scale"
B_STR_P_Y_E,SWEPT CASING (Y_E),Corvette,Hull Plating,B_STR_P_Y_E,B_STR_P_N,,prop/detail or unclassified,models/corvette/B_STR_P_Y_E.fbx,3.266236,3.0,6.0,1.500305,1.5,0.0,"use FBX extents X=3.266, Y=3.000, Z=6.000 * scale"
B_STR_P_Y_N,SWEPT CASING (Y_N),Corvette,Hull Plating,B_STR_P_Y_N,B_STR_P_N,,prop/detail or unclassified,models/corvette/B_STR_P_Y_N.fbx,6.0,3.0,3.266236,0.0,1.5,-1.500305,"use FBX extents X=6.000, Y=3.000, Z=3.266 * scale"
B_STR_P_Y_S,SWEPT CASING (Y_S),Corvette,Hull Plating,B_STR_P_Y_S,B_STR_P_N,,prop/detail or unclassified,models/corvette/B_STR_P_Y_S.fbx,6.0,3.0,3.266235,0.0,1.5,1.500305,"use FBX extents X=6.000, Y=3.000, Z=3.266 * scale"
B_STR_P_Y_W,SWEPT CASING (Y_W),Corvette,Hull Plating,B_STR_P_Y_W,B_STR_P_N,,prop/detail or unclassified,models/corvette/B_STR_P_Y_W.fbx,3.266236,3.0,6.0,-1.500305,1.5,0.0,"use FBX extents X=3.266, Y=3.000, Z=6.000 * scale"
B_STR_Q_E,DOMED CASING (E),Corvette,Hull Plating,B_STR_Q_E,B_STR_Q_N,,prop/detail or unclassified,models/corvette/B_STR_Q_E.fbx,2.980249,2.98025,6.0,1.509656,1.490344,0.0,"use FBX extents X=2.980, Y=2.980, Z=6.000 * scale"
B_STR_Q_N,DOMED CASING (N),Corvette,Hull Plating,B_STR_Q_N,,,prop/detail or unclassified,models/corvette/B_STR_Q_N.fbx,6.0,2.98025,2.980249,0.0,1.490344,-1.509656,"use FBX extents X=6.000, Y=2.980, Z=2.980 * scale"
B_STR_Q_S,DOMED CASING (S),Corvette,Hull Plating,B_STR_Q_S,B_STR_Q_N,,prop/detail or unclassified,models/corvette/B_STR_Q_S.fbx,6.0,2.98025,2.980249,0.0,1.490344,1.509656,"use FBX extents X=6.000, Y=2.980, Z=2.980 * scale"
B_STR_Q_W,DOMED CASING (W),Corvette,Hull Plating,B_STR_Q_W,B_STR_Q_N,,prop/detail or unclassified,models/corvette/B_STR_Q_W.fbx,2.980249,2.98025,6.0,-1.509656,1.490344,0.0,"use FBX extents X=2.980, Y=2.980, Z=6.000 * scale"
B_STR_Q_Y_E,DOMED CASING (Y_E),Corvette,Hull Plating,B_STR_Q_Y_E,B_STR_Q_N,,prop/detail or unclassified,models/corvette/B_STR_Q_Y_E.fbx,2.980249,2.98025,6.0,1.509656,1.490344,0.0,"use FBX extents X=2.980, Y=2.980, Z=6.000 * scale"
B_STR_Q_Y_N,DOMED CASING (Y_N),Corvette,Hull Plating,B_STR_Q_Y_N,B_STR_Q_N,,prop/detail or unclassified,models/corvette/B_STR_Q_Y_N.fbx,6.0,2.98025,2.980249,0.0,1.490344,-1.509655,"use FBX extents X=6.000, Y=2.980, Z=2.980 * scale"
B_STR_Q_Y_S,DOMED CASING (Y_S),Corvette,Hull Plating,B_STR_Q_Y_S,B_STR_Q_N,,prop/detail or unclassified,models/corvette/B_STR_Q_Y_S.fbx,6.0,2.98025,2.980249,0.0,1.490343,1.509656,"use FBX extents X=6.000, Y=2.980, Z=2.980 * scale"
B_STR_Q_Y_W,DOMED CASING (Y_W),Corvette,Hull Plating,B_STR_Q_Y_W,B_STR_Q_N,,prop/detail or unclassified,models/corvette/B_STR_Q_Y_W.fbx,2.980249,2.98025,6.0,-1.509656,1.490344,0.0,"use FBX extents X=2.980, Y=2.980, Z=6.000 * scale"
B_STR_R_E,SPEEDBIRD FAIRING (E),Corvette,Hull Plating,B_STR_R_E,B_STR_R_N,,prop/detail or unclassified,models/corvette/B_STR_R_E.fbx,5.90625,2.919922,6.0,0.046875,1.459961,0.0,"use FBX extents X=5.906, Y=2.920, Z=6.000 * scale"
B_STR_R_N,SPEEDBIRD FAIRING (N),Corvette,Hull Plating,B_STR_R_N,,,prop/detail or unclassified,models/corvette/B_STR_R_N.fbx,6.0,2.919922,5.90625,0.0,1.459961,-0.046875,"use FBX extents X=6.000, Y=2.920, Z=5.906 * scale"
B_STR_R_S,SPEEDBIRD FAIRING (S),Corvette,Hull Plating,B_STR_R_S,B_STR_R_N,,prop/detail or unclassified,models/corvette/B_STR_R_S.fbx,6.0,2.919922,5.90625,0.0,1.459961,0.046875,"use FBX extents X=6.000, Y=2.920, Z=5.906 * scale"
B_STR_R_W,SPEEDBIRD FAIRING (W),Corvette,Hull Plating,B_STR_R_W,B_STR_R_N,,prop/detail or unclassified,models/corvette/B_STR_R_W.fbx,5.90625,2.919922,6.0,-0.046875,1.459961,0.0,"use FBX extents X=5.906, Y=2.920, Z=6.000 * scale"
B_STR_R_Y_E,SPEEDBIRD FAIRING (Y_E),Corvette,Hull Plating,B_STR_R_Y_E,B_STR_R_N,,prop/detail or unclassified,models/corvette/B_STR_R_Y_E.fbx,5.90625,2.919922,6.0,0.046875,1.459961,0.0,"use FBX extents X=5.906, Y=2.920, Z=6.000 * scale"
B_STR_R_Y_N,SPEEDBIRD FAIRING (Y_N),Corvette,Hull Plating,B_STR_R_Y_N,B_STR_R_N,,prop/detail or unclassified,models/corvette/B_STR_R_Y_N.fbx,6.0,2.919922,5.906251,0.0,1.459961,-0.046875,"use FBX extents X=6.000, Y=2.920, Z=5.906 * scale"
B_STR_R_Y_S,SPEEDBIRD FAIRING (Y_S),Corvette,Hull Plating,B_STR_R_Y_S,B_STR_R_N,,prop/detail or unclassified,models/corvette/B_STR_R_Y_S.fbx,6.0,2.919923,5.90625,0.0,1.459961,0.046875,"use FBX extents X=6.000, Y=2.920, Z=5.906 * scale"
B_STR_R_Y_W,SPEEDBIRD FAIRING (Y_W),Corvette,Hull Plating,B_STR_R_Y_W,B_STR_R_N,,prop/detail or unclassified,models/corvette/B_STR_R_Y_W.fbx,5.90625,2.919922,6.0,-0.046875,1.459961,0.0,"use FBX extents X=5.906, Y=2.920, Z=6.000 * scale"
B_STR_S_E,SPEEDBIRD COWLING (E),Corvette,Hull Plating,B_STR_S_E,B_STR_S_N,,prop/detail or unclassified,models/corvette/B_STR_S_E.fbx,11.71875,2.999999,6.085938,-2.859375,1.5,0.0,"use FBX extents X=11.719, Y=3.000, Z=6.086 * scale"
B_STR_S_N,SPEEDBIRD COWLING (N),Corvette,Hull Plating,B_STR_S_N,,,prop/detail or unclassified,models/corvette/B_STR_S_N.fbx,6.085938,2.999999,11.71875,0.0,1.5,2.859375,"use FBX extents X=6.086, Y=3.000, Z=11.719 * scale"
B_STR_S_S,SPEEDBIRD COWLING (S),Corvette,Hull Plating,B_STR_S_S,B_STR_S_N,,prop/detail or unclassified,models/corvette/B_STR_S_S.fbx,6.085938,2.999999,11.71875,0.0,1.5,-2.859375,"use FBX extents X=6.086, Y=3.000, Z=11.719 * scale"
B_STR_S_W,SPEEDBIRD COWLING (W),Corvette,Hull Plating,B_STR_S_W,B_STR_S_N,,prop/detail or unclassified,models/corvette/B_STR_S_W.fbx,11.71875,2.999999,6.085938,2.859375,1.5,0.0,"use FBX extents X=11.719, Y=3.000, Z=6.086 * scale"
B_STR_S_Y_E,SPEEDBIRD COWLING (Y_E),Corvette,Hull Plating,B_STR_S_Y_E,B_STR_S_N,,prop/detail or unclassified,models/corvette/B_STR_S_Y_E.fbx,11.71875,3.0,6.085938,-2.859375,1.5,0.0,"use FBX extents X=11.719, Y=3.000, Z=6.086 * scale"
B_STR_S_Y_N,SPEEDBIRD COWLING (Y_N),Corvette,Hull Plating,B_STR_S_Y_N,B_STR_S_N,,prop/detail or unclassified,models/corvette/B_STR_S_Y_N.fbx,6.085938,2.999999,11.71875,0.0,1.5,2.859375,"use FBX extents X=6.086, Y=3.000, Z=11.719 * scale"
B_STR_S_Y_S,SPEEDBIRD COWLING (Y_S),Corvette,Hull Plating,B_STR_S_Y_S,B_STR_S_N,,prop/detail or unclassified,models/corvette/B_STR_S_Y_S.fbx,6.085938,3.0,11.71875,0.0,1.5,-2.859375,"use FBX extents X=6.086, Y=3.000, Z=11.719 * scale"
B_STR_S_Y_W,SPEEDBIRD COWLING (Y_W),Corvette,Hull Plating,B_STR_S_Y_W,B_STR_S_N,,prop/detail or unclassified,models/corvette/B_STR_S_Y_W.fbx,11.71875,3.0,6.085938,2.859375,1.5,0.0,"use FBX extents X=11.719, Y=3.000, Z=6.086 * scale"
B_STR_T_NETB,FUEL POD COVER RIM (NE),Corvette,Hull Plating,B_STR_T_NETB,,,prop/detail or unclassified,models/corvette/B_STR_T_NETB.fbx,3.0,3.000219,5.523438,1.5,1.49989,-0.238281,"use FBX extents X=3.000, Y=3.000, Z=5.523 * scale"
B_STR_T_NETB1,FUEL POD COVER RIM (NE1),Corvette,Hull Plating,B_STR_T_NETB1,B_STR_T_NETB,,prop/detail or unclassified,models/corvette/B_STR_T_NETB1.fbx,5.523438,3.000219,3.0,-0.238281,1.49989,-1.5,"use FBX extents X=5.523, Y=3.000, Z=3.000 * scale"
B_STR_T_NETB2,FUEL POD COVER RIM (NE2),Corvette,Hull Plating,B_STR_T_NETB2,B_STR_T_NETB,,prop/detail or unclassified,models/corvette/B_STR_T_NETB2.fbx,3.0,3.000219,5.523438,-1.5,1.49989,0.238281,"use FBX extents X=3.000, Y=3.000, Z=5.523 * scale"
B_STR_T_NETB3,FUEL POD COVER RIM (NE3),Corvette,Hull Plating,B_STR_T_NETB3,B_STR_T_NETB,,prop/detail or unclassified,models/corvette/B_STR_T_NETB3.fbx,5.523438,3.000219,3.0,0.238281,1.49989,1.5,"use FBX extents X=5.523, Y=3.000, Z=3.000 * scale"
B_STR_T_NWTB,FUEL POD COVER RIM (NW),Corvette,Hull Plating,B_STR_T_NWTB,B_STR_T_NETB,,prop/detail or unclassified,models/corvette/B_STR_T_NWTB.fbx,3.0,3.000219,5.523438,1.5,1.49989,-0.238281,"use FBX extents X=3.000, Y=3.000, Z=5.523 * scale"
B_STR_T_NWTB1,FUEL POD COVER RIM (NW1),Corvette,Hull Plating,B_STR_T_NWTB1,B_STR_T_NETB,,prop/detail or unclassified,models/corvette/B_STR_T_NWTB1.fbx,5.523438,3.000219,3.0,-0.238281,1.49989,-1.5,"use FBX extents X=5.523, Y=3.000, Z=3.000 * scale"
B_STR_T_NWTB2,FUEL POD COVER RIM (NW2),Corvette,Hull Plating,B_STR_T_NWTB2,B_STR_T_NETB,,prop/detail or unclassified,models/corvette/B_STR_T_NWTB2.fbx,3.0,3.000219,5.523438,-1.5,1.49989,0.238281,"use FBX extents X=3.000, Y=3.000, Z=5.523 * scale"
B_STR_T_NWTB3,FUEL POD COVER RIM (NW3),Corvette,Hull Plating,B_STR_T_NWTB3,B_STR_T_NETB,,prop/detail or unclassified,models/corvette/B_STR_T_NWTB3.fbx,5.523438,3.000219,3.0,0.238281,1.49989,1.5,"use FBX extents X=5.523, Y=3.000, Z=3.000 * scale"
B_STR_U_NETB,ENGINE COVER RIM (NE),Corvette,Hull Plating,B_STR_U_NETB,,,prop/detail or unclassified,models/corvette/B_STR_U_NETB.fbx,3.0,3.0,10.9375,1.5,1.5,2.46875,"use FBX extents X=3.000, Y=3.000, Z=10.938 * scale"
B_STR_U_NETB1,ENGINE COVER RIM (NE1),Corvette,Hull Plating,B_STR_U_NETB1,B_STR_U_NETB,,prop/detail or unclassified,models/corvette/B_STR_U_NETB1.fbx,10.9375,3.0,3.0,2.46875,1.5,-1.5,"use FBX extents X=10.938, Y=3.000, Z=3.000 * scale"
B_STR_U_NETB2,ENGINE COVER RIM (NE2),Corvette,Hull Plating,B_STR_U_NETB2,B_STR_U_NETB,,prop/detail or unclassified,models/corvette/B_STR_U_NETB2.fbx,3.0,3.0,10.9375,-1.5,1.5,-2.46875,"use FBX extents X=3.000, Y=3.000, Z=10.938 * scale"
B_STR_U_NETB3,ENGINE COVER RIM (NE3),Corvette,Hull Plating,B_STR_U_NETB3,B_STR_U_NETB,,prop/detail or unclassified,models/corvette/B_STR_U_NETB3.fbx,10.9375,3.0,3.0,-2.46875,1.5,1.5,"use FBX extents X=10.938, Y=3.000, Z=3.000 * scale"
B_STR_U_NWTB,ENGINE COVER RIM (NW),Corvette,Hull Plating,B_STR_U_NWTB,B_STR_U_NETB,,prop/detail or unclassified,models/corvette/B_STR_U_NWTB.fbx,3.000001,3.0,10.9375,-1.5,1.5,2.46875,"use FBX extents X=3.000, Y=3.000, Z=10.938 * scale"
B_STR_U_NWTB1,ENGINE COVER RIM (NW1),Corvette,Hull Plating,B_STR_U_NWTB1,B_STR_U_NETB,,prop/detail or unclassified,models/corvette/B_STR_U_NWTB1.fbx,10.9375,3.0,3.0,2.46875,1.5,1.5,"use FBX extents X=10.938, Y=3.000, Z=3.000 * scale"
B_STR_U_NWTB2,ENGINE COVER RIM (NW2),Corvette,Hull Plating,B_STR_U_NWTB2,B_STR_U_NETB,,prop/detail or unclassified,models/corvette/B_STR_U_NWTB2.fbx,3.0,3.0,10.9375,1.5,1.5,-2.46875,"use FBX extents X=3.000, Y=3.000, Z=10.938 * scale"
B_STR_U_NWTB3,ENGINE COVER RIM (NW3),Corvette,Hull Plating,B_STR_U_NWTB3,B_STR_U_NETB,,prop/detail or unclassified,models/corvette/B_STR_U_NWTB3.fbx,10.9375,3.0,3.0,-2.46875,1.5,-1.5,"use FBX extents X=10.938, Y=3.000, Z=3.000 * scale"
B_STR_V_NETB,HARDFRAME DIFFUSER RIM (NE),Corvette,Hull Plating,B_STR_V_NETB,,,prop/detail or unclassified,models/corvette/B_STR_V_NETB.fbx,6.000449,3.005135,6.001598,0.000225,1.499386,-0.000799,"use FBX extents X=6.000, Y=3.005, Z=6.002 * scale"
B_STR_V_NETB1,HARDFRAME DIFFUSER RIM (NE1),Corvette,Hull Plating,B_STR_V_NETB1,B_STR_V_NETB,,prop/detail or unclassified,models/corvette/B_STR_V_NETB1.fbx,6.001597,3.005135,6.00045,-0.000799,1.499386,-0.000225,"use FBX extents X=6.002, Y=3.005, Z=6.000 * scale"
B_STR_V_NETB2,HARDFRAME DIFFUSER RIM (NE2),Corvette,Hull Plating,B_STR_V_NETB2,B_STR_V_NETB,,prop/detail or unclassified,models/corvette/B_STR_V_NETB2.fbx,6.000449,3.005135,6.001597,-0.000225,1.499386,0.000799,"use FBX extents X=6.000, Y=3.005, Z=6.002 * scale"
B_STR_V_NETB3,HARDFRAME DIFFUSER RIM (NE3),Corvette,Hull Plating,B_STR_V_NETB3,B_STR_V_NETB,,prop/detail or unclassified,models/corvette/B_STR_V_NETB3.fbx,6.001597,3.005135,6.000449,0.000799,1.499386,0.000225,"use FBX extents X=6.002, Y=3.005, Z=6.000 * scale"
B_STR_V_NWTB,HARDFRAME DIFFUSER RIM (NW),Corvette,Hull Plating,B_STR_V_NWTB,B_STR_V_NETB,,prop/detail or unclassified,models/corvette/B_STR_V_NWTB.fbx,6.000449,3.005135,6.001598,0.000225,1.499386,-0.000799,"use FBX extents X=6.000, Y=3.005, Z=6.002 * scale"
B_STR_V_NWTB1,HARDFRAME DIFFUSER RIM (NW1),Corvette,Hull Plating,B_STR_V_NWTB1,B_STR_V_NETB,,prop/detail or unclassified,models/corvette/B_STR_V_NWTB1.fbx,6.001597,3.005135,6.00045,-0.000799,1.499386,-0.000225,"use FBX extents X=6.002, Y=3.005, Z=6.000 * scale"
B_STR_V_NWTB2,HARDFRAME DIFFUSER RIM (NW2),Corvette,Hull Plating,B_STR_V_NWTB2,B_STR_V_NWTB,,prop/detail or unclassified,models/corvette/B_STR_V_NWTB2.fbx,6.000449,3.005135,6.001597,-0.000225,1.499386,0.000799,"use FBX extents X=6.000, Y=3.005, Z=6.002 * scale"
B_STR_V_NWTB3,HARDFRAME DIFFUSER RIM (NW3),Corvette,Hull Plating,B_STR_V_NWTB3,B_STR_V_NETB,,prop/detail or unclassified,models/corvette/B_STR_V_NWTB3.fbx,6.001597,3.005135,6.000449,0.000799,1.499386,0.000225,"use FBX extents X=6.002, Y=3.005, Z=6.000 * scale"
B_STR_W_NETB,VESPER DIFFUSER RIM (NE),Corvette,Hull Plating,B_STR_W_NETB,B_STR_W_NETB,,prop/detail or unclassified,models/corvette/B_STR_W_NETB.fbx,6.000448,3.005135,12.001597,0.000224,1.499386,2.999201,"use FBX extents X=6.000, Y=3.005, Z=12.002 * scale"
B_STR_W_NETB1,VESPER DIFFUSER RIM (NE1),Corvette,Hull Plating,B_STR_W_NETB1,B_STR_W_NETB,,prop/detail or unclassified,models/corvette/B_STR_W_NETB1.fbx,12.001597,3.005135,6.00045,2.999201,1.499386,-0.000225,"use FBX extents X=12.002, Y=3.005, Z=6.000 * scale"
B_STR_W_NETB2,VESPER DIFFUSER RIM (NE2),Corvette,Hull Plating,B_STR_W_NETB2,B_STR_W_NETB,,prop/detail or unclassified,models/corvette/B_STR_W_NETB2.fbx,6.000449,3.005135,12.001597,-0.000225,1.499386,-2.999201,"use FBX extents X=6.000, Y=3.005, Z=12.002 * scale"
B_STR_W_NETB3,VESPER DIFFUSER RIM (NE3),Corvette,Hull Plating,B_STR_W_NETB3,B_STR_W_NETB,,prop/detail or unclassified,models/corvette/B_STR_W_NETB3.fbx,12.001597,3.005135,6.000448,-2.999201,1.499386,0.000224,"use FBX extents X=12.002, Y=3.005, Z=6.000 * scale"
B_STR_W_NWTB,VESPER DIFFUSER RIM (NW),Corvette,Hull Plating,B_STR_W_NWTB,B_STR_W_NWTB,,prop/detail or unclassified,models/corvette/B_STR_W_NWTB.fbx,6.000448,3.005135,12.001597,0.000224,1.499386,2.999201,"use FBX extents X=6.000, Y=3.005, Z=12.002 * scale"
B_STR_W_NWTB1,VESPER DIFFUSER RIM (NW1),Corvette,Hull Plating,B_STR_W_NWTB1,B_STR_W_NWTB,,prop/detail or unclassified,models/corvette/B_STR_W_NWTB1.fbx,12.001597,3.005135,6.00045,2.999201,1.499386,-0.000225,"use FBX extents X=12.002, Y=3.005, Z=6.000 * scale"
B_STR_W_NWTB2,VESPER DIFFUSER RIM (NW2),Corvette,Hull Plating,B_STR_W_NWTB2,B_STR_W_NWTB,,prop/detail or unclassified,models/corvette/B_STR_W_NWTB2.fbx,6.000449,3.005135,12.001597,-0.000225,1.499386,-2.999201,"use FBX extents X=6.000, Y=3.005, Z=12.002 * scale"
B_STR_W_NWTB3,VESPER DIFFUSER RIM (NW3),Corvette,Hull Plating,B_STR_W_NWTB3,B_STR_W_NWTB,,prop/detail or unclassified,models/corvette/B_STR_W_NWTB3.fbx,12.001597,3.005135,6.000448,-2.999201,1.499386,0.000224,"use FBX extents X=12.002, Y=3.005, Z=6.000 * scale"
B_STR_X_NETB,SPEEDBIRD DOME RIM (NE),Corvette,Hull Plating,B_STR_X_NETB,,,prop/detail or unclassified,models/corvette/B_STR_X_NETB.fbx,6.006313,3.000036,6.006314,0.003157,1.499982,-0.003157,"use FBX extents X=6.006, Y=3.000, Z=6.006 * scale"
B_STR_X_NETB1,SPEEDBIRD DOME RIM (NE1),Corvette,Hull Plating,B_STR_X_NETB1,B_STR_X_NETB,,prop/detail or unclassified,models/corvette/B_STR_X_NETB1.fbx,6.006313,3.000036,6.006314,-0.003157,1.499982,-0.003157,"use FBX extents X=6.006, Y=3.000, Z=6.006 * scale"
B_STR_X_NETB2,SPEEDBIRD DOME RIM (NE2),Corvette,Hull Plating,B_STR_X_NETB2,B_STR_X_NETB,,prop/detail or unclassified,models/corvette/B_STR_X_NETB2.fbx,6.006313,3.000036,6.006313,-0.003157,1.499982,0.003157,"use FBX extents X=6.006, Y=3.000, Z=6.006 * scale"
B_STR_X_NETB3,SPEEDBIRD DOME RIM (NE3),Corvette,Hull Plating,B_STR_X_NETB3,B_STR_X_NETB,,prop/detail or unclassified,models/corvette/B_STR_X_NETB3.fbx,6.006314,3.000036,6.006313,0.003157,1.499982,0.003157,"use FBX extents X=6.006, Y=3.000, Z=6.006 * scale"
B_STR_X_NWTB,SPEEDBIRD DOME RIM (NW),Corvette,Hull Plating,B_STR_X_NWTB,B_STR_X_NETB,,prop/detail or unclassified,models/corvette/B_STR_X_NWTB.fbx,6.006313,3.000036,6.006314,0.003157,1.499982,-0.003157,"use FBX extents X=6.006, Y=3.000, Z=6.006 * scale"
B_STR_X_NWTB1,SPEEDBIRD DOME RIM (NW1),Corvette,Hull Plating,B_STR_X_NWTB1,B_STR_X_NETB,,prop/detail or unclassified,models/corvette/B_STR_X_NWTB1.fbx,6.006313,3.000036,6.006314,-0.003157,1.499982,-0.003157,"use FBX extents X=6.006, Y=3.000, Z=6.006 * scale"
B_STR_X_NWTB2,SPEEDBIRD DOME RIM (NW2),Corvette,Hull Plating,B_STR_X_NWTB2,B_STR_X_NETB,,prop/detail or unclassified,models/corvette/B_STR_X_NWTB2.fbx,6.006313,3.000036,6.006313,-0.003157,1.499982,0.003157,"use FBX extents X=6.006, Y=3.000, Z=6.006 * scale"
B_STR_X_NWTB3,SPEEDBIRD DOME RIM (NW3),Corvette,Hull Plating,B_STR_X_NWTB3,B_STR_X_NETB,,prop/detail or unclassified,models/corvette/B_STR_X_NWTB3.fbx,6.006314,3.000036,6.006313,0.003157,1.499982,0.003157,"use FBX extents X=6.006, Y=3.000, Z=6.006 * scale"
B_STR_Y_NETB,SPEEDBIRD NACELLE RIM,Corvette,Hull Plating,B_STR_Y_NETB,,,prop/detail or unclassified,models/corvette/B_STR_Y_NETB.fbx,6.028702,3.000001,12.014313,0.002632,1.5,2.992844,"use FBX extents X=6.029, Y=3.000, Z=12.014 * scale"
B_STR_Y_NETB1,SPEEDBIRD NACELLE RIM,Corvette,Hull Plating,B_STR_Y_NETB1,B_STR_Y_NETB,,prop/detail or unclassified,models/corvette/B_STR_Y_NETB1.fbx,12.014313,3.000001,6.028702,2.992844,1.5,-0.002632,"use FBX extents X=12.014, Y=3.000, Z=6.029 * scale"
B_STR_Y_NETB2,SPEEDBIRD NACELLE RIM,Corvette,Hull Plating,B_STR_Y_NETB2,B_STR_Y_NETB,,prop/detail or unclassified,models/corvette/B_STR_Y_NETB2.fbx,6.028702,3.000001,12.014313,-0.002632,1.5,-2.992844,"use FBX extents X=6.029, Y=3.000, Z=12.014 * scale"
B_STR_Y_NETB3,SPEEDBIRD NACELLE RIM,Corvette,Hull Plating,B_STR_Y_NETB3,B_STR_Y_NETB,,prop/detail or unclassified,models/corvette/B_STR_Y_NETB3.fbx,12.014313,3.000001,6.028702,-2.992844,1.5,0.002632,"use FBX extents X=12.014, Y=3.000, Z=6.029 * scale"
B_STR_Y_NWTB,SPEEDBIRD NACELLE RIM,Corvette,Hull Plating,B_STR_Y_NWTB,B_STR_Y_NETB,,prop/detail or unclassified,models/corvette/B_STR_Y_NWTB.fbx,6.028702,3.0,12.014313,0.002632,1.5,2.992844,"use FBX extents X=6.029, Y=3.000, Z=12.014 * scale"
B_STR_Y_NWTB1,SPEEDBIRD NACELLE RIM,Corvette,Hull Plating,B_STR_Y_NWTB1,B_STR_Y_NETB,,prop/detail or unclassified,models/corvette/B_STR_Y_NWTB1.fbx,12.014313,3.0,6.028702,2.992844,1.5,-0.002632,"use FBX extents X=12.014, Y=3.000, Z=6.029 * scale"
B_STR_Y_NWTB2,SPEEDBIRD NACELLE RIM,Corvette,Hull Plating,B_STR_Y_NWTB2,B_STR_Y_NETB,,prop/detail or unclassified,models/corvette/B_STR_Y_NWTB2.fbx,6.028702,3.0,12.014313,-0.002632,1.5,-2.992844,"use FBX extents X=6.029, Y=3.000, Z=12.014 * scale"
B_STR_Y_NWTB3,SPEEDBIRD NACELLE RIM,Corvette,Hull Plating,B_STR_Y_NWTB3,B_STR_Y_NETB,,prop/detail or unclassified,models/corvette/B_STR_Y_NWTB3.fbx,12.014313,3.0,6.028702,-2.992844,1.5,0.002632,"use FBX extents X=12.014, Y=3.000, Z=6.029 * scale"
B_STR_Z_NETB,ARCADIA STABILISER RIM (Z),Corvette,Hull Plating,B_STR_Z_NETB,,,prop/detail or unclassified,models/corvette/B_STR_Z_NETB.fbx,6.235458,3.034439,9.83844,-0.11274,1.508171,1.901093,"use FBX extents X=6.235, Y=3.034, Z=9.838 * scale"
B_STR_Z_NETB1,ARCADIA STABILISER RIM (Z),Corvette,Hull Plating,B_STR_Z_NETB1,B_STR_Z_NETB,,prop/detail or unclassified,models/corvette/B_STR_Z_NETB1.fbx,9.83844,3.034439,6.235459,1.901093,1.508171,0.11274,"use FBX extents X=9.838, Y=3.034, Z=6.235 * scale"
B_STR_Z_NETB2,ARCADIA STABILISER RIM (Z),Corvette,Hull Plating,B_STR_Z_NETB2,B_STR_Z_NETB,,prop/detail or unclassified,models/corvette/B_STR_Z_NETB2.fbx,6.235458,3.034439,9.83844,0.11274,1.508171,-1.901093,"use FBX extents X=6.235, Y=3.034, Z=9.838 * scale"
B_STR_Z_NETB3,ARCADIA STABILISER RIM (Z),Corvette,Hull Plating,B_STR_Z_NETB3,B_STR_Z_NETB,,prop/detail or unclassified,models/corvette/B_STR_Z_NETB3.fbx,9.83844,3.034439,6.235458,-1.901093,1.508171,-0.112739,"use FBX extents X=9.838, Y=3.034, Z=6.235 * scale"
B_STR_Z_NWTB,ARCADIA STABILISER RIM (Z),Corvette,Hull Plating,B_STR_Z_NWTB,B_STR_Z_NETB,,prop/detail or unclassified,models/corvette/B_STR_Z_NWTB.fbx,6.235459,3.034439,9.83844,-0.112739,1.508171,1.901093,"use FBX extents X=6.235, Y=3.034, Z=9.838 * scale"
B_STR_Z_NWTB1,ARCADIA STABILISER RIM (Z),Corvette,Hull Plating,B_STR_Z_NWTB1,B_STR_Z_NETB,,prop/detail or unclassified,models/corvette/B_STR_Z_NWTB1.fbx,9.83844,3.034439,6.235459,1.901093,1.508171,0.11274,"use FBX extents X=9.838, Y=3.034, Z=6.235 * scale"
B_STR_Z_NWTB2,ARCADIA STABILISER RIM (Z),Corvette,Hull Plating,B_STR_Z_NWTB2,B_STR_Z_NETB,,prop/detail or unclassified,models/corvette/B_STR_Z_NWTB2.fbx,6.235458,3.034439,9.83844,0.11274,1.508171,-1.901093,"use FBX extents X=6.235, Y=3.034, Z=9.838 * scale"
B_STR_Z_NWTB3,ARCADIA STABILISER RIM (Z),Corvette,Hull Plating,B_STR_Z_NWTB3,B_STR_Z_NETB,,prop/detail or unclassified,models/corvette/B_STR_Z_NWTB3.fbx,9.83844,3.034439,6.235458,-1.901093,1.508171,-0.112739,"use FBX extents X=9.838, Y=3.034, Z=6.235 * scale"
B_STAIRS0,INTERNAL STAIRWAY,Corvette,Internal Configuration,B_STAIRS0,,,prop/detail or unclassified,models/corvette/B_STAIRS0.fbx,0.819443,2.933899,2.204102,-0.440865,1.564301,0.077637,"use FBX extents X=0.819, Y=2.934, Z=2.204 * scale"
B_GEN_0,ZENITH-CLASS REACTOR,Corvette,Reactors,B_GEN_0,,,prop/detail or unclassified,models/corvette/B_GEN_0.fbx,6.0,3.766022,6.0,0.0,1.92363,0.0,"use FBX extents X=6.000, Y=3.766, Z=6.000 * scale"
B_GEN_1,MEDUSA-CLASS REACTOR,Corvette,Reactors,B_GEN_1,,,prop/detail or unclassified,models/corvette/B_GEN_1.fbx,6.105469,3.36441,6.375,0.003906,1.642014,0.197266,"use FBX extents X=6.105, Y=3.364, Z=6.375 * scale"
B_GEN_2,AZIMUTH-CLASS REACTOR,Corvette,Reactors,B_GEN_2,,,prop/detail or unclassified,models/corvette/B_GEN_2.fbx,6.089844,2.874077,5.652344,0.0,1.42429,0.0,"use FBX extents X=6.090, Y=2.874, Z=5.652 * scale"
B_GEN_3,CETO-CLASS REACTOR,Corvette,Reactors,B_GEN_3,,,prop/detail or unclassified,models/corvette/B_GEN_3.fbx,5.808594,3.286812,11.919922,0.0,1.628078,3.032227,"use FBX extents X=5.809, Y=3.287, Z=11.920 * scale"
B_WALL_CARG0,CARGO RACK 0,Corvette,Storage,,,,prop/detail or unclassified,,,,,,,,
B_WALL_CARG1,CARGO RACK 1,Corvette,Storage,B_WALL_CARG1,,,prop/detail or unclassified,models/corvette/B_WALL_CARG1.fbx,6.015625,2.871216,2.186646,0.005859,1.533142,1.148865,horizontal step ≈ 6.016 * scale; vertical step ≈ 2.871 * scale
B_WALL_CARG2,CARGO RACK 2,Corvette,Storage,B_WALL_CARG2,,,prop/detail or unclassified,models/corvette/B_WALL_CARG2.fbx,6.015625,2.871216,2.186646,0.005859,1.533142,1.148865,horizontal step ≈ 6.016 * scale; vertical step ≈ 2.871 * scale
B_WALL_CARG3,CARGO RACK 3,Corvette,Storage,B_WALL_CARG3,,,prop/detail or unclassified,models/corvette/B_WALL_CARG3.fbx,6.015625,2.871216,2.186646,0.005859,1.533142,1.148865,horizontal step ≈ 6.016 * scale; vertical step ≈ 2.871 * scale
B_WALL_CARG4,CARGO RACK 4,Corvette,Storage,B_WALL_CARG4,,,prop/detail or unclassified,models/corvette/B_WALL_CARG4.fbx,6.015625,2.871216,2.186646,0.005859,1.533142,1.148865,horizontal step ≈ 6.016 * scale; vertical step ≈ 2.871 * scale
B_WALL_CARG5,CARGO RACK 5,Corvette,Storage,B_WALL_CARG5,,,prop/detail or unclassified,models/corvette/B_WALL_CARG5.fbx,6.015625,2.871216,2.186646,0.005859,1.533142,1.148865,horizontal step ≈ 6.016 * scale; vertical step ≈ 2.871 * scale
B_WALL_CARG6,CARGO RACK 6,Corvette,Storage,B_WALL_CARG6,,,prop/detail or unclassified,models/corvette/B_WALL_CARG6.fbx,6.015625,2.871216,2.186646,0.005859,1.533142,1.148865,horizontal step ≈ 6.016 * scale; vertical step ≈ 2.871 * scale
B_WALL_CARG7,CARGO RACK 7,Corvette,Storage,B_WALL_CARG7,,,prop/detail or unclassified,models/corvette/B_WALL_CARG7.fbx,6.015625,2.871216,2.186646,0.005859,1.533142,1.148865,horizontal step ≈ 6.016 * scale; vertical step ≈ 2.871 * scale
B_WALL_CARG8,CARGO RACK 8,Corvette,Storage,B_WALL_CARG8,,,prop/detail or unclassified,models/corvette/B_WALL_CARG8.fbx,6.015625,2.871216,2.186646,0.005859,1.533142,1.148865,horizontal step ≈ 6.016 * scale; vertical step ≈ 2.871 * scale
B_WALL_CARG9,CARGO RACK 9,Corvette,Storage,B_WALL_CARG9,,,prop/detail or unclassified,models/corvette/B_WALL_CARG9.fbx,6.015625,2.871216,2.186646,0.005859,1.533142,1.148865,horizontal step ≈ 6.016 * scale; vertical step ≈ 2.871 * scale
B_TRU_A,TWIN ECHO JETS,Corvette,Thrusters,B_TRU_A,,,prop/detail or unclassified,models/corvette/B_TRU_A.fbx,5.855469,2.999023,3.762573,0.0,-0.000488,-1.870667,"use FBX extents X=5.855, Y=2.999, Z=3.763 * scale"
B_TRU_B,TWIN DYNAMO JETS,Corvette,Thrusters,B_TRU_B,,,prop/detail or unclassified,models/corvette/B_TRU_B.fbx,6.039062,2.910156,5.945312,0.0,0.0,-2.972656,"use FBX extents X=6.039, Y=2.910, Z=5.945 * scale"
B_TRU_C,KINEOSTREAM THRUSTER,Corvette,Thrusters,B_TRU_C,,,prop/detail or unclassified,models/corvette/B_TRU_C.fbx,6.859375,6.859375,4.856274,0.0,0.0,-2.427332,"use FBX extents X=6.859, Y=6.859, Z=4.856 * scale"
B_TRU_D,PYRODRIVE BOOSTER,Corvette,Thrusters,B_TRU_D,,,prop/detail or unclassified,models/corvette/B_TRU_D.fbx,5.839844,3.0,5.842651,0.007812,0.0,-2.910706,"use FBX extents X=5.840, Y=3.000, Z=5.843 * scale"
B_TRU_E,WIDEBODY THRUSTER,Corvette,Thrusters,B_TRU_E,,,prop/detail or unclassified,models/corvette/B_TRU_E.fbx,5.855469,2.999023,2.692261,0.0,-0.000488,-1.33551,"use FBX extents X=5.855, Y=2.999, Z=2.692 * scale"
B_TRU_F,TWIN SUBLIGHT JETS,Corvette,Thrusters,B_TRU_F,,,light/accent,models/corvette/B_TRU_F.fbx,5.855469,3.0,3.694214,0.0,0.0,-1.836487,"use FBX extents X=5.855, Y=3.000, Z=3.694 * scale"
B_TRU_G,FIREBOX THRUSTER,Corvette,Thrusters,B_TRU_G,,,prop/detail or unclassified,models/corvette/B_TRU_G.fbx,5.855469,2.991211,5.600464,0.0,-0.015137,-2.789612,"use FBX extents X=5.855, Y=2.991, Z=5.600 * scale"
B_TRU_H,LONGSHORE THRUSTER,Corvette,Thrusters,B_TRU_H,,,prop/detail or unclassified,models/corvette/B_TRU_H.fbx,6.066406,3.037109,5.9515,0.0,0.0,-2.969563,"use FBX extents X=6.066, Y=3.037, Z=5.951 * scale"
B_WALL_BUNK0,CREW BERTH,Corvette,Utility Modules,B_WALL_BUNK0,,,prop/detail or unclassified,models/corvette/B_WALL_BUNK0.fbx,3.000976,2.798462,0.578433,0.000488,1.498735,0.193514,horizontal step ≈ 3.001 * scale; vertical step ≈ 2.798 * scale
B_WALL_KITC0,NUTRITION UNIT,Corvette,Utility Modules,B_WALL_KITC0,,,prop/detail or unclassified,models/corvette/B_WALL_KITC0.fbx,3.000976,2.798462,0.578433,0.000488,1.498735,0.193514,horizontal step ≈ 3.001 * scale; vertical step ≈ 2.798 * scale
B_WALL_MED0,MEDI-POD,Corvette,Utility Modules,B_WALL_MED0,,,prop/detail or unclassified,models/corvette/B_WALL_MED0.fbx,3.000976,2.798462,0.578433,0.000488,1.498735,0.193514,horizontal step ≈ 3.001 * scale; vertical step ≈ 2.798 * scale
B_WALL_PLAN0,LIVING WALL,Corvette,Utility Modules,B_WALL_PLAN0,,,prop/detail or unclassified,models/corvette/B_WALL_PLAN0.fbx,3.009766,2.806946,0.72052,0.007812,1.502777,0.472748,horizontal step ≈ 3.010 * scale; vertical step ≈ 2.807 * scale
B_WALL_TECH0,REFINER UNIT,Corvette,Utility Modules,B_WALL_TECH0,,,prop/detail or unclassified,models/corvette/B_WALL_TECH0.fbx,3.000976,2.798462,0.578433,0.000488,1.498735,0.193514,horizontal step ≈ 3.001 * scale; vertical step ≈ 2.798 * scale
B_WALL_TECH1,MISSION RADAR,Corvette,Utility Modules,B_WALL_TECH1,,,prop/detail or unclassified,models/corvette/B_WALL_TECH1.fbx,3.000976,2.798462,0.578433,0.000488,1.498735,0.193514,horizontal step ≈ 3.001 * scale; vertical step ≈ 2.798 * scale
B_WALL_TOIL0,WASTE DISPOSAL UNIT,Corvette,Utility Modules,B_WALL_TOIL0,,,prop/detail or unclassified,models/corvette/B_WALL_TOIL0.fbx,3.000976,2.798462,0.578433,0.000488,1.498735,0.193514,horizontal step ≈ 3.001 * scale; vertical step ≈ 2.798 * scale
B_WALL_WIND0,PANELLED WINDOW,Corvette,Windows,B_WALL_WIND0,,,window/jali/niche,models/corvette/B_WALL_WIND0.fbx,6.300781,2.904297,1.479736,0.0,1.452148,0.577515,horizontal step ≈ 6.301 * scale; vertical step ≈ 2.904 * scale
B_WALL_WIND1,SEAMLESS WINDOW,Corvette,Windows,B_WALL_WIND1,,,window/jali/niche,models/corvette/B_WALL_WIND1.fbx,6.300781,2.911774,1.463135,0.0,1.495285,0.569214,horizontal step ≈ 6.301 * scale; vertical step ≈ 2.912 * scale
B_WALL_WIND2,ROUNDED WINDOW,Corvette,Windows,B_WALL_WIND2,,,window/jali/niche,models/corvette/B_WALL_WIND2.fbx,6.0,2.790283,2.044922,0.0,1.46228,0.231445,horizontal step ≈ 6.000 * scale; vertical step ≈ 2.790 * scale
B_WNG_A,TITAN HEAVY BOOSTER,Corvette,Wings,B_WNG_A,,,prop/detail or unclassified,models/corvette/B_WNG_A.fbx,5.98761,6.956055,20.335938,2.947601,2.463379,-1.675781,"use FBX extents X=5.988, Y=6.956, Z=20.336 * scale"
B_WNG_A_R,TITAN HEAVY BOOSTER (R),Corvette,Wings,B_WNG_A_R,B_WNG_A,,prop/detail or unclassified,models/corvette/B_WNG_A_R.fbx,5.98761,6.956055,20.335938,-2.947601,2.463379,-1.675781,"use FBX extents X=5.988, Y=6.956, Z=20.336 * scale"
B_WNG_B,THUNDERBIRD LANDING THRUSTERS,Corvette,Wings,B_WNG_B,,,prop/detail or unclassified,models/corvette/B_WNG_B.fbx,4.105104,7.037109,11.765625,1.824402,3.549805,0.0,"use FBX extents X=4.105, Y=7.037, Z=11.766 * scale"
B_WNG_B_R,THUNDERBIRD LANDING THRUSTERS (R),Corvette,Wings,B_WNG_B_R,B_WNG_B,,prop/detail or unclassified,models/corvette/B_WNG_B_R.fbx,4.105103,7.037109,11.765625,-1.824401,3.549805,0.0,"use FBX extents X=4.105, Y=7.037, Z=11.766 * scale"
B_WNG_C,AMBASSADOR HEAVY BOOSTER,Corvette,Wings,B_WNG_C,,,prop/detail or unclassified,models/corvette/B_WNG_C.fbx,9.960938,5.445312,22.6875,4.980469,0.640625,2.320312,"use FBX extents X=9.961, Y=5.445, Z=22.688 * scale"
B_WNG_C_R,AMBASSADOR HEAVY BOOSTER (R),Corvette,Wings,B_WNG_C_R,B_WNG_C,,prop/detail or unclassified,models/corvette/B_WNG_C_R.fbx,9.960938,5.445312,22.6875,-4.980469,0.640625,2.320312,"use FBX extents X=9.961, Y=5.445, Z=22.688 * scale"
B_WNG_D,THUNDERBIRD HEAVY BOOSTER,Corvette,Wings,B_WNG_D,,,prop/detail or unclassified,models/corvette/B_WNG_D.fbx,8.710938,6.064453,16.308594,4.355469,0.59668,-0.251953,"use FBX extents X=8.711, Y=6.064, Z=16.309 * scale"
B_WNG_D_R,THUNDERBIRD HEAVY BOOSTER (R),Corvette,Wings,B_WNG_D_R,B_WNG_D,,prop/detail or unclassified,models/corvette/B_WNG_D_R.fbx,8.710938,6.064453,16.308594,-4.355469,0.59668,-0.251953,"use FBX extents X=8.711, Y=6.064, Z=16.309 * scale"
B_WNG_E,OSPREY WING MODULE (E),Corvette,Wings,B_WNG_E,,,prop/detail or unclassified,models/corvette/B_WNG_E.fbx,6.0,3.0,11.296875,3.0,0.0,0.0,"use FBX extents X=6.000, Y=3.000, Z=11.297 * scale"
B_WNG_E_R,OSPREY WING MODULE (R),Corvette,Wings,B_WNG_E_R,B_WNG_E,,prop/detail or unclassified,models/corvette/B_WNG_E_R.fbx,6.0,3.0,11.296875,-3.0,0.0,0.0,"use FBX extents X=6.000, Y=3.000, Z=11.297 * scale"
B_WNG_F,AMBASSADOR SUBLIGHT THRUSTER,Corvette,Wings,B_WNG_F,,,light/accent,models/corvette/B_WNG_F.fbx,5.8125,5.189941,14.121094,2.90625,2.135498,0.900391,"use FBX extents X=5.812, Y=5.190, Z=14.121 * scale"
B_WNG_F_R,AMBASSADOR SUBLIGHT THRUSTER (R),Corvette,Wings,B_WNG_F_R,B_WNG_F,,light/accent,models/corvette/B_WNG_F_R.fbx,5.8125,5.189941,14.121094,-2.90625,2.135498,0.900391,"use FBX extents X=5.812, Y=5.190, Z=14.121 * scale"
B_WNG_G,TITAN WING MODULE,Corvette,Wings,B_WNG_G,,,prop/detail or unclassified,models/corvette/B_WNG_G.fbx,6.0,3.013672,11.40625,3.0,0.0,0.0,"use FBX extents X=6.000, Y=3.014, Z=11.406 * scale"
B_WNG_G_R,TITAN WING MODULE (R),Corvette,Wings,B_WNG_G_R,B_WNG_G,,prop/detail or unclassified,models/corvette/B_WNG_G_R.fbx,6.0,3.013672,11.406251,-3.0,0.0,0.0,"use FBX extents X=6.000, Y=3.014, Z=11.406 * scale"
B_WNG_H,TITAN SUBLIGHT THRUSTER,Corvette,Wings,B_WNG_H,,,light/accent,models/corvette/B_WNG_H.fbx,6.0,2.992188,9.626953,3.0,0.0,0.881836,"use FBX extents X=6.000, Y=2.992, Z=9.627 * scale"
B_WNG_H_R,TITAN SUBLIGHT THRUSTER (R),Corvette,Wings,B_WNG_H_R,B_WNG_H,,light/accent,models/corvette/B_WNG_H_R.fbx,6.0,2.992188,9.626953,-3.0,0.0,0.881836,"use FBX extents X=6.000, Y=2.992, Z=9.627 * scale"
B_WNG_I,ARCADIA S-FOIL,Corvette,Wings,B_WNG_I,,,prop/detail or unclassified,models/corvette/B_WNG_I.fbx,5.639784,4.981445,10.597656,2.816827,1.407715,-0.630859,"use FBX extents X=5.640, Y=4.981, Z=10.598 * scale"
B_WNG_I_R,ARCADIA S-FOIL (R),Corvette,Wings,B_WNG_I_R,B_WNG_I,,prop/detail or unclassified,models/corvette/B_WNG_I_R.fbx,5.639784,4.981445,10.597656,-2.816827,1.407715,-0.630859,"use FBX extents X=5.640, Y=4.981, Z=10.598 * scale"
B_WNG_J,ARCADIA WING MODULE,Corvette,Wings,B_WNG_J,,,prop/detail or unclassified,models/corvette/B_WNG_J.fbx,6.59374,5.265625,16.902344,3.29688,0.0,-1.501953,"use FBX extents X=6.594, Y=5.266, Z=16.902 * scale"
B_WNG_J_R,ARCADIA WING MODULE (R),Corvette,Wings,B_WNG_J_R,B_WNG_J,,prop/detail or unclassified,models/corvette/B_WNG_J_R.fbx,6.59374,5.265625,16.902344,-3.29688,0.0,-1.501953,"use FBX extents X=6.594, Y=5.266, Z=16.902 * scale"
B_WNG_K,ARCADIA AEROFOIL,Corvette,Wings,B_WNG_K,,,prop/detail or unclassified,models/corvette/B_WNG_K.fbx,3.972656,6.320312,12.398438,1.986328,0.0,0.0,"use FBX extents X=3.973, Y=6.320, Z=12.398 * scale"
B_WNG_K_R,ARCADIA AEROFOIL (R),Corvette,Wings,B_WNG_K_R,B_WNG_K,,prop/detail or unclassified,models/corvette/B_WNG_K_R.fbx,3.972656,6.320312,12.398438,-1.986328,0.0,0.0,"use FBX extents X=3.973, Y=6.320, Z=12.398 * scale"
B_WNG_L,ARCADIA SUBLIGHT THRUSTER,Corvette,Wings,B_WNG_L,,,light/accent,models/corvette/B_WNG_L.fbx,7.205414,4.675781,10.871094,3.651199,0.902344,-4.041016,"use FBX extents X=7.205, Y=4.676, Z=10.871 * scale"
B_WNG_L_R,ARCADIA SUBLIGHT THRUSTER (R),Corvette,Wings,B_WNG_L_R,B_WNG_L,,light/accent,models/corvette/B_WNG_L_R.fbx,7.205414,4.675781,10.871094,-3.651199,0.902344,-4.041016,"use FBX extents X=7.205, Y=4.676, Z=10.871 * scale"
B_WNG_M,AMBASSADOR WING MODULE,Corvette,Wings,B_WNG_M,,,prop/detail or unclassified,models/corvette/B_WNG_M.fbx,4.333496,4.398438,8.517578,1.938721,0.494141,0.288086,"use FBX extents X=4.333, Y=4.398, Z=8.518 * scale"
B_WNG_M_R,AMBASSADOR WING MODULE (R),Corvette,Wings,B_WNG_M_R,B_WNG_M,,prop/detail or unclassified,models/corvette/B_WNG_M_R.fbx,4.333496,4.398438,8.517578,-1.938721,0.494141,0.288086,"use FBX extents X=4.333, Y=4.398, Z=8.518 * scale"
B_WNG_N,ARCADIA HEAVY BOOSTER (N),Corvette,Wings,B_WNG_N,,,prop/detail or unclassified,models/corvette/B_WNG_N.fbx,5.324081,8.667969,18.15625,2.650459,0.001953,3.078125,"use FBX extents X=5.324, Y=8.668, Z=18.156 * scale"
B_WNG_N_R,ARCADIA HEAVY BOOSTER (R),Corvette,Wings,B_WNG_N_R,B_WNG_N,,prop/detail or unclassified,models/corvette/B_WNG_N_R.fbx,5.324081,8.65625,18.152344,-2.650459,0.0,3.080078,"use FBX extents X=5.324, Y=8.656, Z=18.152 * scale"
B_WNG_O_0,ROCKHOPPER WING MODULE,Corvette,Wings,B_WNG_O_0,,,prop/detail or unclassified,models/corvette/B_WNG_O_0.fbx,8.437813,5.020508,12.300781,4.226406,-1.026855,0.048828,"use FBX extents X=8.438, Y=5.021, Z=12.301 * scale"
B_WNG_O_0_R,ROCKHOPPER WING MODULE (R),Corvette,Wings,B_WNG_O_0_R,B_WNG_O_0,,prop/detail or unclassified,models/corvette/B_WNG_O_0_R.fbx,8.438171,5.016602,12.300781,-4.226227,-1.024902,0.048828,"use FBX extents X=8.438, Y=5.017, Z=12.301 * scale"
B_WNG_O_1,ROCKHOPPER PROPELLER MODULE,Corvette,Wings,B_WNG_O_1,,,prop/detail or unclassified,models/corvette/B_WNG_O_1.fbx,8.438725,4.955078,6.222656,4.22595,-1.055664,0.0,"use FBX extents X=8.439, Y=4.955, Z=6.223 * scale"
B_WNG_O_1_R,ROCKHOPPER PROPELLER MODULE (R),Corvette,Wings,B_WNG_O_1_R,B_WNG_O_1,,prop/detail or unclassified,models/corvette/B_WNG_O_1_R.fbx,8.437447,4.955078,6.222656,-4.226589,-1.055664,0.0,"use FBX extents X=8.437, Y=4.955, Z=6.223 * scale"
B_WNG_O_2,ROCKHOPPER FIN MODULE,Corvette,Wings,B_WNG_O_2,,,prop/detail or unclassified,models/corvette/B_WNG_O_2.fbx,5.633953,3.518555,6.378906,2.823648,-0.275879,-0.085938,"use FBX extents X=5.634, Y=3.519, Z=6.379 * scale"
B_WNG_O_2_R,ROCKHOPPER FIN MODULE (R),Corvette,Wings,B_WNG_O_2_R,B_WNG_O_2,,prop/detail or unclassified,models/corvette/B_WNG_O_2_R.fbx,5.633953,3.518555,6.378906,-2.823648,-0.275879,-0.085938,"use FBX extents X=5.634, Y=3.519, Z=6.379 * scale"
B_WNG_P,AERON DRIVE,Corvette,Wings,B_WNG_P,,,prop/detail or unclassified,models/corvette/B_WNG_P.fbx,5.107971,5.867188,13.777344,2.582733,0.0,-4.697266,"use FBX extents X=5.108, Y=5.867, Z=13.777 * scale"
B_WNG_P_B,AERON DRIVE,Corvette,Wings,B_WNG_P_B,B_WNG_P,,prop/detail or unclassified,models/corvette/B_WNG_P_B.fbx,5.867188,5.107971,13.777344,0.0,-2.582733,-4.697266,"use FBX extents X=5.867, Y=5.108, Z=13.777 * scale"
B_WNG_P_R,AERON DRIVE (R),Corvette,Wings,B_WNG_P_R,B_WNG_P,,prop/detail or unclassified,models/corvette/B_WNG_P_R.fbx,5.107971,5.867188,13.777344,-2.582733,0.0,-4.697266,"use FBX extents X=5.108, Y=5.867, Z=13.777 * scale"
B_WNG_P_T,AERON DRIVE,Corvette,Wings,B_WNG_P_T,B_WNG_P,,prop/detail or unclassified,models/corvette/B_WNG_P_T.fbx,5.867188,5.107971,13.777344,0.0,2.582733,-4.697266,"use FBX extents X=5.867, Y=5.108, Z=13.777 * scale"
B_WNG_Q,WINGS OF AERON,Corvette,Wings,B_WNG_Q,,,prop/detail or unclassified,models/corvette/B_WNG_Q.fbx,13.268021,9.0625,25.984375,6.655052,0.0,0.765625,"use FBX extents X=13.268, Y=9.062, Z=25.984 * scale"
B_WNG_Q_R,WINGS OF AERON (R),Corvette,Wings,B_WNG_Q_R,B_WNG_Q,,prop/detail or unclassified,models/corvette/B_WNG_Q_R.fbx,13.276321,9.0625,25.984375,-6.658714,0.0,0.765625,"use FBX extents X=13.276, Y=9.062, Z=25.984 * scale"
B_WNG_R,AERON BLADE (R),Corvette,Wings,B_WNG_R,,,prop/detail or unclassified,models/corvette/B_WNG_R.fbx,7.796421,2.495117,27.164062,3.890852,0.169434,0.738281,"use FBX extents X=7.796, Y=2.495, Z=27.164 * scale"
B_WNG_R_B,AERON BLADE,Corvette,Wings,B_WNG_R_B,B_WNG_R,,prop/detail or unclassified,models/corvette/B_WNG_R_B.fbx,2.495117,7.796421,27.164062,0.229004,-3.890852,0.738281,"use FBX extents X=2.495, Y=7.796, Z=27.164 * scale"
B_WNG_R_R,AERON BLADE (R),Corvette,Wings,B_WNG_R_R,B_WNG_R,,prop/detail or unclassified,models/corvette/B_WNG_R_R.fbx,7.796421,2.495117,27.164062,-3.890852,0.169434,0.738281,"use FBX extents X=7.796, Y=2.495, Z=27.164 * scale"
B_WNG_R_T,AERON BLADE,Corvette,Wings,B_WNG_R_T,B_WNG_R,,prop/detail or unclassified,models/corvette/B_WNG_R_T.fbx,2.495117,7.796421,27.164062,0.229004,-3.890852,0.738281,"use FBX extents X=2.495, Y=7.796, Z=27.164 * scale"
