ModelName,FBXPath,fbx_version,vertex_count,mesh_arrays,min_x,max_x,extent_x,center_x,min_y,max_y,extent_y,center_y,min_z,max_z,extent_z,center_z,error
BUILDANTIMATTER,models/advanced_technology/BUILDANTIMATTER.fbx,7400,214,1,-1.950001,1.95,3.900001,-0.0,-0.100261,3.377296,3.477557,1.638517,-1.950001,1.95,3.900001,-0.0,
BUILDGASHARVEST,models/advanced_technology/BUILDGASHARVEST.fbx,7400,126,1,-0.74,0.74,1.48,0.0,0.001798,3.013038,3.01124,1.507418,-0.932719,1.204669,2.137388,0.135975,
BUILDHARVESTER,models/advanced_technology/BUILDHARVESTER.fbx,7400,170,1,-1.139772,1.139772,2.279544,0.0,-0.258341,3.029679,3.28802,1.385669,-1.04194,1.04194,2.08388,0.0,
BUILDLANDINGPAD,models/advanced_technology/BUILDLANDINGPAD.fbx,7400,1538,1,-18.002377,18.002377,36.004753,0.0,-1.057768,3.119487,4.177255,1.03086,-18.002377,18.002377,36.004753,0.0,
BUILD_REFINER2,models/advanced_technology/BUILD_REFINER2.fbx,7400,412,1,-1.0,1.0,2.0,0.0,-0.000523,2.368466,2.368989,1.183971,-1.0,1.0,2.0,0.0,
BUILD_REFINER3,models/advanced_technology/BUILD_REFINER3.fbx,7400,376,1,-1.691259,1.691259,3.382518,0.0,-0.004652,2.809734,2.814386,1.402541,-1.046804,1.32263,2.369434,0.137913,
BYTEBEAT,models/advanced_technology/BYTEBEAT.fbx,7400,216,1,-0.759367,0.759367,1.518734,0.0,-0.000184,1.699397,1.699581,0.849606,-0.604652,0.398927,1.003579,-0.102862,
DRESSING_TABLE,models/advanced_technology/DRESSING_TABLE.fbx,7400,282,1,-2.105561,2.10556,4.211121,-0.0,0.000281,3.942488,3.942207,1.971384,-2.105561,2.10556,4.211121,-0.0,
GAMETABLE,models/advanced_technology/GAMETABLE.fbx,7400,16999,1,-1.694336,1.694336,3.388672,0.0,-0.000668,1.207031,1.207699,0.603182,-1.694336,1.694336,3.388672,0.0,
HEALTHSTATION,models/advanced_technology/HEALTHSTATION.fbx,7400,124,1,-0.487289,0.532483,1.019772,0.022597,-0.002519,0.460478,0.462997,0.22898,-0.589315,0.544658,1.133973,-0.022328,
HOLO_DISCO_0,models/advanced_technology/HOLO_DISCO_0.fbx,7400,2209,1,-0.206783,0.211919,0.418701,0.002568,-0.001401,0.422238,0.423639,0.210418,-0.211864,0.209889,0.421753,-0.000988,
L_FLOOR_Q,models/advanced_technology/L_FLOOR_Q.fbx,7400,56,1,-1.329886,1.32317,2.653056,-0.003358,-0.401467,0.20497,0.606437,-0.098248,-1.33846,1.332155,2.670615,-0.003152,
MESSAGEMODULE,models/advanced_technology/MESSAGEMODULE.fbx,7400,446,1,-0.328,0.328,0.656,0.0,-0.022391,0.96217,0.984561,0.46989,-0.26,0.26,0.52,0.0,
SHIELDSTATION,models/advanced_technology/SHIELDSTATION.fbx,7400,140,1,-0.311216,0.311216,0.622432,0.0,0.000373,0.430971,0.430598,0.215672,-0.602565,0.507995,1.11056,-0.047285,
S_LANDINGZONE,models/advanced_technology/S_LANDINGZONE.fbx,7400,1495,1,-8.046875,8.109375,16.15625,0.03125,0.215697,1.740982,1.525285,0.97834,-9.242188,9.132812,18.375,-0.054688,
TELEPORTER,models/advanced_technology/TELEPORTER.fbx,7400,520,1,-2.0,2.000001,4.000001,0.0,-0.017631,3.584327,3.601958,1.783348,-2.0,1.618035,3.618035,-0.190983,
U_MINIPORTAL,models/advanced_technology/U_MINIPORTAL.fbx,7400,287,1,-1.0,1.0,2.0,0.0,0.0,5.441512,5.441512,2.720756,-1.540539,1.0,2.540539,-0.27027,
U_MINIPORTAL_CV,models/advanced_technology/U_MINIPORTAL_CV.fbx,7400,16335,1,-1.425781,1.425781,2.851562,0.0,-0.006943,3.636719,3.643661,1.814888,-1.460938,1.460938,2.921875,0.0,
F_ARCH,models/alloy_structures/F_ARCH.fbx,7400,340,1,-3.0,3.0,6.0,0.0,0.0,3.431604,3.431604,1.715802,-0.407011,0.404354,0.811365,-0.001328,
F_ARCH_H,models/alloy_structures/F_ARCH_H.fbx,7400,174,1,-1.364009,1.339844,2.703853,-0.012083,0.0,3.431604,3.431604,1.715802,-0.407011,0.404354,0.811365,-0.001328,
F_CHEV_DOOR,models/alloy_structures/F_CHEV_DOOR.fbx,7400,384,1,-2.677777,2.677777,5.355554,0.0,0.0,3.431604,3.431604,1.715802,-0.578588,0.751148,1.329736,0.08628,
F_CHEV_WALL,models/alloy_structures/F_CHEV_WALL.fbx,7400,118,1,-2.687955,2.677777,5.365732,-0.005089,0.0,3.431604,3.431604,1.715802,-0.407011,0.751148,1.158159,0.172068,
F_CHEV_WALL_H_C,models/alloy_structures/F_CHEV_WALL_H_C.fbx,7400,36,1,-0.625977,-0.048523,0.577454,-0.33725,0.054596,3.28125,3.226654,1.667923,0.048523,0.625977,0.577454,0.33725,
F_CHEV_WIN0,models/alloy_structures/F_CHEV_WIN0.fbx,7400,368,1,-2.943392,2.677777,5.621169,-0.132807,0.0,3.431604,3.431604,1.715802,-0.751148,0.751148,1.502296,0.0,
F_CHEV_WIN1,models/alloy_structures/F_CHEV_WIN1.fbx,7400,186,1,-2.687955,2.677777,5.365732,-0.005089,0.0,3.431604,3.431604,1.715802,-0.407011,0.751148,1.158159,0.172068,
F_CHEV_WIN2,models/alloy_structures/F_CHEV_WIN2.fbx,7400,154,1,-2.687955,2.677777,5.365732,-0.005089,0.0,3.431604,3.431604,1.715802,-0.407011,0.751148,1.158159,0.172068,
F_DOOR,models/alloy_structures/F_DOOR.fbx,7400,379,1,-3.016144,3.016144,6.032288,0.0,0.0,3.431604,3.431604,1.715802,-0.407011,0.404354,0.811365,-0.001328,
F_DOOR1,models/alloy_structures/F_DOOR1.fbx,7400,343,1,-3.016144,3.016144,6.032288,0.0,0.0,3.431604,3.431604,1.715802,-0.407011,0.404354,0.811365,-0.001328,
F_DOORWINDOW,models/alloy_structures/F_DOORWINDOW.fbx,7400,418,1,-2.677778,2.677777,5.355555,-0.0,0.0,3.431604,3.431604,1.715802,-0.751148,0.751148,1.502296,0.0,
F_DOOR_H,models/alloy_structures/F_DOOR_H.fbx,7400,379,1,-1.681626,1.664407,3.346033,-0.008609,0.0,3.431604,3.431604,1.715802,-0.407011,0.404354,0.811365,-0.001328,
F_FLOOR,models/alloy_structures/F_FLOOR.fbx,7400,56,1,-2.662381,2.662381,5.324762,0.0,-0.152778,0.152778,0.305556,0.0,-2.690406,2.690406,5.380812,0.0,
F_FLOOR_Q,models/alloy_structures/F_FLOOR_Q.fbx,7400,56,1,-1.319444,1.319444,2.638888,0.0,-0.152778,0.152778,0.305556,0.0,-1.333333,1.333333,2.666666,0.0,
F_GDOOR,models/alloy_structures/F_GDOOR.fbx,7400,392,1,-2.130543,2.122687,4.25323,-0.003928,0.024336,2.929822,2.905486,1.477079,-0.121277,0.187867,0.309144,0.033295,
F_GFLOOR,models/alloy_structures/F_GFLOOR.fbx,7400,104,1,-2.662381,2.662381,5.324762,0.0,-0.155843,0.155843,0.311686,0.0,-2.690406,2.690406,5.380812,0.0,
F_RAMP,models/alloy_structures/F_RAMP.fbx,7400,176,1,-2.666016,2.666016,5.332032,0.0,0.0,3.460937,3.460937,1.730469,-2.666016,2.686711,5.352727,0.010347,
F_RAMP_H,models/alloy_structures/F_RAMP_H.fbx,7400,176,1,-1.328942,1.338819,2.667761,0.004939,0.0,3.460937,3.460937,1.730469,-2.666016,2.686711,5.352727,0.010347,
F_RAMP_Q_TOP,models/alloy_structures/F_RAMP_Q_TOP.fbx,7400,64,1,-1.328942,1.338819,2.667761,0.004939,-1.026367,0.160916,1.187283,-0.432725,-1.334951,1.33309,2.668041,-0.000931,
F_ROOF0,models/alloy_structures/F_ROOF0.fbx,7400,256,1,-3.246531,3.246531,6.493062,0.0,0.001285,2.961596,2.960311,1.481441,-3.265779,3.265779,6.531558,0.0,
F_ROOF1,models/alloy_structures/F_ROOF1.fbx,7400,88,1,-3.09375,3.09375,6.1875,0.0,0.012767,1.782787,1.77002,0.897777,-3.09375,3.09375,6.1875,0.0,
F_ROOF2,models/alloy_structures/F_ROOF2.fbx,7400,208,1,-3.0,3.0,6.0,0.0,0.0,3.356583,3.356583,1.678292,-3.0,3.961211,6.961211,0.480605,
F_ROOF3,models/alloy_structures/F_ROOF3.fbx,7400,144,1,-3.255,3.255,6.51,0.0,0.0,2.240234,2.240234,1.120117,-3.255,3.255,6.51,0.0,
F_ROOF4,models/alloy_structures/F_ROOF4.fbx,7400,8,1,-3.062752,2.81967,5.882422,-0.121541,1.939126,4.764187,2.825061,3.351656,-2.828776,3.035984,5.86476,0.103604,
F_ROOF5,models/alloy_structures/F_ROOF5.fbx,7400,72,1,-3.053569,3.053569,6.107138,0.0,0.0,0.475878,0.475878,0.237939,-3.053569,3.053569,6.107138,0.0,
F_ROOF6,models/alloy_structures/F_ROOF6.fbx,7400,296,1,-3.053569,3.053569,6.107138,0.0,0.0,5.718288,5.718288,2.859144,-3.147268,3.13528,6.282548,-0.005994,
F_ROOF7,models/alloy_structures/F_ROOF7.fbx,7400,200,1,-3.053569,3.053569,6.107138,0.0,0.0,1.07989,1.07989,0.539945,-3.053569,3.053569,6.107138,0.0,
F_ROOF8,models/alloy_structures/F_ROOF8.fbx,7400,136,1,-3.053569,3.053569,6.107138,0.0,0.0,4.933677,4.933677,2.466839,-3.053569,3.053569,6.107138,0.0,
F_ROOF_C,models/alloy_structures/F_ROOF_C.fbx,7400,54,1,-2.668264,2.664062,5.332326,-0.002101,0.0,3.349434,3.349434,1.674717,-2.662109,2.667633,5.329742,0.002762,
F_ROOF_E_CAP,models/alloy_structures/F_ROOF_E_CAP.fbx,7400,214,1,-0.588889,0.588889,1.177778,0.0,0.0,1.45665,1.45665,0.728325,-3.123047,3.123047,6.246094,0.0,
F_ROOF_E_Q,models/alloy_structures/F_ROOF_E_Q.fbx,7400,60,1,-0.238068,0.248545,0.486613,0.005239,0.0,3.095584,3.095584,1.547792,-1.333008,1.331055,2.664063,-0.000977,
F_ROOF_IC,models/alloy_structures/F_ROOF_IC.fbx,7400,54,1,-2.667633,2.662109,5.329742,-0.002762,-0.004036,3.345398,3.349434,1.670681,-2.664062,2.668264,5.332326,0.002101,
F_ROOF_M,models/alloy_structures/F_ROOF_M.fbx,7400,72,1,-2.660662,2.660662,5.321324,0.0,0.0,3.297463,3.297463,1.648731,-2.699748,2.668909,5.368657,-0.015419,
F_ROOF_M_CAP,models/alloy_structures/F_ROOF_M_CAP.fbx,7400,84,1,-2.759783,2.759783,5.519566,0.0,0.0,1.626953,1.626953,0.813477,-3.0,3.0,6.0,0.0,
F_ROOF_M_Q,models/alloy_structures/F_ROOF_M_Q.fbx,7400,112,1,-2.677315,2.677315,5.35463,0.0,0.0,3.449012,3.449012,1.724506,-1.614489,1.333763,2.948252,-0.140363,
F_ROOF_M_WIN,models/alloy_structures/F_ROOF_M_WIN.fbx,7400,2689,1,-3.060547,3.060547,6.121094,0.0,-0.126221,5.023438,5.149658,2.448608,-3.060547,3.060547,6.121094,0.0,
F_TRIFLOOR,models/alloy_structures/F_TRIFLOOR.fbx,7400,56,1,-3.08,1.54,4.62,-0.77,-0.171047,0.171047,0.342094,0.0,-2.667358,2.667358,5.334716,0.0,
F_TRIFLOOR_Q,models/alloy_structures/F_TRIFLOOR_Q.fbx,7400,56,1,-1.54,0.77,2.31,-0.385,-0.171047,0.171047,0.342094,0.0,-1.333679,1.333679,2.667358,0.0,
F_WALL,models/alloy_structures/F_WALL.fbx,7400,279,1,-3.016144,3.016144,6.032288,0.0,0.0,3.431604,3.431604,1.715802,-0.407011,0.404354,0.811365,-0.001328,
F_WALLDIAGONAL,models/alloy_structures/F_WALLDIAGONAL.fbx,7400,279,1,-2.723052,3.016144,5.739196,0.146546,0.0,3.431604,3.431604,1.715802,-0.407011,0.404354,0.811365,-0.001328,
F_WALL_H,models/alloy_structures/F_WALL_H.fbx,7400,279,1,-1.708168,1.677114,3.385282,-0.015527,0.0,3.431604,3.431604,1.715802,-0.407011,0.404354,0.811365,-0.001328,
F_WALL_Q,models/alloy_structures/F_WALL_Q.fbx,7400,92,1,-2.91024,2.915287,5.825527,0.002524,-0.0,0.874023,0.874023,0.437012,-0.255556,0.255556,0.511112,0.0,
F_WALL_Q1,models/alloy_structures/F_WALL_Q1.fbx,7400,32,1,-2.65,2.65,5.3,0.0,-0.0,0.874023,0.874023,0.437012,-0.255556,0.255556,0.511112,0.0,
F_WALL_Q_H,models/alloy_structures/F_WALL_Q_H.fbx,7400,56,1,-1.340464,1.340464,2.680928,0.0,-0.0,0.874023,0.874023,0.437012,-0.255556,0.255556,0.511112,0.0,
F_WALL_Q_H1,models/alloy_structures/F_WALL_Q_H1.fbx,7400,56,1,-1.340464,1.340464,2.680928,0.0,-0.0,0.874023,0.874023,0.437012,-0.255556,0.255556,0.511112,0.0,
F_WALL_WIN,models/alloy_structures/F_WALL_WIN.fbx,7400,368,1,-2.677778,2.677777,5.355555,-0.0,0.0,3.431604,3.431604,1.715802,-0.751148,0.751148,1.502296,0.0,
F_WALL_WIN1,models/alloy_structures/F_WALL_WIN1.fbx,7400,349,1,-2.687842,2.677777,5.365619,-0.005032,0.0,3.431604,3.431604,1.715802,-0.751148,0.751148,1.502296,0.0,
F_WALL_WIN2,models/alloy_structures/F_WALL_WIN2.fbx,7400,289,1,-2.687842,2.677777,5.365619,-0.005032,0.0,3.431604,3.431604,1.715802,-0.751148,0.751148,1.502296,0.0,
F_WALL_WIN3,models/alloy_structures/F_WALL_WIN3.fbx,7400,281,1,-2.687842,2.677777,5.365619,-0.005032,0.0,3.431604,3.431604,1.715802,-0.751148,0.751148,1.502296,0.0,
F_WALL_WINDOW,models/alloy_structures/F_WALL_WINDOW.fbx,7400,314,1,-2.983274,2.983274,5.966548,0.0,0.0,3.431604,3.431604,1.715802,-0.350536,0.350536,0.701072,0.0,
B_ARCH,models/builder_structures/B_ARCH.fbx,7400,1281,1,-2.669922,2.662109,5.332031,-0.003906,0.007664,3.523438,3.515774,1.765551,-0.570312,0.570312,1.140625,0.0,
B_ARCHB,models/builder_structures/B_ARCHB.fbx,7400,1281,1,-2.669922,2.662109,5.332031,-0.003906,0.007664,3.523438,3.515774,1.765551,-0.570312,0.570312,1.140625,0.0,
B_ARCHB_H,models/builder_structures/B_ARCHB_H.fbx,7400,425,1,-1.373047,1.338867,2.711914,-0.01709,0.001875,3.283203,3.281328,1.642539,-0.464844,0.464844,0.929688,0.0,
B_ARCHM,models/builder_structures/B_ARCHM.fbx,7400,1413,1,-2.669922,2.662109,5.332031,-0.003906,0.007664,3.523438,3.515774,1.765551,-0.570312,0.570312,1.140625,0.0,
B_ARCHM_H,models/builder_structures/B_ARCHM_H.fbx,7400,425,1,-1.373047,1.338867,2.711914,-0.01709,0.001875,3.283203,3.281328,1.642539,-0.464844,0.464844,0.929688,0.0,
B_ARCHT,models/builder_structures/B_ARCHT.fbx,7400,5082,1,-3.070312,2.806641,5.876953,-0.131836,-0.321045,3.730469,4.051514,1.704712,-0.729492,0.994141,1.723633,0.132324,
B_ARCHT_H,models/builder_structures/B_ARCHT_H.fbx,7400,425,1,-1.373047,1.338867,2.711914,-0.01709,0.001875,3.283203,3.281328,1.642539,-0.464844,0.464844,0.929688,0.0,
B_ARCH_H,models/builder_structures/B_ARCH_H.fbx,7400,425,1,-1.373047,1.338867,2.711914,-0.01709,0.001875,3.283203,3.281328,1.642539,-0.464844,0.464844,0.929688,0.0,
B_CHEV_DOOR,models/builder_structures/B_CHEV_DOOR.fbx,7400,1014,1,-2.773438,2.779297,5.552734,0.00293,-0.000549,3.675781,3.676331,1.837616,-0.710449,0.827637,1.538086,0.058594,
B_CHEV_WALL,models/builder_structures/B_CHEV_WALL.fbx,7400,822,1,-2.773438,2.779297,5.552734,0.00293,-0.000549,3.675781,3.676331,1.837616,-0.710449,0.827637,1.538086,0.058594,
B_CHEV_WALL_H_C,models/builder_structures/B_CHEV_WALL_H_C.fbx,7400,284,1,-0.193604,0.487061,0.680664,0.146729,0.0,3.332031,3.332031,1.666016,-0.193604,0.487061,0.680664,0.146729,
B_CHEV_WIN0,models/builder_structures/B_CHEV_WIN0.fbx,7400,1429,1,-2.773438,2.779297,5.552734,0.00293,-0.000549,3.675781,3.676331,1.837616,-0.710449,0.827637,1.538086,0.058594,
B_CHEV_WIN1,models/builder_structures/B_CHEV_WIN1.fbx,7400,1125,1,-2.773438,2.779297,5.552734,0.00293,-0.000549,3.675781,3.676331,1.837616,-0.710449,0.827637,1.538086,0.058594,
B_CHEV_WIN2,models/builder_structures/B_CHEV_WIN2.fbx,7400,1123,1,-2.773438,2.779297,5.552734,0.00293,-0.000549,3.675781,3.676331,1.837616,-0.710449,0.827637,1.538086,0.058594,
B_DOOR,models/builder_structures/B_DOOR.fbx,7400,818,1,-2.714844,2.714844,5.429688,0.0,-0.000549,3.373047,3.373596,1.686249,-0.424561,0.408203,0.832764,-0.008179,
B_DOOR1,models/builder_structures/B_DOOR1.fbx,7400,714,1,-2.714844,2.714844,5.429688,0.0,-0.000549,3.373047,3.373596,1.686249,-0.424561,0.408203,0.832764,-0.008179,
B_DOORB0,models/builder_structures/B_DOORB0.fbx,7400,818,1,-2.714844,2.714844,5.429688,0.0,-0.000549,3.373047,3.373596,1.686249,-0.424561,0.408203,0.832764,-0.008179,
B_DOORB0_H,models/builder_structures/B_DOORB0_H.fbx,7400,718,1,-1.518555,1.519531,3.038086,0.000488,-0.004025,3.373047,3.377071,1.684511,-0.424561,0.408203,0.832764,-0.008179,
B_DOORB1,models/builder_structures/B_DOORB1.fbx,7400,818,1,-2.714844,2.714844,5.429688,0.0,-0.000549,3.373047,3.373596,1.686249,-0.424561,0.408203,0.832764,-0.008179,
B_DOORM0,models/builder_structures/B_DOORM0.fbx,7400,714,1,-2.714844,2.714844,5.429688,0.0,-0.000549,3.373047,3.373596,1.686249,-0.424561,0.408203,0.832764,-0.008179,
B_DOORM0_H,models/builder_structures/B_DOORM0_H.fbx,7400,718,1,-1.518555,1.519531,3.038086,0.000488,-0.004025,3.373047,3.377071,1.684511,-0.424561,0.408203,0.832764,-0.008179,
B_DOORM1,models/builder_structures/B_DOORM1.fbx,7400,714,1,-2.714844,2.714844,5.429688,0.0,-0.000549,3.373047,3.373596,1.686249,-0.424561,0.408203,0.832764,-0.008179,
B_DOORT0,models/builder_structures/B_DOORT0.fbx,7400,714,1,-2.714844,2.714844,5.429688,0.0,-0.000549,3.373047,3.373596,1.686249,-0.424561,0.408203,0.832764,-0.008179,
B_DOORT0_H,models/builder_structures/B_DOORT0_H.fbx,7400,718,1,-1.518555,1.519531,3.038086,0.000488,-0.004025,3.373047,3.377071,1.684511,-0.424561,0.408203,0.832764,-0.008179,
B_DOORT1,models/builder_structures/B_DOORT1.fbx,7400,714,1,-2.714844,2.714844,5.429688,0.0,-0.000549,3.373047,3.373596,1.686249,-0.424561,0.408203,0.832764,-0.008179,
B_DOORWINB0,models/builder_structures/B_DOORWINB0.fbx,7400,1228,1,-2.691406,2.683594,5.375,-0.003906,-0.000549,3.373047,3.373596,1.686249,-0.424561,0.408203,0.832764,-0.008179,
B_DOORWINDOW,models/builder_structures/B_DOORWINDOW.fbx,7400,1228,1,-2.691406,2.683594,5.375,-0.003906,-0.000549,3.373047,3.373596,1.686249,-0.424561,0.408203,0.832764,-0.008179,
B_DOORWINM0,models/builder_structures/B_DOORWINM0.fbx,7400,1228,1,-2.691406,2.683594,5.375,-0.003906,-0.000549,3.373047,3.373596,1.686249,-0.424561,0.408203,0.832764,-0.008179,
B_DOORWINT0,models/builder_structures/B_DOORWINT0.fbx,7400,1228,1,-2.691406,2.683594,5.375,-0.003906,-0.000549,3.373047,3.373596,1.686249,-0.424561,0.408203,0.832764,-0.008179,
B_DOOR_H,models/builder_structures/B_DOOR_H.fbx,7400,718,1,-1.518555,1.519531,3.038086,0.000488,-0.004025,3.373047,3.377071,1.684511,-0.424561,0.408203,0.832764,-0.008179,
B_FLOOR,models/builder_structures/B_FLOOR.fbx,7400,162,1,-2.666016,2.666016,5.332031,0.0,-0.16272,0.157227,0.319946,-0.002747,-2.666016,2.666016,5.332031,0.0,
B_FLOOR_Q,models/builder_structures/B_FLOOR_Q.fbx,7400,68,1,-1.333008,1.333008,2.666016,0.0,-0.16785,0.152097,0.319946,-0.007877,-1.333008,1.333333,2.666341,0.000163,
B_GDOOR,models/builder_structures/B_GDOOR.fbx,7400,711,1,-2.714844,2.714844,5.429688,0.0,-0.008652,3.373047,3.381699,1.682198,-1.524414,0.470703,1.995117,-0.526855,
B_GDOORB0,models/builder_structures/B_GDOORB0.fbx,7400,711,1,-2.714844,2.714844,5.429688,0.0,-0.008652,3.373047,3.381699,1.682198,-1.524414,0.470703,1.995117,-0.526855,
B_GDOORM0,models/builder_structures/B_GDOORM0.fbx,7400,747,1,-2.714844,2.714844,5.429688,0.0,-0.008652,3.373047,3.381699,1.682198,-1.524414,0.470703,1.995117,-0.526855,
B_GDOORT0,models/builder_structures/B_GDOORT0.fbx,7400,747,1,-2.714844,2.714844,5.429688,0.0,-0.008652,3.373047,3.381699,1.682198,-1.524414,0.470703,1.995117,-0.526855,
B_GFLOOR,models/builder_structures/B_GFLOOR.fbx,7400,376,1,-2.666016,2.666016,5.332031,0.0,-0.244385,0.260986,0.505371,0.008301,-2.666016,2.666016,5.332031,0.0,
B_RAMP,models/builder_structures/B_RAMP.fbx,7400,648,1,-2.53125,2.53125,5.0625,0.0,0.022079,3.4375,3.415421,1.72979,-2.644531,2.644531,5.289062,0.0,
B_RAMP_H,models/builder_structures/B_RAMP_H.fbx,7400,648,1,-1.333008,1.333008,2.666016,0.0,0.022079,3.4375,3.415421,1.72979,-2.644531,2.644531,5.289062,0.0,
B_RAMP_Q_TOP,models/builder_structures/B_RAMP_Q_TOP.fbx,7400,204,1,-1.333008,1.333008,2.666016,0.0,-1.026367,0.157227,1.183594,-0.43457,-1.333008,1.333008,2.666016,0.0,
B_ROOF0,models/builder_structures/B_ROOF0.fbx,7400,3722,1,-3.244231,3.244231,6.488461,0.0,-0.824196,8.84375,9.667946,4.009777,-3.244231,3.244231,6.488461,0.0,
B_ROOF1,models/builder_structures/B_ROOF1.fbx,7400,3663,1,-3.048828,3.048828,6.097656,0.0,-0.829957,5.420435,6.250391,2.295239,-3.048828,3.048828,6.097656,0.0,
B_ROOF2,models/builder_structures/B_ROOF2.fbx,7400,2020,1,-3.244231,3.244231,6.488461,0.0,-0.824196,11.703125,12.527321,5.439465,-3.244231,3.244231,6.488461,0.0,
B_ROOF3,models/builder_structures/B_ROOF3.fbx,7400,3592,1,-3.244231,3.244231,6.488461,0.0,-0.824196,7.96875,8.792946,3.572277,-3.244231,3.244231,6.488461,0.0,
B_ROOF4,models/builder_structures/B_ROOF4.fbx,7400,2093,1,-4.65625,3.244231,7.900481,-0.70601,-0.824196,4.355469,5.179665,1.765636,-3.546875,3.244231,6.791106,-0.151322,
B_ROOF5,models/builder_structures/B_ROOF5.fbx,7400,749,1,-3.244231,3.244231,6.488461,0.0,-0.824196,3.703125,4.527321,1.439465,-3.244231,3.244231,6.488461,0.0,
B_ROOF6,models/builder_structures/B_ROOF6.fbx,7400,5575,1,-3.472656,3.244231,6.716887,-0.114213,-0.824196,20.078125,20.902321,9.626965,-3.978516,3.78125,7.759766,-0.098633,
B_ROOF7,models/builder_structures/B_ROOF7.fbx,7400,12399,1,-4.480469,3.613281,8.09375,-0.433594,-0.824196,23.234375,24.058571,11.20509,-3.244231,3.751953,6.996184,0.253861,
B_ROOF8,models/builder_structures/B_ROOF8.fbx,7400,5472,1,-3.244231,3.244231,6.488461,0.0,-0.824196,13.875,14.699196,6.525402,-4.199219,3.244231,7.443449,-0.477494,
B_ROOF_C,models/builder_structures/B_ROOF_C.fbx,7400,142,1,-2.666016,2.666016,5.332031,0.0,0.002319,3.197266,3.194946,1.599792,-2.664062,2.669922,5.333984,0.00293,
B_ROOF_E_CAP,models/builder_structures/B_ROOF_E_CAP.fbx,7400,181,1,-0.527832,0.54541,1.073242,0.008789,-0.000146,1.435547,1.435693,0.7177,-3.033203,3.052734,6.085938,0.009766,
B_ROOF_E_Q,models/builder_structures/B_ROOF_E_Q.fbx,7400,134,1,-0.105896,0.12323,0.229126,0.008667,-0.0,3.535156,3.535156,1.767578,-1.527344,1.324219,2.851562,-0.101562,
B_ROOF_IC,models/builder_structures/B_ROOF_IC.fbx,7400,143,1,-2.664062,2.666016,5.330078,0.000977,0.002319,3.197266,3.194946,1.599792,-2.666016,2.664062,5.330078,-0.000977,
B_ROOF_M,models/builder_structures/B_ROOF_M.fbx,7400,52,1,-2.667969,2.664062,5.332031,-0.001953,0.002319,3.197266,3.194946,1.599792,-2.664062,2.666016,5.330078,0.000977,
B_ROOF_M_CAP,models/builder_structures/B_ROOF_M_CAP.fbx,7400,415,1,-2.666016,2.666016,5.332031,0.0,-0.052246,2.513672,2.565918,1.230713,-2.949219,3.005859,5.955078,0.02832,
B_ROOF_M_Q,models/builder_structures/B_ROOF_M_Q.fbx,7400,334,1,-2.800781,2.714844,5.515625,-0.042969,-0.0,3.535156,3.535156,1.767578,-1.527344,1.368164,2.895508,-0.07959,
B_ROOF_M_WIN,models/builder_structures/B_ROOF_M_WIN.fbx,7400,381,1,-2.642578,2.644531,5.287109,0.000977,0.011955,3.203125,3.19117,1.60754,-2.650391,2.664062,5.314453,0.006836,
B_TRIFLOOR,models/builder_structures/B_TRIFLOOR.fbx,7400,148,1,-3.078356,1.541016,4.619371,-0.76867,-0.162842,0.16272,0.325562,-6.1e-05,-2.667969,2.675781,5.34375,0.003906,
B_TRIFLOOR_Q,models/builder_structures/B_TRIFLOOR_Q.fbx,7400,118,1,-1.547852,0.769531,2.317383,-0.38916,-0.165161,0.166626,0.331787,0.000732,-1.333984,1.333984,2.667969,0.0,
B_WALL,models/builder_structures/B_WALL.fbx,7400,626,1,-2.714844,2.714844,5.429688,0.0,-0.000549,3.373047,3.373596,1.686249,-0.376709,0.376953,0.753662,0.000122,
B_WALLB,models/builder_structures/B_WALLB.fbx,7400,626,1,-2.714844,2.714844,5.429688,0.0,-0.000549,3.373047,3.373596,1.686249,-0.376709,0.376953,0.753662,0.000122,
B_WALLB_DIAGONA,models/builder_structures/B_WALLB_DIAGONA.fbx,7400,5612,1,-2.75,3.246094,5.996094,0.248047,-2.4e-05,3.427734,3.427759,1.713855,-0.422852,0.404053,0.826904,-0.009399,
B_WALLB_H,models/builder_structures/B_WALLB_H.fbx,7400,547,1,-1.518555,1.519531,3.038086,0.000488,-0.004025,3.373047,3.377071,1.684511,-0.283447,0.283447,0.566895,0.0,
B_WALLB_WIN0,models/builder_structures/B_WALLB_WIN0.fbx,7400,1233,1,-2.714844,2.714844,5.429688,0.0,-0.000549,3.373047,3.373596,1.686249,-0.376709,0.376953,0.753662,0.000122,
B_WALLB_WIN1,models/builder_structures/B_WALLB_WIN1.fbx,7400,929,1,-2.714844,2.714844,5.429688,0.0,-0.000549,3.373047,3.373596,1.686249,-0.376709,0.376953,0.753662,0.000122,
B_WALLB_WIN2,models/builder_structures/B_WALLB_WIN2.fbx,7400,927,1,-2.714844,2.714844,5.429688,0.0,-0.000549,3.373047,3.373596,1.686249,-0.376709,0.376953,0.753662,0.000122,
B_WALLB_WIN3,models/builder_structures/B_WALLB_WIN3.fbx,7400,1109,1,-2.714844,2.714844,5.429688,0.0,-0.000549,3.373047,3.373596,1.686249,-0.376709,0.376953,0.753662,0.000122,
B_WALLDIAGONAL,models/builder_structures/B_WALLDIAGONAL.fbx,7400,5612,1,-2.75,3.246094,5.996094,0.248047,-2.4e-05,3.427734,3.427759,1.713855,-0.422852,0.404053,0.826904,-0.009399,
B_WALLM,models/builder_structures/B_WALLM.fbx,7400,802,1,-2.714844,2.714844,5.429688,0.0,-0.004025,3.373047,3.377071,1.684511,-0.286133,0.286133,0.572266,0.0,
B_WALLM_DIAGONA,models/builder_structures/B_WALLM_DIAGONA.fbx,7400,3644,1,-2.75,2.988281,5.738281,0.119141,-2.4e-05,3.427734,3.427759,1.713855,-0.404053,0.404053,0.808105,0.0,
B_WALLM_H,models/builder_structures/B_WALLM_H.fbx,7400,676,1,-1.518555,1.519531,3.038086,0.000488,-0.004025,3.373047,3.377071,1.684511,-0.283447,0.283447,0.566895,0.0,
B_WALLM_WIN0,models/builder_structures/B_WALLM_WIN0.fbx,7400,2794,1,-2.714844,2.714844,5.429688,0.0,-0.004025,3.603516,3.60754,1.799746,-0.595703,0.544922,1.140625,-0.025391,
B_WALLM_WIN1,models/builder_structures/B_WALLM_WIN1.fbx,7400,2534,1,-2.714844,2.714844,5.429688,0.0,-0.004025,3.603516,3.60754,1.799746,-0.595703,0.544922,1.140625,-0.025391,
B_WALLM_WIN2,models/builder_structures/B_WALLM_WIN2.fbx,7400,2512,1,-2.714844,2.714844,5.429688,0.0,-0.004025,3.603516,3.60754,1.799746,-0.595703,0.544922,1.140625,-0.025391,
B_WALLM_WIN3,models/builder_structures/B_WALLM_WIN3.fbx,7400,2676,1,-2.714844,2.714844,5.429688,0.0,-0.004025,3.603516,3.60754,1.799746,-0.595703,0.544922,1.140625,-0.025391,
B_WALLT,models/builder_structures/B_WALLT.fbx,7400,674,1,-2.714844,2.714844,5.429688,0.0,-0.004025,3.373047,3.377071,1.684511,-0.286133,0.286133,0.572266,0.0,
B_WALLT_DIAGONA,models/builder_structures/B_WALLT_DIAGONA.fbx,7400,3644,1,-2.75,2.988281,5.738281,0.119141,-2.4e-05,3.427734,3.427759,1.713855,-0.404053,0.404053,0.808105,0.0,
B_WALLT_H,models/builder_structures/B_WALLT_H.fbx,7400,688,1,-1.518555,1.519531,3.038086,0.000488,-0.004025,3.373047,3.377071,1.684511,-0.342041,0.342041,0.684082,0.0,
B_WALLT_WIN0,models/builder_structures/B_WALLT_WIN0.fbx,7400,3081,1,-2.714844,2.714844,5.429688,0.0,-0.004025,6.0,6.004025,2.997988,-2.613281,0.532715,3.145996,-1.040283,
B_WALLT_WIN1,models/builder_structures/B_WALLT_WIN1.fbx,7400,2207,1,-2.714844,2.714844,5.429688,0.0,-0.004025,6.414062,6.418087,3.205019,-2.164062,0.462402,2.626465,-0.85083,
B_WALLT_WIN2,models/builder_structures/B_WALLT_WIN2.fbx,7400,2045,1,-3.115234,2.714844,5.830078,-0.200195,-0.004025,5.972656,5.976681,2.984316,-1.949219,0.286133,2.235352,-0.831543,
B_WALLT_WIN3,models/builder_structures/B_WALLT_WIN3.fbx,7400,1004,1,-2.714844,2.714844,5.429688,0.0,-0.004025,3.373047,3.377071,1.684511,-0.833496,0.286133,1.119629,-0.273682,
B_WALL_H,models/builder_structures/B_WALL_H.fbx,7400,547,1,-1.518555,1.519531,3.038086,0.000488,-0.004025,3.373047,3.377071,1.684511,-0.283447,0.283447,0.566895,0.0,
B_WALL_Q,models/builder_structures/B_WALL_Q.fbx,7400,100,1,-2.699219,2.726562,5.425781,0.013672,0.018433,0.935547,0.917114,0.47699,-0.364746,0.394043,0.758789,0.014648,
B_WALL_Q1,models/builder_structures/B_WALL_Q1.fbx,7400,4415,1,-2.757812,2.701172,5.458984,-0.02832,-0.002243,0.916992,0.919235,0.457375,-0.625,0.613281,1.238281,-0.005859,
B_WALL_Q_H,models/builder_structures/B_WALL_Q_H.fbx,7400,116,1,-1.449219,1.359375,2.808594,-0.044922,0.010841,0.931641,0.9208,0.471241,-0.329834,0.335205,0.665039,0.002686,
B_WALL_Q_H1,models/builder_structures/B_WALL_Q_H1.fbx,7400,64,1,-1.338773,1.323242,2.662015,-0.007765,0.010841,0.858327,0.847486,0.434584,-0.244751,0.244141,0.488892,-0.000305,
B_WALL_SUPPORTS,models/builder_structures/B_WALL_SUPPORTS.fbx,7400,150,1,-0.461751,0.486979,0.94873,0.012614,1e-06,2.199219,2.199217,1.09961,-0.556429,0.205824,0.762253,-0.175302,
B_WALL_WIN1,models/builder_structures/B_WALL_WIN1.fbx,7400,929,1,-2.714844,2.714844,5.429688,0.0,-0.000549,3.373047,3.373596,1.686249,-0.376709,0.376953,0.753662,0.000122,
B_WALL_WIN2,models/builder_structures/B_WALL_WIN2.fbx,7400,927,1,-2.714844,2.714844,5.429688,0.0,-0.000549,3.373047,3.373596,1.686249,-0.376709,0.376953,0.753662,0.000122,
B_WALL_WIN3,models/builder_structures/B_WALL_WIN3.fbx,7400,1109,1,-2.714844,2.714844,5.429688,0.0,-0.000549,3.373047,3.373596,1.686249,-0.376709,0.376953,0.753662,0.000122,
B_WALL_WINDOW,models/builder_structures/B_WALL_WINDOW.fbx,7400,1233,1,-2.714844,2.714844,5.429688,0.0,-0.000549,3.373047,3.373596,1.686249,-0.376709,0.376953,0.753662,0.000122,
B_ALK_A,models/corvette/B_ALK_A.fbx,7400,2759,1,-3.0,3.0,6.0,0.0,0.000234,3.009766,3.009532,1.505,-5.999164,0.004743,6.003907,-2.99721,
B_ALK_B,models/corvette/B_ALK_B.fbx,7400,1549,1,-2.964844,2.964844,5.929688,0.0,0.0,2.998047,2.998047,1.499023,-3.679688,0.017639,3.697327,-1.831024,
B_ALK_C,models/corvette/B_ALK_C.fbx,7400,5438,1,-3.0,3.0,6.0,0.0,0.094482,3.064857,2.970375,1.57967,-3.013672,3.009766,6.023438,-0.001953,
B_ALK_Z_A,models/corvette/B_ALK_Z_A.fbx,7400,2759,1,-3.0,3.0,6.0,0.0,0.000234,3.009766,3.009532,1.505,-0.004743,5.999163,6.003906,2.99721,
B_ALK_Z_B,models/corvette/B_ALK_Z_B.fbx,7400,1549,1,-2.964844,2.964844,5.929688,0.0,0.0,2.998047,2.998047,1.499023,-0.017639,3.679688,3.697327,1.831024,
B_ALK_Z_C,models/corvette/B_ALK_Z_C.fbx,7400,5438,1,-3.0,3.0,6.0,0.0,0.094482,3.064857,2.970375,1.57967,-3.013672,3.009766,6.023438,-0.001953,
B_COK_A,models/corvette/B_COK_A.fbx,7400,10216,1,-2.96875,2.96875,5.9375,0.0,-0.476318,5.023438,5.499756,2.27356,-0.087158,6.328125,6.415283,3.120483,
B_COK_B,models/corvette/B_COK_B.fbx,7400,3427,1,-3.160156,3.164062,6.324219,0.001953,-1.639648,2.984375,4.624023,0.672363,-0.001259,5.789062,5.790321,2.893902,
B_COK_D,models/corvette/B_COK_D.fbx,7400,2839,1,-3.289062,3.267578,6.556641,-0.010742,-0.270264,3.044922,3.315186,1.387329,-0.008987,6.207031,6.216019,3.099022,
B_CON2_0,models/corvette/B_CON2_0.fbx,7400,2946,1,-3.025391,3.025391,6.050781,0.0,-0.005413,3.003906,3.009319,1.499247,-5.992188,5.992188,11.984375,0.0,
B_CON2_1,models/corvette/B_CON2_1.fbx,7400,3586,1,-3.007812,3.007812,6.015625,0.0,-0.005413,3.003906,3.009319,1.499247,-6.007812,6.007812,12.015625,0.0,
B_CON2_2,models/corvette/B_CON2_2.fbx,7400,1410,1,-3.0,3.0,6.0,0.0,0.0,3.0,3.0,1.5,-6.0,6.0,12.0,0.0,
B_CON2_3,models/corvette/B_CON2_3.fbx,7400,2726,1,-3.0,3.0,6.0,0.0,0.0,3.0,3.0,1.5,-6.0,6.0,12.0,0.0,
B_CON_10,models/corvette/B_CON_10.fbx,7400,1467,1,-3.0,3.0,6.0,0.0,1e-06,2.998047,2.998046,1.499024,-3.0,3.0,6.0,0.0,
B_CON_11,models/corvette/B_CON_11.fbx,7400,1300,1,-2.998047,2.998047,5.996094,0.0,0.0,3.0,3.0,1.5,-2.990234,2.992188,5.982422,0.000977,
B_CON_12,models/corvette/B_CON_12.fbx,7400,1372,1,-3.0,3.0,6.0,0.0,0.0,2.998047,2.998047,1.499023,-3.0,3.0,6.0,0.0,
B_CON_13,models/corvette/B_CON_13.fbx,7400,1086,1,-3.0,3.0,6.0,0.0,0.0,3.0,3.0,1.5,-3.0,3.0,6.0,0.0,
B_CON_14,models/corvette/B_CON_14.fbx,7400,1062,1,-3.0,3.0,6.0,0.0,-0.013702,3.013672,3.027374,1.499985,-3.0,3.0,6.0,0.0,
B_CON_15,models/corvette/B_CON_15.fbx,7400,1352,1,-2.986328,2.986328,5.972656,0.0,0.030136,2.96875,2.938614,1.499443,-2.986328,2.986328,5.972656,0.0,
B_CON_5,models/corvette/B_CON_5.fbx,7400,1545,1,-3.0,3.0,6.0,0.0,1e-06,2.998047,2.998046,1.499024,-3.0,3.0,6.0,0.0,
B_CON_6,models/corvette/B_CON_6.fbx,7400,1689,1,-3.0,3.0,6.0,0.0,-0.001742,3.0,3.001742,1.499129,-2.998047,2.998047,5.996094,0.0,
B_CON_7,models/corvette/B_CON_7.fbx,7400,1742,1,-2.998047,2.998047,5.996094,0.0,0.0,3.0,3.0,1.5,-2.998047,2.998047,5.996094,0.0,
B_CON_8,models/corvette/B_CON_8.fbx,7400,2660,1,-3.0,3.0,6.0,0.0,-3.6e-05,3.0,3.000036,1.499982,-3.0,3.0,6.0,0.0,
B_CON_9,models/corvette/B_CON_9.fbx,7400,2068,1,-3.0,3.0,6.0,0.0,0.0,2.998047,2.998047,1.499023,-3.003906,3.003906,6.007812,0.0,
B_CON_L_0,models/corvette/B_CON_L_0.fbx,7400,1428,1,-2.96875,2.96875,5.9375,0.0,0.0,3.0,3.0,1.5,-2.96875,2.96875,5.9375,0.0,
B_CON_L_1,models/corvette/B_CON_L_1.fbx,7400,2499,1,-3.003906,3.011719,6.015625,0.003906,-0.001204,3.001953,3.003158,1.500374,-3.007812,3.011719,6.019531,0.001953,
B_CON_L_2,models/corvette/B_CON_L_2.fbx,7400,2127,1,-3.0,3.0,6.0,0.0,-5e-06,3.0,3.000005,1.499998,-3.0,3.0,6.0,0.0,
B_CON_L_3,models/corvette/B_CON_L_3.fbx,7400,1329,1,-3.0,3.0,6.0,0.0,0.0,2.998047,2.998047,1.499024,-3.0,3.0,6.0,0.0,
B_CON_R_0,models/corvette/B_CON_R_0.fbx,7400,1376,1,-2.96875,2.96875,5.9375,0.0,0.0,3.0,3.0,1.5,-2.96875,2.96875,5.9375,0.0,
B_CON_R_1,models/corvette/B_CON_R_1.fbx,7400,2568,1,-3.011719,3.003906,6.015625,-0.003906,-0.001204,3.001953,3.003158,1.500374,-3.007812,3.011719,6.019531,0.001953,
B_CON_R_2,models/corvette/B_CON_R_2.fbx,7400,2127,1,-3.0,3.0,6.0,0.0,-5e-06,3.0,3.000005,1.499998,-3.0,3.0,6.0,0.0,
B_CON_R_3,models/corvette/B_CON_R_3.fbx,7400,1329,1,-3.0,3.0,6.0,0.0,0.0,2.998047,2.998047,1.499024,-3.0,3.0,6.0,0.0,
B_DECO_A,models/corvette/B_DECO_A.fbx,7400,418,1,-1.353516,0.320557,1.674072,-0.516479,-0.068665,6.01193,6.080595,2.971633,-0.355225,1.409565,1.76479,0.52717,
B_DECO_B,models/corvette/B_DECO_B.fbx,7400,100,1,-2.03125,2.03125,4.0625,0.0,-0.242798,1.587891,1.830688,0.672546,-1.932617,1.932617,3.865234,0.0,
B_DECO_C,models/corvette/B_DECO_C.fbx,7400,3646,1,-1.642578,1.642578,3.285156,0.0,-0.073059,2.792969,2.866028,1.359955,-2.789062,2.789062,5.578125,0.0,
B_DECO_D,models/corvette/B_DECO_D.fbx,7400,3963,1,-1.941406,1.941406,3.882812,0.0,-0.002577,5.984375,5.986952,2.990899,-1.942383,1.942383,3.884766,0.0,
B_DECO_F,models/corvette/B_DECO_F.fbx,7400,3752,1,-1.342773,1.342773,2.685547,0.0,-0.002609,8.117188,8.119797,4.057289,-2.927734,2.904297,5.832031,-0.011719,
B_DECO_G,models/corvette/B_DECO_G.fbx,7400,6913,1,-2.347656,2.347656,4.695312,0.0,-0.002609,4.535156,4.537766,2.266273,-2.005859,2.005859,4.011719,0.0,
B_DECO_H,models/corvette/B_DECO_H.fbx,7400,606,1,-4.578125,0.369141,4.947266,-2.104492,-0.040405,4.199219,4.239624,2.079407,-0.355957,4.492188,4.848145,2.068115,
B_DECO_I,models/corvette/B_DECO_I.fbx,7400,84440,1,-1.263672,1.742899,3.006571,0.239613,0.051941,2.87527,2.823329,1.463605,-3.001953,2.552734,5.554688,-0.224609,
B_DECO_J,models/corvette/B_DECO_J.fbx,7400,2276,1,-1.818359,1.884766,3.703125,0.033203,0.003347,1.186523,1.183176,0.594935,-3.050781,2.929688,5.980469,-0.060547,
B_DECO_K,models/corvette/B_DECO_K.fbx,7400,8530,1,-2.673828,2.673828,5.347656,0.0,-0.076721,2.730469,2.80719,1.326874,-2.998047,3.0,5.998047,0.000977,
B_DECO_L,models/corvette/B_DECO_L.fbx,7400,3030,1,-2.457031,2.457031,4.914062,0.0,-0.025009,1.744141,1.76915,0.859566,-2.841797,2.841797,5.683594,0.0,
B_DECO_M,models/corvette/B_DECO_M.fbx,7400,1533,1,-1.958984,1.958984,3.917969,0.0,-0.089355,1.633789,1.723145,0.772217,-2.990234,2.980469,5.970703,-0.004883,
B_DECO_N_0,models/corvette/B_DECO_N_0.fbx,7400,937,1,-1.488281,1.487305,2.975586,-0.000488,-0.000518,3.005859,3.006377,1.502671,-2.994141,2.652344,5.646484,-0.170898,
B_DECO_N_1,models/corvette/B_DECO_N_1.fbx,7400,935,1,-1.487305,1.488281,2.975586,0.000488,-0.000518,3.005859,3.006377,1.502671,-2.652344,2.994141,5.646484,0.170898,
B_DECO_O,models/corvette/B_DECO_O.fbx,7400,1292,1,-1.484375,1.484375,2.96875,0.0,0.004131,3.160156,3.156025,1.582144,-2.998047,2.994141,5.992188,-0.001953,
B_DECO_P,models/corvette/B_DECO_P.fbx,7400,1732,1,-6.039062,6.039062,12.078125,0.0,-0.0,3.501953,3.501953,1.750976,-6.039062,6.039062,12.078125,0.0,
B_DECO_Q_0,models/corvette/B_DECO_Q_0.fbx,7400,1709,1,-1.579102,1.577148,3.15625,-0.000977,-0.001999,2.927734,2.929733,1.462868,-3.0,2.970703,5.970703,-0.014648,
B_DECO_Q_1,models/corvette/B_DECO_Q_1.fbx,7400,1709,1,-1.577148,1.579102,3.15625,0.000977,-0.001999,2.927734,2.929733,1.462868,-2.970703,3.0,5.970704,0.014649,
B_DECO_R,models/corvette/B_DECO_R.fbx,7400,3152,1,-1.580078,1.580078,3.160156,0.0,0.004589,2.927734,2.923145,1.466162,-3.0,3.0,6.0,0.0,
B_DECO_S,models/corvette/B_DECO_S.fbx,7400,5452,1,-7.78125,7.78125,15.5625,0.0,0.852051,2.90625,2.054199,1.87915,-9.742188,9.742188,19.484375,0.0,
B_DECO_T,models/corvette/B_DECO_T.fbx,7400,1602,1,-2.371094,2.371094,4.742188,0.0,0.015823,5.789062,5.773239,2.902443,-2.371094,2.371094,4.742188,0.0,
B_GEN_0,models/corvette/B_GEN_0.fbx,7400,1657,1,-3.0,3.0,6.0,0.0,0.040619,3.806641,3.766022,1.92363,-3.0,3.0,6.0,0.0,
B_GEN_1,models/corvette/B_GEN_1.fbx,7400,1759,1,-3.048828,3.056641,6.105469,0.003906,-0.040192,3.324219,3.36441,1.642014,-2.990234,3.384766,6.375,0.197266,
B_GEN_2,models/corvette/B_GEN_2.fbx,7400,11893,1,-3.044922,3.044922,6.089844,0.0,-0.012749,2.861328,2.874077,1.42429,-2.826172,2.826172,5.652344,0.0,
B_GEN_3,models/corvette/B_GEN_3.fbx,7400,4257,1,-2.904297,2.904297,5.808594,0.0,-0.015327,3.271484,3.286812,1.628078,-2.927734,8.992188,11.919922,3.032227,
B_HAB1_A,models/corvette/B_HAB1_A.fbx,7400,5830,1,-3.0,3.0,6.0,0.0,-0.034546,2.917969,2.952515,1.441711,-3.001953,3.0,6.001953,-0.000977,
B_HAB1_B,models/corvette/B_HAB1_B.fbx,7400,38390,1,-2.943359,2.943359,5.886719,0.0,0.009995,2.941406,2.931412,1.4757,-3.099609,3.705078,6.804688,0.302734,
B_HAB1_C,models/corvette/B_HAB1_C.fbx,7400,3027,1,-2.923828,2.923828,5.847656,0.0,-0.015289,3.0,3.015289,1.492355,-2.90625,2.90625,5.8125,0.0,
B_HAB_A,models/corvette/B_HAB_A.fbx,7400,3804,1,-3.007812,3.007812,6.015625,0.0,-0.034546,2.917969,2.952515,1.441711,-6.0,6.0,12.0,0.0,
B_HAB_B,models/corvette/B_HAB_B.fbx,7400,144,1,-2.537109,2.537109,5.074219,0.0,0.099976,2.921875,2.821899,1.510925,-5.503906,5.503906,11.007812,0.0,
B_HAB_C,models/corvette/B_HAB_C.fbx,7400,9457,1,-2.923828,2.923828,5.847656,0.0,-0.015289,2.941406,2.956696,1.463058,-5.910156,5.910156,11.820312,0.0,
B_LND_A,models/corvette/B_LND_A.fbx,7400,59119,1,-2.794922,2.794922,5.589844,0.0,-0.328125,5.800364,6.128489,2.736119,-2.793804,2.79604,5.589844,0.001118,
B_LND_B,models/corvette/B_LND_B.fbx,7400,2561,1,-2.535156,2.519531,5.054688,-0.007812,0.824219,3.123657,2.299438,1.973938,-3.009765,3.009766,6.019531,0.0,
B_LND_C,models/corvette/B_LND_C.fbx,7400,37722,1,-2.818359,2.820312,5.638672,0.000977,-0.112477,7.950264,8.062741,3.918893,-3.651362,3.609842,7.261204,-0.02076,
B_SHL_A,models/corvette/B_SHL_A.fbx,7400,5171,1,-1.550782,1.550782,3.101564,0.0,-0.030869,3.748047,3.778916,1.858589,-1.550782,1.550782,3.101564,0.0,
B_SHL_B,models/corvette/B_SHL_B.fbx,7400,1768,1,-1.820312,1.817383,3.637695,-0.001465,-0.024811,4.011719,4.03653,1.993454,-1.179688,1.189453,2.369141,0.004883,
B_SHL_C,models/corvette/B_SHL_C.fbx,7400,1889,1,-1.330078,1.335938,2.666016,0.00293,-0.013016,2.896485,2.909501,1.441735,-1.314454,1.314454,2.628907,0.0,
B_SHL_E,models/corvette/B_SHL_E.fbx,7400,2014,1,-1.876953,1.876953,3.753906,0.0,-0.02803,1.435547,1.463577,0.703758,-1.876953,1.876953,3.753906,0.0,
B_STAIRS0,models/corvette/B_STAIRS0.fbx,7400,4800,1,-0.850586,-0.031143,0.819443,-0.440865,0.097351,3.03125,2.933899,1.564301,-1.024414,1.179688,2.204102,0.077637,
B_STR_AA_E,models/corvette/B_STR_AA_E.fbx,7400,2571,1,-2.938934,6.007812,8.946746,1.534439,-0.002211,3.107422,3.109632,1.552605,-3.156251,3.154296,6.310547,-0.000977,
B_STR_AA_N,models/corvette/B_STR_AA_N.fbx,7400,2571,1,-3.154296,3.15625,6.310547,0.000977,-0.002211,3.107422,3.109632,1.552605,-2.938935,6.007812,8.946747,1.534439,
B_STR_AA_S,models/corvette/B_STR_AA_S.fbx,7400,2571,1,-3.156251,3.154296,6.310547,-0.000977,-0.002211,3.107422,3.109632,1.552605,-6.007812,2.938934,8.946746,-1.534439,
B_STR_AA_W,models/corvette/B_STR_AA_W.fbx,7400,2571,1,-6.007812,2.938935,8.946747,-1.534439,-0.002211,3.107422,3.109632,1.552605,-3.154297,3.15625,6.310547,0.000977,
B_STR_AA_Y_E,models/corvette/B_STR_AA_Y_E.fbx,7400,2571,1,-2.938934,6.007812,8.946746,1.534439,-0.002211,3.107422,3.109633,1.552606,-3.156251,3.154296,6.310547,-0.000978,
B_STR_AA_Y_N,models/corvette/B_STR_AA_Y_N.fbx,7400,2571,1,-3.156251,3.154296,6.310547,-0.000977,-0.00221,3.107421,3.109632,1.552605,-6.007812,2.938934,8.946746,-1.534439,
B_STR_AA_Y_S,models/corvette/B_STR_AA_Y_S.fbx,7400,2571,1,-3.154296,3.15625,6.310547,0.000977,-0.002211,3.107422,3.109633,1.552606,-2.938935,6.007812,8.946747,1.534439,
B_STR_AA_Y_W,models/corvette/B_STR_AA_Y_W.fbx,7400,2571,1,-6.007812,2.938935,8.946747,-1.534439,-0.002211,3.107421,3.109632,1.552605,-3.154297,3.15625,6.310547,0.000977,
B_STR_A_E,models/corvette/B_STR_A_E.fbx,7400,1197,1,-3.136719,3.00071,6.137429,-0.068005,-0.00071,3.0,3.00071,1.499645,-2.998047,2.998047,5.996094,0.0,
B_STR_A_N,models/corvette/B_STR_A_N.fbx,7400,1197,1,-2.998047,2.998047,5.996094,0.0,-0.00071,3.0,3.00071,1.499645,-3.00071,3.136719,6.137429,0.068004,
B_STR_A_NE,models/corvette/B_STR_A_NE.fbx,7400,370,1,0.009766,3.000249,2.990483,1.505007,-0.000249,2.990234,2.990483,1.494992,-2.999011,2.984375,5.983386,-0.007318,
B_STR_A_NE1,models/corvette/B_STR_A_NE1.fbx,7400,370,1,-2.999011,2.984375,5.983386,-0.007318,-0.000249,2.990234,2.990483,1.494992,-3.000249,-0.009765,2.990484,-1.505007,
B_STR_A_NE2,models/corvette/B_STR_A_NE2.fbx,7400,370,1,-3.000249,-0.009766,2.990483,-1.505007,-0.000249,2.990234,2.990483,1.494992,-2.984375,2.999011,5.983386,0.007318,
B_STR_A_NE3,models/corvette/B_STR_A_NE3.fbx,7400,370,1,-2.984375,2.999011,5.983386,0.007318,-0.000249,2.990234,2.990483,1.494992,0.009766,3.000249,2.990483,1.505007,
B_STR_A_NW,models/corvette/B_STR_A_NW.fbx,7400,370,1,-3.000249,-0.009765,2.990484,-1.505007,-0.000249,2.990234,2.990483,1.494992,-2.999011,2.984375,5.983386,-0.007318,
B_STR_A_NW1,models/corvette/B_STR_A_NW1.fbx,7400,370,1,-2.999011,2.984375,5.983386,-0.007318,-0.000249,2.990234,2.990483,1.494992,0.009766,3.000249,2.990483,1.505007,
B_STR_A_NW2,models/corvette/B_STR_A_NW2.fbx,7400,370,1,0.009766,3.000249,2.990483,1.505007,-0.000249,2.990234,2.990483,1.494992,-2.984375,2.999011,5.983386,0.007318,
B_STR_A_NW3,models/corvette/B_STR_A_NW3.fbx,7400,370,1,-2.984375,2.999011,5.983386,0.007318,-0.000249,2.990234,2.990483,1.494992,-3.000249,-0.009765,2.990484,-1.505007,
B_STR_A_S,models/corvette/B_STR_A_S.fbx,7400,1197,1,-2.998047,2.998047,5.996094,0.0,-0.00071,3.0,3.00071,1.499645,-3.136719,3.00071,6.137429,-0.068004,
B_STR_A_W,models/corvette/B_STR_A_W.fbx,7400,1197,1,-3.00071,3.136719,6.137429,0.068005,-0.00071,3.0,3.00071,1.499645,-2.998047,2.998047,5.996094,0.0,
B_STR_A_Y_E,models/corvette/B_STR_A_Y_E.fbx,7400,1197,1,-3.136719,3.00071,6.137429,-0.068005,-0.00071,3.0,3.00071,1.499645,-2.998047,2.998047,5.996094,0.0,
B_STR_A_Y_N,models/corvette/B_STR_A_Y_N.fbx,7400,1197,1,-2.998047,2.998047,5.996094,0.0,-0.00071,3.0,3.000709,1.499645,-3.00071,3.136719,6.137429,0.068005,
B_STR_A_Y_NE,models/corvette/B_STR_A_Y_NE.fbx,7400,370,1,0.009766,3.000249,2.990483,1.505007,-0.000249,2.990234,2.990483,1.494992,-2.999011,2.984375,5.983386,-0.007318,
B_STR_A_Y_NE1,models/corvette/B_STR_A_Y_NE1.fbx,7400,370,1,-2.999011,2.984375,5.983386,-0.007318,-0.000249,2.990234,2.990483,1.494993,-3.000249,-0.009765,2.990484,-1.505007,
B_STR_A_Y_NE2,models/corvette/B_STR_A_Y_NE2.fbx,7400,370,1,-3.000249,-0.009766,2.990483,-1.505007,-0.000249,2.990234,2.990484,1.494993,-2.984375,2.999011,5.983386,0.007318,
B_STR_A_Y_NE3,models/corvette/B_STR_A_Y_NE3.fbx,7400,370,1,-2.984375,2.999011,5.983386,0.007318,-0.000249,2.990234,2.990484,1.494992,0.009766,3.000249,2.990483,1.505008,
B_STR_A_Y_NW,models/corvette/B_STR_A_Y_NW.fbx,7400,370,1,-3.000249,-0.009765,2.990484,-1.505007,-0.000249,2.990234,2.990483,1.494992,-2.999011,2.984375,5.983386,-0.007318,
B_STR_A_Y_NW1,models/corvette/B_STR_A_Y_NW1.fbx,7400,370,1,-2.999011,2.984375,5.983386,-0.007318,-0.000249,2.990234,2.990484,1.494992,0.009766,3.000249,2.990483,1.505008,
B_STR_A_Y_NW2,models/corvette/B_STR_A_Y_NW2.fbx,7400,370,1,0.009766,3.000249,2.990483,1.505007,-0.000249,2.990234,2.990484,1.494993,-2.984375,2.999011,5.983386,0.007318,
B_STR_A_Y_NW3,models/corvette/B_STR_A_Y_NW3.fbx,7400,370,1,-2.984375,2.999011,5.983386,0.007318,-0.000249,2.990234,2.990483,1.494993,-3.000249,-0.009765,2.990484,-1.505007,
B_STR_A_Y_S,models/corvette/B_STR_A_Y_S.fbx,7400,1197,1,-2.998047,2.998047,5.996094,0.0,-0.00071,3.0,3.00071,1.499645,-3.136719,3.00071,6.137429,-0.068004,
B_STR_A_Y_W,models/corvette/B_STR_A_Y_W.fbx,7400,1197,1,-3.00071,3.136719,6.137429,0.068005,-0.00071,3.0,3.00071,1.499645,-2.998047,2.998047,5.996094,0.0,
B_STR_B_E,models/corvette/B_STR_B_E.fbx,7400,3070,1,-9.0,3.004257,12.004257,-2.997871,-0.012413,3.009765,3.022179,1.498676,-3.060547,3.060547,6.121094,-0.0,
B_STR_B_N,models/corvette/B_STR_B_N.fbx,7400,3070,1,-3.060547,3.060547,6.121094,0.0,-0.012413,3.009765,3.022179,1.498676,-3.004257,9.0,12.004257,2.997871,
B_STR_B_NE,models/corvette/B_STR_B_NE.fbx,7400,865,1,0.009766,3.000002,2.990236,1.504884,-0.001656,2.990234,2.99189,1.494289,-2.997982,8.984375,11.982357,2.993196,
B_STR_B_NE1,models/corvette/B_STR_B_NE1.fbx,7400,865,1,-2.997982,8.984375,11.982357,2.993196,-0.001656,2.990234,2.99189,1.494289,-3.000003,-0.009765,2.990237,-1.504884,
B_STR_B_NE2,models/corvette/B_STR_B_NE2.fbx,7400,865,1,-3.000002,-0.009766,2.990237,-1.504884,-0.001656,2.990234,2.99189,1.494289,-8.984375,2.997982,11.982357,-2.993196,
B_STR_B_NE3,models/corvette/B_STR_B_NE3.fbx,7400,865,1,-8.984375,2.997982,11.982357,-2.993196,-0.001656,2.990234,2.99189,1.494289,0.009766,3.000002,2.990236,1.504884,
B_STR_B_NW,models/corvette/B_STR_B_NW.fbx,7400,865,1,-3.000003,-0.009765,2.990237,-1.504884,-0.001656,2.990234,2.99189,1.494289,-2.997982,8.984375,11.982357,2.993196,
B_STR_B_NW1,models/corvette/B_STR_B_NW1.fbx,7400,865,1,-2.997982,8.984375,11.982357,2.993196,-0.001656,2.990234,2.99189,1.494289,0.009766,3.000002,2.990236,1.504884,
B_STR_B_NW2,models/corvette/B_STR_B_NW2.fbx,7400,865,1,0.009766,3.000002,2.990237,1.504884,-0.001656,2.990234,2.99189,1.494289,-8.984375,2.997982,11.982357,-2.993196,
B_STR_B_NW3,models/corvette/B_STR_B_NW3.fbx,7400,865,1,-8.984375,2.997982,11.982357,-2.993196,-0.001656,2.990234,2.99189,1.494289,-3.000003,-0.009765,2.990237,-1.504884,
B_STR_B_S,models/corvette/B_STR_B_S.fbx,7400,3070,1,-3.060547,3.060547,6.121094,0.0,-0.012413,3.009765,3.022179,1.498676,-9.0,3.004257,12.004257,-2.997871,
B_STR_B_W,models/corvette/B_STR_B_W.fbx,7400,3070,1,-3.004257,9.0,12.004257,2.997871,-0.012413,3.009765,3.022179,1.498676,-3.060547,3.060547,6.121094,-0.0,
B_STR_B_Y_E,models/corvette/B_STR_B_Y_E.fbx,7400,3070,1,-9.0,3.004257,12.004257,-2.997871,-0.012413,3.009766,3.022179,1.498676,-3.060547,3.060547,6.121094,0.0,
B_STR_B_Y_N,models/corvette/B_STR_B_Y_N.fbx,7400,3070,1,-3.060547,3.060547,6.121094,0.0,-0.012413,3.009765,3.022178,1.498676,-3.004257,9.0,12.004257,2.997871,
B_STR_B_Y_NE,models/corvette/B_STR_B_Y_NE.fbx,7400,865,1,0.009766,3.000002,2.990236,1.504884,-0.001655,2.990234,2.991889,1.494289,-2.997982,8.984375,11.982357,2.993196,
B_STR_B_Y_NE1,models/corvette/B_STR_B_Y_NE1.fbx,7400,865,1,-2.997982,8.984375,11.982357,2.993196,-0.001656,2.990234,2.99189,1.494289,-3.000003,-0.009765,2.990238,-1.504884,
B_STR_B_Y_NE2,models/corvette/B_STR_B_Y_NE2.fbx,7400,865,1,-3.000002,-0.009766,2.990237,-1.504884,-0.001656,2.990235,2.991891,1.494289,-8.984375,2.997982,11.982357,-2.993196,
B_STR_B_Y_NE3,models/corvette/B_STR_B_Y_NE3.fbx,7400,865,1,-8.984375,2.997982,11.982357,-2.993196,-0.001656,2.990234,2.99189,1.494289,0.009766,3.000002,2.990236,1.504884,
B_STR_B_Y_NW,models/corvette/B_STR_B_Y_NW.fbx,7400,865,1,-3.000003,-0.009765,2.990237,-1.504884,-0.001655,2.990234,2.991889,1.494289,-2.997982,8.984375,11.982357,2.993196,
B_STR_B_Y_NW1,models/corvette/B_STR_B_Y_NW1.fbx,7400,865,1,-2.997982,8.984375,11.982357,2.993196,-0.001656,2.990234,2.99189,1.494289,0.009766,3.000002,2.990236,1.504884,
B_STR_B_Y_NW2,models/corvette/B_STR_B_Y_NW2.fbx,7400,865,1,0.009766,3.000002,2.990237,1.504884,-0.001656,2.990235,2.991891,1.494289,-8.984375,2.997982,11.982357,-2.993196,
B_STR_B_Y_NW3,models/corvette/B_STR_B_Y_NW3.fbx,7400,865,1,-8.984375,2.997982,11.982357,-2.993196,-0.001656,2.990234,2.99189,1.494289,-3.000003,-0.009765,2.990238,-1.504884,
B_STR_B_Y_S,models/corvette/B_STR_B_Y_S.fbx,7400,3070,1,-3.060547,3.060547,6.121094,0.0,-0.012414,3.009766,3.02218,1.498676,-9.0,3.004257,12.004257,-2.997871,
B_STR_B_Y_W,models/corvette/B_STR_B_Y_W.fbx,7400,3070,1,-3.004257,9.0,12.004257,2.997871,-0.012413,3.009766,3.022179,1.498676,-3.060547,3.060547,6.121094,0.0,
B_STR_C_E,models/corvette/B_STR_C_E.fbx,7400,1491,1,-2.117188,3.003901,5.121088,0.443357,0.0,3.0,2.999999,1.5,-3.0,3.0,6.0,0.0,
B_STR_C_N,models/corvette/B_STR_C_N.fbx,7400,1491,1,-3.0,3.0,6.0,0.0,0.0,3.0,2.999999,1.5,-3.003901,2.117188,5.121088,-0.443356,
B_STR_C_NE,models/corvette/B_STR_C_NE.fbx,7400,1092,1,-2.96875,3.000163,5.968913,0.015707,-0.0,2.990234,2.990234,1.495117,-3.000002,2.996094,5.996096,-0.001954,
B_STR_C_NE1,models/corvette/B_STR_C_NE1.fbx,7400,1092,1,-3.000002,2.996094,5.996096,-0.001954,-0.0,2.990234,2.990234,1.495117,-3.000163,2.96875,5.968913,-0.015706,
B_STR_C_NE2,models/corvette/B_STR_C_NE2.fbx,7400,1092,1,-3.000163,2.96875,5.968913,-0.015707,-0.0,2.990234,2.990234,1.495117,-2.996094,3.000002,5.996096,0.001954,
B_STR_C_NE3,models/corvette/B_STR_C_NE3.fbx,7400,1092,1,-2.996094,3.000002,5.996097,0.001954,-0.0,2.990234,2.990234,1.495117,-2.96875,3.000163,5.968913,0.015707,
B_STR_C_NW,models/corvette/B_STR_C_NW.fbx,7400,1092,1,-3.000163,2.96875,5.968913,-0.015707,-0.0,2.990234,2.990234,1.495117,-3.000002,2.996094,5.996095,-0.001954,
B_STR_C_NW1,models/corvette/B_STR_C_NW1.fbx,7400,1092,1,-3.000002,2.996094,5.996097,-0.001954,-0.0,2.990234,2.990234,1.495117,-2.96875,3.000163,5.968913,0.015707,
B_STR_C_NW2,models/corvette/B_STR_C_NW2.fbx,7400,1092,1,-2.96875,3.000163,5.968913,0.015707,-0.0,2.990234,2.990234,1.495117,-2.996094,3.000002,5.996096,0.001954,
B_STR_C_NW3,models/corvette/B_STR_C_NW3.fbx,7400,1092,1,-2.996094,3.000002,5.996096,0.001954,-0.0,2.990234,2.990234,1.495117,-3.000163,2.96875,5.968913,-0.015706,
B_STR_C_S,models/corvette/B_STR_C_S.fbx,7400,1491,1,-3.0,3.0,6.0,0.0,0.0,3.0,2.999999,1.5,-2.117188,3.003901,5.121088,0.443357,
B_STR_C_W,models/corvette/B_STR_C_W.fbx,7400,1491,1,-3.003901,2.117188,5.121088,-0.443357,0.0,3.0,2.999999,1.5,-3.0,3.0,6.0,0.0,
B_STR_C_Y_E,models/corvette/B_STR_C_Y_E.fbx,7400,1491,1,-2.117188,3.003901,5.121088,0.443357,0.0,3.0,3.0,1.5,-3.0,3.0,6.0,0.0,
B_STR_C_Y_N,models/corvette/B_STR_C_Y_N.fbx,7400,1491,1,-3.0,3.0,6.0,0.0,0.0,3.0,3.0,1.5,-3.0039,2.117188,5.121088,-0.443356,
B_STR_C_Y_NE,models/corvette/B_STR_C_Y_NE.fbx,7400,1092,1,-2.96875,3.000163,5.968913,0.015707,-0.0,2.990234,2.990234,1.495117,-3.000002,2.996094,5.996096,-0.001954,
B_STR_C_Y_NE1,models/corvette/B_STR_C_Y_NE1.fbx,7400,1092,1,-3.000002,2.996094,5.996096,-0.001954,0.0,2.990234,2.990234,1.495117,-3.000163,2.96875,5.968914,-0.015706,
B_STR_C_Y_NE2,models/corvette/B_STR_C_Y_NE2.fbx,7400,1092,1,-3.000163,2.96875,5.968913,-0.015707,-0.0,2.990234,2.990235,1.495117,-2.996094,3.000002,5.996096,0.001954,
B_STR_C_Y_NE3,models/corvette/B_STR_C_Y_NE3.fbx,7400,1092,1,-2.996094,3.000002,5.996097,0.001954,-1e-06,2.990235,2.990235,1.495117,-2.96875,3.000163,5.968913,0.015707,
B_STR_C_Y_NW,models/corvette/B_STR_C_Y_NW.fbx,7400,1092,1,-3.000163,2.96875,5.968913,-0.015707,-0.0,2.990234,2.990234,1.495117,-3.000002,2.996094,5.996095,-0.001954,
B_STR_C_Y_NW1,models/corvette/B_STR_C_Y_NW1.fbx,7400,1092,1,-3.000002,2.996094,5.996097,-0.001954,-1e-06,2.990235,2.990235,1.495117,-2.96875,3.000163,5.968913,0.015707,
B_STR_C_Y_NW2,models/corvette/B_STR_C_Y_NW2.fbx,7400,1092,1,-2.96875,3.000163,5.968913,0.015707,-0.0,2.990234,2.990235,1.495117,-2.996094,3.000002,5.996096,0.001954,
B_STR_C_Y_NW3,models/corvette/B_STR_C_Y_NW3.fbx,7400,1092,1,-2.996094,3.000002,5.996096,0.001954,0.0,2.990234,2.990234,1.495117,-3.000163,2.96875,5.968914,-0.015706,
B_STR_C_Y_S,models/corvette/B_STR_C_Y_S.fbx,7400,1491,1,-3.0,3.0,6.0,0.0,0.0,3.0,3.0,1.5,-2.117187,3.003901,5.121088,0.443357,
B_STR_C_Y_W,models/corvette/B_STR_C_Y_W.fbx,7400,1491,1,-3.003901,2.117188,5.121088,-0.443357,0.0,3.0,3.0,1.5,-3.0,3.0,6.0,0.0,
B_STR_D_E,models/corvette/B_STR_D_E.fbx,7400,1794,1,-8.921875,3.0,11.921875,-2.960938,-6.1e-05,3.044922,3.044982,1.522431,-3.048828,3.048828,6.097656,-0.0,
B_STR_D_N,models/corvette/B_STR_D_N.fbx,7400,1794,1,-3.048828,3.048828,6.097656,0.0,-6.1e-05,3.044922,3.044982,1.522431,-3.0,8.921875,11.921875,2.960937,
B_STR_D_NE,models/corvette/B_STR_D_NE.fbx,7400,1538,1,-2.96875,3.000371,5.96912,0.01581,-0.043976,2.990234,3.03421,1.473129,-3.004684,8.992188,11.996872,2.993752,
B_STR_D_NE1,models/corvette/B_STR_D_NE1.fbx,7400,1538,1,-3.004684,8.992188,11.996872,2.993752,-0.043976,2.990234,3.03421,1.473129,-3.000371,2.96875,5.969122,-0.015811,
B_STR_D_NE2,models/corvette/B_STR_D_NE2.fbx,7400,1538,1,-3.000371,2.96875,5.969121,-0.01581,-0.043976,2.990234,3.03421,1.473129,-8.992188,3.004684,11.996872,-2.993752,
B_STR_D_NE3,models/corvette/B_STR_D_NE3.fbx,7400,1538,1,-8.992188,3.004684,11.996872,-2.993752,-0.043976,2.990234,3.03421,1.473129,-2.96875,3.000371,5.96912,0.01581,
B_STR_D_NW,models/corvette/B_STR_D_NW.fbx,7400,1541,1,-3.000371,2.96875,5.969122,-0.01581,-0.043976,2.990234,3.03421,1.473129,-3.004684,8.992188,11.996872,2.993752,
B_STR_D_NW1,models/corvette/B_STR_D_NW1.fbx,7400,1541,1,-3.004684,8.992188,11.996872,2.993752,-0.043976,2.990234,3.03421,1.473129,-2.96875,3.000371,5.96912,0.01581,
B_STR_D_NW2,models/corvette/B_STR_D_NW2.fbx,7400,1541,1,-2.96875,3.000371,5.969121,0.01581,-0.043976,2.990234,3.03421,1.473129,-8.992188,3.004684,11.996872,-2.993752,
B_STR_D_NW3,models/corvette/B_STR_D_NW3.fbx,7400,1541,1,-8.992188,3.004684,11.996872,-2.993752,-0.043976,2.990234,3.03421,1.473129,-3.000371,2.96875,5.969122,-0.015811,
B_STR_D_S,models/corvette/B_STR_D_S.fbx,7400,1794,1,-3.048828,3.048828,6.097656,0.0,-6.1e-05,3.044922,3.044982,1.522431,-8.921875,3.0,11.921875,-2.960938,
B_STR_D_W,models/corvette/B_STR_D_W.fbx,7400,1794,1,-3.0,8.921875,11.921875,2.960938,-6.1e-05,3.044922,3.044982,1.522431,-3.048828,3.048828,6.097656,-0.0,
B_STR_D_Y_E,models/corvette/B_STR_D_Y_E.fbx,7400,1794,1,-8.921875,3.0,11.921875,-2.960938,-6.1e-05,3.044922,3.044982,1.522431,-3.048828,3.048828,6.097656,0.0,
B_STR_D_Y_N,models/corvette/B_STR_D_Y_N.fbx,7400,1794,1,-3.048828,3.048828,6.097656,0.0,-6.1e-05,3.044921,3.044982,1.52243,-3.0,8.921875,11.921875,2.960937,
B_STR_D_Y_NE,models/corvette/B_STR_D_Y_NE.fbx,7400,1538,1,-2.96875,3.000371,5.96912,0.01581,-0.043976,2.990234,3.03421,1.473129,-3.004684,8.992188,11.996872,2.993752,
B_STR_D_Y_NE1,models/corvette/B_STR_D_Y_NE1.fbx,7400,1538,1,-3.004684,8.992188,11.996872,2.993752,-0.043976,2.990234,3.03421,1.473129,-3.000371,2.96875,5.969122,-0.01581,
B_STR_D_Y_NE2,models/corvette/B_STR_D_Y_NE2.fbx,7400,1538,1,-3.000371,2.96875,5.969121,-0.01581,-0.043977,2.990235,3.034211,1.473129,-8.992188,3.004684,11.996872,-2.993752,
B_STR_D_Y_NE3,models/corvette/B_STR_D_Y_NE3.fbx,7400,1538,1,-8.992188,3.004684,11.996872,-2.993752,-0.043977,2.990235,3.034211,1.473129,-2.96875,3.000371,5.96912,0.015811,
B_STR_D_Y_NW,models/corvette/B_STR_D_Y_NW.fbx,7400,1541,1,-3.000371,2.96875,5.969122,-0.01581,-0.043976,2.990234,3.03421,1.473129,-3.004684,8.992188,11.996872,2.993752,
B_STR_D_Y_NW1,models/corvette/B_STR_D_Y_NW1.fbx,7400,1541,1,-3.004684,8.992188,11.996872,2.993752,-0.043977,2.990235,3.034211,1.473129,-2.96875,3.000371,5.96912,0.015811,
B_STR_D_Y_NW2,models/corvette/B_STR_D_Y_NW2.fbx,7400,1541,1,-2.96875,3.000371,5.969121,0.01581,-0.043977,2.990235,3.034211,1.473129,-8.992188,3.004684,11.996872,-2.993752,
B_STR_D_Y_NW3,models/corvette/B_STR_D_Y_NW3.fbx,7400,1541,1,-8.992188,3.004684,11.996872,-2.993752,-0.043976,2.990234,3.03421,1.473129,-3.000371,2.96875,5.969122,-0.01581,
B_STR_D_Y_S,models/corvette/B_STR_D_Y_S.fbx,7400,1794,1,-3.048828,3.048828,6.097656,0.0,-6.1e-05,3.044922,3.044983,1.522431,-8.921875,3.0,11.921875,-2.960938,
B_STR_D_Y_W,models/corvette/B_STR_D_Y_W.fbx,7400,1794,1,-3.0,8.921875,11.921875,2.960938,-6.1e-05,3.044922,3.044982,1.522431,-3.048828,3.048828,6.097656,0.0,
B_STR_E_E,models/corvette/B_STR_E_E.fbx,7400,1444,1,-3.0,3.0,6.0,0.0,-0.0,3.0,3.0,1.5,-3.0,3.0,6.0,0.0,
B_STR_E_N,models/corvette/B_STR_E_N.fbx,7400,1444,1,-3.0,3.0,6.0,0.0,-0.0,3.0,3.0,1.5,-3.0,3.0,6.0,0.0,
B_STR_E_NE,models/corvette/B_STR_E_NE.fbx,7400,1308,1,-2.96875,3.00044,5.96919,0.015845,0.0,3.0,2.999999,1.5,-3.003925,2.117188,5.121113,-0.443369,
B_STR_E_NE1,models/corvette/B_STR_E_NE1.fbx,7400,1308,1,-3.003925,2.117188,5.121113,-0.443369,0.0,3.0,2.999999,1.5,-3.000439,2.96875,5.96919,-0.015845,
B_STR_E_NE2,models/corvette/B_STR_E_NE2.fbx,7400,1308,1,-3.00044,2.96875,5.96919,-0.015845,0.0,3.0,2.999999,1.5,-2.117188,3.003925,5.121113,0.443369,
B_STR_E_NE3,models/corvette/B_STR_E_NE3.fbx,7400,1308,1,-2.117188,3.003925,5.121113,0.443369,0.0,3.0,2.999999,1.5,-2.96875,3.00044,5.969189,0.015845,
B_STR_E_NW,models/corvette/B_STR_E_NW.fbx,7400,1308,1,-3.000439,2.96875,5.96919,-0.015845,0.0,3.0,2.999999,1.5,-3.003925,2.117188,5.121113,-0.443369,
B_STR_E_NW1,models/corvette/B_STR_E_NW1.fbx,7400,1308,1,-3.003925,2.117188,5.121113,-0.443369,0.0,3.0,2.999999,1.5,-2.96875,3.00044,5.969189,0.015845,
B_STR_E_NW2,models/corvette/B_STR_E_NW2.fbx,7400,1308,1,-2.96875,3.00044,5.96919,0.015845,0.0,3.0,2.999999,1.5,-2.117188,3.003925,5.121113,0.443369,
B_STR_E_NW3,models/corvette/B_STR_E_NW3.fbx,7400,1308,1,-2.117188,3.003925,5.121113,0.443369,0.0,3.0,2.999999,1.5,-3.000439,2.96875,5.96919,-0.015845,
B_STR_E_S,models/corvette/B_STR_E_S.fbx,7400,1444,1,-3.0,3.0,6.0,0.0,-0.0,3.0,3.0,1.5,-3.0,3.0,6.0,0.0,
B_STR_E_W,models/corvette/B_STR_E_W.fbx,7400,1444,1,-3.0,3.0,6.0,0.0,-0.0,3.0,3.0,1.5,-3.0,3.0,6.0,0.0,
B_STR_E_Y_E,models/corvette/B_STR_E_Y_E.fbx,7400,1444,1,-3.0,3.0,6.0,0.0,-1e-06,3.0,3.0,1.5,-3.0,3.0,6.0,0.0,
B_STR_E_Y_N,models/corvette/B_STR_E_Y_N.fbx,7400,1444,1,-3.0,3.0,6.0,0.0,-0.0,3.0,3.0,1.5,-3.0,3.0,6.000001,0.0,
B_STR_E_Y_NE,models/corvette/B_STR_E_Y_NE.fbx,7400,1308,1,-2.96875,3.00044,5.96919,0.015845,0.0,3.0,3.0,1.5,-3.003925,2.117188,5.121113,-0.443369,
B_STR_E_Y_NE1,models/corvette/B_STR_E_Y_NE1.fbx,7400,1308,1,-3.003925,2.117188,5.121113,-0.443369,0.0,3.0,3.0,1.5,-3.000439,2.96875,5.96919,-0.015844,
B_STR_E_Y_NE2,models/corvette/B_STR_E_Y_NE2.fbx,7400,1308,1,-3.00044,2.96875,5.96919,-0.015845,0.0,3.0,3.0,1.5,-2.117187,3.003926,5.121113,0.443369,
B_STR_E_Y_NE3,models/corvette/B_STR_E_Y_NE3.fbx,7400,1308,1,-2.117188,3.003925,5.121113,0.443369,0.0,3.0,2.999999,1.5,-2.96875,3.00044,5.969189,0.015845,
B_STR_E_Y_NW,models/corvette/B_STR_E_Y_NW.fbx,7400,1308,1,-3.000439,2.96875,5.96919,-0.015845,0.0,3.0,3.0,1.5,-3.003925,2.117188,5.121113,-0.443368,
B_STR_E_Y_NW1,models/corvette/B_STR_E_Y_NW1.fbx,7400,1308,1,-3.003925,2.117188,5.121113,-0.443369,0.0,3.0,2.999999,1.5,-2.96875,3.00044,5.969189,0.015845,
B_STR_E_Y_NW2,models/corvette/B_STR_E_Y_NW2.fbx,7400,1308,1,-2.96875,3.00044,5.96919,0.015845,0.0,3.0,3.0,1.5,-2.117187,3.003926,5.121113,0.443369,
B_STR_E_Y_NW3,models/corvette/B_STR_E_Y_NW3.fbx,7400,1308,1,-2.117188,3.003925,5.121113,0.443369,0.0,3.0,3.0,1.5,-3.000439,2.96875,5.96919,-0.015844,
B_STR_E_Y_S,models/corvette/B_STR_E_Y_S.fbx,7400,1444,1,-3.0,3.0,6.0,0.0,-1e-06,3.0,3.000001,1.5,-3.0,3.0,6.0,0.0,
B_STR_E_Y_W,models/corvette/B_STR_E_Y_W.fbx,7400,1444,1,-3.0,3.0,6.0,0.0,-1e-06,3.0,3.0,1.5,-3.0,3.0,6.0,0.0,
B_STR_F_E,models/corvette/B_STR_F_E.fbx,7400,1815,1,-9.109375,2.995739,12.105114,-3.056818,-0.006138,3.0,3.006138,1.496931,-3.035156,3.035156,6.070312,-0.0,
B_STR_F_N,models/corvette/B_STR_F_N.fbx,7400,1815,1,-3.035156,3.035156,6.070312,-0.0,-0.006138,3.0,3.006138,1.496931,-2.995739,9.109375,12.105114,3.056818,
B_STR_F_NE,models/corvette/B_STR_F_NE.fbx,7400,2294,1,-2.902344,3.002853,5.905197,0.050255,-3e-06,2.916015,2.916019,1.458006,-3.003918,8.085938,11.089855,2.54101,
B_STR_F_NE1,models/corvette/B_STR_F_NE1.fbx,7400,2294,1,-3.003918,8.085938,11.089855,2.54101,-3e-06,2.916015,2.916019,1.458006,-3.002853,2.902344,5.905197,-0.050255,
B_STR_F_NE2,models/corvette/B_STR_F_NE2.fbx,7400,2294,1,-3.002853,2.902344,5.905197,-0.050255,-3e-06,2.916015,2.916019,1.458006,-8.085938,3.003918,11.089855,-2.54101,
B_STR_F_NE3,models/corvette/B_STR_F_NE3.fbx,7400,2294,1,-8.085938,3.003918,11.089855,-2.54101,-3e-06,2.916015,2.916019,1.458006,-2.902344,3.002853,5.905197,0.050255,
B_STR_F_NW,models/corvette/B_STR_F_NW.fbx,7400,2294,1,-3.002853,2.902344,5.905197,-0.050255,-3e-06,2.916015,2.916019,1.458006,-3.003918,8.085938,11.089855,2.54101,
B_STR_F_NW1,models/corvette/B_STR_F_NW1.fbx,7400,2294,1,-3.003918,8.085938,11.089855,2.54101,-3e-06,2.916015,2.916019,1.458006,-2.902344,3.002853,5.905197,0.050255,
B_STR_F_NW2,models/corvette/B_STR_F_NW2.fbx,7400,2294,1,-2.902344,3.002853,5.905197,0.050255,-3e-06,2.916015,2.916019,1.458006,-8.085938,3.003918,11.089855,-2.54101,
B_STR_F_NW3,models/corvette/B_STR_F_NW3.fbx,7400,2294,1,-8.085938,3.003918,11.089855,-2.54101,-3e-06,2.916015,2.916019,1.458006,-3.002853,2.902344,5.905197,-0.050255,
B_STR_F_S,models/corvette/B_STR_F_S.fbx,7400,1815,1,-3.035156,3.035156,6.070312,0.0,-0.006138,3.0,3.006138,1.496931,-9.109375,2.995739,12.105114,-3.056818,
B_STR_F_W,models/corvette/B_STR_F_W.fbx,7400,1815,1,-2.995739,9.109375,12.105114,3.056818,-0.006138,3.0,3.006138,1.496931,-3.035156,3.035156,6.070312,-0.0,
B_STR_F_Y_E,models/corvette/B_STR_F_Y_E.fbx,7400,1815,1,-9.109375,2.995739,12.105114,-3.056818,-0.006138,3.0,3.006138,1.496931,-3.035156,3.035156,6.070312,0.0,
B_STR_F_Y_N,models/corvette/B_STR_F_Y_N.fbx,7400,1815,1,-3.035156,3.035156,6.070312,-0.0,-0.006138,3.0,3.006138,1.496931,-2.995739,9.109375,12.105114,3.056818,
B_STR_F_Y_NE,models/corvette/B_STR_F_Y_NE.fbx,7400,2294,1,-2.902344,3.002853,5.905197,0.050255,-3e-06,2.916015,2.916018,1.458006,-3.003918,8.085938,11.089855,2.54101,
B_STR_F_Y_NE1,models/corvette/B_STR_F_Y_NE1.fbx,7400,2294,1,-3.003918,8.085938,11.089855,2.54101,-3e-06,2.916016,2.916019,1.458006,-3.002853,2.902344,5.905198,-0.050255,
B_STR_F_Y_NE2,models/corvette/B_STR_F_Y_NE2.fbx,7400,2294,1,-3.002853,2.902344,5.905197,-0.050255,-4e-06,2.916016,2.916019,1.458006,-8.085938,3.003918,11.089855,-2.54101,
B_STR_F_Y_NE3,models/corvette/B_STR_F_Y_NE3.fbx,7400,2294,1,-8.085938,3.003918,11.089855,-2.54101,-3e-06,2.916015,2.916018,1.458006,-2.902343,3.002853,5.905197,0.050255,
B_STR_F_Y_NW,models/corvette/B_STR_F_Y_NW.fbx,7400,2294,1,-3.002853,2.902344,5.905197,-0.050255,-3e-06,2.916015,2.916018,1.458006,-3.003918,8.085938,11.089855,2.54101,
B_STR_F_Y_NW1,models/corvette/B_STR_F_Y_NW1.fbx,7400,2294,1,-3.003918,8.085938,11.089855,2.54101,-3e-06,2.916015,2.916018,1.458006,-2.902343,3.002853,5.905197,0.050255,
B_STR_F_Y_NW2,models/corvette/B_STR_F_Y_NW2.fbx,7400,2294,1,-2.902344,3.002853,5.905197,0.050255,-4e-06,2.916016,2.916019,1.458006,-8.085938,3.003918,11.089855,-2.54101,
B_STR_F_Y_NW3,models/corvette/B_STR_F_Y_NW3.fbx,7400,2294,1,-8.085938,3.003918,11.089855,-2.54101,-3e-06,2.916016,2.916019,1.458006,-3.002853,2.902344,5.905198,-0.050255,
B_STR_F_Y_S,models/corvette/B_STR_F_Y_S.fbx,7400,1815,1,-3.035156,3.035156,6.070312,0.0,-0.006138,3.0,3.006138,1.496931,-9.109375,2.995739,12.105114,-3.056818,
B_STR_F_Y_W,models/corvette/B_STR_F_Y_W.fbx,7400,1815,1,-2.995739,9.109375,12.105114,3.056818,-0.006138,3.0,3.006138,1.496931,-3.035156,3.035156,6.070312,0.0,
B_STR_G_E,models/corvette/B_STR_G_E.fbx,7400,1333,1,-2.988281,3.0,5.988282,0.005859,-0.0,3.0,3.0,1.5,-3.0,3.0,6.0,0.0,
B_STR_G_N,models/corvette/B_STR_G_N.fbx,7400,1333,1,-3.0,3.0,6.0,0.0,-0.0,3.0,3.0,1.5,-3.0,2.988281,5.988282,-0.005859,
B_STR_G_NE,models/corvette/B_STR_G_NE.fbx,7400,1169,1,0.017578,2.999562,2.981984,1.50857,-0.0,2.980469,2.980469,1.490234,-3.000117,2.40625,5.406367,-0.296933,
B_STR_G_NE1,models/corvette/B_STR_G_NE1.fbx,7400,1169,1,-3.000118,2.40625,5.406367,-0.296934,-0.0,2.980469,2.980469,1.490234,-2.999562,-0.017578,2.981984,-1.50857,
B_STR_G_NE2,models/corvette/B_STR_G_NE2.fbx,7400,1169,1,-2.999562,-0.017578,2.981984,-1.50857,-0.0,2.980469,2.980469,1.490234,-2.40625,3.000117,5.406367,0.296934,
B_STR_G_NE3,models/corvette/B_STR_G_NE3.fbx,7400,1169,1,-2.40625,3.000117,5.406367,0.296933,-0.0,2.980469,2.980469,1.490234,0.017578,2.999562,2.981984,1.50857,
B_STR_G_NW,models/corvette/B_STR_G_NW.fbx,7400,1169,1,-2.999562,-0.017578,2.981984,-1.50857,-0.0,2.980469,2.980469,1.490234,-3.000117,2.40625,5.406367,-0.296934,
B_STR_G_NW1,models/corvette/B_STR_G_NW1.fbx,7400,1169,1,-3.000117,2.40625,5.406367,-0.296933,-0.0,2.980469,2.980469,1.490234,0.017578,2.999562,2.981984,1.50857,
B_STR_G_NW2,models/corvette/B_STR_G_NW2.fbx,7400,1169,1,0.017578,2.999562,2.981984,1.50857,-0.0,2.980469,2.980469,1.490234,-2.40625,3.000117,5.406367,0.296934,
B_STR_G_NW3,models/corvette/B_STR_G_NW3.fbx,7400,1169,1,-2.40625,3.000118,5.406367,0.296934,-0.0,2.980469,2.980469,1.490234,-2.999562,-0.017578,2.981984,-1.50857,
B_STR_G_S,models/corvette/B_STR_G_S.fbx,7400,1333,1,-3.0,3.0,6.0,0.0,-0.0,3.0,3.0,1.5,-2.988281,3.0,5.988281,0.005859,
B_STR_G_W,models/corvette/B_STR_G_W.fbx,7400,1333,1,-3.0,2.988281,5.988282,-0.005859,-0.0,3.0,3.0,1.5,-3.0,3.0,6.0,0.0,
B_STR_G_Y_E,models/corvette/B_STR_G_Y_E.fbx,7400,1333,1,-2.988281,3.0,5.988282,0.005859,-1e-06,3.0,3.0,1.5,-3.0,3.0,6.0,0.0,
B_STR_G_Y_N,models/corvette/B_STR_G_Y_N.fbx,7400,1333,1,-3.0,3.0,6.0,0.0,-0.0,3.0,3.0,1.5,-3.0,2.988282,5.988282,-0.005859,
B_STR_G_Y_NE,models/corvette/B_STR_G_Y_NE.fbx,7400,1169,1,0.017578,2.999562,2.981984,1.50857,-0.0,2.980469,2.980469,1.490234,-3.000117,2.40625,5.406367,-0.296933,
B_STR_G_Y_NE1,models/corvette/B_STR_G_Y_NE1.fbx,7400,1169,1,-3.000118,2.40625,5.406367,-0.296934,-0.0,2.980469,2.980469,1.490234,-2.999562,-0.017578,2.981984,-1.50857,
B_STR_G_Y_NE2,models/corvette/B_STR_G_Y_NE2.fbx,7400,1169,1,-2.999562,-0.017578,2.981984,-1.50857,-1e-06,2.980469,2.980469,1.490234,-2.40625,3.000118,5.406368,0.296934,
B_STR_G_Y_NE3,models/corvette/B_STR_G_Y_NE3.fbx,7400,1169,1,-2.40625,3.000117,5.406367,0.296933,-0.0,2.980469,2.980469,1.490234,0.017578,2.999562,2.981984,1.50857,
B_STR_G_Y_NW,models/corvette/B_STR_G_Y_NW.fbx,7400,1169,1,-2.999562,-0.017578,2.981984,-1.50857,-0.0,2.980469,2.980469,1.490234,-3.000117,2.40625,5.406367,-0.296934,
B_STR_G_Y_NW1,models/corvette/B_STR_G_Y_NW1.fbx,7400,1169,1,-3.000117,2.40625,5.406367,-0.296933,-0.0,2.980469,2.980469,1.490234,0.017578,2.999562,2.981984,1.50857,
B_STR_G_Y_NW2,models/corvette/B_STR_G_Y_NW2.fbx,7400,1169,1,0.017578,2.999562,2.981984,1.50857,-1e-06,2.980469,2.980469,1.490234,-2.40625,3.000118,5.406368,0.296934,
B_STR_G_Y_NW3,models/corvette/B_STR_G_Y_NW3.fbx,7400,1169,1,-2.40625,3.000118,5.406367,0.296934,-0.0,2.980469,2.980469,1.490234,-2.999562,-0.017578,2.981984,-1.50857,
B_STR_G_Y_S,models/corvette/B_STR_G_Y_S.fbx,7400,1333,1,-3.0,3.0,6.0,0.0,-1e-06,3.0,3.000001,1.5,-2.988281,3.0,5.988281,0.00586,
B_STR_G_Y_W,models/corvette/B_STR_G_Y_W.fbx,7400,1333,1,-3.0,2.988281,5.988282,-0.005859,-1e-06,3.0,3.0,1.5,-3.0,3.0,6.0,0.0,
B_STR_H_E,models/corvette/B_STR_H_E.fbx,7400,2218,1,-8.40625,3.000107,11.406357,-2.703071,-0.049195,3.021484,3.070679,1.486145,-3.027344,3.027344,6.054688,-0.0,
B_STR_H_N,models/corvette/B_STR_H_N.fbx,7400,2218,1,-3.027344,3.027344,6.054688,0.0,-0.049195,3.021484,3.070679,1.486145,-3.000107,8.40625,11.406357,2.703071,
B_STR_H_NE,models/corvette/B_STR_H_NE.fbx,7400,1129,1,0.019531,3.009262,2.989731,1.514397,-0.008667,2.980469,2.989136,1.485901,-2.999992,7.703125,10.703117,2.351566,
B_STR_H_NE1,models/corvette/B_STR_H_NE1.fbx,7400,1129,1,-2.999993,7.703125,10.703118,2.351566,-0.008667,2.980469,2.989136,1.485901,-3.009262,-0.019531,2.989731,-1.514397,
B_STR_H_NE2,models/corvette/B_STR_H_NE2.fbx,7400,1129,1,-3.009262,-0.019531,2.989731,-1.514397,-0.008667,2.980469,2.989136,1.485901,-7.703125,2.999993,10.703118,-2.351566,
B_STR_H_NE3,models/corvette/B_STR_H_NE3.fbx,7400,1129,1,-7.703125,2.999992,10.703117,-2.351566,-0.008667,2.980469,2.989136,1.485901,0.019531,3.009262,2.989731,1.514397,
B_STR_H_NW,models/corvette/B_STR_H_NW.fbx,7400,1129,1,-3.009262,-0.019531,2.989731,-1.514396,-0.008667,2.980469,2.989136,1.485901,-2.999993,7.703125,10.703118,2.351566,
B_STR_H_NW1,models/corvette/B_STR_H_NW1.fbx,7400,1129,1,-2.999992,7.703125,10.703117,2.351566,-0.008667,2.980469,2.989136,1.485901,0.019531,3.009262,2.989731,1.514397,
B_STR_H_NW2,models/corvette/B_STR_H_NW2.fbx,7400,1129,1,0.019531,3.009262,2.989731,1.514397,-0.008667,2.980469,2.989136,1.485901,-7.703125,2.999993,10.703118,-2.351566,
B_STR_H_NW3,models/corvette/B_STR_H_NW3.fbx,7400,1129,1,-7.703125,2.999993,10.703118,-2.351566,-0.008667,2.980469,2.989136,1.485901,-3.009262,-0.019531,2.989731,-1.514397,
B_STR_H_S,models/corvette/B_STR_H_S.fbx,7400,2218,1,-3.027344,3.027344,6.054688,0.0,-0.049195,3.021484,3.070679,1.486145,-8.40625,3.000107,11.406357,-2.703071,
B_STR_H_W,models/corvette/B_STR_H_W.fbx,7400,2218,1,-3.000107,8.40625,11.406357,2.703071,-0.049195,3.021484,3.070679,1.486145,-3.027344,3.027344,6.054688,-0.0,
B_STR_H_Y_E,models/corvette/B_STR_H_Y_E.fbx,7400,2218,1,-8.40625,3.000107,11.406357,-2.703071,-0.049195,3.021484,3.070679,1.486145,-3.027344,3.027344,6.054688,-0.0,
B_STR_H_Y_N,models/corvette/B_STR_H_Y_N.fbx,7400,2218,1,-3.027344,3.027344,6.054688,0.0,-0.049194,3.021483,3.070678,1.486145,-3.000107,8.40625,11.406357,2.703071,
B_STR_H_Y_NE,models/corvette/B_STR_H_Y_NE.fbx,7400,1129,1,0.019531,3.009262,2.989731,1.514397,-0.008667,2.980469,2.989136,1.485901,-2.999992,7.703125,10.703117,2.351566,
B_STR_H_Y_NE1,models/corvette/B_STR_H_Y_NE1.fbx,7400,1129,1,-2.999993,7.703125,10.703118,2.351566,-0.008667,2.980468,2.989136,1.485901,-3.009262,-0.019531,2.989731,-1.514396,
B_STR_H_Y_NE2,models/corvette/B_STR_H_Y_NE2.fbx,7400,1129,1,-3.009262,-0.019531,2.989731,-1.514397,-0.008667,2.980469,2.989136,1.485901,-7.703125,2.999993,10.703118,-2.351566,
B_STR_H_Y_NE3,models/corvette/B_STR_H_Y_NE3.fbx,7400,1129,1,-7.703125,2.999992,10.703117,-2.351566,-0.008667,2.980469,2.989136,1.485901,0.019531,3.009262,2.989731,1.514397,
B_STR_H_Y_NW,models/corvette/B_STR_H_Y_NW.fbx,7400,1129,1,-3.009262,-0.019531,2.989731,-1.514396,-0.008667,2.980469,2.989136,1.485901,-2.999993,7.703125,10.703118,2.351566,
B_STR_H_Y_NW1,models/corvette/B_STR_H_Y_NW1.fbx,7400,1129,1,-2.999992,7.703125,10.703117,2.351566,-0.008667,2.980469,2.989136,1.485901,0.019531,3.009262,2.989731,1.514397,
B_STR_H_Y_NW2,models/corvette/B_STR_H_Y_NW2.fbx,7400,1129,1,0.019531,3.009262,2.989731,1.514397,-0.008667,2.980469,2.989136,1.485901,-7.703125,2.999993,10.703118,-2.351566,
B_STR_H_Y_NW3,models/corvette/B_STR_H_Y_NW3.fbx,7400,1129,1,-7.703125,2.999993,10.703118,-2.351566,-0.008667,2.980468,2.989136,1.485901,-3.009262,-0.019531,2.989731,-1.514396,
B_STR_H_Y_S,models/corvette/B_STR_H_Y_S.fbx,7400,2218,1,-3.027344,3.027344,6.054688,0.0,-0.049195,3.021485,3.07068,1.486145,-8.40625,3.000107,11.406357,-2.703071,
B_STR_H_Y_W,models/corvette/B_STR_H_Y_W.fbx,7400,2218,1,-3.000107,8.40625,11.406357,2.703071,-0.049195,3.021484,3.070679,1.486145,-3.027344,3.027344,6.054688,-0.0,
B_STR_I_E,models/corvette/B_STR_I_E.fbx,7400,1000,1,0.007812,3.0,2.992188,1.503906,-0.0,2.992187,2.992188,1.496094,-2.998047,2.998047,5.996094,0.0,
B_STR_I_N,models/corvette/B_STR_I_N.fbx,7400,1000,1,-2.998047,2.998047,5.996094,0.0,-0.0,2.992187,2.992188,1.496094,-3.0,-0.007812,2.992188,-1.503906,
B_STR_I_NE,models/corvette/B_STR_I_NE.fbx,7400,1603,1,-2.808593,3.000098,5.808691,0.095752,-0.0,2.490234,2.490234,1.245117,-3.000105,2.808594,5.808699,-0.095755,
B_STR_I_NE1,models/corvette/B_STR_I_NE1.fbx,7400,1603,1,-3.000105,2.808594,5.808699,-0.095756,-0.0,2.490234,2.490234,1.245117,-3.000098,2.808594,5.808692,-0.095752,
B_STR_I_NE2,models/corvette/B_STR_I_NE2.fbx,7400,1603,1,-3.000098,2.808594,5.808692,-0.095752,-0.0,2.490234,2.490234,1.245117,-2.808594,3.000105,5.808699,0.095756,
B_STR_I_NE3,models/corvette/B_STR_I_NE3.fbx,7400,1603,1,-2.808594,3.000105,5.808699,0.095756,-0.0,2.490234,2.490234,1.245117,-2.808594,3.000098,5.808692,0.095752,
B_STR_I_NW,models/corvette/B_STR_I_NW.fbx,7400,1603,1,-3.000098,2.808594,5.808692,-0.095752,-0.0,2.490234,2.490234,1.245117,-3.000105,2.808594,5.808698,-0.095756,
B_STR_I_NW1,models/corvette/B_STR_I_NW1.fbx,7400,1603,1,-3.000105,2.808594,5.808699,-0.095756,-0.0,2.490234,2.490234,1.245117,-2.808594,3.000098,5.808692,0.095752,
B_STR_I_NW2,models/corvette/B_STR_I_NW2.fbx,7400,1603,1,-2.808594,3.000098,5.808692,0.095752,-0.0,2.490234,2.490234,1.245117,-2.808594,3.000105,5.808699,0.095756,
B_STR_I_NW3,models/corvette/B_STR_I_NW3.fbx,7400,1603,1,-2.808594,3.000105,5.808699,0.095756,-0.0,2.490234,2.490234,1.245117,-3.000098,2.808594,5.808692,-0.095752,
B_STR_I_S,models/corvette/B_STR_I_S.fbx,7400,1000,1,-2.998047,2.998047,5.996094,0.0,-0.0,2.992187,2.992188,1.496094,0.007812,3.0,2.992188,1.503906,
B_STR_I_W,models/corvette/B_STR_I_W.fbx,7400,1000,1,-3.0,-0.007812,2.992188,-1.503906,-0.0,2.992187,2.992188,1.496094,-2.998047,2.998047,5.996094,0.0,
B_STR_I_Y_E,models/corvette/B_STR_I_Y_E.fbx,7400,1000,1,0.007812,3.0,2.992188,1.503906,-1e-06,2.992188,2.992188,1.496093,-2.998047,2.998047,5.996094,0.0,
B_STR_I_Y_N,models/corvette/B_STR_I_Y_N.fbx,7400,1000,1,-2.998047,2.998047,5.996094,0.0,-0.0,2.992187,2.992188,1.496094,-3.0,-0.007812,2.992188,-1.503906,
B_STR_I_Y_NE,models/corvette/B_STR_I_Y_NE.fbx,7400,1603,1,-2.808593,3.000098,5.808691,0.095752,-0.0,2.490234,2.490235,1.245117,-3.000105,2.808594,5.808699,-0.095755,
B_STR_I_Y_NE1,models/corvette/B_STR_I_Y_NE1.fbx,7400,1603,1,-3.000105,2.808594,5.808699,-0.095756,-0.0,2.490234,2.490235,1.245117,-3.000098,2.808594,5.808692,-0.095752,
B_STR_I_Y_NE2,models/corvette/B_STR_I_Y_NE2.fbx,7400,1603,1,-3.000098,2.808594,5.808692,-0.095752,-0.0,2.490234,2.490234,1.245117,-2.808594,3.000105,5.808699,0.095756,
B_STR_I_Y_NE3,models/corvette/B_STR_I_Y_NE3.fbx,7400,1603,1,-2.808594,3.000105,5.808699,0.095756,-0.0,2.490234,2.490234,1.245117,-2.808594,3.000098,5.808692,0.095752,
B_STR_I_Y_NW,models/corvette/B_STR_I_Y_NW.fbx,7400,1603,1,-3.000098,2.808594,5.808692,-0.095752,-0.0,2.490234,2.490235,1.245117,-3.000105,2.808594,5.808699,-0.095756,
B_STR_I_Y_NW1,models/corvette/B_STR_I_Y_NW1.fbx,7400,1603,1,-3.000105,2.808594,5.808699,-0.095756,-0.0,2.490234,2.490234,1.245117,-2.808594,3.000098,5.808692,0.095752,
B_STR_I_Y_NW2,models/corvette/B_STR_I_Y_NW2.fbx,7400,1603,1,-2.808594,3.000098,5.808692,0.095752,-0.0,2.490234,2.490234,1.245117,-2.808594,3.000105,5.808699,0.095756,
B_STR_I_Y_NW3,models/corvette/B_STR_I_Y_NW3.fbx,7400,1603,1,-2.808594,3.000105,5.808699,0.095756,-0.0,2.490234,2.490235,1.245117,-3.000098,2.808594,5.808692,-0.095752,
B_STR_I_Y_S,models/corvette/B_STR_I_Y_S.fbx,7400,1000,1,-2.998047,2.998047,5.996094,0.0,-0.0,2.992188,2.992188,1.496094,0.007813,3.0,2.992188,1.503906,
B_STR_I_Y_W,models/corvette/B_STR_I_Y_W.fbx,7400,1000,1,-3.0,-0.007812,2.992188,-1.503906,-1e-06,2.992188,2.992188,1.496093,-2.998047,2.998047,5.996094,0.0,
B_STR_J_E,models/corvette/B_STR_J_E.fbx,7400,1650,1,0.044922,2.964905,2.919983,1.504913,-0.0,2.919922,2.919922,1.459961,-3.013672,3.013672,6.027344,0.0,
B_STR_J_N,models/corvette/B_STR_J_N.fbx,7400,1650,1,-3.013672,3.013672,6.027344,0.0,-0.0,2.919922,2.919922,1.459961,-2.964905,-0.044922,2.919983,-1.504913,
B_STR_J_NE,models/corvette/B_STR_J_NE.fbx,7400,2816,1,-3.007812,3.000007,6.007819,-0.003903,-0.004769,2.919922,2.92469,1.457577,-3.000708,8.96875,11.969458,2.984021,
B_STR_J_NE1,models/corvette/B_STR_J_NE1.fbx,7400,2816,1,-3.000708,8.96875,11.969458,2.984021,-0.004769,2.919922,2.92469,1.457577,-3.000007,3.007812,6.00782,0.003903,
B_STR_J_NE2,models/corvette/B_STR_J_NE2.fbx,7400,2816,1,-3.000007,3.007812,6.00782,0.003903,-0.004769,2.919922,2.92469,1.457577,-8.96875,3.000708,11.969458,-2.984021,
B_STR_J_NE3,models/corvette/B_STR_J_NE3.fbx,7400,2816,1,-8.96875,3.000708,11.969458,-2.984021,-0.004769,2.919922,2.92469,1.457577,-3.007812,3.000007,6.007819,-0.003903,
B_STR_J_NW,models/corvette/B_STR_J_NW.fbx,7400,2818,1,-3.000008,3.007812,6.00782,0.003902,-0.004769,2.919922,2.92469,1.457577,-3.000708,8.96875,11.969458,2.984021,
B_STR_J_NW1,models/corvette/B_STR_J_NW1.fbx,7400,2818,1,-3.000708,8.96875,11.969458,2.984021,-0.004769,2.919922,2.92469,1.457577,-3.007812,3.000007,6.007819,-0.003903,
B_STR_J_NW2,models/corvette/B_STR_J_NW2.fbx,7400,2818,1,-3.007812,3.000007,6.00782,-0.003903,-0.004769,2.919922,2.92469,1.457577,-8.96875,3.000708,11.969458,-2.984021,
B_STR_J_NW3,models/corvette/B_STR_J_NW3.fbx,7400,2818,1,-8.96875,3.000708,11.969458,-2.984021,-0.004769,2.919922,2.92469,1.457577,-3.000007,3.007812,6.00782,0.003903,
B_STR_J_S,models/corvette/B_STR_J_S.fbx,7400,1650,1,-3.013672,3.013672,6.027344,0.0,-0.0,2.919922,2.919922,1.459961,0.044922,2.964905,2.919983,1.504913,
B_STR_J_W,models/corvette/B_STR_J_W.fbx,7400,1650,1,-2.964905,-0.044922,2.919983,-1.504913,-0.0,2.919922,2.919922,1.459961,-3.013672,3.013672,6.027344,0.0,
B_STR_J_Y_E,models/corvette/B_STR_J_Y_E.fbx,7400,1650,1,0.044922,2.964905,2.919983,1.504913,-1e-06,2.919922,2.919923,1.459961,-3.013672,3.013672,6.027344,0.0,
B_STR_J_Y_N,models/corvette/B_STR_J_Y_N.fbx,7400,1650,1,-3.013672,3.013672,6.027344,0.0,-0.0,2.919921,2.919922,1.459961,-2.964905,-0.044922,2.919984,-1.504913,
B_STR_J_Y_NE,models/corvette/B_STR_J_Y_NE.fbx,7400,2816,1,-3.007812,3.000007,6.007819,-0.003903,-0.004768,2.919921,2.92469,1.457577,-3.000708,8.96875,11.969458,2.984021,
B_STR_J_Y_NE1,models/corvette/B_STR_J_Y_NE1.fbx,7400,2816,1,-3.000708,8.96875,11.969458,2.984021,-0.004768,2.919921,2.92469,1.457577,-3.000007,3.007813,6.00782,0.003903,
B_STR_J_Y_NE2,models/corvette/B_STR_J_Y_NE2.fbx,7400,2816,1,-3.000007,3.007812,6.00782,0.003903,-0.004769,2.919922,2.924691,1.457576,-8.96875,3.000708,11.969458,-2.984021,
B_STR_J_Y_NE3,models/corvette/B_STR_J_Y_NE3.fbx,7400,2816,1,-8.96875,3.000708,11.969458,-2.984021,-0.004769,2.919922,2.924691,1.457576,-3.007812,3.000007,6.007819,-0.003903,
B_STR_J_Y_NW,models/corvette/B_STR_J_Y_NW.fbx,7400,2818,1,-3.000008,3.007812,6.00782,0.003902,-0.004768,2.919921,2.92469,1.457577,-3.000708,8.96875,11.969458,2.984021,
B_STR_J_Y_NW1,models/corvette/B_STR_J_Y_NW1.fbx,7400,2818,1,-3.000708,8.96875,11.969458,2.984021,-0.004769,2.919922,2.924691,1.457576,-3.007812,3.000007,6.007819,-0.003903,
B_STR_J_Y_NW2,models/corvette/B_STR_J_Y_NW2.fbx,7400,2818,1,-3.007812,3.000007,6.00782,-0.003903,-0.004769,2.919922,2.924691,1.457576,-8.96875,3.000708,11.969458,-2.984021,
B_STR_J_Y_NW3,models/corvette/B_STR_J_Y_NW3.fbx,7400,2818,1,-8.96875,3.000708,11.969458,-2.984021,-0.004768,2.919921,2.92469,1.457577,-3.000007,3.007813,6.00782,0.003903,
B_STR_J_Y_S,models/corvette/B_STR_J_Y_S.fbx,7400,1650,1,-3.013672,3.013672,6.027344,0.0,-0.0,2.919922,2.919922,1.459961,0.044922,2.964905,2.919983,1.504913,
B_STR_J_Y_W,models/corvette/B_STR_J_Y_W.fbx,7400,1650,1,-2.964905,-0.044922,2.919983,-1.504913,-1e-06,2.919922,2.919923,1.459961,-3.013672,3.013672,6.027344,0.0,
B_STR_K_E,models/corvette/B_STR_K_E.fbx,7400,1530,1,-3.128906,3.0,6.128907,-0.064453,-0.0,3.027344,3.027344,1.513672,-3.0,3.0,6.0,0.0,
B_STR_K_N,models/corvette/B_STR_K_N.fbx,7400,1530,1,-3.0,3.0,6.0,0.0,-0.0,3.027344,3.027344,1.513672,-3.0,3.128906,6.128907,0.064453,
B_STR_K_NE,models/corvette/B_STR_K_NE.fbx,7400,1597,1,-2.472656,3.00078,5.473436,0.264062,-0.0,2.722656,2.722656,1.361328,-3.000053,8.523438,11.523491,2.761692,
B_STR_K_NE1,models/corvette/B_STR_K_NE1.fbx,7400,1597,1,-3.000054,8.523438,11.523491,2.761692,-0.0,2.722656,2.722656,1.361328,-3.000782,2.472656,5.473438,-0.264063,
B_STR_K_NE2,models/corvette/B_STR_K_NE2.fbx,7400,1597,1,-3.000781,2.472656,5.473437,-0.264062,-0.0,2.722656,2.722656,1.361328,-8.523438,3.000053,11.523491,-2.761692,
B_STR_K_NE3,models/corvette/B_STR_K_NE3.fbx,7400,1597,1,-8.523438,3.000053,11.523491,-2.761692,-0.0,2.722656,2.722656,1.361328,-2.472656,3.00078,5.473436,0.264062,
B_STR_K_NW,models/corvette/B_STR_K_NW.fbx,7400,1682,1,-3.000782,2.472656,5.473438,-0.264063,-0.0,2.722656,2.722656,1.361328,-3.000054,8.523438,11.523491,2.761692,
B_STR_K_NW1,models/corvette/B_STR_K_NW1.fbx,7400,1682,1,-3.000053,8.523438,11.523491,2.761692,-0.0,2.722656,2.722656,1.361328,-2.472656,3.00078,5.473436,0.264062,
B_STR_K_NW2,models/corvette/B_STR_K_NW2.fbx,7400,1682,1,-2.472656,3.000781,5.473437,0.264062,-0.0,2.722656,2.722656,1.361328,-8.523438,3.000053,11.523491,-2.761692,
B_STR_K_NW3,models/corvette/B_STR_K_NW3.fbx,7400,1682,1,-8.523438,3.000054,11.523491,-2.761692,-0.0,2.722656,2.722656,1.361328,-3.000782,2.472656,5.473438,-0.264063,
B_STR_K_S,models/corvette/B_STR_K_S.fbx,7400,1530,1,-3.0,3.0,6.0,0.0,-0.0,3.027344,3.027344,1.513672,-3.128906,3.0,6.128906,-0.064453,
B_STR_K_W,models/corvette/B_STR_K_W.fbx,7400,1530,1,-3.0,3.128906,6.128907,0.064453,-0.0,3.027344,3.027344,1.513672,-3.0,3.0,6.0,0.0,
B_STR_K_Y_E,models/corvette/B_STR_K_Y_E.fbx,7400,1530,1,-3.128906,3.0,6.128907,-0.064453,-0.0,3.027344,3.027344,1.513672,-3.0,3.0,6.0,-0.0,
B_STR_K_Y_N,models/corvette/B_STR_K_Y_N.fbx,7400,1530,1,-3.0,3.0,6.0,0.0,0.0,3.027344,3.027344,1.513672,-3.0,3.128907,6.128907,0.064453,
B_STR_K_Y_NE,models/corvette/B_STR_K_Y_NE.fbx,7400,1597,1,-2.472656,3.00078,5.473436,0.264062,-0.0,2.722656,2.722656,1.361328,-3.000053,8.523438,11.523491,2.761692,
B_STR_K_Y_NE1,models/corvette/B_STR_K_Y_NE1.fbx,7400,1597,1,-3.000054,8.523438,11.523491,2.761692,-0.0,2.722656,2.722656,1.361328,-3.000782,2.472657,5.473439,-0.264063,
B_STR_K_Y_NE2,models/corvette/B_STR_K_Y_NE2.fbx,7400,1597,1,-3.000781,2.472656,5.473437,-0.264062,-0.0,2.722656,2.722657,1.361328,-8.523438,3.000053,11.523491,-2.761692,
B_STR_K_Y_NE3,models/corvette/B_STR_K_Y_NE3.fbx,7400,1597,1,-8.523438,3.000053,11.523491,-2.761692,-0.0,2.722656,2.722657,1.361328,-2.472656,3.00078,5.473436,0.264062,
B_STR_K_Y_NW,models/corvette/B_STR_K_Y_NW.fbx,7400,1682,1,-3.000782,2.472656,5.473438,-0.264063,-0.0,2.722656,2.722656,1.361328,-3.000054,8.523438,11.523491,2.761692,
B_STR_K_Y_NW1,models/corvette/B_STR_K_Y_NW1.fbx,7400,1682,1,-3.000053,8.523438,11.523491,2.761692,-0.0,2.722656,2.722657,1.361328,-2.472656,3.00078,5.473436,0.264062,
B_STR_K_Y_NW2,models/corvette/B_STR_K_Y_NW2.fbx,7400,1682,1,-2.472656,3.000781,5.473437,0.264062,-0.0,2.722656,2.722657,1.361328,-8.523438,3.000053,11.523491,-2.761692,
B_STR_K_Y_NW3,models/corvette/B_STR_K_Y_NW3.fbx,7400,1682,1,-8.523438,3.000054,11.523491,-2.761692,-0.0,2.722656,2.722656,1.361328,-3.000782,2.472657,5.473439,-0.264063,
B_STR_K_Y_S,models/corvette/B_STR_K_Y_S.fbx,7400,1530,1,-3.0,3.0,6.0,0.0,-1e-06,3.027344,3.027344,1.513672,-3.128906,3.0,6.128906,-0.064453,
B_STR_K_Y_W,models/corvette/B_STR_K_Y_W.fbx,7400,1530,1,-3.0,3.128906,6.128907,0.064453,-0.0,3.027344,3.027344,1.513672,-3.0,3.0,6.0,-0.0,
B_STR_L_E,models/corvette/B_STR_L_E.fbx,7400,1066,1,-2.988281,3.0,5.988282,0.005859,-0.0,2.998047,2.998047,1.499023,-3.0,3.0,6.0,-0.0,
B_STR_L_N,models/corvette/B_STR_L_N.fbx,7400,1066,1,-3.0,3.0,6.0,0.0,-0.0,2.998047,2.998047,1.499023,-3.0,2.988281,5.988282,-0.005859,
B_STR_L_NE,models/corvette/B_STR_L_NE.fbx,7400,1370,1,-3.230469,3.0,6.230468,-0.115234,-3.3e-05,2.992187,2.99222,1.496077,-3.000019,6.820312,9.820332,1.910147,
B_STR_L_NE1,models/corvette/B_STR_L_NE1.fbx,7400,1370,1,-3.00002,6.820312,9.820333,1.910146,-3.3e-05,2.992187,2.99222,1.496077,-3.0,3.230469,6.230469,0.115234,
B_STR_L_NE2,models/corvette/B_STR_L_NE2.fbx,7400,1370,1,-3.0,3.230469,6.230469,0.115234,-3.3e-05,2.992187,2.99222,1.496077,-6.820312,3.00002,9.820332,-1.910146,
B_STR_L_NE3,models/corvette/B_STR_L_NE3.fbx,7400,1370,1,-6.820312,3.000019,9.820332,-1.910147,-3.3e-05,2.992187,2.99222,1.496077,-3.230469,3.0,6.230468,-0.115234,
B_STR_L_NW,models/corvette/B_STR_L_NW.fbx,7400,1371,1,-3.0,3.230469,6.23047,0.115234,-3.3e-05,2.992187,2.99222,1.496077,-3.00002,6.820312,9.820332,1.910146,
B_STR_L_NW1,models/corvette/B_STR_L_NW1.fbx,7400,1371,1,-3.000019,6.820312,9.820332,1.910147,-3.3e-05,2.992187,2.99222,1.496077,-3.230469,3.0,6.230468,-0.115234,
B_STR_L_NW2,models/corvette/B_STR_L_NW2.fbx,7400,1371,1,-3.230469,3.0,6.230469,-0.115234,-3.3e-05,2.992187,2.99222,1.496077,-6.820312,3.00002,9.820332,-1.910146,
B_STR_L_NW3,models/corvette/B_STR_L_NW3.fbx,7400,1371,1,-6.820312,3.00002,9.820333,-1.910146,-3.3e-05,2.992187,2.99222,1.496077,-3.0,3.230469,6.230469,0.115234,
B_STR_L_S,models/corvette/B_STR_L_S.fbx,7400,1066,1,-3.0,3.0,6.0,0.0,-0.0,2.998047,2.998047,1.499023,-2.988281,3.0,5.988281,0.005859,
B_STR_L_W,models/corvette/B_STR_L_W.fbx,7400,1066,1,-3.0,2.988281,5.988282,-0.005859,-0.0,2.998047,2.998047,1.499023,-3.0,3.0,6.0,-0.0,
B_STR_L_Y_E,models/corvette/B_STR_L_Y_E.fbx,7400,1066,1,-2.988281,3.0,5.988282,0.005859,-1e-06,2.998047,2.998047,1.499023,-3.0,3.0,6.0,-0.0,
B_STR_L_Y_N,models/corvette/B_STR_L_Y_N.fbx,7400,1066,1,-3.0,3.0,6.0,0.0,-0.0,2.998047,2.998047,1.499023,-3.0,2.988282,5.988282,-0.005859,
B_STR_L_Y_NE,models/corvette/B_STR_L_Y_NE.fbx,7400,1370,1,-3.230469,3.0,6.230468,-0.115234,-3.3e-05,2.992187,2.99222,1.496077,-3.000019,6.820312,9.820332,1.910147,
B_STR_L_Y_NE1,models/corvette/B_STR_L_Y_NE1.fbx,7400,1370,1,-3.00002,6.820312,9.820333,1.910146,-3.3e-05,2.992187,2.99222,1.496077,-3.0,3.230469,6.230469,0.115234,
B_STR_L_Y_NE2,models/corvette/B_STR_L_Y_NE2.fbx,7400,1370,1,-3.0,3.230469,6.230469,0.115234,-3.4e-05,2.992188,2.992221,1.496077,-6.820312,3.00002,9.820332,-1.910146,
B_STR_L_Y_NE3,models/corvette/B_STR_L_Y_NE3.fbx,7400,1370,1,-6.820312,3.000019,9.820332,-1.910147,-3.3e-05,2.992188,2.992221,1.496077,-3.230468,3.0,6.230468,-0.115234,
B_STR_L_Y_NW,models/corvette/B_STR_L_Y_NW.fbx,7400,1371,1,-3.0,3.230469,6.23047,0.115234,-3.3e-05,2.992187,2.99222,1.496077,-3.00002,6.820312,9.820332,1.910146,
B_STR_L_Y_NW1,models/corvette/B_STR_L_Y_NW1.fbx,7400,1371,1,-3.000019,6.820312,9.820332,1.910147,-3.3e-05,2.992188,2.992221,1.496077,-3.230468,3.0,6.230468,-0.115234,
B_STR_L_Y_NW2,models/corvette/B_STR_L_Y_NW2.fbx,7400,1371,1,-3.230469,3.0,6.230469,-0.115234,-3.4e-05,2.992188,2.992221,1.496077,-6.820312,3.00002,9.820332,-1.910146,
B_STR_L_Y_NW3,models/corvette/B_STR_L_Y_NW3.fbx,7400,1371,1,-6.820312,3.00002,9.820333,-1.910146,-3.3e-05,2.992187,2.99222,1.496077,-3.0,3.230469,6.230469,0.115234,
B_STR_L_Y_S,models/corvette/B_STR_L_Y_S.fbx,7400,1066,1,-3.0,3.0,6.0,0.0,-1e-06,2.998047,2.998048,1.499023,-2.988281,3.0,5.988281,0.00586,
B_STR_L_Y_W,models/corvette/B_STR_L_Y_W.fbx,7400,1066,1,-3.0,2.988281,5.988282,-0.005859,-1e-06,2.998047,2.998047,1.499023,-3.0,3.0,6.0,-0.0,
B_STR_M_E,models/corvette/B_STR_M_E.fbx,7400,2105,1,-8.078125,3.003611,11.081736,-2.537257,-0.0,2.912109,2.912109,1.456055,-3.001953,3.001953,6.003906,0.0,
B_STR_M_N,models/corvette/B_STR_M_N.fbx,7400,2105,1,-3.001953,3.001953,6.003906,0.0,-0.0,2.912109,2.912109,1.456055,-3.003611,8.078125,11.081736,2.537257,
B_STR_M_NE,models/corvette/B_STR_M_NE.fbx,7400,5342,1,0.0,3.010856,3.010856,1.505428,-0.03302,2.947265,2.980286,1.457123,-3.014839,8.96875,11.983589,2.976955,
B_STR_M_NE1,models/corvette/B_STR_M_NE1.fbx,7400,5342,1,-3.014839,8.96875,11.983589,2.976955,-0.03302,2.947265,2.980286,1.457123,-3.010857,0.0,3.010857,-1.505428,
B_STR_M_NE2,models/corvette/B_STR_M_NE2.fbx,7400,5342,1,-3.010857,0.0,3.010857,-1.505428,-0.03302,2.947265,2.980286,1.457123,-8.96875,3.014839,11.983589,-2.976955,
B_STR_M_NE3,models/corvette/B_STR_M_NE3.fbx,7400,5342,1,-8.96875,3.014839,11.983589,-2.976955,-0.03302,2.947265,2.980286,1.457123,0.0,3.010856,3.010856,1.505428,
B_STR_M_NW,models/corvette/B_STR_M_NW.fbx,7400,5339,1,-3.010857,0.0,3.010857,-1.505428,-0.03302,2.947265,2.980286,1.457123,-3.014839,8.96875,11.983589,2.976955,
B_STR_M_NW1,models/corvette/B_STR_M_NW1.fbx,7400,5339,1,-3.014839,8.96875,11.983589,2.976955,-0.03302,2.947265,2.980286,1.457123,0.0,3.010856,3.010856,1.505428,
B_STR_M_NW2,models/corvette/B_STR_M_NW2.fbx,7400,5339,1,0.0,3.010857,3.010857,1.505428,-0.03302,2.947265,2.980286,1.457123,-8.96875,3.014839,11.983589,-2.976955,
B_STR_M_NW3,models/corvette/B_STR_M_NW3.fbx,7400,5339,1,-8.96875,3.014839,11.983589,-2.976955,-0.03302,2.947265,2.980286,1.457123,-3.010857,0.0,3.010857,-1.505428,
B_STR_M_S,models/corvette/B_STR_M_S.fbx,7400,2105,1,-3.001953,3.001953,6.003906,0.0,-0.0,2.912109,2.912109,1.456055,-8.078125,3.003611,11.081736,-2.537257,
B_STR_M_W,models/corvette/B_STR_M_W.fbx,7400,2105,1,-3.003611,8.078125,11.081736,2.537257,-0.0,2.912109,2.912109,1.456055,-3.001953,3.001953,6.003906,0.0,
B_STR_M_Y_E,models/corvette/B_STR_M_Y_E.fbx,7400,2105,1,-8.078125,3.003611,11.081736,-2.537257,-0.0,2.912109,2.91211,1.456055,-3.001953,3.001953,6.003906,0.0,
B_STR_M_Y_N,models/corvette/B_STR_M_Y_N.fbx,7400,2105,1,-3.001953,3.001953,6.003906,0.0,-0.0,2.912109,2.912109,1.456054,-3.003611,8.078125,11.081736,2.537257,
B_STR_M_Y_NE,models/corvette/B_STR_M_Y_NE.fbx,7400,5342,1,0.0,3.010856,3.010856,1.505428,-0.03302,2.947265,2.980286,1.457123,-3.014839,8.96875,11.983589,2.976955,
B_STR_M_Y_NE1,models/corvette/B_STR_M_Y_NE1.fbx,7400,5342,1,-3.014839,8.96875,11.983589,2.976955,-0.03302,2.947265,2.980285,1.457123,-3.010857,0.0,3.010857,-1.505428,
B_STR_M_Y_NE2,models/corvette/B_STR_M_Y_NE2.fbx,7400,5342,1,-3.010857,0.0,3.010857,-1.505428,-0.03302,2.947265,2.980286,1.457123,-8.96875,3.014839,11.983589,-2.976955,
B_STR_M_Y_NE3,models/corvette/B_STR_M_Y_NE3.fbx,7400,5342,1,-8.96875,3.014839,11.983589,-2.976955,-0.03302,2.947266,2.980286,1.457123,0.0,3.010857,3.010857,1.505428,
B_STR_M_Y_NW,models/corvette/B_STR_M_Y_NW.fbx,7400,5339,1,-3.010857,0.0,3.010857,-1.505428,-0.03302,2.947265,2.980286,1.457123,-3.014839,8.96875,11.983589,2.976955,
B_STR_M_Y_NW1,models/corvette/B_STR_M_Y_NW1.fbx,7400,5339,1,-3.014839,8.96875,11.983589,2.976955,-0.03302,2.947266,2.980286,1.457123,0.0,3.010857,3.010857,1.505428,
B_STR_M_Y_NW2,models/corvette/B_STR_M_Y_NW2.fbx,7400,5339,1,0.0,3.010857,3.010857,1.505428,-0.03302,2.947265,2.980286,1.457123,-8.96875,3.014839,11.983589,-2.976955,
B_STR_M_Y_NW3,models/corvette/B_STR_M_Y_NW3.fbx,7400,5339,1,-8.96875,3.014839,11.983589,-2.976955,-0.03302,2.947265,2.980285,1.457123,-3.010857,0.0,3.010857,-1.505428,
B_STR_M_Y_S,models/corvette/B_STR_M_Y_S.fbx,7400,2105,1,-3.001953,3.001953,6.003906,0.0,-1e-06,2.91211,2.912111,1.456055,-8.078125,3.003611,11.081736,-2.537257,
B_STR_M_Y_W,models/corvette/B_STR_M_Y_W.fbx,7400,2105,1,-3.003611,8.078125,11.081736,2.537257,-0.0,2.912109,2.91211,1.456055,-3.001953,3.001953,6.003906,0.0,
B_STR_N_E,models/corvette/B_STR_N_E.fbx,7400,1313,1,-1.078125,3.0,4.078125,0.960938,-0.000654,1.926758,1.927411,0.963052,-3.0,3.0,6.0,0.0,
B_STR_N_N,models/corvette/B_STR_N_N.fbx,7400,1313,1,-3.0,3.0,6.0,0.0,-0.000654,1.926758,1.927411,0.963052,-3.0,1.078125,4.078125,-0.960937,
B_STR_N_NE,models/corvette/B_STR_N_NE.fbx,7400,1295,1,0.082031,3.0,2.917969,1.541016,-0.0,2.917969,2.917969,1.458984,-3.004963,2.472656,5.477619,-0.266153,
B_STR_N_NE1,models/corvette/B_STR_N_NE1.fbx,7400,1295,1,-3.004963,2.472656,5.477619,-0.266153,-0.0,2.917969,2.917969,1.458984,-3.0,-0.082031,2.917969,-1.541016,
B_STR_N_NE2,models/corvette/B_STR_N_NE2.fbx,7400,1295,1,-3.0,-0.082031,2.917969,-1.541016,-0.0,2.917969,2.917969,1.458984,-2.472656,3.004963,5.477619,0.266153,
B_STR_N_NE3,models/corvette/B_STR_N_NE3.fbx,7400,1295,1,-2.472656,3.004963,5.477619,0.266153,-0.0,2.917969,2.917969,1.458984,0.082031,3.0,2.917969,1.541016,
B_STR_N_NW,models/corvette/B_STR_N_NW.fbx,7400,1294,1,-3.0,-0.082031,2.917969,-1.541016,-0.0,2.917969,2.917969,1.458984,-3.004963,2.472656,5.477619,-0.266153,
B_STR_N_NW1,models/corvette/B_STR_N_NW1.fbx,7400,1294,1,-3.004963,2.472656,5.477619,-0.266153,-0.0,2.917969,2.917969,1.458984,0.082031,3.0,2.917969,1.541016,
B_STR_N_NW2,models/corvette/B_STR_N_NW2.fbx,7400,1294,1,0.082031,3.0,2.917969,1.541016,-0.0,2.917969,2.917969,1.458984,-2.472656,3.004963,5.477619,0.266153,
B_STR_N_NW3,models/corvette/B_STR_N_NW3.fbx,7400,1294,1,-2.472656,3.004963,5.477619,0.266153,-0.0,2.917969,2.917969,1.458984,-3.0,-0.082031,2.917969,-1.541016,
B_STR_N_S,models/corvette/B_STR_N_S.fbx,7400,1313,1,-3.0,3.0,6.0,0.0,-0.000654,1.926758,1.927411,0.963052,-1.078125,3.0,4.078125,0.960938,
B_STR_N_W,models/corvette/B_STR_N_W.fbx,7400,1313,1,-3.0,1.078125,4.078125,-0.960938,-0.000654,1.926758,1.927411,0.963052,-3.0,3.0,6.0,0.0,
B_STR_N_Y_E,models/corvette/B_STR_N_Y_E.fbx,7400,1313,1,-1.078125,3.0,4.078125,0.960938,-0.000654,1.926758,1.927411,0.963052,-3.0,3.0,6.0,0.0,
B_STR_N_Y_N,models/corvette/B_STR_N_Y_N.fbx,7400,1313,1,-3.0,3.0,6.0,0.0,-0.000653,1.926757,1.927411,0.963052,-3.0,1.078125,4.078125,-0.960938,
B_STR_N_Y_NE,models/corvette/B_STR_N_Y_NE.fbx,7400,1295,1,0.082031,3.0,2.917969,1.541016,-0.0,2.917969,2.917969,1.458984,-3.004963,2.472657,5.47762,-0.266153,
B_STR_N_Y_NE1,models/corvette/B_STR_N_Y_NE1.fbx,7400,1295,1,-3.004963,2.472656,5.477619,-0.266153,-0.0,2.917969,2.917969,1.458984,-3.0,-0.082031,2.917969,-1.541016,
B_STR_N_Y_NE2,models/corvette/B_STR_N_Y_NE2.fbx,7400,1295,1,-3.0,-0.082031,2.917969,-1.541016,-0.0,2.917969,2.917969,1.458984,-2.472656,3.004963,5.477619,0.266153,
B_STR_N_Y_NE3,models/corvette/B_STR_N_Y_NE3.fbx,7400,1295,1,-2.472656,3.004963,5.477619,0.266153,-0.0,2.917969,2.917969,1.458984,0.082032,3.0,2.917968,1.541016,
B_STR_N_Y_NW,models/corvette/B_STR_N_Y_NW.fbx,7400,1294,1,-3.0,-0.082031,2.917969,-1.541016,-0.0,2.917969,2.917969,1.458984,-3.004963,2.472656,5.477619,-0.266153,
B_STR_N_Y_NW1,models/corvette/B_STR_N_Y_NW1.fbx,7400,1294,1,-3.004963,2.472656,5.477619,-0.266153,-0.0,2.917969,2.917969,1.458984,0.082032,3.0,2.917968,1.541016,
B_STR_N_Y_NW2,models/corvette/B_STR_N_Y_NW2.fbx,7400,1294,1,0.082031,3.0,2.917969,1.541016,-0.0,2.917969,2.917969,1.458984,-2.472656,3.004963,5.477619,0.266153,
B_STR_N_Y_NW3,models/corvette/B_STR_N_Y_NW3.fbx,7400,1294,1,-2.472656,3.004963,5.477619,0.266153,-0.0,2.917969,2.917969,1.458984,-3.0,-0.082031,2.917969,-1.541016,
B_STR_N_Y_S,models/corvette/B_STR_N_Y_S.fbx,7400,1313,1,-3.0,3.0,6.0,0.0,-0.000654,1.926758,1.927412,0.963052,-1.078125,3.0,4.078125,0.960938,
B_STR_N_Y_W,models/corvette/B_STR_N_Y_W.fbx,7400,1313,1,-3.0,1.078125,4.078125,-0.960938,-0.000654,1.926758,1.927411,0.963052,-3.0,3.0,6.0,0.0,
B_STR_O_E,models/corvette/B_STR_O_E.fbx,7400,1444,1,-2.75,3.00391,5.75391,0.126955,-0.012123,3.009765,3.021889,1.498821,-3.0,3.0,6.0,0.0,
B_STR_O_N,models/corvette/B_STR_O_N.fbx,7400,1444,1,-3.0,3.0,6.0,0.0,-0.012123,3.009765,3.021889,1.498821,-3.00391,2.75,5.75391,-0.126955,
B_STR_O_S,models/corvette/B_STR_O_S.fbx,7400,1444,1,-3.0,3.0,6.0,0.0,-0.012123,3.009765,3.021889,1.498821,-2.75,3.00391,5.75391,0.126955,
B_STR_O_W,models/corvette/B_STR_O_W.fbx,7400,1444,1,-3.00391,2.75,5.75391,-0.126955,-0.012123,3.009765,3.021889,1.498821,-3.0,3.0,6.0,0.0,
B_STR_O_Y_E,models/corvette/B_STR_O_Y_E.fbx,7400,1444,1,-2.75,3.00391,5.75391,0.126955,-0.012123,3.009765,3.021889,1.498821,-3.0,3.0,6.0,0.0,
B_STR_O_Y_N,models/corvette/B_STR_O_Y_N.fbx,7400,1444,1,-3.0,3.0,6.0,0.0,-0.012123,3.009765,3.021888,1.498821,-3.00391,2.75,5.75391,-0.126955,
B_STR_O_Y_S,models/corvette/B_STR_O_Y_S.fbx,7400,1444,1,-3.0,3.0,6.0,0.0,-0.012123,3.009766,3.021889,1.498821,-2.75,3.003911,5.753911,0.126955,
B_STR_O_Y_W,models/corvette/B_STR_O_Y_W.fbx,7400,1444,1,-3.00391,2.75,5.75391,-0.126955,-0.012123,3.009765,3.021889,1.498821,-3.0,3.0,6.0,0.0,
B_STR_P_E,models/corvette/B_STR_P_E.fbx,7400,1509,1,-0.132813,3.133423,3.266236,1.500305,-0.0,3.0,3.0,1.5,-3.0,3.0,6.0,0.0,
B_STR_P_N,models/corvette/B_STR_P_N.fbx,7400,1509,1,-3.0,3.0,6.0,0.0,-0.0,3.0,3.0,1.5,-3.133423,0.132813,3.266236,-1.500305,
B_STR_P_S,models/corvette/B_STR_P_S.fbx,7400,1509,1,-3.0,3.0,6.0,0.0,-0.0,3.0,3.0,1.5,-0.132812,3.133423,3.266235,1.500305,
B_STR_P_W,models/corvette/B_STR_P_W.fbx,7400,1509,1,-3.133423,0.132813,3.266236,-1.500305,-0.0,3.0,3.0,1.5,-3.0,3.0,6.0,0.0,
B_STR_P_Y_E,models/corvette/B_STR_P_Y_E.fbx,7400,1509,1,-0.132813,3.133423,3.266236,1.500305,-0.0,3.0,3.0,1.5,-3.0,3.0,6.0,0.0,
B_STR_P_Y_N,models/corvette/B_STR_P_Y_N.fbx,7400,1509,1,-3.0,3.0,6.0,0.0,0.0,3.0,3.0,1.5,-3.133423,0.132813,3.266236,-1.500305,
B_STR_P_Y_S,models/corvette/B_STR_P_Y_S.fbx,7400,1509,1,-3.0,3.0,6.0,0.0,-0.0,3.0,3.0,1.5,-0.132812,3.133423,3.266235,1.500305,
B_STR_P_Y_W,models/corvette/B_STR_P_Y_W.fbx,7400,1509,1,-3.133423,0.132813,3.266236,-1.500305,-0.0,3.0,3.0,1.5,-3.0,3.0,6.0,0.0,
B_STR_Q_E,models/corvette/B_STR_Q_E.fbx,7400,1289,1,0.019531,2.99978,2.980249,1.509656,0.000219,2.980469,2.98025,1.490344,-3.0,3.0,6.0,0.0,
B_STR_Q_N,models/corvette/B_STR_Q_N.fbx,7400,1289,1,-3.0,3.0,6.0,0.0,0.000219,2.980469,2.98025,1.490344,-2.99978,-0.019531,2.980249,-1.509656,
B_STR_Q_S,models/corvette/B_STR_Q_S.fbx,7400,1289,1,-3.0,3.0,6.0,0.0,0.000219,2.980469,2.98025,1.490344,0.019531,2.99978,2.980249,1.509656,
B_STR_Q_W,models/corvette/B_STR_Q_W.fbx,7400,1289,1,-2.99978,-0.019531,2.980249,-1.509656,0.000219,2.980469,2.98025,1.490344,-3.0,3.0,6.0,0.0,
B_STR_Q_Y_E,models/corvette/B_STR_Q_Y_E.fbx,7400,1289,1,0.019531,2.99978,2.980249,1.509656,0.000219,2.980469,2.98025,1.490344,-3.0,3.0,6.0,0.0,
B_STR_Q_Y_N,models/corvette/B_STR_Q_Y_N.fbx,7400,1289,1,-3.0,3.0,6.0,0.0,0.000219,2.980469,2.98025,1.490344,-2.99978,-0.019531,2.980249,-1.509655,
B_STR_Q_Y_S,models/corvette/B_STR_Q_Y_S.fbx,7400,1289,1,-3.0,3.0,6.0,0.0,0.000219,2.980468,2.98025,1.490343,0.019531,2.99978,2.980249,1.509656,
B_STR_Q_Y_W,models/corvette/B_STR_Q_Y_W.fbx,7400,1289,1,-2.99978,-0.019531,2.980249,-1.509656,0.000219,2.980469,2.98025,1.490344,-3.0,3.0,6.0,0.0,
B_STR_R_E,models/corvette/B_STR_R_E.fbx,7400,1528,1,-2.90625,3.0,5.90625,0.046875,-0.0,2.919922,2.919922,1.459961,-3.0,3.0,6.0,-0.0,
B_STR_R_N,models/corvette/B_STR_R_N.fbx,7400,1528,1,-3.0,3.0,6.0,0.0,-0.0,2.919922,2.919922,1.459961,-3.0,2.90625,5.90625,-0.046875,
B_STR_R_S,models/corvette/B_STR_R_S.fbx,7400,1528,1,-3.0,3.0,6.0,0.0,-0.0,2.919922,2.919922,1.459961,-2.90625,3.0,5.90625,0.046875,
B_STR_R_W,models/corvette/B_STR_R_W.fbx,7400,1528,1,-3.0,2.90625,5.90625,-0.046875,-0.0,2.919922,2.919922,1.459961,-3.0,3.0,6.0,-0.0,
B_STR_R_Y_E,models/corvette/B_STR_R_Y_E.fbx,7400,1528,1,-2.90625,3.0,5.90625,0.046875,-0.0,2.919922,2.919922,1.459961,-3.0,3.0,6.0,-0.0,
B_STR_R_Y_N,models/corvette/B_STR_R_Y_N.fbx,7400,1528,1,-3.0,3.0,6.0,0.0,-0.0,2.919921,2.919922,1.459961,-3.0,2.90625,5.906251,-0.046875,
B_STR_R_Y_S,models/corvette/B_STR_R_Y_S.fbx,7400,1528,1,-3.0,3.0,6.0,0.0,-1e-06,2.919922,2.919923,1.459961,-2.90625,3.0,5.90625,0.046875,
B_STR_R_Y_W,models/corvette/B_STR_R_Y_W.fbx,7400,1528,1,-3.0,2.90625,5.90625,-0.046875,-0.0,2.919922,2.919922,1.459961,-3.0,3.0,6.0,-0.0,
B_STR_S_E,models/corvette/B_STR_S_E.fbx,7400,2658,1,-8.71875,3.0,11.71875,-2.859375,0.0,3.0,2.999999,1.5,-3.042969,3.042969,6.085938,-0.0,
B_STR_S_N,models/corvette/B_STR_S_N.fbx,7400,2658,1,-3.042969,3.042969,6.085938,-0.0,0.0,3.0,2.999999,1.5,-3.0,8.71875,11.71875,2.859375,
B_STR_S_S,models/corvette/B_STR_S_S.fbx,7400,2658,1,-3.042969,3.042969,6.085938,0.0,0.0,3.0,2.999999,1.5,-8.71875,3.0,11.71875,-2.859375,
B_STR_S_W,models/corvette/B_STR_S_W.fbx,7400,2658,1,-3.0,8.71875,11.71875,2.859375,0.0,3.0,2.999999,1.5,-3.042969,3.042969,6.085938,-0.0,
B_STR_S_Y_E,models/corvette/B_STR_S_Y_E.fbx,7400,2658,1,-8.71875,3.0,11.71875,-2.859375,0.0,3.0,3.0,1.5,-3.042969,3.042969,6.085938,-0.0,
B_STR_S_Y_N,models/corvette/B_STR_S_Y_N.fbx,7400,2658,1,-3.042969,3.042969,6.085938,-0.0,0.0,3.0,2.999999,1.5,-3.0,8.71875,11.71875,2.859375,
B_STR_S_Y_S,models/corvette/B_STR_S_Y_S.fbx,7400,2658,1,-3.042969,3.042969,6.085938,0.0,0.0,3.0,3.0,1.5,-8.71875,3.0,11.71875,-2.859375,
B_STR_S_Y_W,models/corvette/B_STR_S_Y_W.fbx,7400,2658,1,-3.0,8.71875,11.71875,2.859375,0.0,3.0,3.0,1.5,-3.042969,3.042969,6.085938,-0.0,
B_STR_T_NETB,models/corvette/B_STR_T_NETB.fbx,7400,1806,1,0.0,3.0,3.0,1.5,-0.000219,3.0,3.000219,1.49989,-3.0,2.523438,5.523438,-0.238281,
B_STR_T_NETB1,models/corvette/B_STR_T_NETB1.fbx,7400,1806,1,-3.0,2.523437,5.523438,-0.238281,-0.000219,3.0,3.000219,1.49989,-3.0,0.0,3.0,-1.5,
B_STR_T_NETB2,models/corvette/B_STR_T_NETB2.fbx,7400,1806,1,-3.0,0.0,3.0,-1.5,-0.000219,3.0,3.000219,1.49989,-2.523438,3.0,5.523438,0.238281,
B_STR_T_NETB3,models/corvette/B_STR_T_NETB3.fbx,7400,1806,1,-2.523438,3.0,5.523438,0.238281,-0.000219,3.0,3.000219,1.49989,0.0,3.0,3.0,1.5,
B_STR_T_NWTB,models/corvette/B_STR_T_NWTB.fbx,7400,1806,1,0.0,3.0,3.0,1.5,-0.000219,3.0,3.000219,1.49989,-3.0,2.523438,5.523438,-0.238281,
B_STR_T_NWTB1,models/corvette/B_STR_T_NWTB1.fbx,7400,1806,1,-3.0,2.523437,5.523438,-0.238281,-0.000219,3.0,3.000219,1.49989,-3.0,0.0,3.0,-1.5,
B_STR_T_NWTB2,models/corvette/B_STR_T_NWTB2.fbx,7400,1806,1,-3.0,0.0,3.0,-1.5,-0.000219,3.0,3.000219,1.49989,-2.523438,3.0,5.523438,0.238281,
B_STR_T_NWTB3,models/corvette/B_STR_T_NWTB3.fbx,7400,1806,1,-2.523438,3.0,5.523438,0.238281,-0.000219,3.0,3.000219,1.49989,0.0,3.0,3.0,1.5,
B_STR_U_NETB,models/corvette/B_STR_U_NETB.fbx,7400,1553,1,0.0,3.0,3.0,1.5,-0.0,3.0,3.0,1.5,-3.0,7.9375,10.9375,2.46875,
B_STR_U_NETB1,models/corvette/B_STR_U_NETB1.fbx,7400,1553,1,-3.0,7.9375,10.9375,2.46875,-0.0,3.0,3.0,1.5,-3.0,0.0,3.0,-1.5,
B_STR_U_NETB2,models/corvette/B_STR_U_NETB2.fbx,7400,1553,1,-3.0,0.0,3.0,-1.5,-0.0,3.0,3.0,1.5,-7.9375,3.0,10.9375,-2.46875,
B_STR_U_NETB3,models/corvette/B_STR_U_NETB3.fbx,7400,1553,1,-7.9375,3.0,10.9375,-2.46875,-0.0,3.0,3.0,1.5,0.0,3.0,3.0,1.5,
B_STR_U_NWTB,models/corvette/B_STR_U_NWTB.fbx,7400,1553,1,-3.0,0.0,3.000001,-1.5,-0.0,3.0,3.0,1.5,-3.0,7.9375,10.9375,2.46875,
B_STR_U_NWTB1,models/corvette/B_STR_U_NWTB1.fbx,7400,1553,1,-3.0,7.9375,10.9375,2.46875,-0.0,3.0,3.0,1.5,0.0,3.0,3.0,1.5,
B_STR_U_NWTB2,models/corvette/B_STR_U_NWTB2.fbx,7400,1553,1,0.0,3.0,3.0,1.5,-0.0,3.0,3.0,1.5,-7.9375,3.0,10.9375,-2.46875,
B_STR_U_NWTB3,models/corvette/B_STR_U_NWTB3.fbx,7400,1553,1,-7.9375,3.0,10.9375,-2.46875,-0.0,3.0,3.0,1.5,-3.0,0.0,3.0,-1.5,
B_STR_V_NETB,models/corvette/B_STR_V_NETB.fbx,7400,2232,1,-3.0,3.000449,6.000449,0.000225,-0.003182,3.001953,3.005135,1.499386,-3.001597,3.0,6.001598,-0.000799,
B_STR_V_NETB1,models/corvette/B_STR_V_NETB1.fbx,7400,2232,1,-3.001597,3.0,6.001597,-0.000799,-0.003182,3.001953,3.005135,1.499386,-3.000449,3.0,6.00045,-0.000225,
B_STR_V_NETB2,models/corvette/B_STR_V_NETB2.fbx,7400,2232,1,-3.000449,3.0,6.000449,-0.000225,-0.003182,3.001953,3.005135,1.499386,-3.0,3.001597,6.001597,0.000799,
B_STR_V_NETB3,models/corvette/B_STR_V_NETB3.fbx,7400,2232,1,-3.0,3.001597,6.001597,0.000799,-0.003182,3.001953,3.005135,1.499386,-3.0,3.000449,6.000449,0.000225,
B_STR_V_NWTB,models/corvette/B_STR_V_NWTB.fbx,7400,2232,1,-3.0,3.000449,6.000449,0.000225,-0.003182,3.001953,3.005135,1.499386,-3.001597,3.0,6.001598,-0.000799,
B_STR_V_NWTB1,models/corvette/B_STR_V_NWTB1.fbx,7400,2232,1,-3.001597,3.0,6.001597,-0.000799,-0.003182,3.001953,3.005135,1.499386,-3.000449,3.0,6.00045,-0.000225,
B_STR_V_NWTB2,models/corvette/B_STR_V_NWTB2.fbx,7400,2232,1,-3.000449,3.0,6.000449,-0.000225,-0.003182,3.001953,3.005135,1.499386,-3.0,3.001597,6.001597,0.000799,
B_STR_V_NWTB3,models/corvette/B_STR_V_NWTB3.fbx,7400,2232,1,-3.0,3.001597,6.001597,0.000799,-0.003182,3.001953,3.005135,1.499386,-3.0,3.000449,6.000449,0.000225,
B_STR_W_NETB,models/corvette/B_STR_W_NETB.fbx,7400,2392,1,-3.0,3.000448,6.000448,0.000224,-0.003182,3.001953,3.005135,1.499386,-3.001597,9.0,12.001597,2.999201,
B_STR_W_NETB1,models/corvette/B_STR_W_NETB1.fbx,7400,2392,1,-3.001597,9.0,12.001597,2.999201,-0.003182,3.001953,3.005135,1.499386,-3.00045,3.0,6.00045,-0.000225,
B_STR_W_NETB2,models/corvette/B_STR_W_NETB2.fbx,7400,2392,1,-3.000449,3.0,6.000449,-0.000225,-0.003182,3.001953,3.005135,1.499386,-9.0,3.001597,12.001597,-2.999201,
B_STR_W_NETB3,models/corvette/B_STR_W_NETB3.fbx,7400,2392,1,-9.0,3.001597,12.001597,-2.999201,-0.003182,3.001953,3.005135,1.499386,-3.0,3.000449,6.000448,0.000224,
B_STR_W_NWTB,models/corvette/B_STR_W_NWTB.fbx,7400,2392,1,-3.0,3.000448,6.000448,0.000224,-0.003182,3.001953,3.005135,1.499386,-3.001597,9.0,12.001597,2.999201,
B_STR_W_NWTB1,models/corvette/B_STR_W_NWTB1.fbx,7400,2392,1,-3.001597,9.0,12.001597,2.999201,-0.003182,3.001953,3.005135,1.499386,-3.00045,3.0,6.00045,-0.000225,
B_STR_W_NWTB2,models/corvette/B_STR_W_NWTB2.fbx,7400,2392,1,-3.000449,3.0,6.000449,-0.000225,-0.003182,3.001953,3.005135,1.499386,-9.0,3.001597,12.001597,-2.999201,
B_STR_W_NWTB3,models/corvette/B_STR_W_NWTB3.fbx,7400,2392,1,-9.0,3.001597,12.001597,-2.999201,-0.003182,3.001953,3.005135,1.499386,-3.0,3.000449,6.000448,0.000224,
B_STR_X_NETB,models/corvette/B_STR_X_NETB.fbx,7400,2585,1,-3.0,3.006313,6.006313,0.003157,-3.6e-05,3.0,3.000036,1.499982,-3.006314,3.0,6.006314,-0.003157,
B_STR_X_NETB1,models/corvette/B_STR_X_NETB1.fbx,7400,2585,1,-3.006313,3.0,6.006313,-0.003157,-3.6e-05,3.0,3.000036,1.499982,-3.006314,3.0,6.006314,-0.003157,
B_STR_X_NETB2,models/corvette/B_STR_X_NETB2.fbx,7400,2585,1,-3.006313,3.0,6.006313,-0.003157,-3.6e-05,3.0,3.000036,1.499982,-3.0,3.006313,6.006313,0.003157,
B_STR_X_NETB3,models/corvette/B_STR_X_NETB3.fbx,7400,2585,1,-3.0,3.006314,6.006314,0.003157,-3.6e-05,3.0,3.000036,1.499982,-3.0,3.006313,6.006313,0.003157,
B_STR_X_NWTB,models/corvette/B_STR_X_NWTB.fbx,7400,2585,1,-3.0,3.006313,6.006313,0.003157,-3.6e-05,3.0,3.000036,1.499982,-3.006314,3.0,6.006314,-0.003157,
B_STR_X_NWTB1,models/corvette/B_STR_X_NWTB1.fbx,7400,2585,1,-3.006313,3.0,6.006313,-0.003157,-3.6e-05,3.0,3.000036,1.499982,-3.006314,3.0,6.006314,-0.003157,
B_STR_X_NWTB2,models/corvette/B_STR_X_NWTB2.fbx,7400,2585,1,-3.006313,3.0,6.006313,-0.003157,-3.6e-05,3.0,3.000036,1.499982,-3.0,3.006313,6.006313,0.003157,
B_STR_X_NWTB3,models/corvette/B_STR_X_NWTB3.fbx,7400,2585,1,-3.0,3.006314,6.006314,0.003157,-3.6e-05,3.0,3.000036,1.499982,-3.0,3.006313,6.006313,0.003157,
B_STR_Y_NETB,models/corvette/B_STR_Y_NETB.fbx,7400,2881,1,-3.011719,3.016983,6.028702,0.002632,-1e-06,3.0,3.000001,1.5,-3.014313,9.0,12.014313,2.992844,
B_STR_Y_NETB1,models/corvette/B_STR_Y_NETB1.fbx,7400,2881,1,-3.014313,9.0,12.014313,2.992844,-1e-06,3.0,3.000001,1.5,-3.016984,3.011719,6.028702,-0.002632,
B_STR_Y_NETB2,models/corvette/B_STR_Y_NETB2.fbx,7400,2881,1,-3.016983,3.011719,6.028702,-0.002632,-1e-06,3.0,3.000001,1.5,-9.0,3.014313,12.014313,-2.992844,
B_STR_Y_NETB3,models/corvette/B_STR_Y_NETB3.fbx,7400,2881,1,-9.0,3.014313,12.014313,-2.992844,-1e-06,3.0,3.000001,1.5,-3.011719,3.016983,6.028702,0.002632,
B_STR_Y_NWTB,models/corvette/B_STR_Y_NWTB.fbx,7400,2881,1,-3.011719,3.016983,6.028702,0.002632,-0.0,3.0,3.0,1.5,-3.014313,9.0,12.014313,2.992844,
B_STR_Y_NWTB1,models/corvette/B_STR_Y_NWTB1.fbx,7400,2881,1,-3.014313,9.0,12.014313,2.992844,-0.0,3.0,3.0,1.5,-3.016983,3.011719,6.028702,-0.002632,
B_STR_Y_NWTB2,models/corvette/B_STR_Y_NWTB2.fbx,7400,2881,1,-3.016983,3.011719,6.028702,-0.002632,-0.0,3.0,3.0,1.5,-9.0,3.014313,12.014313,-2.992844,
B_STR_Y_NWTB3,models/corvette/B_STR_Y_NWTB3.fbx,7400,2881,1,-9.0,3.014313,12.014313,-2.992844,-0.0,3.0,3.0,1.5,-3.011719,3.016983,6.028702,0.002632,
B_STR_Z_NETB,models/corvette/B_STR_Z_NETB.fbx,7400,5513,1,-3.230469,3.00499,6.235458,-0.11274,-0.009049,3.02539,3.034439,1.508171,-3.018127,6.820312,9.83844,1.901093,
B_STR_Z_NETB1,models/corvette/B_STR_Z_NETB1.fbx,7400,5513,1,-3.018127,6.820312,9.83844,1.901093,-0.009049,3.02539,3.034439,1.508171,-3.00499,3.230469,6.235459,0.11274,
B_STR_Z_NETB2,models/corvette/B_STR_Z_NETB2.fbx,7400,5513,1,-3.00499,3.230469,6.235458,0.11274,-0.009049,3.02539,3.034439,1.508171,-6.820312,3.018127,9.83844,-1.901093,
B_STR_Z_NETB3,models/corvette/B_STR_Z_NETB3.fbx,7400,5513,1,-6.820312,3.018127,9.83844,-1.901093,-0.009049,3.02539,3.034439,1.508171,-3.230469,3.00499,6.235458,-0.112739,
B_STR_Z_NWTB,models/corvette/B_STR_Z_NWTB.fbx,7400,5513,1,-3.230469,3.00499,6.235459,-0.112739,-0.009049,3.02539,3.034439,1.508171,-3.018127,6.820312,9.83844,1.901093,
B_STR_Z_NWTB1,models/corvette/B_STR_Z_NWTB1.fbx,7400,5513,1,-3.018127,6.820312,9.83844,1.901093,-0.009049,3.02539,3.034439,1.508171,-3.00499,3.230469,6.235459,0.11274,
B_STR_Z_NWTB2,models/corvette/B_STR_Z_NWTB2.fbx,7400,5513,1,-3.00499,3.230469,6.235458,0.11274,-0.009049,3.02539,3.034439,1.508171,-6.820312,3.018127,9.83844,-1.901093,
B_STR_Z_NWTB3,models/corvette/B_STR_Z_NWTB3.fbx,7400,5513,1,-6.820312,3.018127,9.83844,-1.901093,-0.009049,3.02539,3.034439,1.508171,-3.230469,3.00499,6.235458,-0.112739,
B_TRU_A,models/corvette/B_TRU_A.fbx,7400,3247,1,-2.927734,2.927734,5.855469,0.0,-1.5,1.499023,2.999023,-0.000488,-3.751953,0.01062,3.762573,-1.870667,
B_TRU_B,models/corvette/B_TRU_B.fbx,7400,1058,1,-3.019531,3.019531,6.039062,0.0,-1.455078,1.455078,2.910156,0.0,-5.945312,0.0,5.945312,-2.972656,
B_TRU_C,models/corvette/B_TRU_C.fbx,7400,2745,1,-3.429688,3.429688,6.859375,0.0,-3.429688,3.429688,6.859375,0.0,-4.855469,0.000805,4.856274,-2.427332,
B_TRU_D,models/corvette/B_TRU_D.fbx,7400,2713,1,-2.912109,2.927734,5.839844,0.007812,-1.5,1.5,3.0,0.0,-5.832031,0.01062,5.842651,-2.910706,
B_TRU_E,models/corvette/B_TRU_E.fbx,7400,2997,1,-2.927734,2.927734,5.855469,0.0,-1.5,1.499023,2.999023,-0.000488,-2.681641,0.01062,2.692261,-1.33551,
B_TRU_F,models/corvette/B_TRU_F.fbx,7400,3029,1,-2.927734,2.927734,5.855469,0.0,-1.5,1.5,3.0,0.0,-3.683594,0.01062,3.694214,-1.836487,
B_TRU_G,models/corvette/B_TRU_G.fbx,7400,3566,1,-2.927734,2.927734,5.855469,0.0,-1.510742,1.480469,2.991211,-0.015137,-5.589844,0.01062,5.600464,-2.789612,
B_TRU_H,models/corvette/B_TRU_H.fbx,7400,2151,1,-3.033203,3.033203,6.066406,0.0,-1.518555,1.518555,3.037109,0.0,-5.945312,0.006187,5.9515,-2.969563,
B_TUR_A,models/corvette/B_TUR_A.fbx,7400,11801,1,-1.689453,1.689453,3.378906,0.0,-0.128174,2.046875,2.175049,0.959351,-1.603516,2.552734,4.15625,0.474609,
B_TUR_B,models/corvette/B_TUR_B.fbx,7400,49864,1,-1.40981,1.417484,2.827294,0.003837,-0.229227,3.602924,3.832152,1.686848,-1.917096,3.155592,5.072688,0.619248,
B_TUR_C,models/corvette/B_TUR_C.fbx,7400,2298,1,-1.838867,1.881836,3.720703,0.021484,0.324951,2.814453,2.489502,1.569702,-2.367188,2.695312,5.0625,0.164062,
B_TUR_D,models/corvette/B_TUR_D.fbx,7400,2586,1,-0.928223,0.93457,1.862793,0.003174,0.48877,3.318359,2.82959,1.903564,-2.464844,2.892578,5.357422,0.213867,
B_TUR_E,models/corvette/B_TUR_E.fbx,7400,3222,1,-1.641602,1.641602,3.283203,0.0,0.258301,1.970703,1.712402,1.114502,-1.228516,2.542969,3.771484,0.657227,
B_TUR_F,models/corvette/B_TUR_F.fbx,7400,12182,1,-2.962891,2.962891,5.925781,0.0,0.006397,5.234375,5.227978,2.620386,-8.125,5.640625,13.765625,-1.242188,
B_WALL_BUNK0,models/corvette/B_WALL_BUNK0.fbx,7400,5222,1,-1.5,1.500976,3.000976,0.000488,0.099505,2.897966,2.798462,1.498735,-0.095703,0.48273,0.578433,0.193514,
B_WALL_CARG0,models/corvette/B_WALL_CARG0.fbx,7400,3972,1,-3.013672,3.013672,6.027344,0.0,0.097534,2.96875,2.871216,1.533142,0.091003,2.226562,2.135559,1.158783,
B_WALL_CARG1,models/corvette/B_WALL_CARG1.fbx,7400,13740,1,-3.001953,3.013672,6.015625,0.005859,0.097534,2.96875,2.871216,1.533142,0.055542,2.242188,2.186646,1.148865,
B_WALL_CARG2,models/corvette/B_WALL_CARG2.fbx,7400,13740,1,-3.001953,3.013672,6.015625,0.005859,0.097534,2.96875,2.871216,1.533142,0.055542,2.242188,2.186646,1.148865,
B_WALL_CARG3,models/corvette/B_WALL_CARG3.fbx,7400,13740,1,-3.001953,3.013672,6.015625,0.005859,0.097534,2.96875,2.871216,1.533142,0.055542,2.242188,2.186646,1.148865,
B_WALL_CARG4,models/corvette/B_WALL_CARG4.fbx,7400,13740,1,-3.001953,3.013672,6.015625,0.005859,0.097534,2.96875,2.871216,1.533142,0.055542,2.242188,2.186646,1.148865,
B_WALL_CARG5,models/corvette/B_WALL_CARG5.fbx,7400,13740,1,-3.001953,3.013672,6.015625,0.005859,0.097534,2.96875,2.871216,1.533142,0.055542,2.242188,2.186646,1.148865,
B_WALL_CARG6,models/corvette/B_WALL_CARG6.fbx,7400,13740,1,-3.001953,3.013672,6.015625,0.005859,0.097534,2.96875,2.871216,1.533142,0.055542,2.242188,2.186646,1.148865,
B_WALL_CARG7,models/corvette/B_WALL_CARG7.fbx,7400,13740,1,-3.001953,3.013672,6.015625,0.005859,0.097534,2.96875,2.871216,1.533142,0.055542,2.242188,2.186646,1.148865,
B_WALL_CARG8,models/corvette/B_WALL_CARG8.fbx,7400,13740,1,-3.001953,3.013672,6.015625,0.005859,0.097534,2.96875,2.871216,1.533142,0.055542,2.242188,2.186646,1.148865,
B_WALL_CARG9,models/corvette/B_WALL_CARG9.fbx,7400,13740,1,-3.001953,3.013672,6.015625,0.005859,0.097534,2.96875,2.871216,1.533142,0.055542,2.242188,2.186646,1.148865,
B_WALL_KITC0,models/corvette/B_WALL_KITC0.fbx,7400,5222,1,-1.5,1.500976,3.000976,0.000488,0.099505,2.897966,2.798462,1.498735,-0.095703,0.48273,0.578433,0.193514,
B_WALL_MED0,models/corvette/B_WALL_MED0.fbx,7400,5222,1,-1.5,1.500976,3.000976,0.000488,0.099505,2.897966,2.798462,1.498735,-0.095703,0.48273,0.578433,0.193514,
B_WALL_PLAN0,models/corvette/B_WALL_PLAN0.fbx,7400,3334,1,-1.49707,1.512695,3.009766,0.007812,0.099304,2.90625,2.806946,1.502777,0.112488,0.833008,0.72052,0.472748,
B_WALL_TECH0,models/corvette/B_WALL_TECH0.fbx,7400,5222,1,-1.5,1.500976,3.000976,0.000488,0.099505,2.897966,2.798462,1.498735,-0.095703,0.48273,0.578433,0.193514,
B_WALL_TECH1,models/corvette/B_WALL_TECH1.fbx,7400,5222,1,-1.5,1.500976,3.000976,0.000488,0.099505,2.897966,2.798462,1.498735,-0.095703,0.48273,0.578433,0.193514,
B_WALL_TOIL0,models/corvette/B_WALL_TOIL0.fbx,7400,5222,1,-1.5,1.500976,3.000976,0.000488,0.099505,2.897966,2.798462,1.498735,-0.095703,0.48273,0.578433,0.193514,
B_WALL_WIND0,models/corvette/B_WALL_WIND0.fbx,7400,3854,1,-3.150391,3.150391,6.300781,0.0,-0.0,2.904297,2.904297,1.452148,-0.162354,1.317383,1.479736,0.577515,
B_WALL_WIND1,models/corvette/B_WALL_WIND1.fbx,7400,2393,1,-3.150391,3.150391,6.300781,0.0,0.039398,2.951172,2.911774,1.495285,-0.162354,1.300781,1.463135,0.569214,
B_WALL_WIND2,models/corvette/B_WALL_WIND2.fbx,7400,4017,1,-3.0,3.0,6.0,0.0,0.067139,2.857422,2.790283,1.46228,-0.791016,1.253906,2.044922,0.231445,
B_WNG_A,models/corvette/B_WNG_A.fbx,7400,3701,1,-0.046204,5.941406,5.98761,2.947601,-1.014648,5.941406,6.956055,2.463379,-11.84375,8.492188,20.335938,-1.675781,
B_WNG_A_R,models/corvette/B_WNG_A_R.fbx,7400,3701,1,-5.941406,0.046204,5.98761,-2.947601,-1.014648,5.941406,6.956055,2.463379,-11.84375,8.492188,20.335938,-1.675781,
B_WNG_B,models/corvette/B_WNG_B.fbx,7400,11472,1,-0.22815,3.876954,4.105104,1.824402,0.031251,7.06836,7.037109,3.549805,-5.882812,5.882813,11.765625,0.0,
B_WNG_B_R,models/corvette/B_WNG_B_R.fbx,7400,11335,1,-3.876952,0.22815,4.105103,-1.824401,0.03125,7.068359,7.037109,3.549805,-5.882812,5.882813,11.765625,0.0,
B_WNG_C,models/corvette/B_WNG_C.fbx,7400,2178,1,0.0,9.960938,9.960938,4.980469,-2.082031,3.363281,5.445312,0.640625,-9.023438,13.664062,22.6875,2.320312,
B_WNG_C_R,models/corvette/B_WNG_C_R.fbx,7400,2178,1,-9.960938,0.0,9.960938,-4.980469,-2.082031,3.363281,5.445312,0.640625,-9.023438,13.664062,22.6875,2.320312,
B_WNG_D,models/corvette/B_WNG_D.fbx,7400,3501,1,0.0,8.710938,8.710938,4.355469,-2.435547,3.628906,6.064453,0.59668,-8.40625,7.902344,16.308594,-0.251953,
B_WNG_D_R,models/corvette/B_WNG_D_R.fbx,7400,3501,1,-8.710938,0.0,8.710938,-4.355469,-2.435547,3.628906,6.064453,0.59668,-8.40625,7.902344,16.308594,-0.251953,
B_WNG_E,models/corvette/B_WNG_E.fbx,7400,2272,1,0.0,6.0,6.0,3.0,-1.5,1.5,3.0,0.0,-5.648438,5.648438,11.296875,0.0,
B_WNG_E_R,models/corvette/B_WNG_E_R.fbx,7400,2272,1,-6.0,0.0,6.0,-3.0,-1.5,1.5,3.0,0.0,-5.648438,5.648438,11.296875,0.0,
B_WNG_F,models/corvette/B_WNG_F.fbx,7400,2831,1,0.0,5.8125,5.8125,2.90625,-0.459473,4.730469,5.189941,2.135498,-6.160156,7.960938,14.121094,0.900391,
B_WNG_F_R,models/corvette/B_WNG_F_R.fbx,7400,2829,1,-5.8125,0.0,5.8125,-2.90625,-0.459473,4.730469,5.189941,2.135498,-6.160156,7.960938,14.121094,0.900391,
B_WNG_G,models/corvette/B_WNG_G.fbx,7400,2939,1,0.0,6.0,6.0,3.0,-1.506836,1.506836,3.013672,0.0,-5.703125,5.703125,11.40625,0.0,
B_WNG_G_R,models/corvette/B_WNG_G_R.fbx,7400,2939,1,-6.0,0.0,6.0,-3.0,-1.506836,1.506836,3.013672,0.0,-5.703125,5.703126,11.406251,0.0,
B_WNG_H,models/corvette/B_WNG_H.fbx,7400,3454,1,0.0,6.0,6.0,3.0,-1.496094,1.496094,2.992188,0.0,-3.931641,5.695312,9.626953,0.881836,
B_WNG_H_R,models/corvette/B_WNG_H_R.fbx,7400,3454,1,-6.0,0.0,6.0,-3.0,-1.496094,1.496094,2.992188,0.0,-3.931641,5.695312,9.626953,0.881836,
B_WNG_I,models/corvette/B_WNG_I.fbx,7400,2406,1,-0.003065,5.636719,5.639784,2.816827,-1.083008,3.898438,4.981445,1.407715,-5.929688,4.667969,10.597656,-0.630859,
B_WNG_I_R,models/corvette/B_WNG_I_R.fbx,7400,2406,1,-5.636719,0.003065,5.639784,-2.816827,-1.083008,3.898438,4.981445,1.407715,-5.929688,4.667969,10.597656,-0.630859,
B_WNG_J,models/corvette/B_WNG_J.fbx,7400,1565,1,1e-05,6.59375,6.59374,3.29688,-2.632812,2.632812,5.265625,0.0,-9.953125,6.949219,16.902344,-1.501953,
B_WNG_J_R,models/corvette/B_WNG_J_R.fbx,7400,1565,1,-6.59375,-1e-05,6.59374,-3.29688,-2.632812,2.632812,5.265625,0.0,-9.953125,6.949219,16.902344,-1.501953,
B_WNG_K,models/corvette/B_WNG_K.fbx,7400,3274,1,0.0,3.972656,3.972656,1.986328,-3.160156,3.160156,6.320312,0.0,-6.199219,6.199219,12.398438,0.0,
B_WNG_K_R,models/corvette/B_WNG_K_R.fbx,7400,3274,1,-3.972656,0.0,3.972656,-1.986328,-3.160156,3.160156,6.320312,0.0,-6.199219,6.199219,12.398438,0.0,
B_WNG_L,models/corvette/B_WNG_L.fbx,7400,2056,1,0.048492,7.253906,7.205414,3.651199,-1.435547,3.240234,4.675781,0.902344,-9.476562,1.394531,10.871094,-4.041016,
B_WNG_L_R,models/corvette/B_WNG_L_R.fbx,7400,2056,1,-7.253906,-0.048492,7.205414,-3.651199,-1.435547,3.240234,4.675781,0.902344,-9.476562,1.394531,10.871094,-4.041016,
B_WNG_M,models/corvette/B_WNG_M.fbx,7400,1827,1,-0.228027,4.105469,4.333496,1.938721,-1.705078,2.693359,4.398438,0.494141,-3.970703,4.546875,8.517578,0.288086,
B_WNG_M_R,models/corvette/B_WNG_M_R.fbx,7400,1827,1,-4.105469,0.228027,4.333496,-1.938721,-1.705078,2.693359,4.398438,0.494141,-3.970703,4.546875,8.517578,0.288086,
B_WNG_N,models/corvette/B_WNG_N.fbx,7400,2476,1,-0.011581,5.3125,5.324081,2.650459,-4.332031,4.335938,8.667969,0.001953,-6.0,12.15625,18.15625,3.078125,
B_WNG_N_R,models/corvette/B_WNG_N_R.fbx,7400,2482,1,-5.3125,0.011581,5.324081,-2.650459,-4.328125,4.328125,8.65625,0.0,-5.996094,12.15625,18.152344,3.080078,
B_WNG_O_0,models/corvette/B_WNG_O_0.fbx,7400,3760,1,0.0075,8.445312,8.437813,4.226406,-3.537109,1.483398,5.020508,-1.026855,-6.101562,6.199219,12.300781,0.048828,
B_WNG_O_0_R,models/corvette/B_WNG_O_0_R.fbx,7400,3766,1,-8.445312,-0.007141,8.438171,-4.226227,-3.533203,1.483398,5.016602,-1.024902,-6.101562,6.199219,12.300781,0.048828,
B_WNG_O_1,models/corvette/B_WNG_O_1.fbx,7400,3103,1,0.006588,8.445312,8.438725,4.22595,-3.533203,1.421875,4.955078,-1.055664,-3.111328,3.111328,6.222656,0.0,
B_WNG_O_1_R,models/corvette/B_WNG_O_1_R.fbx,7400,3119,1,-8.445312,-0.007866,8.437447,-4.226589,-3.533203,1.421875,4.955078,-1.055664,-3.111328,3.111328,6.222656,0.0,
B_WNG_O_2,models/corvette/B_WNG_O_2.fbx,7400,1368,1,0.006672,5.640625,5.633953,2.823648,-2.035156,1.483398,3.518555,-0.275879,-3.275391,3.103516,6.378906,-0.085938,
B_WNG_O_2_R,models/corvette/B_WNG_O_2_R.fbx,7400,1362,1,-5.640625,-0.006672,5.633953,-2.823648,-2.035156,1.483398,3.518555,-0.275879,-3.275391,3.103516,6.378906,-0.085938,
B_WNG_P,models/corvette/B_WNG_P.fbx,7400,2393,1,0.028748,5.136719,5.107971,2.582733,-2.933594,2.933594,5.867188,0.0,-11.585938,2.191406,13.777344,-4.697266,
B_WNG_P_B,models/corvette/B_WNG_P_B.fbx,7400,2402,1,-2.933594,2.933594,5.867188,0.0,-5.136719,-0.028748,5.107971,-2.582733,-11.585938,2.191406,13.777344,-4.697266,
B_WNG_P_R,models/corvette/B_WNG_P_R.fbx,7400,2396,1,-5.136719,-0.028748,5.107971,-2.582733,-2.933594,2.933594,5.867188,0.0,-11.585938,2.191406,13.777344,-4.697266,
B_WNG_P_T,models/corvette/B_WNG_P_T.fbx,7400,2391,1,-2.933594,2.933594,5.867188,0.0,0.028748,5.136719,5.107971,2.582733,-11.585938,2.191406,13.777344,-4.697266,
B_WNG_Q,models/corvette/B_WNG_Q.fbx,7400,9936,1,0.021042,13.289062,13.268021,6.655052,-4.53125,4.53125,9.0625,0.0,-12.226562,13.757812,25.984375,0.765625,
B_WNG_Q_R,models/corvette/B_WNG_Q_R.fbx,7400,9933,1,-13.296875,-0.020554,13.276321,-6.658714,-4.53125,4.53125,9.0625,0.0,-12.226562,13.757812,25.984375,0.765625,
B_WNG_R,models/corvette/B_WNG_R.fbx,7400,3438,1,-0.007359,7.789062,7.796421,3.890852,-1.078125,1.416992,2.495117,0.169434,-12.84375,14.320312,27.164062,0.738281,
B_WNG_R_B,models/corvette/B_WNG_R_B.fbx,7400,3438,1,-1.018555,1.476562,2.495117,0.229004,-7.789062,0.007359,7.796421,-3.890852,-12.84375,14.320312,27.164062,0.738281,
B_WNG_R_R,models/corvette/B_WNG_R_R.fbx,7400,3438,1,-7.789062,0.007359,7.796421,-3.890852,-1.078125,1.416992,2.495117,0.169434,-12.84375,14.320312,27.164062,0.738281,
B_WNG_R_T,models/corvette/B_WNG_R_T.fbx,7400,3438,1,-1.018555,1.476562,2.495117,0.229004,-7.789062,0.007359,7.796421,-3.890852,-12.84375,14.320312,27.164062,0.738281,
ARCHIVE,models/decoration/ARCHIVE.fbx,7400,5062,1,-1.025391,1.023438,2.048828,-0.000977,-0.00143,1.187047,1.188477,0.592808,-0.527832,0.52832,1.056152,0.000244,
BASE_BUBPIPE,models/decoration/BASE_BUBPIPE.fbx,7400,719,1,-0.476562,0.476562,0.953124,0.0,-0.476563,0.476563,0.953126,0.0,-1.0,1.0,2.0,0.0,
BASE_BUBPIPE_L,models/decoration/BASE_BUBPIPE_L.fbx,7400,740,1,-0.476562,0.476562,0.953124,0.0,-1.0,0.476563,1.476563,-0.261718,-0.476562,1.0,1.476562,0.261719,
BASE_BUBPIPE_S,models/decoration/BASE_BUBPIPE_S.fbx,7400,719,1,-0.476562,0.476562,0.953124,0.0,-0.476563,0.476563,0.953126,0.0,-1.0,1.0,2.0,0.0,
BASE_BUBPIPE_T,models/decoration/BASE_BUBPIPE_T.fbx,7400,986,1,-1.0,1.0,2.0,0.0,-2e-06,1.476562,1.476564,0.73828,-0.476563,0.476562,0.953125,-1e-06,
BASE_BUBPIPE_X,models/decoration/BASE_BUBPIPE_X.fbx,7400,1312,1,-1.0,1.0,2.0,0.0,-2e-06,1.999023,1.999025,0.99951,-0.476563,0.476562,0.953125,-1e-06,
BASE_NEXUS1,models/decoration/BASE_NEXUS1.fbx,7400,439,1,-0.140562,0.159875,0.300437,0.009657,0.013079,0.314946,0.301867,0.164012,-0.159299,0.141138,0.300437,-0.00908,
BASE_NEXUS2,models/decoration/BASE_NEXUS2.fbx,7400,268,1,-0.561015,0.561015,1.12203,0.0,-2e-06,1.380184,1.380186,0.690091,-0.561015,0.561015,1.12203,0.0,
BASE_NEXUS3,models/decoration/BASE_NEXUS3.fbx,7400,164,1,-1.187536,1.187536,2.375072,0.0,0.0,3.187049,3.187049,1.593524,-1.187536,1.187537,2.375073,0.0,
BILLBOARD,models/decoration/BILLBOARD.fbx,7400,1360,1,-0.765137,0.765137,1.530273,0.0,0.000605,0.278809,0.278203,0.139707,-1.085938,1.085938,2.171875,0.0,
BLD_BUGHEAD1,models/decoration/BLD_BUGHEAD1.fbx,7400,6895,1,-0.446289,0.511719,0.958008,0.032715,0.00061,0.729004,0.728394,0.364807,-1.020508,0.388184,1.408691,-0.316162,
BLD_BUGHEAD2,models/decoration/BLD_BUGHEAD2.fbx,7400,12371,1,-0.480713,0.480713,0.961426,0.0,-0.017517,0.715332,0.732849,0.348907,-0.503906,0.593262,1.097168,0.044678,
BLD_BUGHEAD3,models/decoration/BLD_BUGHEAD3.fbx,7400,16435,1,-0.491943,0.491943,0.983887,0.0,-0.024902,1.196289,1.221191,0.585693,-0.462891,0.657715,1.120605,0.097412,
BLD_BUGHEAD4,models/decoration/BLD_BUGHEAD4.fbx,7400,9504,1,-0.747559,0.747559,1.495117,0.0,-0.021103,1.293945,1.315048,0.636421,-0.410645,0.395996,0.806641,-0.007324,
BLD_BUGHEAD5,models/decoration/BLD_BUGHEAD5.fbx,7400,13340,1,-0.355469,0.355469,0.710938,0.0,-0.014267,0.888184,0.902451,0.436958,-0.397461,0.503418,0.900879,0.052979,
BLD_BUI_HAND,models/decoration/BLD_BUI_HAND.fbx,7400,6906,1,-0.064575,0.126465,0.19104,0.030945,0.066208,0.145553,0.079346,0.105881,-0.124329,0.11731,0.241638,-0.00351,
BLD_BUI_HEAD,models/decoration/BLD_BUI_HEAD.fbx,7400,23312,1,-0.484131,0.189697,0.673828,-0.147217,0.009773,0.359131,0.349358,0.184452,-0.26709,0.260254,0.527344,-0.003418,
BLD_BUI_TENT,models/decoration/BLD_BUI_TENT.fbx,7400,227,1,-6.40625,6.40625,12.8125,0.0,-0.038208,4.195312,4.233521,2.078552,-3.253906,3.408203,6.662109,0.077148,
BLD_COVCRATE,models/decoration/BLD_COVCRATE.fbx,7400,1244,1,-2.300781,2.308594,4.609375,0.003906,-0.000743,2.474609,2.475353,1.236933,-1.775391,1.760742,3.536133,-0.007324,
BLD_COVSILOS,models/decoration/BLD_COVSILOS.fbx,7400,1421,1,-5.664062,5.765625,11.429688,0.050781,-0.031342,4.324219,4.35556,2.146439,-6.289062,6.347656,12.636719,0.029297,
BLD_CRANE,models/decoration/BLD_CRANE.fbx,7400,1733,1,-1.282453,1.315203,2.597656,0.016375,-0.049166,9.458647,9.507812,4.704741,-1.561618,6.207913,7.769531,2.323148,
BLD_CRYS_DRONE,models/decoration/BLD_CRYS_DRONE.fbx,7400,1217,1,-1.25695,1.389535,2.646485,0.066292,-0.21582,2.236328,2.452148,1.010254,-1.583612,0.911505,2.495117,-0.336053,
BLD_CRYS_SENT0,models/decoration/BLD_CRYS_SENT0.fbx,7400,158,1,-0.270752,0.254883,0.525635,-0.007935,-0.213745,1.283203,1.496948,0.534729,-0.228882,0.384766,0.613648,0.077942,
BLD_CRYS_SENT1,models/decoration/BLD_CRYS_SENT1.fbx,7400,386,1,-0.358154,0.515625,0.873779,0.078736,-0.202393,1.335938,1.538331,0.566772,-0.361572,0.551758,0.91333,0.095093,
BLD_EXPD_BASE01,models/decoration/BLD_EXPD_BASE01.fbx,7400,4244,1,-1.916016,1.916016,3.832032,0.0,-0.012779,3.376953,3.389732,1.682087,-0.724609,0.724609,1.449218,0.0,
BLD_FLYJAR,models/decoration/BLD_FLYJAR.fbx,7400,3779,1,-0.241577,0.241577,0.483154,0.0,0.00081,0.841609,0.840799,0.42121,-0.241577,0.241577,0.483154,0.0,
BLD_PLANET_HOLO,models/decoration/BLD_PLANET_HOLO.fbx,7400,130,1,-4.978567,4.978567,9.957134,0.0,-0.387027,3.314153,3.70118,1.463563,-4.978567,4.978567,9.957134,0.0,
BLD_RUINS_01,models/decoration/BLD_RUINS_01.fbx,7400,304,1,-0.70166,0.600586,1.302246,-0.050537,-1.011719,2.810547,3.822266,0.899414,-0.389404,0.366211,0.755615,-0.011597,
BLD_RUINS_02,models/decoration/BLD_RUINS_02.fbx,7400,1185,1,-1.615234,2.445312,4.060547,0.415039,-1.032227,6.800781,7.833008,2.884277,-1.094727,1.306641,2.401367,0.105957,
BLD_RUINS_03,models/decoration/BLD_RUINS_03.fbx,7400,587,1,-1.694336,1.858398,3.552734,0.082031,-0.825195,2.75,3.575195,0.962402,-0.281982,1.277344,1.559326,0.497681,
BLD_RUINS_04,models/decoration/BLD_RUINS_04.fbx,7400,620,1,-0.698242,0.884766,1.583008,0.093262,-0.876465,6.960938,7.837402,3.042236,-0.734863,0.691895,1.426758,-0.021484,
BLD_RUINS_05,models/decoration/BLD_RUINS_05.fbx,7400,415,1,-1.683594,0.696289,2.379883,-0.493652,-0.900391,6.320312,7.220703,2.709961,-0.535645,1.688477,2.224121,0.576416,
BLD_RUINS_06,models/decoration/BLD_RUINS_06.fbx,7400,1060,1,-2.757812,3.849609,6.607422,0.545898,-1.040039,7.886719,8.926758,3.42334,-1.916992,1.532227,3.449219,-0.192383,
BLD_RUINS_07,models/decoration/BLD_RUINS_07.fbx,7400,1437,1,-2.445312,2.244141,4.689453,-0.100586,-0.945801,5.511719,6.45752,2.282959,-2.09375,0.77832,2.87207,-0.657715,
BLD_RUINS_08,models/decoration/BLD_RUINS_08.fbx,7400,721,1,-2.457031,2.300781,4.757812,-0.078125,-0.94043,2.072266,3.012695,0.565918,-2.855469,2.107422,4.962891,-0.374023,
BLD_RUINS_09,models/decoration/BLD_RUINS_09.fbx,7400,2665,1,-3.449219,3.488281,6.9375,0.019531,-0.989746,9.039062,10.028809,4.024658,-3.490234,3.472656,6.962891,-0.008789,
BLD_RUINS_10,models/decoration/BLD_RUINS_10.fbx,7400,449,1,-1.666992,1.389648,3.056641,-0.138672,-0.987305,3.228516,4.21582,1.120605,-0.888672,1.329102,2.217773,0.220215,
BLD_RUINS_11,models/decoration/BLD_RUINS_11.fbx,7400,1937,1,-6.753906,7.496094,14.25,0.371094,-0.96875,14.640625,15.609375,6.835938,-1.074219,2.765625,3.839844,0.845703,
BLD_RUINS_12,models/decoration/BLD_RUINS_12.fbx,7400,437,1,-1.078125,1.266602,2.344727,0.094238,-1.017578,2.714844,3.732422,0.848633,-0.441895,1.388672,1.830566,0.473389,
BLD_SHIPBREAK1,models/decoration/BLD_SHIPBREAK1.fbx,7400,10966,1,-2.943359,4.0625,7.005859,0.55957,-1.399414,2.929688,4.329102,0.765137,-3.115234,2.992188,6.107422,-0.061523,
BLD_SHIPBREAK2,models/decoration/BLD_SHIPBREAK2.fbx,7400,2778,1,-2.140625,1.820312,3.960938,-0.160156,-0.938477,3.697266,4.635742,1.379395,-3.578125,4.144531,7.722656,0.283203,
BLD_SHIPBREAK3,models/decoration/BLD_SHIPBREAK3.fbx,7400,2330,1,-4.371094,2.279297,6.650391,-1.045898,-0.000827,4.292969,4.293796,2.146071,-6.625,2.972656,9.597656,-1.826172,
BLD_SHIPBREAK4,models/decoration/BLD_SHIPBREAK4.fbx,7400,2144,1,-4.613281,5.148438,9.761719,0.267578,-0.802246,7.457031,8.259277,3.327393,-3.970703,3.919922,7.890625,-0.025391,
BLD_SHIPBREAK5,models/decoration/BLD_SHIPBREAK5.fbx,7400,1963,1,-1.634766,4.046875,5.681641,1.206055,-1.477539,5.699219,7.176758,2.11084,-2.978516,4.136719,7.115234,0.579102,
BLD_SKULL,models/decoration/BLD_SKULL.fbx,7400,4115,1,-0.6607,0.658406,1.319106,-0.001147,-0.06345,1.554629,1.618079,0.745589,-1.361168,1.147666,2.508834,-0.106751,
BUILDPAVING,models/decoration/BUILDPAVING.fbx,7400,36,1,-1.128381,1.128381,2.256762,0.0,0.001054,0.16669,0.165636,0.083872,-1.128381,1.128381,2.256762,0.0,
BUILDPAVINGTALL,models/decoration/BUILDPAVINGTALL.fbx,7400,28,1,-1.116718,1.116718,2.233436,0.0,0.0,0.979492,0.979492,0.489746,-1.116718,1.116718,2.233436,0.0,
BUILDPAVING_BIG,models/decoration/BUILDPAVING_BIG.fbx,7400,144,1,-2.128381,2.128381,4.256762,0.0,0.001054,0.16669,0.165636,0.083872,-2.128381,2.128381,4.256762,0.0,
B_ANTENNA0,models/decoration/B_ANTENNA0.fbx,7400,924,1,-0.772949,0.346436,1.119385,-0.213257,-0.030502,3.027344,3.057846,1.498421,-0.65918,0.65918,1.318359,0.0,
B_ANTENNA1,models/decoration/B_ANTENNA1.fbx,7400,272,1,-0.796387,0.796387,1.592773,0.0,-0.050201,6.574219,6.62442,3.262009,-0.56543,0.56543,1.130859,0.0,
B_ANTENNA2,models/decoration/B_ANTENNA2.fbx,7400,1368,1,-0.83252,0.83252,1.665039,0.0,-0.090881,4.972656,5.063538,2.440887,-0.83252,0.83252,1.665039,0.0,
B_ANTENNA3,models/decoration/B_ANTENNA3.fbx,7400,552,1,-0.619141,0.727051,1.346191,0.053955,-0.004726,4.730469,4.735195,2.362871,-0.788086,0.788086,1.576172,0.0,
B_CANOPY_WALL0,models/decoration/B_CANOPY_WALL0.fbx,7400,200,1,-2.808594,2.666016,5.474609,-0.071289,-0.117493,2.853516,2.971008,1.368011,-0.308838,1.111328,1.420166,0.401245,
B_CANOPY_WALL1,models/decoration/B_CANOPY_WALL1.fbx,7400,200,1,-2.808594,2.666016,5.474609,-0.071289,-0.117493,2.853516,2.971008,1.368011,-0.308838,1.111328,1.420166,0.401245,
B_CANOPY_WALL2,models/decoration/B_CANOPY_WALL2.fbx,7400,200,1,-2.808594,2.666016,5.474609,-0.071289,-0.117493,2.853516,2.971008,1.368011,-0.308838,1.111328,1.420166,0.401245,
B_CARRIAGEWHEEL,models/decoration/B_CARRIAGEWHEEL.fbx,7400,532,1,-0.715332,0.705078,1.42041,-0.005127,-0.005405,0.643555,0.64896,0.319075,-0.706055,0.714355,1.42041,0.00415,
B_LARGETRYE0,models/decoration/B_LARGETRYE0.fbx,7400,612,1,-1.167969,1.167969,2.335938,0.0,0.012321,0.70752,0.695198,0.359921,-1.167969,1.167969,2.335938,0.0,
B_PALLET_BRICK,models/decoration/B_PALLET_BRICK.fbx,7400,1569,1,-1.144531,1.208984,2.353516,0.032227,-0.001086,2.347656,2.348742,1.173285,-0.838867,0.82959,1.668457,-0.004639,
B_ROBOTARM,models/decoration/B_ROBOTARM.fbx,7400,2837,1,-5.707031,10.304688,16.011719,2.298828,-6.085938,11.890625,17.976562,2.902344,-11.5625,4.222656,15.785156,-3.669922,
B_SAIL0,models/decoration/B_SAIL0.fbx,7400,1448,1,-1.327148,0.891113,2.218262,-0.218018,-1.625977,2.902344,4.52832,0.638184,-0.150879,1.914062,2.064941,0.881592,
B_SAIL1,models/decoration/B_SAIL1.fbx,7400,280,1,-0.404702,0.405024,0.809726,0.000161,0.008229,4.273854,4.265625,2.141042,-0.113465,0.784243,0.897708,0.335389,
B_SAIL2,models/decoration/B_SAIL2.fbx,7400,1597,1,-1.163086,1.902344,3.06543,0.369629,-0.141968,5.96875,6.110718,2.913391,-0.357422,2.269531,2.626953,0.956055,
B_SAIL3,models/decoration/B_SAIL3.fbx,7400,2472,1,-2.160156,1.571289,3.731445,-0.294434,-1.240234,4.492188,5.732422,1.625977,-0.83252,2.3125,3.14502,0.73999,
B_SCISSORLIFT,models/decoration/B_SCISSORLIFT.fbx,7400,646,1,-1.762695,1.735352,3.498047,-0.013672,-0.009529,3.917969,3.927498,1.95422,-1.12207,0.914551,2.036621,-0.10376,
B_STREETLAMP0,models/decoration/B_STREETLAMP0.fbx,7400,942,1,-0.986328,0.983887,1.970215,-0.001221,-0.051727,5.980469,6.032196,2.964371,-1.119141,0.639648,1.758789,-0.239746,
B_TOWER,models/decoration/B_TOWER.fbx,7400,19062,1,-4.429688,4.429688,8.859375,0.0,-0.15564,19.9375,20.09314,9.89093,-4.433594,4.433594,8.867188,0.0,
B_TOWER_B,models/decoration/B_TOWER_B.fbx,7400,8824,1,-7.65625,7.660156,15.316406,0.001953,-0.090027,34.03125,34.121277,16.970612,-7.65625,7.65625,15.3125,0.0,
B_TOWER_C,models/decoration/B_TOWER_C.fbx,7400,553,1,-1.665039,2.359375,4.024414,0.347168,19.109375,24.84375,5.734375,21.976562,-1.696289,1.677734,3.374023,-0.009277,
B_WALLHANGING1,models/decoration/B_WALLHANGING1.fbx,7400,2257,1,-1.618164,1.618164,3.236328,0.0,-8.6e-05,0.2854,0.285486,0.142657,-0.71875,2.169922,2.888672,0.725586,
B_WALLHANGING2,models/decoration/B_WALLHANGING2.fbx,7400,1285,1,-1.618164,1.618164,3.236328,0.0,-0.006345,0.172352,0.178697,0.083003,-0.71875,0.960449,1.679199,0.12085,
B_WALLHANGING3,models/decoration/B_WALLHANGING3.fbx,7400,454,1,-1.618164,1.618164,3.236328,0.0,-8.6e-05,0.14624,0.146326,0.073077,-0.71875,0.266206,0.984956,-0.226272,
B_WATERTOWER,models/decoration/B_WATERTOWER.fbx,7400,240,1,-2.201172,1.611328,3.8125,-0.294922,-0.006393,5.367188,5.373581,2.680397,-2.287109,2.287109,4.574219,0.0,
CONT_S,models/decoration/CONT_S.fbx,7400,1021,1,-0.304688,0.300537,0.605225,-0.002075,-0.006212,1.098768,1.10498,0.546278,-0.291016,0.289795,0.580811,-0.00061,
CRATEFRAME,models/decoration/CRATEFRAME.fbx,7400,17486,1,-1.185547,1.185547,2.371094,0.0,-0.004013,1.251953,1.255966,0.62397,-0.703125,0.699707,1.402832,-0.001709,
CUBEFOUND,models/decoration/CUBEFOUND.fbx,7400,106,1,-1.905,1.905,3.81,0.0,-0.881524,0.750571,1.632095,-0.065477,-1.905,1.905,3.81,0.0,
CUBEFOUND4,models/decoration/CUBEFOUND4.fbx,7400,258,1,-2.027954,2.027954,4.055908,0.0,-0.881524,0.750571,1.632095,-0.065477,-2.023676,2.027954,4.05163,0.002139,
CUBESHAPE,models/decoration/CUBESHAPE.fbx,7400,32,1,-1.057743,1.057743,2.115486,0.0,-0.057743,2.057743,2.115486,1.0,-1.057743,1.057743,2.115486,0.0,
CURVEPIPESHAPE,models/decoration/CURVEPIPESHAPE.fbx,7400,302,1,-0.992078,0.482291,1.474369,-0.254893,-0.003882,1.483958,1.48784,0.740038,-0.482406,0.482406,0.964812,0.0,
CYLINDERSHAPE,models/decoration/CYLINDERSHAPE.fbx,7400,42,1,-1.0,1.0,2.0,0.0,0.0,2.0,2.0,1.0,-1.0,1.0,2.0,0.0,
EXPD_FLAG_06A,models/decoration/EXPD_FLAG_06A.fbx,7400,901,1,-3.570937,0.103699,3.674636,-1.733619,-0.153931,3.484375,3.638306,1.665222,-0.102783,0.10321,0.205993,0.000214,
EXPD_FLAG_06B,models/decoration/EXPD_FLAG_06B.fbx,7400,901,1,-3.570937,0.103699,3.674636,-1.733619,-0.153931,3.484375,3.638306,1.665222,-0.102783,0.10321,0.205993,0.000214,
EXPD_FLAG_06C,models/decoration/EXPD_FLAG_06C.fbx,7400,901,1,-3.570937,0.103699,3.674636,-1.733619,-0.153931,3.484375,3.638306,1.665222,-0.102783,0.10321,0.205993,0.000214,
EXPD_FLAG_06D,models/decoration/EXPD_FLAG_06D.fbx,7400,901,1,-3.570937,0.103699,3.674636,-1.733619,-0.153931,3.484375,3.638306,1.665222,-0.102783,0.10321,0.205993,0.000214,
EXPD_FLAG_06E,models/decoration/EXPD_FLAG_06E.fbx,7400,901,1,-3.570937,0.103699,3.674636,-1.733619,-0.153931,3.484375,3.638306,1.665222,-0.102783,0.10321,0.205993,0.000214,
FLAG1,models/decoration/FLAG1.fbx,7400,40,1,-3.586734,0.140163,3.726897,-1.723286,0.0,3.461698,3.461698,1.730849,-0.147002,0.147002,0.294004,0.0,
FLAG2,models/decoration/FLAG2.fbx,7400,40,1,-3.586734,0.140163,3.726897,-1.723286,0.0,3.461698,3.461698,1.730849,-0.147002,0.147002,0.294004,0.0,
FLAG3,models/decoration/FLAG3.fbx,7400,40,1,-3.586734,0.140163,3.726897,-1.723286,0.0,3.461698,3.461698,1.730849,-0.147002,0.147002,0.294004,0.0,
FLAG4,models/decoration/FLAG4.fbx,7400,40,1,-3.586734,0.140163,3.726897,-1.723286,0.0,3.461698,3.461698,1.730849,-0.147002,0.147002,0.294004,0.0,
FOUNDATION,models/decoration/FOUNDATION.fbx,7400,109,1,-6.143574,6.143574,12.287148,0.0,-0.5,0.513535,1.013535,0.006768,-6.143574,6.143574,12.287148,0.0,
HOLOFILES,models/decoration/HOLOFILES.fbx,7400,23659,1,-1.025391,1.026367,2.051758,0.000488,-0.005274,1.642187,1.647461,0.818456,-0.530762,0.536133,1.066895,0.002686,
HOLO_EXP,models/decoration/HOLO_EXP.fbx,7400,1059,1,-1.672852,1.672852,3.345703,0.0,0.004154,0.400879,0.396725,0.202517,-1.672852,1.672852,3.345703,0.0,
HOLO_MED1,models/decoration/HOLO_MED1.fbx,7400,5693,1,-0.98584,0.98584,1.97168,0.0,0.021439,0.192749,0.17131,0.107094,-0.956543,0.272217,1.22876,-0.342163,
HOLO_MED2,models/decoration/HOLO_MED2.fbx,7400,2240,1,-0.545898,0.551758,1.097656,0.00293,0.026123,0.192749,0.166626,0.109436,-1.606445,0.304443,1.910889,-0.651001,
HOLO_SMALL1,models/decoration/HOLO_SMALL1.fbx,7400,891,1,-0.185425,0.185425,0.37085,0.0,0.001475,0.091187,0.089711,0.046331,-0.599609,0.1521,0.751709,-0.223755,
HOLO_SMALL2,models/decoration/HOLO_SMALL2.fbx,7400,797,1,-0.290771,0.290771,0.581543,0.0,0.001475,0.091187,0.089711,0.046331,-0.342529,0.122559,0.465088,-0.109985,
HOLO_SMALL3,models/decoration/HOLO_SMALL3.fbx,7400,755,1,-0.219604,0.219604,0.439209,0.0,0.001475,0.091187,0.089711,0.046331,-0.358643,0.122559,0.481201,-0.118042,
HOLO_TRA,models/decoration/HOLO_TRA.fbx,7400,993,1,-1.672852,1.672852,3.345703,0.0,0.004154,0.400879,0.396725,0.202517,-1.658203,1.686523,3.344727,0.01416,
HOLO_WAR,models/decoration/HOLO_WAR.fbx,7400,892,1,-1.672852,1.672852,3.345703,0.0,0.004154,0.400879,0.396725,0.202517,-1.658203,1.686523,3.344727,0.01416,
LIGHTFRAME,models/decoration/LIGHTFRAME.fbx,7400,9995,1,-4.140592,4.140658,8.28125,3.3e-05,-0.000328,6.081704,6.082031,3.040688,-0.368652,0.368652,0.737305,0.0,
LIGHT_PLINTH,models/decoration/LIGHT_PLINTH.fbx,7400,10343,1,-0.655273,0.655273,1.310547,0.0,-0.001298,1.890304,1.891602,0.944503,-0.655273,0.655273,1.310547,0.0,
LIGHT_TALL,models/decoration/LIGHT_TALL.fbx,7400,6278,1,-1.713851,1.713883,3.427734,1.6e-05,-0.000351,6.08168,6.082031,3.040665,-0.368652,0.368652,0.737305,0.0,
LIGHT_VERT,models/decoration/LIGHT_VERT.fbx,7400,4268,1,-0.354006,0.354031,0.708037,1.3e-05,-0.001251,2.731171,2.732422,1.36496,-0.369632,0.369626,0.739258,-3e-06,
MAPTABLE,models/decoration/MAPTABLE.fbx,7400,19169,1,-1.234962,1.235741,2.470703,0.000389,0.004841,0.681641,0.6768,0.343241,-1.242835,1.227869,2.470703,-0.007483,
PIPE,models/decoration/PIPE.fbx,,,,,,,,,,,,,,,,no_vertices_or_parse_failed
PIPESHAPE,models/decoration/PIPESHAPE.fbx,7400,162,1,-0.482406,0.482406,0.964812,0.0,0.0,2.0,2.0,1.0,-0.482406,0.482406,0.964812,0.0,
PLANTBOX,models/decoration/PLANTBOX.fbx,7400,8807,1,-1.025391,1.03125,2.056641,0.00293,-0.006327,1.339864,1.346191,0.666769,-0.525879,0.536621,1.0625,0.005371,
PLANTER_S,models/decoration/PLANTER_S.fbx,7400,3908,1,-0.738281,0.731934,1.470215,-0.003174,0.0,1.092773,1.092773,0.546387,-0.731445,0.731934,1.463379,0.000244,
POWERBOX,models/decoration/POWERBOX.fbx,7400,17032,1,-1.325195,1.325195,2.650391,0.0,-0.007537,2.355745,2.363281,1.174104,-0.76563,0.76562,1.53125,-5e-06,
PYRAMIDSHAPE,models/decoration/PYRAMIDSHAPE.fbx,7400,21,1,-0.977996,0.977996,1.955992,0.0,-0.05,2.0,2.05,0.975,-1.025,1.0,2.025,-0.0125,
S16_HEATER,models/decoration/S16_HEATER.fbx,7400,6413,1,-1.019531,1.019531,2.039062,0.0,-0.095215,2.820482,2.915697,1.362633,-1.019531,1.019531,2.039062,0.0,
SERVERBOX1,models/decoration/SERVERBOX1.fbx,7400,35331,1,-1.325195,1.325195,2.650391,0.0,-0.010631,2.360463,2.371094,1.174916,-0.76521,0.765064,1.530273,-7.3e-05,
SERVERBOX2,models/decoration/SERVERBOX2.fbx,7400,35536,1,-1.325195,1.325195,2.650391,0.0,-0.010631,2.360463,2.371094,1.174916,-0.76521,0.765064,1.530273,-7.3e-05,
SHIPARMS,models/decoration/SHIPARMS.fbx,7400,1525,1,-0.386963,2.253906,2.640869,0.933472,0.812988,3.492188,2.679199,2.152588,-1.233398,2.271484,3.504883,0.519043,
SPHERESHAPE,models/decoration/SPHERESHAPE.fbx,7400,134,1,-1.0,1.0,2.0,0.0,0.0,2.0,2.0,1.0,-1.0,1.0,2.0,0.0,
STANDINGSIGN,models/decoration/STANDINGSIGN.fbx,7400,2330,1,-0.136475,0.136475,0.272949,0.0,0.000178,3.015802,3.015625,1.50799,-0.703613,0.703613,1.407227,0.0,
STATIONCRATE,models/decoration/STATIONCRATE.fbx,7400,3011,1,-0.58645,0.587695,1.174146,0.000623,-0.006796,1.16626,1.173056,0.579732,-0.590186,0.58479,1.174976,-0.002698,
S_ANTENNA0,models/decoration/S_ANTENNA0.fbx,7400,438,1,-0.825486,0.440996,1.266482,-0.192245,-0.570991,3.119003,3.689994,1.274006,-0.446795,0.536676,0.983471,0.044941,
S_ANTENNA1,models/decoration/S_ANTENNA1.fbx,7400,202,1,-0.561097,0.557366,1.118463,-0.001866,-0.211587,6.605894,6.817481,3.197154,-0.563484,0.558051,1.121535,-0.002717,
S_ANTENNA2,models/decoration/S_ANTENNA2.fbx,7400,350,1,-0.833735,0.833735,1.66747,0.0,-0.140737,4.806299,4.947036,2.332781,-0.664623,0.664623,1.329246,0.0,
S_ANTENNA3,models/decoration/S_ANTENNA3.fbx,7400,408,1,-0.901268,0.648503,1.549771,-0.126382,-0.090393,4.54381,4.634203,2.226708,-0.878904,0.875776,1.75468,-0.001564,
S_BAR,models/decoration/S_BAR.fbx,7400,296,1,-1.333008,1.333008,2.666016,0.0,0.0,1.131836,1.131836,0.565918,-0.642578,0.642578,1.285156,0.0,
S_BARREL1,models/decoration/S_BARREL1.fbx,7400,114,1,-0.437548,0.437548,0.875096,0.0,0.0,1.43668,1.43668,0.71834,-0.36,0.36,0.72,0.0,
S_BARRIER,models/decoration/S_BARRIER.fbx,7400,410,1,-2.664121,2.663661,5.327782,-0.00023,0.0,1.797382,1.797382,0.898691,-0.35,0.35,0.7,0.0,
S_BARSTOOL0,models/decoration/S_BARSTOOL0.fbx,7400,4343,1,-0.284912,0.284912,0.569824,0.0,0.000308,0.88916,0.888852,0.444734,-0.276367,0.276367,0.552734,0.0,
S_BARTABLE0,models/decoration/S_BARTABLE0.fbx,7400,252,1,-0.637327,0.637327,1.274654,0.0,0.0,0.826188,0.826188,0.413094,-0.554256,0.554256,1.108512,0.0,
S_BARTAPS0,models/decoration/S_BARTAPS0.fbx,7400,174,1,-0.090104,0.08609,0.176194,-0.002007,0.0,0.492354,0.492354,0.246177,-0.135998,0.156917,0.292915,0.01046,
S_BAR_C,models/decoration/S_BAR_C.fbx,7400,464,1,-0.640912,1.333492,1.974404,0.34629,-0.0,1.131836,1.131836,0.565918,-1.334627,0.64291,1.977537,-0.345859,
S_BAR_H,models/decoration/S_BAR_H.fbx,7400,296,1,-0.666805,0.666805,1.33361,0.0,0.0,1.131836,1.131836,0.565918,-0.642578,0.642578,1.285156,0.0,
S_BRICKSWRAPPED,models/decoration/S_BRICKSWRAPPED.fbx,7400,984,1,-0.797103,0.796761,1.593864,-0.000171,0.0,0.574397,0.574397,0.287199,-0.472994,0.458449,0.931443,-0.007272,
S_BUCKET_M,models/decoration/S_BUCKET_M.fbx,7400,2103,1,-0.459669,0.454393,0.914062,-0.002638,-0.004997,0.96875,0.973747,0.481876,-0.395752,0.43042,0.826172,0.017334,
S_BUCKET_S,models/decoration/S_BUCKET_S.fbx,7400,851,1,-0.385254,0.385254,0.770508,0.0,-0.004997,0.496094,0.501091,0.245548,-0.432373,0.432373,0.864746,0.0,
S_BURNER0,models/decoration/S_BURNER0.fbx,7400,104,1,-0.381441,0.381441,0.762882,0.0,-0.009583,0.71793,0.727513,0.354174,-0.381441,0.381441,0.762882,0.0,
S_CANISTER0,models/decoration/S_CANISTER0.fbx,7400,98,1,-0.159707,0.159707,0.319414,0.0,-0.001351,0.52511,0.526461,0.26188,-0.159707,0.159707,0.319414,0.0,
S_CANISTER1,models/decoration/S_CANISTER1.fbx,7400,144,1,-0.447753,0.482327,0.93008,0.017287,0.001964,0.305685,0.303721,0.153825,-0.15186,0.15186,0.30372,0.0,
S_CANOPY_WALL0,models/decoration/S_CANOPY_WALL0.fbx,7400,202,1,-2.51393,2.51393,5.02786,0.0,-0.129353,2.020871,2.150224,0.945759,-0.069641,0.733662,0.803303,0.332011,
S_CANOPY_WALL1,models/decoration/S_CANOPY_WALL1.fbx,7400,315,1,-2.51393,2.51393,5.02786,0.0,-0.129353,2.020871,2.150224,0.945759,-0.069641,0.733662,0.803303,0.332011,
S_CANOPY_WALL2,models/decoration/S_CANOPY_WALL2.fbx,7400,202,1,-2.51393,2.51393,5.02786,0.0,-0.129353,2.020871,2.150224,0.945759,-0.069641,0.697104,0.766745,0.313731,
S_CARRIAGE,models/decoration/S_CARRIAGE.fbx,7400,610,1,-1.50729,2.895386,4.402676,0.694048,-0.001537,1.887249,1.888786,0.942856,-1.222925,1.222925,2.44585,0.0,
S_CARRIAGEWHEEL,models/decoration/S_CARRIAGEWHEEL.fbx,7400,190,1,-0.7,0.7,1.4,0.0,-0.111269,0.203553,0.314822,0.046142,-0.7,0.7,1.4,0.0,
S_CEMENTBAG,models/decoration/S_CEMENTBAG.fbx,7400,242,1,-0.450195,0.450195,0.90039,0.0,-0.003368,0.275635,0.279003,0.136134,-0.331787,0.331787,0.663574,0.0,
S_CEMENTMIXER,models/decoration/S_CEMENTMIXER.fbx,7400,826,1,-1.134003,0.883944,2.017947,-0.12503,0.0,1.830827,1.830827,0.915413,-0.512215,0.598475,1.11069,0.04313,
S_CHAIR0,models/decoration/S_CHAIR0.fbx,7400,80,1,-0.364,0.364,0.728,0.0,0.0,0.894504,0.894504,0.447252,-0.524829,0.40176,0.926589,-0.061534,
S_COMPOSTBIN,models/decoration/S_COMPOSTBIN.fbx,7400,36,1,-0.689999,0.698905,1.388904,0.004453,0.0,1.468963,1.468963,0.734482,-0.633284,0.641825,1.275109,0.004271,
S_CRATE0,models/decoration/S_CRATE0.fbx,7400,56,1,-0.389004,0.389004,0.778008,0.0,0.0,0.42377,0.42377,0.211885,-0.38302,0.38302,0.76604,0.0,
S_CRATE1,models/decoration/S_CRATE1.fbx,7400,56,1,-0.700195,0.703125,1.40332,0.001465,0.0,0.722656,0.722656,0.361328,-0.606933,0.626953,1.233886,0.01001,
S_CRATE2,models/decoration/S_CRATE2.fbx,7400,56,1,-0.643445,0.646375,1.28982,0.001465,0.0,0.722656,0.722656,0.361328,-0.479245,0.479402,0.958647,7.8e-05,
S_CRATE3,models/decoration/S_CRATE3.fbx,7400,36,1,-0.55957,0.55957,1.11914,0.0,0.000463,1.319799,1.319336,0.660131,-0.49707,0.497071,0.994141,0.0,
S_CRATE3OPEN,models/decoration/S_CRATE3OPEN.fbx,7400,280,1,-0.614785,0.614785,1.22957,0.0,-0.000213,0.962891,0.963104,0.481339,-0.614785,0.614785,1.22957,0.0,
S_CRATE4,models/decoration/S_CRATE4.fbx,7400,36,1,-0.55957,0.55957,1.11914,0.0,0.0,2.53125,2.53125,1.265625,-0.49707,0.497071,0.994141,0.0,
S_CRATE4OPEN,models/decoration/S_CRATE4OPEN.fbx,7400,280,1,-0.614785,0.614785,1.22957,0.0,-0.000213,2.158406,2.158619,1.079097,-0.614785,0.614785,1.22957,0.0,
S_CRATE4OPEN1,models/decoration/S_CRATE4OPEN1.fbx,7400,2051,1,-0.60498,0.60498,1.20996,0.0,-1e-06,2.167969,2.16797,1.083984,-0.664551,0.664551,1.329102,0.0,
S_CUP0,models/decoration/S_CUP0.fbx,7400,168,1,-0.079651,0.079651,0.159302,0.0,0.0,0.142456,0.142456,0.071228,-0.079651,0.079651,0.159302,0.0,
S_CURTAIN0,models/decoration/S_CURTAIN0.fbx,7400,98,1,-0.847867,0.847867,1.695734,0.0,0.0,3.462553,3.462553,1.731277,-0.012488,1.401758,1.414246,0.694635,
S_DRAPE0,models/decoration/S_DRAPE0.fbx,7400,288,1,-1.441115,1.419508,2.860623,-0.010804,1.302058,1.462058,0.16,1.382058,-0.047916,0.009346,0.057262,-0.019285,
S_EXCBUCKET,models/decoration/S_EXCBUCKET.fbx,7400,68,1,-0.470677,0.470677,0.941354,0.0,-0.024052,1.125012,1.149064,0.55048,-0.761608,0.774608,1.536216,0.0065,
S_FABROLL0,models/decoration/S_FABROLL0.fbx,7400,90,1,-1.099289,1.088977,2.188266,-0.005156,-0.251751,0.251752,0.503503,0.0,-0.251752,0.251752,0.503504,0.0,
S_FABROLLPILE0,models/decoration/S_FABROLLPILE0.fbx,7400,278,1,-1.099289,1.334275,2.433564,0.117493,-0.251751,0.529845,0.781596,0.139047,-1.219858,0.753006,1.972864,-0.233426,
S_FENCE0,models/decoration/S_FENCE0.fbx,7400,164,1,-2.749383,2.755302,5.504685,0.002959,0.0,3.424406,3.424406,1.712203,-0.5,0.5,1.0,0.0,
S_FENCE1,models/decoration/S_FENCE1.fbx,7400,192,1,-2.749383,2.755302,5.504685,0.002959,-0.002383,3.333235,3.335618,1.665426,-0.350483,1.334372,1.684855,0.491945,
S_FENCE2,models/decoration/S_FENCE2.fbx,7400,200,1,-2.983587,2.983587,5.967174,0.0,-0.006681,3.494803,3.501484,1.744061,-0.114059,1.386057,1.500116,0.635999,
S_FENCE3,models/decoration/S_FENCE3.fbx,7400,200,1,-2.708442,2.705351,5.413793,-0.001545,-0.000114,3.627255,3.627369,1.81357,-0.115095,1.386057,1.501152,0.635481,
S_FLAG5,models/decoration/S_FLAG5.fbx,7400,280,1,-0.166673,0.166673,0.333346,0.0,-0.188603,0.098816,0.287419,-0.044893,0.0,1.478421,1.478421,0.73921,
S_FLAG6,models/decoration/S_FLAG6.fbx,7400,280,1,-0.166673,0.166673,0.333346,0.0,-0.188603,0.098816,0.287419,-0.044893,0.0,1.478421,1.478421,0.73921,
S_FURNACE,models/decoration/S_FURNACE.fbx,7400,96,1,-0.551243,0.667061,1.218304,0.057909,0.0,1.504655,1.504655,0.752328,-0.74607,0.683376,1.429446,-0.031347,
S_GAZEBO0,models/decoration/S_GAZEBO0.fbx,7400,226,1,-2.4502,2.4502,4.9004,-0.0,-0.0,4.37961,4.37961,2.189805,-2.4502,2.4502,4.9004,-0.0,
S_GENERATOR,models/decoration/S_GENERATOR.fbx,7400,480,1,-0.520978,0.520978,1.041956,0.0,0.0,1.151669,1.151669,0.575835,-0.577148,0.577149,1.154297,0.0,
S_GLOWGLOBE,models/decoration/S_GLOWGLOBE.fbx,7400,202,1,-0.698898,0.675218,1.374116,-0.01184,0.0,1.953375,1.953375,0.976687,-0.681895,0.690006,1.371901,0.004056,
S_HANGLAMP0,models/decoration/S_HANGLAMP0.fbx,7400,116,1,-0.084978,0.084978,0.169956,0.0,-0.004656,2.877192,2.881848,1.436268,-0.084978,0.084978,0.169956,0.0,
S_HANGLAMP1,models/decoration/S_HANGLAMP1.fbx,7400,368,1,-0.213243,0.213243,0.426486,0.0,0.0,1.355763,1.355763,0.677881,-0.213242,0.213241,0.426483,-0.0,
S_HANGLAMP2,models/decoration/S_HANGLAMP2.fbx,7400,626,1,-0.674952,0.674952,1.349904,0.0,0.0,1.076718,1.076718,0.538359,-0.674952,0.674952,1.349904,0.0,
S_HANGLAMP3,models/decoration/S_HANGLAMP3.fbx,7400,240,1,-0.707405,0.365785,1.07319,-0.17081,0.0,0.582225,0.582225,0.291113,-0.61697,0.61697,1.23394,0.0,
S_LARGETRYE0,models/decoration/S_LARGETRYE0.fbx,7400,302,1,-1.123226,1.123226,2.246452,0.0,0.0,0.930196,0.930196,0.465098,-1.123226,1.123226,2.246452,0.0,
S_LIGHTSTRIP0,models/decoration/S_LIGHTSTRIP0.fbx,7400,128,1,-1.600188,1.51182,3.112008,-0.044184,0.0,0.624174,0.624174,0.312087,-0.222471,0.222471,0.444942,0.0,
S_MACHINE0,models/decoration/S_MACHINE0.fbx,7400,937,1,-2.654638,2.366627,5.021265,-0.144006,0.0,2.726115,2.726115,1.363057,-2.508431,1.265285,3.773716,-0.621573,
S_MILKBOTTLE,models/decoration/S_MILKBOTTLE.fbx,7400,42,1,-0.07,0.07,0.14,0.0,0.000594,0.372725,0.372131,0.18666,-0.07,0.07,0.14,0.0,
S_MILKCRATE,models/decoration/S_MILKCRATE.fbx,7400,216,1,-0.347705,0.344628,0.692333,-0.001539,0.004574,0.37078,0.366206,0.187677,-0.218264,0.220213,0.438477,0.000974,
S_PALLET,models/decoration/S_PALLET.fbx,7400,116,1,-0.955556,0.955556,1.911112,0.0,6.7e-05,0.236584,0.236517,0.118325,-0.616699,0.619954,1.236653,0.001628,
S_PALLET_BRICK,models/decoration/S_PALLET_BRICK.fbx,7400,1100,1,-0.955556,0.955556,1.911112,0.0,6.7e-05,0.809784,0.809717,0.404925,-0.616699,0.619954,1.236653,0.001628,
S_PAN0,models/decoration/S_PAN0.fbx,7400,146,1,-0.379595,0.379595,0.75919,0.0,-0.001772,0.302808,0.30458,0.150518,-0.35,0.35,0.7,0.0,
S_PLANTER_M,models/decoration/S_PLANTER_M.fbx,7400,88,1,-1.333008,1.333008,2.666016,0.0,0.0,0.581824,0.581824,0.290912,-0.664101,0.664101,1.328202,0.0,
S_POT0,models/decoration/S_POT0.fbx,7400,98,1,-0.245119,0.245119,0.490238,0.0,0.0,0.389124,0.389124,0.194562,-0.245119,0.245119,0.490238,0.0,
S_PUMP,models/decoration/S_PUMP.fbx,7400,574,1,-1.790161,1.71092,3.501081,-0.039621,-0.007145,1.789532,1.796677,0.891193,-0.578412,0.577157,1.155569,-0.000627,
S_RSJSTACK,models/decoration/S_RSJSTACK.fbx,7400,1232,1,-2.622223,2.622223,5.244446,0.0,0.0,1.507234,1.507234,0.753617,-0.806815,0.806815,1.61363,0.0,
S_RUG0,models/decoration/S_RUG0.fbx,7400,109,1,-1.197266,1.197266,2.394532,0.0,0.016464,0.016465,1e-06,0.016465,-1.908203,1.908203,3.816406,0.0,
S_RUG1,models/decoration/S_RUG1.fbx,7400,109,1,-1.197266,1.197266,2.394532,0.0,0.016464,0.059845,0.043381,0.038155,-1.908203,1.908203,3.816406,0.0,
S_SAIL0,models/decoration/S_SAIL0.fbx,7400,73,1,-4.317968,0.316116,4.634084,-2.000926,-0.105179,5.141112,5.246291,2.517966,-0.316116,0.316116,0.632232,0.0,
S_SAIL1,models/decoration/S_SAIL1.fbx,7400,92,1,-4.390745,2.236478,6.627223,-1.077134,-0.005654,10.057302,10.062956,5.025824,-0.203933,0.203933,0.407866,0.0,
S_SAIL2,models/decoration/S_SAIL2.fbx,7400,96,1,-4.317968,2.198132,6.5161,-1.059918,-0.105179,5.141112,5.246291,2.517966,-0.316116,0.316116,0.632232,0.0,
S_SAIL3,models/decoration/S_SAIL3.fbx,7400,72,1,-4.390745,0.316116,4.706861,-2.037315,-0.105179,7.893934,7.999113,3.894377,-0.316116,0.316116,0.632232,0.0,
S_SCAFFOLD_L,models/decoration/S_SCAFFOLD_L.fbx,7400,188,1,-2.619469,2.620151,5.23962,0.000341,0.0,3.578912,3.578912,1.789456,-0.583333,0.583333,1.166666,0.0,
S_SCAFFOLD_M,models/decoration/S_SCAFFOLD_M.fbx,7400,208,1,-1.376237,1.37101,2.747247,-0.002614,0.0,3.578912,3.578912,1.789456,-0.583333,0.583333,1.166666,0.0,
S_SCISSORLIFT,models/decoration/S_SCISSORLIFT.fbx,7400,548,1,-1.804288,1.804288,3.608576,0.0,-0.035264,5.013223,5.048487,2.48898,-0.915,0.915,1.83,0.0,
S_SHELVINGUNIT0,models/decoration/S_SHELVINGUNIT0.fbx,7400,64,1,-0.980957,0.980957,1.961914,0.0,0.0,2.236486,2.236486,1.118243,-0.636719,0.636719,1.273438,0.0,
S_SHOVEL,models/decoration/S_SHOVEL.fbx,7400,110,1,-0.191354,0.191354,0.382708,0.0,-0.061709,1.680135,1.741844,0.809213,-0.218394,0.038493,0.256887,-0.08995,
S_SIGN_BAR0,models/decoration/S_SIGN_BAR0.fbx,7400,204,1,-2.799917,2.793594,5.593511,-0.003162,0.0,1.246681,1.246681,0.62334,-0.105744,0.25183,0.357574,0.073043,
S_SPARKPLUG,models/decoration/S_SPARKPLUG.fbx,7400,138,1,-0.434341,0.433386,0.867727,-0.000478,0.000107,0.327131,0.327024,0.163619,-0.163512,0.163512,0.327024,0.0,
S_STEPLADDER,models/decoration/S_STEPLADDER.fbx,7400,3247,1,-0.82959,0.82959,1.65918,0.0,-0.045349,2.447266,2.492615,1.200959,-0.388428,0.388428,0.776856,0.0,
S_STREETLAMP0,models/decoration/S_STREETLAMP0.fbx,7400,214,1,-0.837272,0.837272,1.674544,0.0,-4.5e-05,5.909626,5.909671,2.954791,-1.199095,0.718659,1.917754,-0.240218,
S_TABLELAMP0,models/decoration/S_TABLELAMP0.fbx,7400,418,1,-0.181571,0.181571,0.363142,0.0,0.0,0.484007,0.484007,0.242004,-0.181571,0.181571,0.363142,0.0,
S_TABLEPOT0,models/decoration/S_TABLEPOT0.fbx,7400,540,1,-0.145591,0.107294,0.252885,-0.019149,0.0,0.626678,0.626678,0.313339,-0.132138,0.132138,0.264276,0.0,
S_TRAY0,models/decoration/S_TRAY0.fbx,7400,299,1,-0.301025,0.301025,0.60205,0.0,0.0,0.032623,0.032623,0.016312,-0.301025,0.301025,0.60205,0.0,
S_TROUGH0,models/decoration/S_TROUGH0.fbx,7400,76,1,-1.324124,1.324124,2.648248,0.0,0.0,0.659668,0.659668,0.329834,-0.52789,0.52789,1.05578,0.0,
S_WALLHANGING1,models/decoration/S_WALLHANGING1.fbx,7400,72,1,-1.619148,1.619148,3.238296,0.0,0.0,0.274112,0.274112,0.137056,-0.723098,0.958984,1.682082,0.117943,
S_WALLHANGING2,models/decoration/S_WALLHANGING2.fbx,7400,84,1,-1.619148,1.619148,3.238296,0.0,0.0,0.274112,0.274112,0.137056,-0.723098,0.496837,1.219935,-0.11313,
S_WALLHANGING3,models/decoration/S_WALLHANGING3.fbx,7400,76,1,-1.619148,1.619148,3.238296,0.0,0.0,0.274112,0.274112,0.137056,-0.723098,0.486816,1.209914,-0.118141,
S_WALLLIGHT0,models/decoration/S_WALLLIGHT0.fbx,7400,418,1,-0.634766,0.634766,1.269532,0.0,-0.0,0.126343,0.126343,0.063171,-0.36377,0.36377,0.72754,0.0,
S_WATERTOWER,models/decoration/S_WATERTOWER.fbx,7400,174,1,-1.231445,1.231445,2.46289,0.0,0.012253,5.976562,5.964309,2.994408,-1.294922,1.294923,2.589845,0.0,
S_WATERVALVE0,models/decoration/S_WATERVALVE0.fbx,7400,276,1,-0.49,0.49,0.98,0.0,0.0,1.212363,1.212363,0.606182,-0.563495,0.49,1.053495,-0.036747,
S_WHEELBARROW,models/decoration/S_WHEELBARROW.fbx,7400,7209,1,-0.935059,1.066406,2.001465,0.065674,0.0,1.047852,1.047852,0.523926,-0.53418,0.53418,1.06836,0.0,
WALLFLAG1,models/decoration/WALLFLAG1.fbx,7400,86,1,-0.94,0.94,1.88,0.0,-0.029027,0.427562,0.456589,0.199267,-1.438942,1.539413,2.978355,0.050236,
WALLFLAG2,models/decoration/WALLFLAG2.fbx,7400,86,1,-0.94,0.94,1.88,0.0,-0.029027,0.427562,0.456589,0.199267,-1.438942,1.539413,2.978355,0.050236,
WALLFLAG3,models/decoration/WALLFLAG3.fbx,7400,86,1,-0.94,0.94,1.88,0.0,-0.029027,0.427562,0.456589,0.199267,-1.438942,1.539413,2.978355,0.050236,
WEDGESHAPE,models/decoration/WEDGESHAPE.fbx,7400,32,1,-0.977996,0.977996,1.955992,0.0,-0.05,2.031176,2.081176,0.990588,-1.05,3.0,4.05,0.975,
WEDGESMALLSHAPE,models/decoration/WEDGESMALLSHAPE.fbx,7400,32,1,-0.977996,0.977996,1.955992,0.0,-0.05,2.031176,2.081176,0.990588,-1.025,1.0,2.025,-0.0125,
BASE_FLAG,models/deployable_technology/BASE_FLAG.fbx,7400,3032,1,-0.44,0.44,0.88,0.0,0.020324,1.21217,1.191846,0.616247,-0.44,0.44,0.88,0.0,
BP_ANALYSER,models/deployable_technology/BP_ANALYSER.fbx,7400,148,1,-0.45,0.45,0.9,0.0,-0.0,1.511007,1.511007,0.755503,-0.619595,0.431249,1.050844,-0.094173,
BUILDBEACON,models/deployable_technology/BUILDBEACON.fbx,7400,333,1,-0.535017,0.524547,1.059564,-0.005235,-0.0,2.332772,2.332772,1.166386,-0.524547,0.524547,1.049094,0.0,
BUILDSAVE,models/deployable_technology/BUILDSAVE.fbx,7400,238,1,-0.611038,0.611038,1.222076,0.0,-0.001296,0.774422,0.775718,0.386563,-0.611038,0.611038,1.222076,0.0,
BUILDSIGNAL,models/deployable_technology/BUILDSIGNAL.fbx,7400,286,1,-0.563761,0.563761,1.127522,0.0,-0.001296,1.538511,1.539807,0.768608,-0.563761,0.563761,1.127522,0.0,
BUILD_REFINER1,models/deployable_technology/BUILD_REFINER1.fbx,7400,224,1,-0.902677,0.901315,1.803992,-0.000681,0.007841,1.473129,1.465288,0.740485,-0.51,0.51,1.02,0.0,
COOKER,models/deployable_technology/COOKER.fbx,7400,360,1,-1.648412,1.682141,3.330553,0.016864,0.0,2.147403,2.147403,1.073702,-0.647743,1.04391,1.691653,0.198084,
EXPD_FIREWORK01,models/deployable_technology/EXPD_FIREWORK01.fbx,7400,1698,1,-0.34017,0.34017,0.68034,0.0,-0.340155,0.588379,0.928534,0.124112,-0.213867,0.213867,0.427734,0.0,
EXPD_FIREWORK02,models/deployable_technology/EXPD_FIREWORK02.fbx,7400,1698,1,-0.34017,0.34017,0.68034,0.0,-0.340155,0.588379,0.928534,0.124112,-0.213867,0.213867,0.427734,0.0,
EXPD_FIREWORK03,models/deployable_technology/EXPD_FIREWORK03.fbx,7400,1698,1,-0.34017,0.34017,0.68034,0.0,-0.340155,0.588379,0.928534,0.124112,-0.213867,0.213867,0.427734,0.0,
EXPD_FIREWORK04,models/deployable_technology/EXPD_FIREWORK04.fbx,7400,1690,1,-0.34017,0.34017,0.68034,0.0,-0.340155,0.588379,0.928534,0.124112,-0.213867,0.213867,0.427734,0.0,
GARAGE_B,models/deployable_technology/GARAGE_B.fbx,7400,270,1,-5.332854,5.332855,10.665709,1e-06,-0.599531,4.020887,4.620418,1.710678,-5.332853,5.332855,10.665708,1e-06,
GARAGE_L,models/deployable_technology/GARAGE_L.fbx,7400,270,1,-5.332854,5.332855,10.665709,1e-06,-0.599531,5.410673,6.010204,2.405571,-5.332853,5.332855,10.665708,1e-06,
GARAGE_M,models/deployable_technology/GARAGE_M.fbx,7400,234,1,-5.332854,5.332855,10.665709,1e-06,-0.599531,3.112149,3.71168,1.256309,-5.332853,5.332855,10.665708,1e-06,
GARAGE_MECH,models/deployable_technology/GARAGE_MECH.fbx,7400,412,1,-5.332854,5.332855,10.665709,1e-06,-0.599531,5.539175,6.138706,2.469822,-5.332853,5.332855,10.665708,1e-06,
GARAGE_S,models/deployable_technology/GARAGE_S.fbx,7400,234,1,-5.332854,5.332855,10.665709,1e-06,-0.599531,3.803478,4.403009,1.601974,-5.332853,5.332855,10.665708,1e-06,
GARAGE_SUB,models/deployable_technology/GARAGE_SUB.fbx,7400,258,1,-5.469998,5.47,10.939998,1e-06,-0.599531,3.996578,4.596109,1.698523,-5.469997,5.469999,10.939996,1e-06,
MESSAGE,models/deployable_technology/MESSAGE.fbx,7400,15275,1,-0.742676,0.742676,1.485352,0.0,0.421929,3.205847,2.783918,1.813888,-0.757813,0.757812,1.515625,-0.0,
RACE_BOOSTER,models/deployable_technology/RACE_BOOSTER.fbx,7400,42,1,-3.44,3.44,6.88,0.0,-0.745622,0.551989,1.297611,-0.096816,-6.179922,6.050807,12.230729,-0.064558,
RACE_RAMP,models/deployable_technology/RACE_RAMP.fbx,7400,64,1,-3.46248,3.495782,6.958262,0.016651,0.0,6.252899,6.252899,3.12645,-5.271774,5.271774,10.543548,0.0,
RACE_START,models/deployable_technology/RACE_START.fbx,7400,74,1,-9.26,9.26,18.52,0.0,1.113985,7.968268,6.854283,4.541126,-0.67268,3.533448,4.206128,1.430384,
SPEC_FIREWORK01,models/deployable_technology/SPEC_FIREWORK01.fbx,7400,354,1,-0.210841,0.210841,0.421682,0.0,0.0,0.58677,0.58677,0.293385,-0.210841,0.210841,0.421682,0.0,
SPEC_FIREWORK02,models/deployable_technology/SPEC_FIREWORK02.fbx,7400,354,1,-0.210841,0.210841,0.421682,0.0,0.0,0.58677,0.58677,0.293385,-0.210841,0.210841,0.421682,0.0,
SPEC_FIREWORK03,models/deployable_technology/SPEC_FIREWORK03.fbx,7400,354,1,-0.210841,0.210841,0.421682,0.0,0.0,0.58677,0.58677,0.293385,-0.210841,0.210841,0.421682,0.0,
SPEC_FIREWORK04,models/deployable_technology/SPEC_FIREWORK04.fbx,7400,354,1,-0.210841,0.210841,0.421682,0.0,0.0,0.58677,0.58677,0.293385,-0.210841,0.210841,0.421682,0.0,
SPEC_FIREWORK05,models/deployable_technology/SPEC_FIREWORK05.fbx,7400,354,1,-0.210841,0.210841,0.421682,0.0,0.0,0.58677,0.58677,0.293385,-0.210841,0.210841,0.421682,0.0,
SPEC_FIREWORK06,models/deployable_technology/SPEC_FIREWORK06.fbx,7400,354,1,-0.210841,0.210841,0.421682,0.0,0.0,0.58677,0.58677,0.293385,-0.210841,0.210841,0.421682,0.0,
SPEC_FIREWORK07,models/deployable_technology/SPEC_FIREWORK07.fbx,7400,1521,1,-0.213867,0.213867,0.427734,0.0,-0.0,0.588379,0.588379,0.29419,-0.213867,0.213867,0.427734,0.0,
SPEC_FIREWORK08,models/deployable_technology/SPEC_FIREWORK08.fbx,7400,1521,1,-0.213867,0.213867,0.427734,0.0,-0.0,0.588379,0.588379,0.29419,-0.213867,0.213867,0.427734,0.0,
SPEC_FIREWORK09,models/deployable_technology/SPEC_FIREWORK09.fbx,7400,1521,1,-0.213867,0.213867,0.427734,0.0,-0.0,0.588379,0.588379,0.29419,-0.213867,0.213867,0.427734,0.0,
SUMMON_GARAGE,models/deployable_technology/SUMMON_GARAGE.fbx,7400,166,1,-5.469998,5.47,10.939998,1e-06,-0.599531,6.357771,6.957302,2.87912,-5.469997,5.469999,10.939996,1e-06,
WATERBUBBLE,models/deployable_technology/WATERBUBBLE.fbx,7400,654,1,-2.359686,2.32,4.679686,-0.019843,-0.57956,4.331258,4.910818,1.875849,-3.14,3.14,6.28,0.0,
BASE_AQUARIUM,models/exotic_decorations/BASE_AQUARIUM.fbx,7400,532,1,-2.08,2.08,4.16,0.0,-0.002478,3.956003,3.958481,1.976762,-2.080001,2.08,4.160001,-1e-06,
BASE_BARNACLE,models/exotic_decorations/BASE_BARNACLE.fbx,7400,201,1,-1.883242,1.130921,3.014163,-0.376161,-0.100371,0.633324,0.733695,0.266477,-1.011389,1.346409,2.357798,0.16751,
BASE_BEAMSTONE,models/exotic_decorations/BASE_BEAMSTONE.fbx,7400,90,1,-1.361438,1.361438,2.722876,0.0,0.619447,11.47238,10.852933,6.045913,-1.294804,1.294804,2.589608,0.0,
BASE_BONEGARDEN,models/exotic_decorations/BASE_BONEGARDEN.fbx,7400,88,1,-0.64,0.64,1.28,0.0,-0.018535,2.435047,2.453582,1.208256,-0.64,0.64,1.28,0.0,
BASE_BUBBLECLUS,models/exotic_decorations/BASE_BUBBLECLUS.fbx,7400,240,1,-0.93937,0.795679,1.735049,-0.071846,0.201995,2.466389,2.264394,1.334192,-0.901509,1.12514,2.026649,0.111815,
BASE_CAVE1,models/exotic_decorations/BASE_CAVE1.fbx,7400,93,1,-0.612305,0.604004,1.216309,-0.00415,-0.00106,0.453529,0.454589,0.226235,-0.589844,0.612305,1.202149,0.01123,
BASE_CAVE2,models/exotic_decorations/BASE_CAVE2.fbx,7400,40,1,-0.341553,0.429688,0.771241,0.044068,-0.318359,1.500977,1.819336,0.591309,-0.342041,0.450439,0.79248,0.054199,
BASE_CAVE3,models/exotic_decorations/BASE_CAVE3.fbx,7400,304,1,-0.30542,0.580566,0.885986,0.137573,-0.331055,1.102539,1.433594,0.385742,-0.507324,0.463623,0.970947,-0.02185,
BASE_CAVE4,models/exotic_decorations/BASE_CAVE4.fbx,7400,107,1,-0.655762,0.429932,1.085694,-0.112915,-0.100098,1.054688,1.154786,0.477295,-0.621094,0.394287,1.015381,-0.113403,
BASE_CAVE5,models/exotic_decorations/BASE_CAVE5.fbx,7400,42,1,-0.647949,0.711914,1.359863,0.031983,-0.4021,2.275391,2.677491,0.936646,-0.669922,0.676758,1.34668,0.003418,
BASE_COLDPLANT1,models/exotic_decorations/BASE_COLDPLANT1.fbx,7400,440,1,-1.010242,1.047106,2.057348,0.018432,-0.728516,2.040265,2.768781,0.655875,-0.99181,1.011997,2.003807,0.010093,
BASE_COLDPLANT2,models/exotic_decorations/BASE_COLDPLANT2.fbx,7400,225,1,-1.263744,1.064149,2.327893,-0.099797,-0.175216,1.404171,1.579387,0.614477,-1.792911,1.523687,3.316598,-0.134612,
BASE_COLDPLANT3,models/exotic_decorations/BASE_COLDPLANT3.fbx,7400,397,1,-2.53125,2.183594,4.714844,-0.173828,-1.149414,7.042969,8.192383,2.946778,-2.089844,2.535156,4.625,0.222656,
BASE_CONTOURPOD,models/exotic_decorations/BASE_CONTOURPOD.fbx,7400,159,1,-2.177246,1.610868,3.788114,-0.283189,0.0,2.161035,2.161035,1.080518,-2.113707,1.725791,3.839498,-0.193958,
BASE_DUST01,models/exotic_decorations/BASE_DUST01.fbx,7400,6390,1,-2.548828,3.640625,6.189453,0.545898,-0.356689,5.777344,6.134033,2.710327,-2.34375,2.984375,5.328125,0.320312,
BASE_DUST02,models/exotic_decorations/BASE_DUST02.fbx,7400,10274,1,-0.668945,0.668945,1.337891,0.0,-0.163208,1.729492,1.8927,0.783142,-0.745605,0.756836,1.502441,0.005615,
BASE_DUST03,models/exotic_decorations/BASE_DUST03.fbx,7400,5584,1,-1.874023,1.887695,3.761719,0.006836,-0.272705,3.210938,3.483643,1.469116,-1.899414,1.832031,3.731445,-0.033691,
BASE_DUST04,models/exotic_decorations/BASE_DUST04.fbx,7400,12905,1,-4.910156,4.34375,9.253906,-0.283203,-0.791504,9.554688,10.346191,4.381592,-4.34375,4.933594,9.277344,0.294922,
BASE_DUST05,models/exotic_decorations/BASE_DUST05.fbx,7400,11720,1,-3.757812,6.632812,10.390625,1.4375,-1.6875,5.570312,7.257812,1.941406,-7.316406,3.660156,10.976562,-1.828125,
BASE_DUST06,models/exotic_decorations/BASE_DUST06.fbx,7400,2061,1,-0.479004,0.523926,1.00293,0.022461,0.004963,1.148438,1.143475,0.5767,-0.612305,0.539062,1.151367,-0.036621,
BASE_DUST07,models/exotic_decorations/BASE_DUST07.fbx,7400,5317,1,-0.913574,0.776855,1.69043,-0.068359,-0.19458,3.382812,3.577393,1.594116,-1.170898,0.839844,2.010742,-0.165527,
BASE_DUST08,models/exotic_decorations/BASE_DUST08.fbx,7400,2109,1,-1.022461,1.082031,2.104492,0.029785,-0.376709,1.729492,2.106201,0.676392,-0.649902,1.020508,1.67041,0.185303,
BASE_DUST09,models/exotic_decorations/BASE_DUST09.fbx,7400,6083,1,-1.311523,1.660156,2.97168,0.174316,-0.556641,4.375,4.931641,1.90918,-1.300781,1.480469,2.78125,0.089844,
BASE_DUST10,models/exotic_decorations/BASE_DUST10.fbx,7400,5431,1,-3.066406,3.085938,6.152344,0.009766,-1.489258,3.507812,4.99707,1.009277,-2.748047,3.203125,5.951172,0.227539,
BASE_DUST11,models/exotic_decorations/BASE_DUST11.fbx,7400,10547,1,-3.335938,3.644531,6.980469,0.154297,-1.509766,6.390625,7.900391,2.44043,-2.492188,3.982422,6.474609,0.745117,
BASE_DUST12,models/exotic_decorations/BASE_DUST12.fbx,7400,5222,1,-4.886719,1.710938,6.597656,-1.587891,-0.250977,9.296875,9.547852,4.522949,-4.238281,2.123047,6.361328,-1.057617,
BASE_DUST13,models/exotic_decorations/BASE_DUST13.fbx,7400,9838,1,-1.177734,1.09375,2.271484,-0.041992,-0.456787,5.839844,6.296631,2.691528,-1.137695,1.131836,2.269531,-0.00293,
BASE_DUSTPLANT1,models/exotic_decorations/BASE_DUSTPLANT1.fbx,7400,249,1,-1.235574,1.162656,2.39823,-0.036459,-0.078039,5.536235,5.614274,2.729098,-1.335541,1.223733,2.559274,-0.055904,
BASE_DUSTPLANT2,models/exotic_decorations/BASE_DUSTPLANT2.fbx,7400,114,1,-0.696674,0.66939,1.366064,-0.013642,-0.045232,1.070325,1.115557,0.512547,-0.614391,0.583636,1.198027,-0.015378,
BASE_DUSTPLANT3,models/exotic_decorations/BASE_DUSTPLANT3.fbx,7400,278,1,-2.436002,2.834532,5.270534,0.199265,-0.235474,5.297563,5.533037,2.531045,-2.597072,2.554391,5.151463,-0.02134,
BASE_ENGINEORB,models/exotic_decorations/BASE_ENGINEORB.fbx,7400,374,1,-1.669343,1.716449,3.385792,0.023553,0.734932,3.975868,3.240936,2.3554,-1.707825,1.673898,3.381723,-0.016963,
BASE_FLORAL01,models/exotic_decorations/BASE_FLORAL01.fbx,7400,640,1,-0.407227,0.431396,0.838623,0.012085,0.016907,0.908203,0.891296,0.462555,-0.340088,0.419434,0.759521,0.039673,
BASE_FLORAL02,models/exotic_decorations/BASE_FLORAL02.fbx,7400,1498,1,-0.941406,0.981445,1.922852,0.02002,-0.418213,0.898438,1.31665,0.240112,-0.754883,0.986816,1.741699,0.115967,
BASE_FLORAL03,models/exotic_decorations/BASE_FLORAL03.fbx,7400,433,1,-0.687012,0.762207,1.449219,0.037598,-0.397217,1.805664,2.202881,0.704224,-0.913086,0.533691,1.446777,-0.189697,
BASE_FLORAL04,models/exotic_decorations/BASE_FLORAL04.fbx,7400,1024,1,-0.415527,0.630371,1.045898,0.107422,0.042328,0.866699,0.824371,0.454514,-0.49292,0.495361,0.988281,0.001221,
BASE_FLOWER1,models/exotic_decorations/BASE_FLOWER1.fbx,7400,534,1,-0.841797,0.883789,1.725586,0.020996,-0.078735,1.052734,1.131469,0.487,-0.89209,0.898926,1.791016,0.003418,
BASE_FLOWER2,models/exotic_decorations/BASE_FLOWER2.fbx,7400,969,1,-0.907715,1.010742,1.918457,0.051513,-0.080688,1.15332,1.234008,0.536316,-0.989258,0.935059,1.924317,-0.027099,
BASE_FLOWER3,models/exotic_decorations/BASE_FLOWER3.fbx,7400,378,1,-0.708984,0.773438,1.482422,0.032227,-0.08252,0.933594,1.016114,0.425537,-0.78125,0.656738,1.437988,-0.062256,
BASE_FLYINGFERN,models/exotic_decorations/BASE_FLYINGFERN.fbx,7400,3071,1,-2.332031,2.431641,4.763672,0.049805,5.550781,11.8125,6.261719,8.681641,-1.870117,2.445312,4.31543,0.287598,
BASE_FOXGLOVE01,models/exotic_decorations/BASE_FOXGLOVE01.fbx,7400,1093,1,-1.193359,1.21875,2.412109,0.012695,-0.014763,6.203125,6.217888,3.094181,-0.853516,0.76123,1.614746,-0.046143,
BASE_GRASS1,models/exotic_decorations/BASE_GRASS1.fbx,7400,208,1,-0.935059,1.400391,2.33545,0.232666,-0.186523,1.347656,1.534179,0.580567,-1.439453,1.261719,2.701172,-0.088867,
BASE_GRASS2,models/exotic_decorations/BASE_GRASS2.fbx,7400,80,1,-0.730469,0.996582,1.727051,0.133056,-0.150879,0.956055,1.106934,0.402588,-0.914063,1.095703,2.009766,0.09082,
BASE_GRASS3,models/exotic_decorations/BASE_GRASS3.fbx,7400,112,1,-0.674805,0.768555,1.44336,0.046875,-0.05481,0.878906,0.933716,0.412048,-0.716797,0.640625,1.357422,-0.038086,
BASE_GRASS4,models/exotic_decorations/BASE_GRASS4.fbx,7400,160,1,-0.920898,0.812988,1.733886,-0.053955,-0.115784,0.987793,1.103577,0.436005,-1.077149,0.865234,1.942383,-0.105958,
BASE_GRASS5,models/exotic_decorations/BASE_GRASS5.fbx,7400,96,1,-0.901367,0.720215,1.621582,-0.090576,-0.098816,1.020508,1.119324,0.460846,-0.859375,0.825683,1.685058,-0.016846,
BASE_GRASS6,models/exotic_decorations/BASE_GRASS6.fbx,7400,96,1,-0.645996,0.610352,1.256348,-0.017822,-0.086975,0.848145,0.93512,0.380585,-0.696289,0.543945,1.240234,-0.076172,
BASE_GRASS7,models/exotic_decorations/BASE_GRASS7.fbx,7400,552,1,-1.212891,1.40625,2.619141,0.09668,-0.228638,1.12207,1.350708,0.446716,-1.407227,1.336914,2.744141,-0.035157,
BASE_HOTPLANT01,models/exotic_decorations/BASE_HOTPLANT01.fbx,7400,313,1,-0.706003,0.425348,1.131351,-0.140327,-0.232376,4.246113,4.478489,2.006868,-0.858487,0.439945,1.298432,-0.209271,
BASE_HOTPLANT02,models/exotic_decorations/BASE_HOTPLANT02.fbx,7400,384,1,-0.772485,0.790296,1.562781,0.008906,-0.212379,3.964748,4.177127,1.876184,-0.586869,0.521631,1.1085,-0.032619,
BASE_HOTPLANT03,models/exotic_decorations/BASE_HOTPLANT03.fbx,7400,113,1,-0.9,0.9,1.8,0.0,-0.018207,2.49579,2.513997,1.238792,-0.9,0.9,1.8,0.0,
BASE_HOTPLANT04,models/exotic_decorations/BASE_HOTPLANT04.fbx,7400,515,1,-2.244141,2.271484,4.515625,0.013672,-0.77002,5.429688,6.199707,2.329834,-2.488281,2.34375,4.832031,-0.072266,
BASE_HOTPLANT05,models/exotic_decorations/BASE_HOTPLANT05.fbx,7400,224,1,-1.90918,1.895508,3.804688,-0.006836,-1.458008,3.353516,4.811523,0.947754,-2.734375,2.765625,5.5,0.015625,
BASE_HOTPLANT06,models/exotic_decorations/BASE_HOTPLANT06.fbx,7400,319,1,-1.510742,1.417969,2.928711,-0.046387,-0.773926,4.621094,5.39502,1.923584,-1.397461,1.110352,2.507812,-0.143555,
BASE_HOTPLANT07,models/exotic_decorations/BASE_HOTPLANT07.fbx,7400,7424,1,-0.766113,1.676758,2.442871,0.455322,-0.023941,7.453125,7.477066,3.714592,-1.001953,1.317383,2.319336,0.157715,
BASE_HOTPLANT08,models/exotic_decorations/BASE_HOTPLANT08.fbx,7400,4928,1,-1.31543,1.399414,2.714844,0.041992,-0.216187,5.332031,5.548218,2.557922,-1.098633,1.111328,2.209961,0.006348,
BASE_HOUDINI1,models/exotic_decorations/BASE_HOUDINI1.fbx,7400,4264,1,-1.069729,1.065363,2.135092,-0.002183,0.019709,1.800552,1.780843,0.910131,-1.121071,1.017601,2.138672,-0.051735,
BASE_HOUDINI2,models/exotic_decorations/BASE_HOUDINI2.fbx,7400,1236,1,-1.913067,1.433684,3.346751,-0.239691,-0.425798,9.438522,9.86432,4.506362,-2.430976,1.504738,3.935714,-0.463119,
BASE_HOUDINI3,models/exotic_decorations/BASE_HOUDINI3.fbx,7400,1524,1,-1.499542,1.499542,2.999084,0.0,-0.045281,1.712687,1.757968,0.833703,-1.452093,1.452093,2.904186,0.0,
BASE_HYDROPOD,models/exotic_decorations/BASE_HYDROPOD.fbx,7400,105,1,-0.460124,0.460125,0.920249,1e-06,0.066425,2.365303,2.298878,1.215864,-0.458657,0.458657,0.917314,0.0,
BASE_INFEST1,models/exotic_decorations/BASE_INFEST1.fbx,7400,2565,1,-1.560961,1.624602,3.185563,0.03182,-1.071486,4.096341,5.167827,1.512428,-1.423074,1.379596,2.80267,-0.021739,
BASE_INFEST2,models/exotic_decorations/BASE_INFEST2.fbx,7400,937,1,-4.726563,2.46875,7.195313,-1.128906,-1.884766,11.875,13.759766,4.995117,-2.210938,2.484375,4.695313,0.136719,
BASE_INFEST3,models/exotic_decorations/BASE_INFEST3.fbx,7400,3000,1,-2.146484,2.146484,4.292968,0.0,-2.171875,3.041016,5.212891,0.434571,-1.959961,1.959961,3.919922,0.0,
BASE_JUNGLE01,models/exotic_decorations/BASE_JUNGLE01.fbx,7400,1094,1,-2.414062,2.470703,4.884766,0.02832,-1.113281,5.566406,6.679688,2.226562,-2.927734,2.466797,5.394531,-0.230469,
BASE_JUNGLE02,models/exotic_decorations/BASE_JUNGLE02.fbx,7400,1004,1,-3.21875,1.972656,5.191406,-0.623047,-1.106445,7.679688,8.786133,3.286621,-3.302734,3.132812,6.435547,-0.084961,
BASE_JUNGLE03,models/exotic_decorations/BASE_JUNGLE03.fbx,7400,634,1,-3.388672,3.71875,7.107422,0.165039,-2.119141,4.285156,6.404297,1.083008,-2.400391,3.166016,5.566406,0.382812,
BASE_JUNGLE04,models/exotic_decorations/BASE_JUNGLE04.fbx,7400,360,1,-2.056641,1.80957,3.866211,-0.123535,-0.091797,2.042969,2.134766,0.975586,-1.822266,1.921875,3.744141,0.049805,
BASE_LAVA1,models/exotic_decorations/BASE_LAVA1.fbx,7400,1923,1,-1.462077,1.409668,2.871745,-0.026205,-2.049154,3.449219,5.498373,0.700032,-1.424113,1.627035,3.051148,0.101461,
BASE_LAVA2,models/exotic_decorations/BASE_LAVA2.fbx,7400,907,1,-1.33254,1.566881,2.899421,0.11717,-0.152607,3.23045,3.383057,1.538921,-1.493164,1.408203,2.901367,-0.04248,
BASE_LAVA3,models/exotic_decorations/BASE_LAVA3.fbx,7400,1637,1,-1.272461,1.272461,2.544922,0.0,0.0,2.087891,2.087891,1.043946,0.085321,1.025262,0.939941,0.555291,
BASE_MEDGEOMETR,models/exotic_decorations/BASE_MEDGEOMETR.fbx,7400,285,1,-1.401514,1.214084,2.615598,-0.093715,-0.307439,2.213392,2.520831,0.952977,-1.200395,1.225667,2.426062,0.012636,
BASE_MEDPLANT01,models/exotic_decorations/BASE_MEDPLANT01.fbx,7400,123,1,-1.958271,1.931589,3.88986,-0.013341,-0.199133,2.42999,2.629123,1.115429,-1.87001,1.871372,3.741382,0.000681,
BASE_MEDPLANT02,models/exotic_decorations/BASE_MEDPLANT02.fbx,7400,152,1,-1.203399,1.194887,2.398286,-0.004256,-0.147477,1.165238,1.312715,0.508881,-1.196223,1.199407,2.39563,0.001592,
BASE_MEDPLANT03,models/exotic_decorations/BASE_MEDPLANT03.fbx,7400,200,1,-0.864079,0.722451,1.58653,-0.070814,-0.540336,2.664311,3.204647,1.061987,-0.566275,0.754051,1.320326,0.093888,
BASE_PEACOCK01,models/exotic_decorations/BASE_PEACOCK01.fbx,7400,3355,1,-3.316406,3.279297,6.595703,-0.018555,-0.086609,8.375,8.461609,4.144196,-2.085938,0.731445,2.817383,-0.677246,
BASE_PEACOCK02,models/exotic_decorations/BASE_PEACOCK02.fbx,7400,4489,1,-2.650391,2.480469,5.130859,-0.084961,-0.086609,6.226562,6.313171,3.069977,-2.609375,2.960938,5.570312,0.175781,
BASE_PEACOCK03,models/exotic_decorations/BASE_PEACOCK03.fbx,7400,7138,1,-1.370117,1.580078,2.950195,0.10498,-0.086731,7.632812,7.719543,3.773041,-1.62207,2.59375,4.21582,0.48584,
BASE_RADPLANT01,models/exotic_decorations/BASE_RADPLANT01.fbx,7400,381,1,-2.740845,2.74848,5.489325,0.003818,-0.369068,2.701659,3.070727,1.166295,-2.59834,2.641091,5.239431,0.021376,
BASE_RADPLANT02,models/exotic_decorations/BASE_RADPLANT02.fbx,7400,140,1,-2.17931,1.87917,4.05848,-0.15007,-0.189453,5.257426,5.446879,2.533986,-2.08228,2.32221,4.40449,0.119965,
BASE_RADPLANT03,models/exotic_decorations/BASE_RADPLANT03.fbx,7400,205,1,-0.671875,0.807129,1.479004,0.067627,-0.174927,5.933594,6.108521,2.879334,-0.802734,0.663086,1.46582,-0.069824,
BASE_RADPLANT04,models/exotic_decorations/BASE_RADPLANT04.fbx,7400,474,1,-3.388672,2.529297,5.917969,-0.429688,-1.479492,5.921875,7.401367,2.221191,-3.160156,3.392578,6.552734,0.116211,
BASE_ROBOTOY,models/exotic_decorations/BASE_ROBOTOY.fbx,7400,170,1,-0.34,0.34,0.68,0.0,0.192261,2.079292,1.887031,1.135777,-2.518835,0.34,2.858835,-1.089418,
BASE_ROCK01,models/exotic_decorations/BASE_ROCK01.fbx,7400,102,1,-0.529297,0.575727,1.105024,0.023215,-0.162598,0.816406,0.979004,0.326904,-0.663086,0.682617,1.345703,0.009766,
BASE_ROCK02,models/exotic_decorations/BASE_ROCK02.fbx,7400,124,1,-0.896484,0.709473,1.605957,-0.093506,-0.206909,0.94043,1.147339,0.36676,-0.265381,0.343018,0.608399,0.038818,
BASE_ROCK03,models/exotic_decorations/BASE_ROCK03.fbx,7400,210,1,-0.518679,0.536135,1.054814,0.008728,-0.296182,1.12207,1.418252,0.412944,-0.946557,0.807119,1.753676,-0.069719,
BASE_SHARD,models/exotic_decorations/BASE_SHARD.fbx,7400,248,1,-0.888379,0.875,1.763379,-0.006689,0.620605,5.76084,5.140235,3.190722,-0.167805,0.600366,0.768171,0.21628,
BASE_SHELLWHITE,models/exotic_decorations/BASE_SHELLWHITE.fbx,7400,96,1,-0.351767,0.35447,0.706237,0.001352,0.071087,2.17034,2.099253,1.120714,-0.152683,0.263531,0.416214,0.055424,
BASE_SPRIGBUSH,models/exotic_decorations/BASE_SPRIGBUSH.fbx,7400,192,1,-0.563965,0.693359,1.257324,0.064697,-0.000849,1.204102,1.20495,0.601626,-0.452881,0.838867,1.291748,0.192993,
BASE_STARJOINT,models/exotic_decorations/BASE_STARJOINT.fbx,7400,180,1,-1.415293,1.43607,2.851363,0.010388,-0.03783,2.515262,2.553092,1.238716,-1.405516,1.416516,2.822032,0.0055,
BASE_SUBZPLANT1,models/exotic_decorations/BASE_SUBZPLANT1.fbx,7400,224,1,-1.060547,1.063477,2.124023,0.001465,-0.292725,2.638672,2.931396,1.172974,-1.075195,1.070312,2.145508,-0.002441,
BASE_SUBZPLANT2,models/exotic_decorations/BASE_SUBZPLANT2.fbx,7400,1468,1,-1.287109,1.306641,2.59375,0.009766,-0.016266,3.242188,3.258453,1.612961,-1.306641,1.306641,2.613281,0.0,
BASE_SUBZPLANT3,models/exotic_decorations/BASE_SUBZPLANT3.fbx,7400,236,1,-1.397461,1.628906,3.026367,0.115723,-0.44751,4.324219,4.771729,1.938354,-1.442383,1.938477,3.380859,0.248047,
BASE_SUBZPLANT4,models/exotic_decorations/BASE_SUBZPLANT4.fbx,7400,208,1,-1.960938,2.59375,4.554688,0.316406,-0.288574,3.300781,3.589355,1.506104,-2.40625,2.386719,4.792969,-0.009766,
BASE_SUBZPLANT5,models/exotic_decorations/BASE_SUBZPLANT5.fbx,7400,573,1,-1.488281,1.486328,2.974609,-0.000977,-0.383057,3.341797,3.724854,1.47937,-1.568359,1.380859,2.949219,-0.09375,
BASE_SUBZPLANT6,models/exotic_decorations/BASE_SUBZPLANT6.fbx,7400,205,1,-1.567383,1.40625,2.973633,-0.080566,-0.433594,2.439453,2.873047,1.00293,-1.835938,1.304688,3.140625,-0.265625,
BASE_SUBZPLANT7,models/exotic_decorations/BASE_SUBZPLANT7.fbx,7400,796,1,-2.708984,3.574219,6.283203,0.432617,-1.402344,5.523438,6.925781,2.060547,-2.294922,2.511719,4.806641,0.108398,
BASE_SUBZPLANT8,models/exotic_decorations/BASE_SUBZPLANT8.fbx,7400,947,1,-2.652344,1.645508,4.297852,-0.503418,-0.143433,5.976562,6.119995,2.916565,-1.910156,2.148438,4.058594,0.119141,
BASE_SUBZPLANT9,models/exotic_decorations/BASE_SUBZPLANT9.fbx,7400,1118,1,-6.140625,5.734375,11.875,-0.203125,-3.140625,15.203125,18.34375,6.03125,-6.105469,6.441406,12.546875,0.167969,
BASE_SWAMP1,models/exotic_decorations/BASE_SWAMP1.fbx,7400,324,1,-0.720692,0.78419,1.504882,0.031749,-0.05133,1.255799,1.307129,0.602235,-0.784564,0.717389,1.501953,-0.033588,
BASE_SWAMP2,models/exotic_decorations/BASE_SWAMP2.fbx,7400,2757,1,-2.705078,1.894531,4.599609,-0.405273,-0.792481,10.78125,11.573731,4.994384,-2.671874,1.638673,4.310547,-0.516601,
BASE_SWAMP3,models/exotic_decorations/BASE_SWAMP3.fbx,7400,1875,1,-4.554545,4.14858,8.703125,-0.202982,-3.736985,4.186843,7.923828,0.224929,-4.633743,4.284225,8.917968,-0.174759,
BASE_TERRARIUM,models/exotic_decorations/BASE_TERRARIUM.fbx,7400,142,1,-1.956061,1.956061,3.912122,0.0,-0.007702,0.796586,0.804288,0.394442,-1.956062,1.956061,3.912123,-0.0,
BASE_TOXPLANT01,models/exotic_decorations/BASE_TOXPLANT01.fbx,7400,259,1,-1.850875,1.802207,3.653082,-0.024334,-0.526855,5.032036,5.558891,2.25259,-1.830802,1.827782,3.658584,-0.00151,
BASE_TOXPLANT02,models/exotic_decorations/BASE_TOXPLANT02.fbx,7400,598,1,-2.566521,2.224858,4.791379,-0.170831,-0.69,7.179897,7.869897,3.244948,-2.794117,2.481847,5.275964,-0.156135,
BASE_TOXPLANT03,models/exotic_decorations/BASE_TOXPLANT03.fbx,7400,402,1,-1.888374,2.016704,3.905078,0.064165,-0.386652,7.386528,7.77318,3.499938,-2.139418,2.139419,4.278837,1e-06,
BASE_TOXPLANT04,models/exotic_decorations/BASE_TOXPLANT04.fbx,7400,612,1,-1.264648,1.320312,2.584961,0.027832,-0.372559,3.632812,4.005371,1.630127,-1.516602,1.241211,2.757812,-0.137695,
BASE_TOYCORE,models/exotic_decorations/BASE_TOYCORE.fbx,7400,92,1,-0.8168,0.8168,1.6336,0.0,0.0,2.194621,2.194621,1.09731,-0.8168,0.8168,1.6336,0.0,
BASE_TOYCUBE,models/exotic_decorations/BASE_TOYCUBE.fbx,7400,16,1,-0.455376,0.556968,1.012344,0.050796,0.0,1.174981,1.174981,0.58749,-0.489341,0.465986,0.955327,-0.011677,
BASE_TOYJELLY,models/exotic_decorations/BASE_TOYJELLY.fbx,7400,1469,1,-0.54874,0.607516,1.156256,0.029388,0.188705,2.390548,2.201843,1.289626,-0.550839,0.538324,1.089163,-0.006258,
BASE_TOYSPHERE,models/exotic_decorations/BASE_TOYSPHERE.fbx,7400,66,1,-0.43,0.43,0.86,0.0,0.0,0.998112,0.998112,0.499056,-0.43,0.43,0.86,0.0,
BASE_TREE01,models/exotic_decorations/BASE_TREE01.fbx,7400,426,1,-2.262061,2.478492,4.740553,0.108215,-0.001961,6.696483,6.698444,3.347261,-2.106115,2.211082,4.317197,0.052483,
BASE_TREE02,models/exotic_decorations/BASE_TREE02.fbx,7400,521,1,-1.837862,2.128701,3.966563,0.145419,-0.147083,8.197094,8.344177,4.025005,-2.190465,1.786721,3.977186,-0.201872,
BASE_TREE03,models/exotic_decorations/BASE_TREE03.fbx,7400,68,1,-1.40564,1.737466,3.143106,0.165913,-0.010301,7.714129,7.72443,3.851914,-1.652429,1.652429,3.304858,0.0,
BASE_WEIRDCUBE,models/exotic_decorations/BASE_WEIRDCUBE.fbx,7400,255,1,-0.709682,0.736537,1.446219,0.013427,0.768058,2.365713,1.597655,1.566885,-0.664654,0.646637,1.311291,-0.009008,
BASE_WPLANT1,models/exotic_decorations/BASE_WPLANT1.fbx,7400,146,1,-0.62,0.62,1.24,0.0,-0.01649,1.598074,1.614564,0.790792,-0.62,0.62,1.24,0.0,
BASE_WPLANT2,models/exotic_decorations/BASE_WPLANT2.fbx,7400,62,1,-0.62,0.62,1.24,0.0,-0.01649,1.841097,1.857587,0.912303,-0.62,0.62,1.24,0.0,
BASE_WPLANT3,models/exotic_decorations/BASE_WPLANT3.fbx,7400,330,1,-0.62,0.62,1.24,0.0,-0.006879,2.198531,2.20541,1.095826,-0.62,0.62,1.24,0.0,
BASE_WPLANT4,models/exotic_decorations/BASE_WPLANT4.fbx,7400,7232,1,-0.829834,0.829834,1.659668,0.0,-0.023532,1.541096,1.564628,0.758782,-0.947022,0.947021,1.894043,-1e-06,
BASE_WPLANT5,models/exotic_decorations/BASE_WPLANT5.fbx,7400,2966,1,-2.873047,4.6875,7.560547,0.907226,-0.031097,4.601562,4.632659,2.285233,-2.300781,3.271484,5.572265,0.485351,
BASE_WPLANT6,models/exotic_decorations/BASE_WPLANT6.fbx,7400,14152,1,-1.685547,2.226562,3.912109,0.270508,-0.824707,3.347656,4.172363,1.261475,-1.918946,2.544922,4.463868,0.312988,
BASE_WPLANT7,models/exotic_decorations/BASE_WPLANT7.fbx,7400,1033,1,-2.589844,2.939453,5.529297,0.174805,-0.309082,4.554688,4.86377,2.122803,-2.125,3.460938,5.585938,0.667969,
BASE_WPLANT8,models/exotic_decorations/BASE_WPLANT8.fbx,7400,287,1,-0.465332,0.795898,1.26123,0.165283,-0.317139,6.023438,6.340576,2.853149,-0.515137,0.690918,1.206055,0.087891,
SLIME_MED,models/exotic_decorations/SLIME_MED.fbx,7400,571,1,-1.189542,1.329888,2.51943,0.070173,-0.030014,0.661133,0.691147,0.315559,-1.472768,1.585407,3.058175,0.05632,
SPOOKY_PLANT,models/exotic_decorations/SPOOKY_PLANT.fbx,7400,314,1,-0.438721,0.438721,0.877442,0.0,-0.133789,0.824707,0.958496,0.345459,-0.454346,0.454346,0.908692,0.0,
STATUE_ASTRO_B,models/exotic_decorations/STATUE_ASTRO_B.fbx,7400,996,1,-0.253859,0.253859,0.507718,0.0,-0.000956,1.330899,1.331855,0.664972,-0.207131,0.301382,0.508513,0.047126,
STATUE_ASTRO_G,models/exotic_decorations/STATUE_ASTRO_G.fbx,7400,996,1,-0.362655,0.362655,0.72531,0.0,-0.001366,1.901284,1.90265,0.949959,-0.295902,0.430546,0.726448,0.067322,
STATUE_ASTRO_I,models/exotic_decorations/STATUE_ASTRO_I.fbx,7400,33105,1,-0.705172,0.708891,1.414062,0.00186,0.0,2.279297,2.279297,1.139648,-0.708008,0.708008,1.416016,0.0,
STATUE_ASTRO_S,models/exotic_decorations/STATUE_ASTRO_S.fbx,7400,996,1,-0.301004,0.301004,0.602008,0.0,-0.001133,1.578066,1.579199,0.788466,-0.245598,0.357353,0.602951,0.055877,
STATUE_ATLAS_B,models/exotic_decorations/STATUE_ATLAS_B.fbx,7400,211,1,-0.333005,0.333005,0.66601,0.0,-3e-06,1.406593,1.406596,0.703295,-0.188762,0.313149,0.501911,0.062194,
STATUE_ATLAS_G,models/exotic_decorations/STATUE_ATLAS_G.fbx,7400,211,1,-0.470927,0.470927,0.941854,0.0,-4e-06,1.989166,1.98917,0.994581,-0.266943,0.442848,0.709791,0.087952,
STATUE_ATLAS_I,models/exotic_decorations/STATUE_ATLAS_I.fbx,7400,10552,1,-0.707218,0.714657,1.421875,0.003719,0.0,1.864258,1.864258,0.932129,-0.708008,0.708008,1.416016,0.0,
STATUE_ATLAS_S,models/exotic_decorations/STATUE_ATLAS_S.fbx,7400,211,1,-0.392957,0.392957,0.785914,0.0,-3e-06,1.659824,1.659827,0.829911,-0.222746,0.369527,0.592273,0.073391,
STATUE_BLOB_B,models/exotic_decorations/STATUE_BLOB_B.fbx,7400,432,1,-0.198256,0.198179,0.396435,-3.8e-05,0.004071,1.300118,1.296047,0.652094,-0.23178,0.179335,0.411115,-0.026222,
STATUE_BLOB_G,models/exotic_decorations/STATUE_BLOB_G.fbx,7400,432,1,-0.262721,0.262619,0.52534,-5.1e-05,0.005395,1.722863,1.717468,0.864129,-0.307145,0.237647,0.544792,-0.034749,
STATUE_BLOB_I,models/exotic_decorations/STATUE_BLOB_I.fbx,7400,3729,1,-0.708008,0.708008,1.416016,0.0,0.0,1.422852,1.422852,0.711426,-0.708008,0.708008,1.416016,0.0,
STATUE_BLOB_S,models/exotic_decorations/STATUE_BLOB_S.fbx,7400,432,1,-0.225975,0.225887,0.451862,-4.4e-05,0.004641,1.481891,1.47725,0.743266,-0.264185,0.204408,0.468593,-0.029889,
STATUE_DIP_B,models/exotic_decorations/STATUE_DIP_B.fbx,7400,114,1,-0.183725,0.321449,0.505174,0.068862,0.006839,1.362821,1.355982,0.68483,-0.205771,0.332362,0.538133,0.063295,
STATUE_DIP_G,models/exotic_decorations/STATUE_DIP_G.fbx,7400,114,1,-0.358166,0.527111,0.885277,0.084472,0.003843,2.380096,2.376253,1.191969,-0.358166,0.584869,0.943035,0.113352,
STATUE_DIP_I,models/exotic_decorations/STATUE_DIP_I.fbx,7400,7642,1,-0.705373,0.713821,1.419194,0.004224,0.0,3.185547,3.185547,1.592773,-0.708008,0.851074,1.559082,0.071533,
STATUE_DIP_S,models/exotic_decorations/STATUE_DIP_S.fbx,7400,114,1,-0.26424,0.422032,0.686272,0.078896,0.008945,1.851032,1.842087,0.929989,-0.302228,0.428819,0.731047,0.063295,
STATUE_GEK_B,models/exotic_decorations/STATUE_GEK_B.fbx,7400,773,1,-0.231323,0.376465,0.607788,0.072571,0.002781,1.299805,1.297024,0.651293,-0.199097,0.318848,0.517944,0.059875,
STATUE_GEK_G,models/exotic_decorations/STATUE_GEK_G.fbx,7400,773,1,-0.300537,0.489014,0.789551,0.094238,0.003614,1.689453,1.685839,0.846534,-0.258545,0.414307,0.672852,0.077881,
STATUE_GEK_I,models/exotic_decorations/STATUE_GEK_I.fbx,7400,12825,1,-0.705359,0.716516,1.421875,0.005579,0.0,2.0,2.0,1.0,-0.708008,0.708008,1.416016,0.0,
STATUE_GEK_S,models/exotic_decorations/STATUE_GEK_S.fbx,7400,773,1,-0.264893,0.431152,0.696045,0.08313,0.003187,1.489258,1.486071,0.746222,-0.228027,0.365234,0.593262,0.068604,
STATUE_SHIP_B,models/exotic_decorations/STATUE_SHIP_B.fbx,7400,40,1,-0.313275,0.314136,0.627411,0.00043,0.003384,0.988773,0.985389,0.496078,-0.338828,0.194778,0.533606,-0.072025,
STATUE_SHIP_G,models/exotic_decorations/STATUE_SHIP_G.fbx,7400,40,1,-0.526268,0.527279,1.053547,0.000506,0.006371,1.661034,1.654663,0.833702,-0.516331,0.379699,0.89603,-0.068316,
STATUE_SHIP_I,models/exotic_decorations/STATUE_SHIP_I.fbx,7400,12546,1,-0.702381,0.719494,1.421875,0.008556,0.0,2.061654,2.061654,1.030827,-1.033203,0.708008,1.741211,-0.162598,
STATUE_SHIP_S,models/exotic_decorations/STATUE_SHIP_S.fbx,7400,40,1,-0.389624,0.390526,0.78015,0.000451,-0.00085,1.224425,1.225275,0.611787,-0.389899,0.27361,0.663509,-0.058144,
STATUE_WALK_B,models/exotic_decorations/STATUE_WALK_B.fbx,7400,432,1,-0.198256,0.198179,0.396435,-3.8e-05,0.004071,1.300118,1.296047,0.652094,-0.23178,0.179335,0.411115,-0.026222,
STATUE_WALK_G,models/exotic_decorations/STATUE_WALK_G.fbx,7400,432,1,-0.262721,0.262619,0.52534,-5.1e-05,0.005395,1.722863,1.717468,0.864129,-0.307145,0.237647,0.544792,-0.034749,
STATUE_WALK_I,models/exotic_decorations/STATUE_WALK_I.fbx,7400,12280,1,-0.704242,0.709821,1.414062,0.002789,0.0,2.523438,2.523438,1.261719,-0.708008,0.708008,1.416016,0.0,
STATUE_WALK_S,models/exotic_decorations/STATUE_WALK_S.fbx,7400,432,1,-0.225975,0.225887,0.451862,-4.4e-05,0.004641,1.481891,1.47725,0.743266,-0.264185,0.204408,0.468593,-0.029889,
BARRENPLANT,models/farming/BARRENPLANT.fbx,7400,403,1,-0.343842,0.554337,0.898179,0.105248,-0.093872,2.197596,2.291468,1.051862,-0.322599,0.384697,0.707296,0.031049,
CREATUREPLANT,models/farming/CREATUREPLANT.fbx,7400,186,1,-0.53366,0.799428,1.333088,0.132884,-0.265082,1.373009,1.638091,0.553963,-0.667807,0.601914,1.269721,-0.032946,
CREATURE_FARM,models/farming/CREATURE_FARM.fbx,7400,908,1,-0.615,0.615,1.23,0.0,0.063655,3.655061,3.591406,1.859358,-1.559329,2.600458,4.159787,0.520564,
CREATURE_FEED,models/farming/CREATURE_FEED.fbx,7400,522,1,-1.26868,1.26868,2.53736,0.0,0.0,3.70205,3.70205,1.851025,-1.242078,1.270181,2.512259,0.014051,
GRAVPLANT,models/farming/GRAVPLANT.fbx,7400,192,1,-0.703125,0.905273,1.608398,0.101074,-0.168091,1.465821,1.633912,0.648865,-0.970703,0.837891,1.808594,-0.066406,
LUSHPLANT,models/farming/LUSHPLANT.fbx,7400,213,1,-0.774902,0.674805,1.449707,-0.050049,-0.213623,1.816327,2.02995,0.801352,-1.030273,0.715748,1.746021,-0.157262,
NIPPLANT,models/farming/NIPPLANT.fbx,7400,194,1,-0.65625,0.845703,1.501953,0.094727,0.000351,1.4649,1.464549,0.732626,-0.90625,0.782715,1.688965,-0.061767,
PEARLPLANT,models/farming/PEARLPLANT.fbx,7400,322,1,-1.032672,1.032672,2.065344,0.0,-0.635992,1.940803,2.576795,0.652406,-0.778362,0.778362,1.556724,0.0,
PLANTER,models/farming/PLANTER.fbx,7400,212,1,-1.310979,1.310979,2.621958,0.0,0.0,2.540115,2.540115,1.270058,-1.310979,1.310979,2.621958,0.0,
PLANTERMEGA,models/farming/PLANTERMEGA.fbx,7400,416,1,-2.325122,2.325122,4.650244,0.0,0.0,2.540115,2.540115,1.270058,-2.325122,2.325122,4.650244,0.0,
PLANTPOT,models/farming/PLANTPOT.fbx,7400,207,1,-0.43163,0.43163,0.86326,0.0,-0.0,0.515549,0.515549,0.257775,-0.621234,0.252571,0.873805,-0.184332,
PLANTPOT1,models/farming/PLANTPOT1.fbx,7400,176,1,-0.5,0.5,1.0,0.0,-0.000247,1.544153,1.5444,0.771953,-0.358433,0.328422,0.686855,-0.015005,
PLANTPOT2,models/farming/PLANTPOT2.fbx,7400,2588,1,-0.58833,0.858706,1.447036,0.135188,-0.010299,1.413671,1.42397,0.701686,-0.399214,0.381291,0.780505,-0.008961,
PLANTPOT3,models/farming/PLANTPOT3.fbx,7400,888,1,-0.27974,0.27974,0.55948,0.0,0.033736,0.868553,0.834817,0.451144,-0.27974,0.27974,0.55948,0.0,
POOPPLANT,models/farming/POOPPLANT.fbx,7400,472,1,-0.693559,0.809734,1.503293,0.058087,-0.098488,1.773286,1.871774,0.837399,-0.686377,0.689648,1.376025,0.001635,
RADIOPLANT,models/farming/RADIOPLANT.fbx,7400,222,1,-0.814002,0.886495,1.700497,0.036247,-0.243774,1.330815,1.574589,0.54352,-0.745865,0.862161,1.608026,0.058148,
SACVENOMPLANT,models/farming/SACVENOMPLANT.fbx,7400,360,1,-0.675103,0.830822,1.505925,0.077859,-0.147375,1.88167,2.029045,0.867147,-0.819806,0.720747,1.540553,-0.049529,
SCORCHEDPLANT,models/farming/SCORCHEDPLANT.fbx,7400,184,1,-0.703589,0.724709,1.428298,0.01056,-0.407052,1.775391,2.182443,0.684169,-0.78051,0.771674,1.552184,-0.004418,
SNOWPLANT,models/farming/SNOWPLANT.fbx,7400,378,1,-0.885756,1.112305,1.998061,0.113275,-0.212909,2.278932,2.491841,1.033012,-1.044855,0.898627,1.943482,-0.073114,
TOXICPLANT,models/farming/TOXICPLANT.fbx,7400,193,1,-0.637556,0.637556,1.275112,0.0,-0.231939,1.945379,2.177318,0.85672,-0.649519,0.708554,1.358073,0.029518,
FOS_BI,models/fossils/FOS_BI.fbx,7400,2088,1,-1.770508,1.600586,3.371094,-0.084961,-0.020798,0.70459,0.725388,0.341896,-1.338867,1.338867,2.677734,0.0,
FOS_BIRD,models/fossils/FOS_BIRD.fbx,7400,1543,1,-1.581055,1.580078,3.161133,-0.000488,0.005432,1.858398,1.852966,0.931915,-1.354492,1.354492,2.708984,0.0,
FOS_BIRD_DIS,models/fossils/FOS_BIRD_DIS.fbx,7400,914,1,-0.544508,0.577074,1.121582,0.016283,7.6e-05,1.183594,1.183517,0.591835,-0.568848,0.611328,1.180176,0.02124,
FOS_BI_DIS,models/fossils/FOS_BI_DIS.fbx,7400,914,1,-0.544508,0.577074,1.121582,0.016283,7.6e-05,1.183594,1.183517,0.591835,-0.568848,0.611328,1.180176,0.02124,
FOS_BODY,models/fossils/FOS_BODY.fbx,7400,6502,1,-0.645545,0.645954,1.291499,0.000205,2.658203,4.362036,1.703833,3.51012,-0.851074,0.794922,1.645996,-0.028076,
FOS_BODY_DISP,models/fossils/FOS_BODY_DISP.fbx,7400,914,1,-0.544508,0.577074,1.121582,0.016283,7.6e-05,1.183594,1.183517,0.591835,-0.568848,0.611328,1.180176,0.02124,
FOS_BODY_MNT,models/fossils/FOS_BODY_MNT.fbx,7400,617,1,-0.544508,0.577074,1.121582,0.016283,-0.005581,0.245396,0.250977,0.119907,-0.568848,0.611328,1.180176,0.02124,
FOS_GRUN,models/fossils/FOS_GRUN.fbx,7400,932,1,-1.009766,0.958984,1.96875,-0.025391,-0.021866,1.183594,1.20546,0.580864,-0.957106,0.897387,1.854492,-0.029859,
FOS_GRUN_DIS,models/fossils/FOS_GRUN_DIS.fbx,7400,914,1,-0.544508,0.577074,1.121582,0.016283,7.6e-05,1.183594,1.183517,0.591835,-0.568848,0.611328,1.180176,0.02124,
FOS_LIMBS,models/fossils/FOS_LIMBS.fbx,7400,24,1,-0.004997,0.004997,0.009995,0.0,0.407767,0.417761,0.009995,0.412764,-0.004997,0.004997,0.009995,0.0,
FOS_LIMBS_DISP,models/fossils/FOS_LIMBS_DISP.fbx,7400,914,1,-0.611328,0.568848,1.180176,-0.02124,7.6e-05,1.183594,1.183517,0.591835,-0.544508,0.577074,1.121582,0.016283,
FOS_LIMBS_MNT,models/fossils/FOS_LIMBS_MNT.fbx,7400,617,1,-0.544508,0.577074,1.121582,0.016283,-0.005581,0.245396,0.250977,0.119907,-0.568848,0.611328,1.180176,0.02124,
FOS_QUAD,models/fossils/FOS_QUAD.fbx,7400,904,1,-1.345435,1.3323,2.677734,-0.006567,-0.022293,0.70459,0.726883,0.341148,-1.954967,1.953236,3.908203,-0.000865,
FOS_QUAD_DIS,models/fossils/FOS_QUAD_DIS.fbx,7400,914,1,-0.544508,0.577074,1.121582,0.016283,7.6e-05,1.183594,1.183517,0.591835,-0.568848,0.611328,1.180176,0.02124,
FOS_SKULL,models/fossils/FOS_SKULL.fbx,7400,24,1,-0.004997,0.004997,0.009995,0.0,0.407767,0.417761,0.009995,0.412764,-0.004997,0.004997,0.009995,0.0,
FOS_SKULL_DISP,models/fossils/FOS_SKULL_DISP.fbx,7400,914,1,-0.544508,0.577074,1.121582,0.016283,7.6e-05,1.183594,1.183517,0.591835,-0.568848,0.611328,1.180176,0.02124,
FOS_SKULL_MNT,models/fossils/FOS_SKULL_MNT.fbx,7400,617,1,-0.544508,0.577074,1.121582,0.016283,-0.005581,0.245396,0.250977,0.119907,-0.568848,0.611328,1.180176,0.02124,
FOS_TAIL,models/fossils/FOS_TAIL.fbx,7400,24,1,-0.004997,0.004997,0.009995,0.0,0.407767,0.417761,0.009995,0.412764,-0.004997,0.004997,0.009995,0.0,
FOS_TAIL_DISP,models/fossils/FOS_TAIL_DISP.fbx,7400,914,1,-0.544508,0.577074,1.121582,0.016283,7.6e-05,1.183594,1.183517,0.591835,-0.568848,0.611328,1.180176,0.02124,
FOS_TAIL_MNT,models/fossils/FOS_TAIL_MNT.fbx,7400,617,1,-0.544508,0.577074,1.121582,0.016283,-0.005581,0.245396,0.250977,0.119907,-0.568848,0.611328,1.180176,0.02124,
FOS_WORM,models/fossils/FOS_WORM.fbx,7400,1100,1,-1.338867,1.338867,2.677734,0.0,-0.022034,2.488281,2.510315,1.233124,-3.581438,3.580672,7.162109,-0.000383,
FOS_WORM_DIS,models/fossils/FOS_WORM_DIS.fbx,7400,914,1,-0.544508,0.577074,1.121582,0.016283,7.6e-05,1.183594,1.183517,0.591835,-0.568848,0.611328,1.180176,0.02124,
FOS_BI,models/fossil_displays/FOS_BI.fbx,7400,2088,1,-1.770508,1.600586,3.371094,-0.084961,-0.020798,0.70459,0.725388,0.341896,-1.338867,1.338867,2.677734,0.0,
FOS_BIRD,models/fossil_displays/FOS_BIRD.fbx,7400,1543,1,-1.581055,1.580078,3.161133,-0.000488,0.005432,1.858398,1.852966,0.931915,-1.354492,1.354492,2.708984,0.0,
FOS_BIRD_DIS,models/fossil_displays/FOS_BIRD_DIS.fbx,7400,914,1,-0.544508,0.577074,1.121582,0.016283,7.6e-05,1.183594,1.183517,0.591835,-0.568848,0.611328,1.180176,0.02124,
FOS_BI_DIS,models/fossil_displays/FOS_BI_DIS.fbx,7400,914,1,-0.544508,0.577074,1.121582,0.016283,7.6e-05,1.183594,1.183517,0.591835,-0.568848,0.611328,1.180176,0.02124,
FOS_BODY,models/fossil_displays/FOS_BODY.fbx,7400,6502,1,-0.645545,0.645954,1.291499,0.000205,0.884677,2.58851,1.703833,1.736594,-1.083181,0.562815,1.645996,-0.260183,
FOS_BODY_DISP,models/fossil_displays/FOS_BODY_DISP.fbx,7400,914,1,-0.544508,0.577074,1.121582,0.016283,7.6e-05,1.183594,1.183517,0.591835,-0.568848,0.611328,1.180176,0.02124,
FOS_BODY_MNT,models/fossil_displays/FOS_BODY_MNT.fbx,7400,617,1,-0.544508,0.577074,1.121582,0.016283,-0.005581,0.245396,0.250977,0.119907,-0.568848,0.611328,1.180176,0.02124,
FOS_GRUN,models/fossil_displays/FOS_GRUN.fbx,7400,932,1,-1.009766,0.958984,1.96875,-0.025391,-0.021866,1.183594,1.20546,0.580864,-0.875977,0.978516,1.854492,0.05127,
FOS_GRUN_DIS,models/fossil_displays/FOS_GRUN_DIS.fbx,7400,914,1,-0.544508,0.577074,1.121582,0.016283,7.6e-05,1.183594,1.183517,0.591835,-0.568848,0.611328,1.180176,0.02124,
FOS_LIMBS,models/fossil_displays/FOS_LIMBS.fbx,7400,24,1,-0.004997,0.004997,0.009995,0.0,0.407767,0.417761,0.009995,0.412764,-0.004997,0.004997,0.009995,0.0,
FOS_LIMBS_DISP,models/fossil_displays/FOS_LIMBS_DISP.fbx,7400,914,1,-0.611328,0.568848,1.180176,-0.02124,7.6e-05,1.183594,1.183517,0.591835,-0.463379,0.658203,1.121582,0.097412,
FOS_LIMBS_MNT,models/fossil_displays/FOS_LIMBS_MNT.fbx,7400,617,1,-0.544508,0.577074,1.121582,0.016283,-0.005581,0.245396,0.250977,0.119907,-0.568848,0.611328,1.180176,0.02124,
FOS_QUAD,models/fossil_displays/FOS_QUAD.fbx,7400,904,1,-1.009766,1.667969,2.677734,0.329102,-0.022293,0.70459,0.726883,0.341148,-1.859375,2.048828,3.908203,0.094727,
FOS_QUAD_DIS,models/fossil_displays/FOS_QUAD_DIS.fbx,7400,914,1,-0.544508,0.577074,1.121582,0.016283,7.6e-05,1.183594,1.183517,0.591835,-0.568848,0.611328,1.180176,0.02124,
FOS_SKULL,models/fossil_displays/FOS_SKULL.fbx,7400,24,1,-0.004997,0.004997,0.009995,0.0,0.407767,0.417761,0.009995,0.412764,-0.004997,0.004997,0.009995,0.0,
FOS_SKULL_DISP,models/fossil_displays/FOS_SKULL_DISP.fbx,7400,914,1,-0.544508,0.577074,1.121582,0.016283,7.6e-05,1.183594,1.183517,0.591835,-0.568848,0.611328,1.180176,0.02124,
FOS_SKULL_MNT,models/fossil_displays/FOS_SKULL_MNT.fbx,7400,617,1,-0.544508,0.577074,1.121582,0.016283,-0.005581,0.245396,0.250977,0.119907,-0.568848,0.611328,1.180176,0.02124,
FOS_TAIL,models/fossil_displays/FOS_TAIL.fbx,7400,24,1,-0.004997,0.004997,0.009995,0.0,0.407767,0.417761,0.009995,0.412764,-0.004997,0.004997,0.009995,0.0,
FOS_TAIL_DISP,models/fossil_displays/FOS_TAIL_DISP.fbx,7400,914,1,-0.544508,0.577074,1.121582,0.016283,7.6e-05,1.183594,1.183517,0.591835,-0.568848,0.611328,1.180176,0.02124,
FOS_TAIL_MNT,models/fossil_displays/FOS_TAIL_MNT.fbx,7400,617,1,-0.544508,0.577074,1.121582,0.016283,-0.005581,0.245396,0.250977,0.119907,-0.568848,0.611328,1.180176,0.02124,
FOS_WORM,models/fossil_displays/FOS_WORM.fbx,7400,1100,1,-1.338867,1.338867,2.677734,0.0,-0.022034,2.488281,2.510315,1.233124,-3.041016,4.121094,7.162109,0.540039,
FOS_WORM_DIS,models/fossil_displays/FOS_WORM_DIS.fbx,7400,914,1,-0.544508,0.577074,1.121582,0.016283,7.6e-05,1.183594,1.183517,0.591835,-0.568848,0.611328,1.180176,0.02124,
FOS_BI_BODY_AA,models/fossil_parts/FOS_BI_BODY_AA.fbx,7400,5612,1,-0.427246,0.427246,0.854492,0.0,-0.091797,1.273438,1.365235,0.590821,-0.851074,0.794922,1.645996,-0.028076,
FOS_BI_BODY_AB,models/fossil_parts/FOS_BI_BODY_AB.fbx,7400,5772,1,-0.645545,0.645954,1.291499,0.000205,-0.091797,1.249885,1.341681,0.579044,-0.840846,0.794922,1.635768,-0.022962,
FOS_BI_BODY_AC,models/fossil_parts/FOS_BI_BODY_AC.fbx,7400,5676,1,-0.639764,0.634875,1.274639,-0.002445,-0.091797,0.962777,1.054574,0.43549,-0.658691,0.794922,1.453613,0.068116,
FOS_BI_BODY_AD,models/fossil_parts/FOS_BI_BODY_AD.fbx,7400,5686,1,-0.427246,0.427246,0.854492,0.0,-0.091797,1.612036,1.703833,0.76012,-0.683373,0.794922,1.478295,0.055775,
FOS_BI_BODY_AE,models/fossil_parts/FOS_BI_BODY_AE.fbx,7400,5900,1,-0.427246,0.427246,0.854492,0.0,-0.091797,1.535245,1.627042,0.721724,-0.658691,0.794922,1.453613,0.068116,
FOS_BI_BODY_AN,models/fossil_parts/FOS_BI_BODY_AN.fbx,7400,5536,1,-0.427246,0.427246,0.854492,0.0,-0.091797,0.955078,1.046875,0.431641,-0.658692,0.794922,1.453613,0.068115,
FOS_BI_BODY_BA,models/fossil_parts/FOS_BI_BODY_BA.fbx,7400,5612,1,-0.427246,0.427246,0.854492,0.0,-0.091797,1.273438,1.365235,0.590821,-0.851074,0.794922,1.645996,-0.028076,
FOS_BI_BODY_BB,models/fossil_parts/FOS_BI_BODY_BB.fbx,7400,5772,1,-0.645545,0.645954,1.291499,0.000205,-0.091797,1.249885,1.341681,0.579044,-0.840846,0.794922,1.635768,-0.022962,
FOS_BI_BODY_BC,models/fossil_parts/FOS_BI_BODY_BC.fbx,7400,5676,1,-0.639764,0.634875,1.274639,-0.002445,-0.091797,0.962777,1.054574,0.43549,-0.658691,0.794922,1.453613,0.068116,
FOS_BI_BODY_BD,models/fossil_parts/FOS_BI_BODY_BD.fbx,7400,5686,1,-0.427246,0.427246,0.854492,0.0,-0.091797,1.612036,1.703833,0.76012,-0.683373,0.794922,1.478295,0.055775,
FOS_BI_BODY_BE,models/fossil_parts/FOS_BI_BODY_BE.fbx,7400,5900,1,-0.427246,0.427246,0.854492,0.0,-0.091797,1.535245,1.627042,0.721724,-0.658691,0.794922,1.453613,0.068116,
FOS_BI_BODY_BN,models/fossil_parts/FOS_BI_BODY_BN.fbx,7400,5536,1,-0.427246,0.427246,0.854492,0.0,-0.091797,0.955078,1.046875,0.431641,-0.658692,0.794922,1.453613,0.068115,
FOS_BI_TAIL_AA,models/fossil_parts/FOS_BI_TAIL_AA.fbx,7400,760,1,-0.276123,0.2854,0.561523,0.004639,0.165793,0.826905,0.661111,0.496349,-0.957586,1.176218,2.133804,0.109316,
FOS_BI_TAIL_AN,models/fossil_parts/FOS_BI_TAIL_AN.fbx,7400,604,1,-0.276123,0.2854,0.561523,0.004639,0.165793,0.826904,0.661111,0.496349,-0.957587,1.176217,2.133804,0.109315,
FOS_BI_TAIL_BA,models/fossil_parts/FOS_BI_TAIL_BA.fbx,7400,5950,1,-0.296875,0.302734,0.599609,0.00293,0.088005,1.790031,1.702026,0.939018,-0.996586,1.028108,2.024694,0.015761,
FOS_BI_TAIL_BN,models/fossil_parts/FOS_BI_TAIL_BN.fbx,7400,5818,1,-0.296875,0.302734,0.599609,0.00293,0.088005,1.79003,1.702025,0.939018,-0.996587,1.028108,2.024694,0.015761,
FOS_BI_TAIL_CA,models/fossil_parts/FOS_BI_TAIL_CA.fbx,7400,470,1,-0.276123,0.2854,0.561523,0.004639,-0.4074,0.952625,1.360024,0.272612,-3.39643,1.176218,4.572648,-1.110106,
FOS_BI_TAIL_CN,models/fossil_parts/FOS_BI_TAIL_CN.fbx,7400,280,1,-0.276123,0.2854,0.561523,0.004639,-0.4074,0.591436,0.998836,0.092018,-3.396431,1.176217,4.572648,-1.110107,
FOS_BI_TAIL_DA,models/fossil_parts/FOS_BI_TAIL_DA.fbx,7400,397,1,-0.276611,0.287354,0.563965,0.005371,0.219768,1.981391,1.761623,1.10058,-0.021682,1.283248,1.30493,0.630783,
FOS_BI_TAIL_DN,models/fossil_parts/FOS_BI_TAIL_DN.fbx,7400,207,1,-0.276611,0.287354,0.563965,0.005371,0.219768,1.981391,1.761623,1.100579,-0.021683,1.283248,1.30493,0.630783,
FOS_BI_TAIL_E,models/fossil_parts/FOS_BI_TAIL_E.fbx,7400,1782,1,-1.243164,1.282227,2.525391,0.019531,0.485642,1.825755,1.340113,1.155698,0.356019,0.753458,0.397439,0.554739,
FOS_BI_TAIL_F,models/fossil_parts/FOS_BI_TAIL_F.fbx,7400,359,1,-1.15332,1.105469,2.258789,-0.023926,-0.275604,0.555132,0.830736,0.139764,-1.103348,0.045802,1.14915,-0.528773,
FOS_BI_TAIL_G,models/fossil_parts/FOS_BI_TAIL_G.fbx,7400,571,1,-0.146973,0.145752,0.292725,-0.00061,0.267676,0.584408,0.316732,0.426042,0.394828,1.002136,0.607308,0.698482,
FOS_HEAD_AA,models/fossil_parts/FOS_HEAD_AA.fbx,7400,2137,1,-0.325684,0.325684,0.651367,0.0,-0.04126,1.019531,1.060791,0.489136,-0.361816,0.470947,0.832764,0.054565,
FOS_HEAD_AB,models/fossil_parts/FOS_HEAD_AB.fbx,7400,1951,1,-0.487793,0.487793,0.975586,-0.0,-0.04126,1.125,1.16626,0.54187,-0.361816,0.470947,0.832764,0.054565,
FOS_HEAD_AC,models/fossil_parts/FOS_HEAD_AC.fbx,7400,1951,1,-0.450684,0.450684,0.901367,-0.0,-0.04126,1.022949,1.064209,0.490845,-0.361816,0.470947,0.832764,0.054565,
FOS_HEAD_AD,models/fossil_parts/FOS_HEAD_AD.fbx,7400,1634,1,-0.325684,0.325684,0.651367,0.0,-0.04126,0.824707,0.865967,0.391724,-0.361816,0.470947,0.832764,0.054565,
FOS_HEAD_AN,models/fossil_parts/FOS_HEAD_AN.fbx,7400,832,1,-0.325684,0.325684,0.651367,0.0,-0.04126,0.824707,0.865967,0.391724,-0.361816,0.470947,0.832764,0.054565,
FOS_HEAD_BA,models/fossil_parts/FOS_HEAD_BA.fbx,7400,1858,1,-0.344971,0.344971,0.689941,0.0,0.053223,0.817383,0.76416,0.435303,-0.298096,0.743652,1.041748,0.222778,
FOS_HEAD_BB,models/fossil_parts/FOS_HEAD_BB.fbx,7400,1416,1,-0.555176,0.546387,1.101562,-0.004395,0.053223,0.890137,0.836914,0.47168,-0.298096,0.743652,1.041748,0.222778,
FOS_HEAD_BC,models/fossil_parts/FOS_HEAD_BC.fbx,7400,1291,1,-0.348389,0.344971,0.693359,-0.001709,0.053223,1.029297,0.976074,0.54126,-0.298096,0.743652,1.041748,0.222778,
FOS_HEAD_BD,models/fossil_parts/FOS_HEAD_BD.fbx,7400,1251,1,-0.344971,0.344971,0.689941,0.0,0.053223,0.860352,0.807129,0.456787,-0.298096,0.743652,1.041748,0.222778,
FOS_HEAD_BE,models/fossil_parts/FOS_HEAD_BE.fbx,7400,1547,1,-1.180664,1.180664,2.361328,0.0,0.053223,1.56543,1.512207,0.809326,-1.397461,0.743652,2.141114,-0.326904,
FOS_HEAD_BF,models/fossil_parts/FOS_HEAD_BF.fbx,7400,1205,1,-1.001953,1.001953,2.003906,0.0,0.053223,1.333008,1.279785,0.693115,-1.666016,0.743652,2.409668,-0.461182,
FOS_HEAD_BG,models/fossil_parts/FOS_HEAD_BG.fbx,7400,2879,1,-1.169922,1.169922,2.339844,0.0,0.053223,2.865234,2.812012,1.459228,-0.754395,0.743652,1.498047,-0.005371,
FOS_HEAD_BH,models/fossil_parts/FOS_HEAD_BH.fbx,7400,1219,1,-1.151367,1.151367,2.302734,0.0,0.053223,1.352539,1.299316,0.702881,-1.791016,0.743652,2.534668,-0.523682,
FOS_HEAD_BI,models/fossil_parts/FOS_HEAD_BI.fbx,7400,1255,1,-0.626465,0.626465,1.25293,0.0,0.053223,1.53418,1.480957,0.793701,-1.300781,0.743652,2.044434,-0.278565,
FOS_HEAD_BJ,models/fossil_parts/FOS_HEAD_BJ.fbx,7400,1938,1,-0.344971,0.344971,0.689941,0.0,0.053223,1.254883,1.20166,0.654053,-0.298096,0.939453,1.237549,0.320679,
FOS_HEAD_BN,models/fossil_parts/FOS_HEAD_BN.fbx,7400,943,1,-0.344971,0.344971,0.689941,0.0,0.053223,0.723877,0.670654,0.38855,-0.298096,0.743652,1.041748,0.222778,
FOS_HEAD_CA,models/fossil_parts/FOS_HEAD_CA.fbx,7400,1760,1,-0.324219,0.324219,0.648438,0.0,0.109131,0.793457,0.684326,0.451294,-0.351074,0.473877,0.824951,0.061401,
FOS_HEAD_CB,models/fossil_parts/FOS_HEAD_CB.fbx,7400,1318,1,-0.59375,0.583984,1.177734,-0.004883,0.109131,0.993164,0.884033,0.551147,-0.351074,0.546387,0.897461,0.097656,
FOS_HEAD_CC,models/fossil_parts/FOS_HEAD_CC.fbx,7400,1193,1,-0.331787,0.324219,0.656006,-0.003784,0.109131,0.882812,0.773682,0.495972,-0.351074,0.47583,0.826904,0.062378,
FOS_HEAD_CD,models/fossil_parts/FOS_HEAD_CD.fbx,7400,1291,1,-1.045898,1.043945,2.089844,-0.000977,0.109131,1.113281,1.00415,0.611206,-1.294922,0.473877,1.768799,-0.410522,
FOS_HEAD_CE,models/fossil_parts/FOS_HEAD_CE.fbx,7400,2057,1,-0.628418,0.628418,1.256836,0.0,-0.42627,0.932617,1.358887,0.253174,-0.625977,0.473877,1.099854,-0.07605,
FOS_HEAD_CF,models/fossil_parts/FOS_HEAD_CF.fbx,7400,1185,1,-0.506836,0.506836,1.013672,0.0,0.109131,1.540039,1.430908,0.824585,-0.567871,0.473877,1.041748,-0.046997,
FOS_HEAD_CG,models/fossil_parts/FOS_HEAD_CG.fbx,7400,1121,1,-0.67334,0.67334,1.34668,0.0,0.109131,0.938477,0.829346,0.523804,-1.021484,0.473877,1.495361,-0.273804,
FOS_HEAD_CH,models/fossil_parts/FOS_HEAD_CH.fbx,7400,2781,1,-0.72998,0.72998,1.459961,0.0,0.109131,1.963867,1.854736,1.036499,-0.532227,0.473877,1.006104,-0.029175,
FOS_HEAD_CI,models/fossil_parts/FOS_HEAD_CI.fbx,7400,1107,1,-0.59668,0.611328,1.208008,0.007324,0.109131,1.175293,1.066162,0.642212,-0.882813,0.473877,1.35669,-0.204468,
FOS_HEAD_CJ,models/fossil_parts/FOS_HEAD_CJ.fbx,7400,1449,1,-0.679687,0.679688,1.359375,0.0,0.109131,1.150391,1.04126,0.629761,-0.84082,0.473877,1.314697,-0.183472,
FOS_HEAD_CN,models/fossil_parts/FOS_HEAD_CN.fbx,7400,845,1,-0.324219,0.324219,0.648438,0.0,0.109131,0.68042,0.571289,0.394775,-0.351074,0.473877,0.824951,0.061401,
FOS_HEAD_DA,models/fossil_parts/FOS_HEAD_DA.fbx,7400,2734,1,-0.306885,0.306885,0.61377,-0.0,0.224762,0.87793,0.653168,0.551346,-0.357178,0.751953,1.109131,0.197388,
FOS_HEAD_DB,models/fossil_parts/FOS_HEAD_DB.fbx,7400,2038,1,-0.291016,0.291016,0.582031,0.0,0.224762,0.87793,0.653168,0.551346,-0.357178,0.685547,1.042725,0.164185,
FOS_HEAD_DC,models/fossil_parts/FOS_HEAD_DC.fbx,7400,3736,1,-0.33667,0.33667,0.67334,-0.0,0.06604,0.87793,0.81189,0.471985,-0.357178,0.708984,1.066162,0.175903,
FOS_HEAD_DD,models/fossil_parts/FOS_HEAD_DD.fbx,7400,3736,1,-0.427246,0.427246,0.854492,-0.0,0.224762,0.87793,0.653168,0.551346,-0.357178,0.679199,1.036377,0.161011,
FOS_HEAD_DE,models/fossil_parts/FOS_HEAD_DE.fbx,7400,1331,1,-0.291016,0.291016,0.582031,0.0,0.224762,0.973144,0.748383,0.598953,-0.357178,0.679199,1.036377,0.161011,
FOS_HEAD_DF,models/fossil_parts/FOS_HEAD_DF.fbx,7400,1518,1,-0.291016,0.291016,0.582031,0.0,0.224762,0.87793,0.653168,0.551346,-0.357178,0.679199,1.036377,0.161011,
FOS_HEAD_DG,models/fossil_parts/FOS_HEAD_DG.fbx,7400,1413,1,-0.291016,0.291016,0.582031,0.0,0.224762,0.87793,0.653168,0.551346,-0.357178,0.679199,1.036377,0.161011,
FOS_HEAD_DH,models/fossil_parts/FOS_HEAD_DH.fbx,7400,1464,1,-0.291016,0.291016,0.582031,0.0,0.224762,0.87793,0.653168,0.551346,-0.357178,0.679199,1.036377,0.161011,
FOS_HEAD_DI,models/fossil_parts/FOS_HEAD_DI.fbx,7400,1968,1,-0.291016,0.291016,0.582031,0.0,0.224762,1.137207,0.912445,0.680984,-0.396973,0.803223,1.200195,0.203125,
FOS_HEAD_DJ,models/fossil_parts/FOS_HEAD_DJ.fbx,7400,2734,1,-0.58252,0.582519,1.165039,-0.0,-0.445312,0.87793,1.323242,0.216309,-0.357178,1.516601,1.873779,0.579712,
FOS_HEAD_DN,models/fossil_parts/FOS_HEAD_DN.fbx,7400,1036,1,-0.291016,0.291016,0.582031,0.0,0.224762,0.87793,0.653168,0.551346,-0.357178,0.679199,1.036377,0.161011,
FOS_HEAD_EA,models/fossil_parts/FOS_HEAD_EA.fbx,7400,1978,1,-0.283203,0.283203,0.566406,0.0,0.207794,0.91748,0.709686,0.562637,-0.352051,0.619141,0.971191,0.133545,
FOS_HEAD_EB,models/fossil_parts/FOS_HEAD_EB.fbx,7400,1536,1,-0.497314,0.489258,0.986572,-0.004028,0.207794,0.963379,0.755585,0.585587,-0.352051,0.619141,0.971191,0.133545,
FOS_HEAD_EC,models/fossil_parts/FOS_HEAD_EC.fbx,7400,1411,1,-0.373047,0.361572,0.734619,-0.005737,0.207794,1.098145,0.89035,0.652969,-0.365967,0.619141,0.985107,0.126587,
FOS_HEAD_ED,models/fossil_parts/FOS_HEAD_ED.fbx,7400,1371,1,-0.29834,0.299316,0.597656,0.000488,0.207794,0.92334,0.715546,0.565567,-0.37915,0.619141,0.998291,0.119995,
FOS_HEAD_EE,models/fossil_parts/FOS_HEAD_EE.fbx,7400,1351,1,-0.6875,0.6875,1.375,0.0,0.207794,1.191406,0.983612,0.6996,-1.111328,0.619141,1.730469,-0.246094,
FOS_HEAD_EF,models/fossil_parts/FOS_HEAD_EF.fbx,7400,1403,1,-0.433105,0.433105,0.866211,0.0,0.207794,1.269531,1.061737,0.738663,-0.80127,0.619141,1.42041,-0.091065,
FOS_HEAD_EG,models/fossil_parts/FOS_HEAD_EG.fbx,7400,1339,1,-0.71582,0.71582,1.431641,0.0,0.207794,0.966309,0.758514,0.587051,-1.240235,0.619141,1.859375,-0.310547,
FOS_HEAD_EH,models/fossil_parts/FOS_HEAD_EH.fbx,7400,2999,1,-0.706055,0.706055,1.412109,0.0,0.207794,1.917969,1.710175,1.062881,-0.780274,0.619141,1.399414,-0.080566,
FOS_HEAD_EI,models/fossil_parts/FOS_HEAD_EI.fbx,7400,2320,1,-0.289062,0.289063,0.578125,0.0,0.207794,1.225098,1.017303,0.716446,-0.352051,0.619141,0.971191,0.133545,
FOS_HEAD_EJ,models/fossil_parts/FOS_HEAD_EJ.fbx,7400,1667,1,-0.980469,0.980469,1.960938,0.0,0.207794,1.132812,0.925018,0.670303,-0.859375,0.619141,1.478516,-0.120117,
FOS_HEAD_EN,models/fossil_parts/FOS_HEAD_EN.fbx,7400,1063,1,-0.283203,0.283203,0.566406,0.0,0.207794,0.748291,0.540497,0.478043,-0.352051,0.619141,0.971191,0.133545,
FOS_HEAD_FA,models/fossil_parts/FOS_HEAD_FA.fbx,7400,2727,1,-0.273682,0.273682,0.547363,-0.0,0.00293,1.299805,1.296875,0.651367,-0.30957,0.767578,1.077148,0.229004,
FOS_HEAD_FB,models/fossil_parts/FOS_HEAD_FB.fbx,7400,1678,1,-0.273682,0.273682,0.547363,-0.0,0.00293,1.039062,1.036133,0.520996,-0.30957,0.767578,1.077148,0.229004,
FOS_HEAD_FC,models/fossil_parts/FOS_HEAD_FC.fbx,7400,1708,1,-0.273682,0.273682,0.547363,-0.0,0.00293,1.298828,1.295898,0.650879,-0.30957,0.767578,1.077148,0.229004,
FOS_HEAD_FD,models/fossil_parts/FOS_HEAD_FD.fbx,7400,2595,1,-0.717773,0.717773,1.435547,0.0,0.00293,1.989258,1.986328,0.996094,-0.672852,0.767578,1.44043,0.047363,
FOS_HEAD_FE,models/fossil_parts/FOS_HEAD_FE.fbx,7400,999,1,-0.504394,0.504395,1.008789,0.0,0.00293,1.373047,1.370117,0.687988,-0.788574,0.767578,1.556152,-0.010498,
FOS_HEAD_FF,models/fossil_parts/FOS_HEAD_FF.fbx,7400,1263,1,-0.692871,0.692871,1.385742,0.0,0.00293,1.200195,1.197266,0.601562,-0.768555,0.767578,1.536133,-0.000488,
FOS_HEAD_FG,models/fossil_parts/FOS_HEAD_FG.fbx,7400,1064,1,-0.602539,0.602539,1.205078,0.0,0.00293,0.851562,0.848633,0.427246,-1.206055,0.767578,1.973633,-0.219238,
FOS_HEAD_FH,models/fossil_parts/FOS_HEAD_FH.fbx,7400,935,1,-0.525879,0.525879,1.051758,0.0,0.00293,0.874512,0.871582,0.438721,-0.993652,0.767578,1.761231,-0.113037,
FOS_HEAD_FI,models/fossil_parts/FOS_HEAD_FI.fbx,7400,971,1,-0.563965,0.563965,1.12793,0.0,0.00293,1.152832,1.149902,0.577881,-0.492432,0.767578,1.26001,0.137573,
FOS_HEAD_FJ,models/fossil_parts/FOS_HEAD_FJ.fbx,7400,967,1,-0.283691,0.284668,0.568359,0.000488,0.00293,0.941406,0.938477,0.472168,-0.537598,0.767578,1.305176,0.11499,
FOS_HEAD_FK,models/fossil_parts/FOS_HEAD_FK.fbx,7400,1007,1,-0.296631,0.287598,0.584229,-0.004517,0.00293,0.983398,0.980469,0.493164,-0.380615,0.767578,1.148193,0.193481,
FOS_HEAD_FL,models/fossil_parts/FOS_HEAD_FL.fbx,7400,1132,1,-0.473145,0.465332,0.938477,-0.003906,0.00293,0.79248,0.789551,0.397705,-0.47168,0.767578,1.239258,0.147949,
FOS_HEAD_FM,models/fossil_parts/FOS_HEAD_FM.fbx,7400,1574,1,-0.273682,0.273682,0.547363,-0.0,0.00293,0.914062,0.911133,0.458496,-0.30957,0.767578,1.077148,0.229004,
FOS_HEAD_FN,models/fossil_parts/FOS_HEAD_FN.fbx,7400,659,1,-0.273682,0.273682,0.547363,-0.0,0.00293,0.780273,0.777344,0.391602,-0.30957,0.767578,1.077148,0.229004,
FOS_HEAD_GA,models/fossil_parts/FOS_HEAD_GA.fbx,7400,1979,1,-0.229858,0.229858,0.459717,0.0,0.128357,0.707031,0.578674,0.417694,-0.365479,0.51123,0.876709,0.072876,
FOS_HEAD_GB,models/fossil_parts/FOS_HEAD_GB.fbx,7400,1188,1,-0.229858,0.229858,0.459717,0.0,0.139893,0.953125,0.813232,0.546509,-0.618164,0.2854,0.903564,-0.166382,
FOS_HEAD_GC,models/fossil_parts/FOS_HEAD_GC.fbx,7400,2373,1,-0.460937,0.460938,0.921875,0.0,0.139893,0.864746,0.724853,0.502319,-0.866211,0.2854,1.151611,-0.290405,
FOS_HEAD_GD,models/fossil_parts/FOS_HEAD_GD.fbx,7400,2687,1,-0.562012,0.562012,1.124023,0.0,0.139893,1.522461,1.382568,0.831177,-0.365479,0.2854,0.650879,-0.040039,
FOS_HEAD_GE,models/fossil_parts/FOS_HEAD_GE.fbx,7400,1519,1,-0.409424,0.409424,0.818848,0.0,0.139893,1.178223,1.03833,0.659058,-0.38501,0.2854,0.67041,-0.049805,
FOS_HEAD_GF,models/fossil_parts/FOS_HEAD_GF.fbx,7400,1249,1,-0.436035,0.436035,0.87207,0.0,0.139893,1.132812,0.99292,0.636353,-0.656738,0.2854,0.942139,-0.185669,
FOS_HEAD_GN,models/fossil_parts/FOS_HEAD_GN.fbx,7400,893,1,-0.229858,0.229858,0.459717,0.0,0.139893,0.707031,0.567139,0.423462,-0.365479,0.2854,0.650879,-0.040039,
FOS_HEAD_HA,models/fossil_parts/FOS_HEAD_HA.fbx,7400,2555,1,-0.268799,0.268066,0.536865,-0.000366,0.021118,0.758789,0.737671,0.389954,-0.29834,0.705078,1.003418,0.203369,
FOS_HEAD_HB,models/fossil_parts/FOS_HEAD_HB.fbx,7400,2504,1,-0.268799,0.268066,0.536865,-0.000366,0.021118,0.715088,0.69397,0.368103,-0.29834,0.757812,1.056152,0.229736,
FOS_HEAD_HC,models/fossil_parts/FOS_HEAD_HC.fbx,7400,2609,1,-0.268799,0.268066,0.536865,-0.000366,0.021118,0.674072,0.652954,0.347595,-0.29834,0.705078,1.003418,0.203369,
FOS_HEAD_HD,models/fossil_parts/FOS_HEAD_HD.fbx,7400,4827,1,-0.308594,0.308594,0.617188,-0.0,0.021118,0.746094,0.724976,0.383606,-0.29834,0.705078,1.003418,0.203369,
FOS_HEAD_HE,models/fossil_parts/FOS_HEAD_HE.fbx,7400,4827,1,-0.268799,0.268066,0.536865,-0.000366,0.021118,0.674072,0.652954,0.347595,-0.29834,0.771484,1.069824,0.236572,
FOS_HEAD_HF,models/fossil_parts/FOS_HEAD_HF.fbx,7400,3129,1,-0.268799,0.268066,0.536865,-0.000366,0.021118,0.674072,0.652954,0.347595,-0.29834,0.705078,1.003418,0.203369,
FOS_HEAD_HG,models/fossil_parts/FOS_HEAD_HG.fbx,7400,3825,1,-0.268799,0.268066,0.536865,-0.000366,0.021118,0.729736,0.708618,0.375427,-0.29834,0.705078,1.003418,0.203369,
FOS_HEAD_HN,models/fossil_parts/FOS_HEAD_HN.fbx,7400,2127,1,-0.268799,0.268066,0.536865,-0.000366,0.021118,0.674072,0.652954,0.347595,-0.29834,0.705078,1.003418,0.203369,
FOS_HEAD_IA,models/fossil_parts/FOS_HEAD_IA.fbx,7400,2608,1,-0.446777,0.446777,0.893555,0.0,0.035156,0.779785,0.744629,0.407471,-1.164063,0.743652,1.907715,-0.210205,
FOS_HEAD_IB,models/fossil_parts/FOS_HEAD_IB.fbx,7400,1325,1,-0.19458,0.19458,0.38916,0.0,0.116943,0.636475,0.519531,0.376709,-0.183594,0.67041,0.854004,0.243408,
FOS_HEAD_IC,models/fossil_parts/FOS_HEAD_IC.fbx,7400,1259,1,-0.19458,0.19458,0.38916,0.0,0.116943,0.636475,0.519531,0.376709,-0.183594,0.707031,0.890625,0.261719,
FOS_HEAD_ID,models/fossil_parts/FOS_HEAD_ID.fbx,7400,1969,1,-0.19812,0.198853,0.396973,0.000366,0.116943,0.636475,0.519531,0.376709,-0.183594,0.854492,1.038086,0.335449,
FOS_HEAD_IE,models/fossil_parts/FOS_HEAD_IE.fbx,7400,1967,1,-0.227905,0.22876,0.456665,0.000427,0.116943,0.640137,0.523193,0.37854,-0.183594,0.591797,0.775391,0.204102,
FOS_HEAD_IF,models/fossil_parts/FOS_HEAD_IF.fbx,7400,3407,1,-0.532227,0.532227,1.064453,0.0,0.116943,0.638428,0.521484,0.377686,-0.183594,0.499023,0.682617,0.157715,
FOS_HEAD_IG,models/fossil_parts/FOS_HEAD_IG.fbx,7400,1608,1,-0.19458,0.19458,0.38916,0.0,-0.006836,0.631348,0.638184,0.312256,-0.183594,0.906738,1.090332,0.361572,
FOS_HEAD_IN,models/fossil_parts/FOS_HEAD_IN.fbx,7400,329,1,-0.19458,0.19458,0.38916,0.0,0.116943,0.627197,0.510254,0.37207,-0.183594,0.304688,0.488281,0.060547,
FOS_HEAD_JA,models/fossil_parts/FOS_HEAD_JA.fbx,7400,11249,1,-0.341309,0.331055,0.672363,-0.005127,0.221695,1.020508,0.798813,0.621101,-0.330078,0.964844,1.294922,0.317383,
FOS_HEAD_JB,models/fossil_parts/FOS_HEAD_JB.fbx,7400,11729,1,-0.324219,0.324219,0.648438,0.0,0.099243,0.913574,0.814331,0.506409,-0.330078,0.693848,1.023926,0.181885,
FOS_HEAD_JC,models/fossil_parts/FOS_HEAD_JC.fbx,7400,10694,1,-0.324219,0.324219,0.648438,0.0,0.221695,0.760254,0.538559,0.490974,-0.330078,0.96875,1.298828,0.319336,
FOS_HEAD_JD,models/fossil_parts/FOS_HEAD_JD.fbx,7400,11312,1,-0.324219,0.324219,0.648438,0.0,0.221695,0.971191,0.749496,0.596443,-0.330078,1.370117,1.700195,0.52002,
FOS_HEAD_JE,models/fossil_parts/FOS_HEAD_JE.fbx,7400,10317,1,-0.324219,0.324219,0.648438,0.0,0.221695,0.709717,0.488022,0.465706,-0.330078,1.460938,1.791016,0.56543,
FOS_HEAD_JF,models/fossil_parts/FOS_HEAD_JF.fbx,7400,10799,1,-0.324219,0.324219,0.648438,0.0,0.221695,0.709717,0.488022,0.465706,-0.330078,0.964844,1.294922,0.317383,
FOS_HEAD_JG,models/fossil_parts/FOS_HEAD_JG.fbx,7400,13017,1,-0.486572,0.486572,0.973145,-0.0,0.221695,0.877441,0.655746,0.549568,-0.330078,0.964844,1.294922,0.317383,
FOS_HEAD_JH,models/fossil_parts/FOS_HEAD_JH.fbx,7400,13017,1,-0.383545,0.383545,0.76709,-0.0,0.059814,0.709717,0.649902,0.384766,-0.330078,0.964844,1.294922,0.317383,
FOS_HEAD_JI,models/fossil_parts/FOS_HEAD_JI.fbx,7400,11319,1,-0.324219,0.324219,0.648438,0.0,0.221695,0.709717,0.488022,0.465706,-0.330078,0.964844,1.294922,0.317383,
FOS_HEAD_JJ,models/fossil_parts/FOS_HEAD_JJ.fbx,7400,11250,1,-0.324219,0.324219,0.648438,0.0,0.099243,0.709717,0.610474,0.40448,-0.330078,0.693848,1.023926,0.181885,
FOS_HEAD_JN,models/fossil_parts/FOS_HEAD_JN.fbx,7400,10317,1,-0.324219,0.324219,0.648438,0.0,0.221695,0.709717,0.488022,0.465706,-0.330078,0.964844,1.294922,0.317383,
FOS_HEAD_KA,models/fossil_parts/FOS_HEAD_KA.fbx,7400,1218,1,-0.316406,0.316406,0.632812,0.0,-0.024414,0.73877,0.763184,0.357178,-0.273193,0.60498,0.878174,0.165894,
FOS_HEAD_KB,models/fossil_parts/FOS_HEAD_KB.fbx,7400,988,1,-0.316406,0.316406,0.632812,0.0,-0.024414,0.73877,0.763184,0.357178,-0.273193,0.598145,0.871338,0.162476,
FOS_HEAD_KC,models/fossil_parts/FOS_HEAD_KC.fbx,7400,1930,1,-0.316406,0.316406,0.632812,0.0,-0.024414,1.124512,1.148926,0.550049,-0.273193,0.730957,1.00415,0.228882,
FOS_HEAD_KD,models/fossil_parts/FOS_HEAD_KD.fbx,7400,842,1,-0.316406,0.316406,0.632812,0.0,-0.024414,1.289062,1.313477,0.632324,-0.273193,0.665527,0.938721,0.196167,
FOS_HEAD_KE,models/fossil_parts/FOS_HEAD_KE.fbx,7400,742,1,-0.362305,0.362305,0.724609,0.0,-0.024414,1.109375,1.133789,0.54248,-0.273193,0.586426,0.859619,0.156616,
FOS_HEAD_KF,models/fossil_parts/FOS_HEAD_KF.fbx,7400,1142,1,-0.532715,0.532715,1.06543,0.0,-0.024414,0.936523,0.960937,0.456055,-0.273193,0.586426,0.859619,0.156616,
FOS_HEAD_KG,models/fossil_parts/FOS_HEAD_KG.fbx,7400,878,1,-0.316406,0.316406,0.632812,0.0,-0.024414,0.917969,0.942383,0.446777,-0.273193,0.586426,0.859619,0.156616,
FOS_HEAD_KH,models/fossil_parts/FOS_HEAD_KH.fbx,7400,776,1,-0.316406,0.316406,0.632812,0.0,-0.024414,0.830078,0.854492,0.402832,-0.273193,0.586426,0.859619,0.156616,
FOS_HEAD_KI,models/fossil_parts/FOS_HEAD_KI.fbx,7400,796,1,-0.445801,0.445801,0.891602,0.0,-0.024414,1.064942,1.089356,0.520264,-0.455322,0.586426,1.041748,0.065552,
FOS_HEAD_KJ,models/fossil_parts/FOS_HEAD_KJ.fbx,7400,668,1,-0.316406,0.316406,0.632812,0.0,-0.024414,0.771973,0.796387,0.373779,-0.273193,0.586426,0.859619,0.156616,
FOS_HEAD_KK,models/fossil_parts/FOS_HEAD_KK.fbx,7400,657,1,-0.316406,0.316406,0.632812,0.0,-0.024414,0.73877,0.763184,0.357178,-0.273193,0.586426,0.859619,0.156616,
FOS_HEAD_KL,models/fossil_parts/FOS_HEAD_KL.fbx,7400,1315,1,-0.45752,0.45752,0.915039,0.0,-0.024414,1.072754,1.097168,0.52417,-0.359131,0.586426,0.945557,0.113647,
FOS_HEAD_KN,models/fossil_parts/FOS_HEAD_KN.fbx,7400,538,1,-0.316406,0.316406,0.632812,0.0,-0.024414,0.73877,0.763184,0.357178,-0.273193,0.586426,0.859619,0.156616,
FOS_LIMBS_A,models/fossil_parts/FOS_LIMBS_A.fbx,7400,365,1,-0.286377,0.337402,0.623779,0.025513,1.138672,2.077881,0.939209,1.608276,-0.106201,0.634277,0.740478,0.264038,
FOS_LIMBS_B,models/fossil_parts/FOS_LIMBS_B.fbx,7400,363,1,-0.235718,0.546875,0.782593,0.155579,-0.06836,2.35083,2.419189,1.141235,-0.573731,0.611328,1.185059,0.018799,
FOS_LIMBS_C,models/fossil_parts/FOS_LIMBS_C.fbx,7400,490,1,-0.235718,0.566406,0.802124,0.165344,0.333008,2.35083,2.017822,1.341919,-0.573731,0.465576,1.039307,-0.054077,
FOS_LIMBS_D,models/fossil_parts/FOS_LIMBS_D.fbx,7400,364,1,-0.235718,0.706055,0.941772,0.235168,-0.070313,2.35083,2.421143,1.140259,-0.573731,0.643554,1.217285,0.034912,
FOS_LIMBS_E,models/fossil_parts/FOS_LIMBS_E.fbx,7400,437,1,-0.235718,0.794922,1.03064,0.279602,-0.066407,2.35083,2.417236,1.142212,-0.573731,1.032226,1.605957,0.229248,
FOS_LIMBS_F,models/fossil_parts/FOS_LIMBS_F.fbx,7400,519,1,-0.235718,0.532227,0.767944,0.148254,-0.035156,2.35083,2.385986,1.157837,-0.573731,0.468017,1.041748,-0.052857,
FOS_LIMBS_G,models/fossil_parts/FOS_LIMBS_G.fbx,7400,558,1,-0.235718,0.560547,0.796265,0.162415,-0.080078,2.35083,2.430908,1.135376,-0.573731,0.709961,1.283691,0.068115,
FOS_LIMBS_H,models/fossil_parts/FOS_LIMBS_H.fbx,7400,390,1,-0.235718,0.698242,0.93396,0.231262,0.064453,2.35083,2.286377,1.207641,-1.354492,0.386963,1.741455,-0.483765,
FOS_LIMBS_I,models/fossil_parts/FOS_LIMBS_I.fbx,7400,449,1,-0.286377,1.011719,1.298096,0.362671,-0.074219,2.077881,2.1521,1.001831,-1.198242,0.305908,1.50415,-0.446167,
FOS_LIMBS_J,models/fossil_parts/FOS_LIMBS_J.fbx,7400,276,1,-0.286377,0.58252,0.868896,0.148071,0.217773,2.672851,2.455078,1.445312,-1.169922,0.462646,1.632568,-0.353638,
ABAND_BARREL,models/freighter/ABAND_BARREL.fbx,7400,184,1,-0.5,0.5,1.0,0.0,0.0,1.766413,1.766413,0.883206,-0.475529,0.475528,0.951057,-0.0,
ABAND_BENCH,models/freighter/ABAND_BENCH.fbx,7400,78,1,-1.072464,1.06753,2.139994,-0.002467,0.0,0.82497,0.82497,0.412485,-0.347043,0.344624,0.691667,-0.001209,
ABAND_CASE,models/freighter/ABAND_CASE.fbx,7400,120,1,-0.479623,0.465573,0.945196,-0.007025,0.005497,0.261065,0.255568,0.133281,-0.280765,0.343727,0.624492,0.031481,
ABAND_CRATE_L,models/freighter/ABAND_CRATE_L.fbx,7400,556,1,-0.789211,0.789211,1.578422,0.0,0.000187,1.267248,1.267061,0.633718,-0.659651,0.659651,1.319302,0.0,
ABAND_CRATE_M,models/freighter/ABAND_CRATE_M.fbx,7400,128,1,-0.620238,0.620238,1.240476,0.0,0.001862,0.892886,0.891024,0.447374,-0.562551,0.562551,1.125102,0.0,
ABAND_CRATE_XL,models/freighter/ABAND_CRATE_XL.fbx,7400,240,1,-1.373524,1.374467,2.747991,0.000472,-0.011858,2.165249,2.177107,1.076696,-0.751266,0.754832,1.506098,0.001783,
ABAND_SHELF,models/freighter/ABAND_SHELF.fbx,7400,434,1,-0.36259,1.056444,1.419034,0.346927,0.0,2.884865,2.884865,1.442433,-2.451034,2.505237,4.956271,0.027102,
AIRLCKCONNECTOR,models/freighter/AIRLCKCONNECTOR.fbx,7400,560,1,-1.535526,1.535526,3.071052,0.0,-0.031258,3.280942,3.3122,1.624842,-0.057363,0.884009,0.941372,0.413323,
BRIDGECONNECTOR,models/freighter/BRIDGECONNECTOR.fbx,7400,560,1,-1.535526,1.535526,3.071052,0.0,-0.031258,3.280942,3.3122,1.624842,-0.057363,0.884009,0.941372,0.413323,
CORRIDORL_SPACE,models/freighter/CORRIDORL_SPACE.fbx,7400,146,1,-5.242561,2.0,7.242561,-1.62128,-0.04627,3.307703,3.353973,1.630717,-4.0,3.242561,7.242561,-0.378719,
CORRIDORT_SPACE,models/freighter/CORRIDORT_SPACE.fbx,7400,228,1,-4.0,4.0,8.0,0.0,-0.04627,3.307703,3.353973,1.630717,-0.001807,7.197052,7.198859,3.597623,
CORRIDORX_SPACE,models/freighter/CORRIDORX_SPACE.fbx,7400,282,1,-4.0,4.0,8.0,0.0,-0.04627,3.307703,3.353973,1.630717,-4.001807,4.001807,8.003614,0.0,
CORRIDOR_S,models/freighter/CORRIDOR_S.fbx,7400,168,1,-3.441406,3.441406,6.882812,0.0,-1.999143,5.950077,7.94922,1.975467,-4.0,4.0,8.0,0.0,
CORRIDOR_SPACE,models/freighter/CORRIDOR_SPACE.fbx,7400,134,1,-4.100533,4.178,8.278533,0.038733,-0.04627,3.307703,3.353973,1.630717,-3.242561,3.242561,6.485122,0.0,
CORRIDOR_WINDOW,models/freighter/CORRIDOR_WINDOW.fbx,7400,168,1,-3.441406,3.441406,6.882812,0.0,-1.999143,5.950077,7.94922,1.975467,-4.0,4.0,8.0,0.0,
CORSTAIRS_SPACE,models/freighter/CORSTAIRS_SPACE.fbx,7400,288,1,-4.0,4.0,8.0,0.0,-0.04627,7.300746,7.347016,3.627238,-3.242561,3.242561,6.485122,0.0,
CUBEROOMB_SPACE,models/freighter/CUBEROOMB_SPACE.fbx,7400,24,1,-4.099896,4.099896,8.199792,0.0,0.0,4.0,4.0,2.0,-4.099896,4.099896,8.199792,0.0,
CUBEROOMC_SPACE,models/freighter/CUBEROOMC_SPACE.fbx,7400,24,1,-4.099896,4.099896,8.199792,0.0,0.0,4.0,4.0,2.0,-4.099896,4.099896,8.199792,0.0,
CUBEROOM_SPACE,models/freighter/CUBEROOM_SPACE.fbx,7400,24,1,-4.099896,4.099896,8.199792,0.0,0.0,4.0,4.0,2.0,-4.099896,4.099896,8.199792,0.0,
CUBEWALL_SPACE,models/freighter/CUBEWALL_SPACE.fbx,,,,,,,,,,,,,,,,no_vertices_or_parse_failed
FOORLIGHT,models/freighter/FOORLIGHT.fbx,7400,990,1,-0.48961,0.48961,0.97922,0.0,-0.001095,1.258341,1.259436,0.628623,-0.53108,0.519324,1.050404,-0.005878,
FOOTLOCKER,models/freighter/FOOTLOCKER.fbx,7400,98,1,-0.777055,0.777055,1.55411,0.0,0.0,0.892886,0.892886,0.446443,-0.5,0.5,1.0,0.0,
FREIGHTER_CORE,models/freighter/FREIGHTER_CORE.fbx,7400,88,1,-4.099895,4.099895,8.19979,0.0,0.0,5.439174,5.439174,2.719587,-4.099896,4.099895,8.199791,-0.0,
FRE_CORR_A,models/freighter/FRE_CORR_A.fbx,7400,2662,1,-4.015625,4.015625,8.03125,0.0,-1.0,3.771485,4.771485,1.385743,-4.019099,4.015625,8.034724,-0.001737,
FRE_CORR_A_GLAS,models/freighter/FRE_CORR_A_GLAS.fbx,7400,2662,1,-4.015625,4.015625,8.03125,0.0,-1.0,3.771485,4.771485,1.385743,-4.019099,4.015625,8.034724,-0.001737,
FRE_CORR_A_L,models/freighter/FRE_CORR_A_L.fbx,7400,2992,1,-2.744141,4.019531,6.763672,0.637695,-1.007813,3.771485,4.779298,1.381836,-2.744141,4.019531,6.763672,0.637695,
FRE_CORR_A_STR,models/freighter/FRE_CORR_A_STR.fbx,7400,2849,1,-2.744141,2.744141,5.488282,0.0,-1.0,3.771485,4.771485,1.385743,-4.019531,4.019531,8.039062,0.0,
FRE_CORR_A_T,models/freighter/FRE_CORR_A_T.fbx,7400,3963,1,-4.015625,4.015625,8.03125,0.0,-1.0,3.771485,4.771485,1.385743,-2.744141,4.015625,6.759766,0.635742,
FRE_CORR_GLA_L,models/freighter/FRE_CORR_GLA_L.fbx,7400,2004,1,-2.792969,4.066406,6.859375,0.636718,-1.007813,3.773438,4.781251,1.382812,-2.814453,4.015625,6.830078,0.600586,
FRE_CORR_GLA_ST,models/freighter/FRE_CORR_GLA_ST.fbx,7400,6167,1,-2.804688,2.804688,5.609376,0.0,-1.0,3.771485,4.771485,1.385743,-4.019531,4.019531,8.039062,0.0,
FRE_CORR_GLA_T,models/freighter/FRE_CORR_GLA_T.fbx,7400,2624,1,-4.058594,4.058594,8.117188,0.0,-1.0,3.773438,4.773438,1.386719,-2.792969,4.027344,6.820313,0.617188,
FRE_CORR_G_STA,models/freighter/FRE_CORR_G_STA.fbx,7400,13743,1,-3.515625,3.515625,7.03125,0.0,-2.002602,13.999998,16.0026,5.998698,-12.015627,4.019531,16.035158,-3.998048,
FRE_CORR_STA,models/freighter/FRE_CORR_STA.fbx,7400,7229,1,-3.515625,3.515625,7.03125,0.0,-2.007812,13.999998,16.00781,5.996093,-12.015627,4.015625,16.031252,-4.000001,
FRE_EXT_PLATFOR,models/freighter/FRE_EXT_PLATFOR.fbx,7400,870,1,-4.011719,4.011719,8.023438,0.0,-0.979004,0.987793,1.966797,0.004395,-2.0,4.007812,6.007812,1.003906,
FRE_EXT_WALKWAY,models/freighter/FRE_EXT_WALKWAY.fbx,7400,2653,1,-4.0,4.0,8.0,0.0,-0.424564,0.986814,1.411379,0.281125,-4.0,4.0,8.0,0.0,
FRE_EXT_W_STA,models/freighter/FRE_EXT_W_STA.fbx,7400,7208,1,-2.003906,2.001953,4.005859,-0.000977,-0.996581,8.976561,9.973142,3.98999,-12.023438,4.011719,16.035158,-4.00586,
FRE_FACE_DOOR_A,models/freighter/FRE_FACE_DOOR_A.fbx,7400,12120,1,-1.694336,1.694336,3.388672,0.0,-0.044922,3.306328,3.35125,1.630703,-0.22597,0.224225,0.450195,-0.000873,
FRE_FACE_WALL,models/freighter/FRE_FACE_WALL.fbx,,,,,,,,,,,,,,,,no_vertices_or_parse_failed
FRE_FACE_WINDOW,models/freighter/FRE_FACE_WINDOW.fbx,7400,296,1,-4.0,4.0,8.0,0.0,-1.861328,5.949219,7.810547,2.043945,1.89978,3.124024,1.224244,2.511902,
FRE_ROOM_BIO,models/freighter/FRE_ROOM_BIO.fbx,7400,2879,1,-4.15625,4.15625,8.3125,0.0,-0.202881,5.796876,5.999757,2.796997,-4.156251,4.156249,8.3125,-1e-06,
FRE_ROOM_COOK,models/freighter/FRE_ROOM_COOK.fbx,7400,3683,1,-4.15625,4.15625,8.3125,0.0,-0.202881,5.796876,5.999757,2.796997,-4.156251,4.156249,8.3125,-1e-06,
FRE_ROOM_DRESS,models/freighter/FRE_ROOM_DRESS.fbx,7400,9053,1,-4.007812,4.007812,8.015624,0.0,-0.979005,5.808594,6.787599,2.414795,-4.062501,4.062499,8.125,-1e-06,
FRE_ROOM_EXTR,models/freighter/FRE_ROOM_EXTR.fbx,7400,6286,1,-2.162109,2.162109,4.324218,0.0,-0.649903,5.085938,5.735841,2.218017,-2.160157,2.160155,4.320312,-1e-06,
FRE_ROOM_FLEET,models/freighter/FRE_ROOM_FLEET.fbx,7400,9053,1,-4.007812,4.007812,8.015624,0.0,-0.979005,5.808594,6.787599,2.414795,-4.062501,4.062499,8.125,-1e-06,
FRE_ROOM_IND,models/freighter/FRE_ROOM_IND.fbx,7400,4321,1,-4.15625,4.15625,8.3125,0.0,-1.656251,5.730469,7.38672,2.037109,-4.156251,4.15625,8.312501,-0.0,
FRE_ROOM_IND1,models/freighter/FRE_ROOM_IND1.fbx,,,,,,,,,,,,,,,,no_vertices_or_parse_failed
FRE_ROOM_LADDER,models/freighter/FRE_ROOM_LADDER.fbx,7400,36736,1,-1.383789,1.383789,2.767578,0.0,-0.0,8.015625,8.015625,4.007812,-1.383791,1.383788,2.767579,-1e-06,
FRE_ROOM_NPCBUI,models/freighter/FRE_ROOM_NPCBUI.fbx,7400,5165,1,-1.191928,2.619938,3.811866,0.714005,-0.037689,3.40625,3.443939,1.68428,-1.475625,2.211567,3.687192,0.367971,
FRE_ROOM_NPCFAR,models/freighter/FRE_ROOM_NPCFAR.fbx,7400,3080,1,-4.15625,4.15625,8.3125,0.0,-1.0,5.796876,6.796876,2.398438,-4.156251,4.156249,8.3125,-1e-06,
FRE_ROOM_NPCSCI,models/freighter/FRE_ROOM_NPCSCI.fbx,7400,9182,1,-4.007812,4.007812,8.015624,0.0,-0.979005,5.808594,6.787599,2.414795,-4.062501,4.062499,8.125,-1e-06,
FRE_ROOM_NPCVEH,models/freighter/FRE_ROOM_NPCVEH.fbx,7400,16389,1,-4.15625,4.15625,8.3125,0.0,-1.703125,5.738282,7.441407,2.017579,-4.156251,4.156249,8.3125,-1e-06,
FRE_ROOM_NPCWEA,models/freighter/FRE_ROOM_NPCWEA.fbx,7400,2557,1,-2.1875,2.183594,4.371094,-0.001953,-0.551758,4.667969,5.219727,2.058106,-2.189454,2.18164,4.371094,-0.003907,
FRE_ROOM_PLANT0,models/freighter/FRE_ROOM_PLANT0.fbx,7400,3080,1,-4.15625,4.15625,8.3125,0.0,-1.0,5.796876,6.796876,2.398438,-4.156251,4.156249,8.3125,-1e-06,
FRE_ROOM_PLANT1,models/freighter/FRE_ROOM_PLANT1.fbx,7400,3792,1,-4.15625,4.15625,8.3125,0.0,-0.924317,5.796876,6.721193,2.436279,-4.156251,4.156249,8.3125,-1e-06,
FRE_ROOM_REFINE,models/freighter/FRE_ROOM_REFINE.fbx,7400,90964,1,-4.15625,4.15625,8.3125,0.0,-1.656251,5.730469,7.38672,2.037109,-4.156251,4.15625,8.312501,-0.0,
FRE_ROOM_ROCLOC,models/freighter/FRE_ROOM_ROCLOC.fbx,7400,5005,1,-1.09082,1.09082,2.18164,0.0,-0.0,1.200195,1.200195,0.600097,-1.09082,1.09082,2.18164,0.0,
FRE_ROOM_SCAN,models/freighter/FRE_ROOM_SCAN.fbx,7400,24383,1,-2.061673,2.061671,4.123344,-1e-06,0.006092,2.304354,2.298262,1.155223,-2.05837,2.058371,4.116741,0.0,
FRE_ROOM_SHOP,models/freighter/FRE_ROOM_SHOP.fbx,7400,13594,1,-4.007812,4.007812,8.015624,0.0,-0.979005,5.808594,6.787599,2.414795,-4.062501,4.062499,8.125,-1e-06,
FRE_ROOM_STORE0,models/freighter/FRE_ROOM_STORE0.fbx,7400,305,1,-1.15625,1.15625,2.3125,0.0,-0.000173,4.018031,4.018204,2.008929,-1.15625,1.15625,2.3125,0.0,
FRE_ROOM_STORE1,models/freighter/FRE_ROOM_STORE1.fbx,7400,305,1,-1.15625,1.15625,2.3125,0.0,-0.000173,4.018031,4.018204,2.008929,-1.15625,1.15625,2.3125,0.0,
FRE_ROOM_STORE2,models/freighter/FRE_ROOM_STORE2.fbx,7400,305,1,-1.15625,1.15625,2.3125,0.0,-0.000173,4.018031,4.018204,2.008929,-1.15625,1.15625,2.3125,0.0,
FRE_ROOM_STORE3,models/freighter/FRE_ROOM_STORE3.fbx,7400,305,1,-1.15625,1.15625,2.3125,0.0,-0.000173,4.018031,4.018204,2.008929,-1.15625,1.15625,2.3125,0.0,
FRE_ROOM_STORE4,models/freighter/FRE_ROOM_STORE4.fbx,7400,305,1,-1.15625,1.15625,2.3125,0.0,-0.000173,4.018031,4.018204,2.008929,-1.15625,1.15625,2.3125,0.0,
FRE_ROOM_STORE5,models/freighter/FRE_ROOM_STORE5.fbx,7400,305,1,-1.15625,1.15625,2.3125,0.0,-0.000173,4.018031,4.018204,2.008929,-1.15625,1.15625,2.3125,0.0,
FRE_ROOM_STORE6,models/freighter/FRE_ROOM_STORE6.fbx,7400,305,1,-1.15625,1.15625,2.3125,0.0,-0.000173,4.018031,4.018204,2.008929,-1.15625,1.15625,2.3125,0.0,
FRE_ROOM_STORE7,models/freighter/FRE_ROOM_STORE7.fbx,7400,305,1,-1.15625,1.15625,2.3125,0.0,-0.000173,4.018031,4.018204,2.008929,-1.15625,1.15625,2.3125,0.0,
FRE_ROOM_STORE8,models/freighter/FRE_ROOM_STORE8.fbx,7400,305,1,-1.15625,1.15625,2.3125,0.0,-0.000173,4.018031,4.018204,2.008929,-1.15625,1.15625,2.3125,0.0,
FRE_ROOM_STORE9,models/freighter/FRE_ROOM_STORE9.fbx,7400,305,1,-1.15625,1.15625,2.3125,0.0,-0.000173,4.018031,4.018204,2.008929,-1.15625,1.15625,2.3125,0.0,
FRE_ROOM_TECH,models/freighter/FRE_ROOM_TECH.fbx,7400,9182,1,-4.007812,4.007812,8.015624,0.0,-0.979005,5.808594,6.787599,2.414795,-4.062501,4.062499,8.125,-1e-06,
FRE_ROOM_TELEPO,models/freighter/FRE_ROOM_TELEPO.fbx,7400,684,1,-0.816108,-0.429927,0.386181,-0.623017,0.026593,0.314923,0.28833,0.170758,0.429847,0.816028,0.386181,0.622938,
FRE_ROOM_VEHICL,models/freighter/FRE_ROOM_VEHICL.fbx,7400,5557,1,-4.15625,4.15625,8.3125,0.0,-1.656251,5.96875,7.625001,2.15625,-4.156251,4.156249,8.3125,-1e-06,
GARAGE_FREIGHT,models/freighter/GARAGE_FREIGHT.fbx,7400,161,1,-4.099896,4.099896,8.199792,0.0,-0.01685,4.0,4.01685,1.991575,-4.099896,4.099896,8.199792,0.0,
HEATER,models/freighter/HEATER.fbx,7400,278,1,-0.289519,0.289519,0.579038,0.0,0.0,1.50479,1.50479,0.752395,-0.232013,0.232013,0.464026,0.0,
LOCKER2,models/freighter/LOCKER2.fbx,7400,128,1,-0.475377,0.475094,0.950471,-0.000142,-9.8e-05,2.996403,2.996501,1.498152,-0.485697,0.479152,0.964849,-0.003273,
MEDTUBE,models/freighter/MEDTUBE.fbx,7400,142,1,-0.362817,0.362817,0.725634,0.0,0.0,1.505555,1.505555,0.752778,-0.392586,0.362406,0.754992,-0.01509,
NPCFRIGTERM,models/freighter/NPCFRIGTERM.fbx,7400,553,1,-4.099896,4.099896,8.199792,0.0,0.0,3.850015,3.850015,1.925007,-4.099897,2.099896,6.199793,-1.0,
PALLET,models/freighter/PALLET.fbx,7400,243,1,-0.99613,0.99613,1.99226,0.0,0.0,0.176311,0.176311,0.088156,-0.729579,0.729579,1.459158,0.0,
PLANTTUBE,models/freighter/PLANTTUBE.fbx,7400,513,1,-0.263266,0.263266,0.526532,0.0,-0.001494,0.767092,0.768586,0.382799,-0.263266,0.263266,0.526532,0.0,
S_CONTAINER0,models/freighter/S_CONTAINER0.fbx,7400,3185,1,-4.099896,4.115128,8.215024,0.007616,-0.01685,4.0,4.01685,1.991575,-4.099896,4.099896,8.199792,0.0,
S_CONTAINER1,models/freighter/S_CONTAINER1.fbx,7400,3185,1,-4.099896,4.115128,8.215024,0.007616,-0.01685,4.0,4.01685,1.991575,-4.099896,4.099896,8.199792,0.0,
S_CONTAINER2,models/freighter/S_CONTAINER2.fbx,7400,3185,1,-4.099896,4.115128,8.215024,0.007616,-0.01685,4.0,4.01685,1.991575,-4.099896,4.099896,8.199792,0.0,
S_CONTAINER3,models/freighter/S_CONTAINER3.fbx,7400,3185,1,-4.099896,4.115128,8.215024,0.007616,-0.01685,4.0,4.01685,1.991575,-4.099896,4.099896,8.199792,0.0,
S_CONTAINER4,models/freighter/S_CONTAINER4.fbx,7400,3185,1,-4.099896,4.115128,8.215024,0.007616,-0.01685,4.0,4.01685,1.991575,-4.099896,4.099896,8.199792,0.0,
S_CONTAINER5,models/freighter/S_CONTAINER5.fbx,7400,3185,1,-4.099896,4.115128,8.215024,0.007616,-0.01685,4.0,4.01685,1.991575,-4.099896,4.099896,8.199792,0.0,
S_CONTAINER6,models/freighter/S_CONTAINER6.fbx,7400,3185,1,-4.099896,4.115128,8.215024,0.007616,-0.01685,4.0,4.01685,1.991575,-4.099896,4.099896,8.199792,0.0,
S_CONTAINER7,models/freighter/S_CONTAINER7.fbx,7400,3185,1,-4.099896,4.115128,8.215024,0.007616,-0.01685,4.0,4.01685,1.991575,-4.099896,4.099896,8.199792,0.0,
S_CONTAINER8,models/freighter/S_CONTAINER8.fbx,7400,3185,1,-4.099896,4.115128,8.215024,0.007616,-0.01685,4.0,4.01685,1.991575,-4.099896,4.099896,8.199792,0.0,
S_CONTAINER9,models/freighter/S_CONTAINER9.fbx,7400,3185,1,-4.099896,4.115128,8.215024,0.007616,-0.01685,4.0,4.01685,1.991575,-4.099896,4.099896,8.199792,0.0,
TELEPORTER_F,models/freighter/TELEPORTER_F.fbx,7400,4389,1,-2.060547,2.060547,4.121094,0.0,-0.269287,3.648438,3.917725,1.689575,-1.767578,1.024414,2.791992,-0.371582,
TURRET_ABAND,models/freighter/TURRET_ABAND.fbx,7400,1082,1,-0.55229,0.55229,1.10458,0.0,0.0,0.931386,0.931386,0.465693,-0.638945,0.791979,1.430924,0.076517,
BLDWALLUNIT,models/furnishings/BLDWALLUNIT.fbx,7400,232,1,-0.615723,0.629883,1.245606,0.00708,-0.034693,0.367802,0.402495,0.166554,-0.408678,0.418471,0.827149,0.004897,
BLD_DATASIGN,models/furnishings/BLD_DATASIGN.fbx,7400,4751,1,-0.478506,0.453315,0.931821,-0.012596,-0.074463,5.179688,5.254151,2.552612,-1.212451,1.21245,2.424901,-0.0,
BLD_FIREPIT,models/furnishings/BLD_FIREPIT.fbx,7400,148,1,-0.382812,0.382812,0.765624,0.0,0.007221,1.141011,1.13379,0.574116,-0.331543,0.331543,0.663086,0.0,
BLD_HOLOGEK,models/furnishings/BLD_HOLOGEK.fbx,7400,2209,1,-0.206783,0.211919,0.418701,0.002568,-0.001401,0.422238,0.423639,0.210418,-0.211864,0.209889,0.421753,-0.000988,
BLD_MAPTUBE,models/furnishings/BLD_MAPTUBE.fbx,7400,1414,1,-0.308423,0.305548,0.613971,-0.001438,-0.001651,1.587217,1.588868,0.792783,-0.404465,0.380504,0.784969,-0.01198,
BLD_MINI_BIOFRI,models/furnishings/BLD_MINI_BIOFRI.fbx,7400,688,1,-0.328369,0.328369,0.656738,0.0,0.015526,0.488182,0.472656,0.251854,-0.328369,0.328369,0.656738,0.0,
BOXEDSCREEN,models/furnishings/BOXEDSCREEN.fbx,7400,90,1,-0.403984,0.403984,0.807968,0.0,-0.004199,0.70035,0.704549,0.348075,-0.406627,0.341168,0.747795,-0.03273,
BUILDAMCRATE,models/furnishings/BUILDAMCRATE.fbx,7400,328,1,-0.585166,0.585166,1.170332,0.0,0.0,0.774022,0.774022,0.387011,-0.688928,0.701545,1.390473,0.006308,
BUILDBED,models/furnishings/BUILDBED.fbx,7400,344,1,-0.662545,0.662545,1.32509,0.0,0.0,1.134197,1.134197,0.567098,-1.700568,1.660156,3.360724,-0.020206,
BUILDCANRACK,models/furnishings/BUILDCANRACK.fbx,7400,510,1,-0.928961,0.928961,1.857922,0.0,0.0,1.937507,1.937507,0.968754,-0.345993,0.356637,0.70263,0.005322,
BUILDCHAIR,models/furnishings/BUILDCHAIR.fbx,7400,210,1,-0.439345,0.439344,0.878689,-1e-06,-0.00201,1.065347,1.067357,0.531668,-0.390003,0.494891,0.884894,0.052444,
BUILDCHAIR2,models/furnishings/BUILDCHAIR2.fbx,7400,40,1,-0.407087,0.407087,0.814174,0.0,-0.005,0.94041,0.94541,0.467705,-0.284443,0.578294,0.862737,0.146925,
BUILDCHAIR3,models/furnishings/BUILDCHAIR3.fbx,7400,138,1,-0.321267,0.333286,0.654553,0.006009,-0.005,0.969329,0.974329,0.482164,-0.321518,0.492084,0.813602,0.085283,
BUILDCHAIR4,models/furnishings/BUILDCHAIR4.fbx,7400,1043,1,-0.455566,0.455567,0.911133,1e-06,-0.0,1.05957,1.05957,0.529785,-0.566968,0.337955,0.904923,-0.114507,
BUILDFLATPANEL,models/furnishings/BUILDFLATPANEL.fbx,7400,364,1,-1.503906,1.503906,3.007812,0.0,0.002012,0.295166,0.293154,0.148589,-0.630371,0.630371,1.260742,0.0,
BUILDHCABINET,models/furnishings/BUILDHCABINET.fbx,7400,112,1,-0.411042,0.411042,0.822084,0.0,0.004365,0.970979,0.966614,0.487672,-0.83865,1.447699,2.286349,0.304524,
BUILDLCRATE,models/furnishings/BUILDLCRATE.fbx,7400,522,1,-0.534353,0.541298,1.075651,0.003472,-0.011336,1.120603,1.131939,0.554633,-0.515592,0.58339,1.098982,0.033899,
BUILDLIGHTTABLE,models/furnishings/BUILDLIGHTTABLE.fbx,7400,108,1,-0.805,0.805,1.61,0.0,0.0,0.539329,0.539329,0.269664,-0.82,0.82,1.64,0.0,
BUILDLOCKER,models/furnishings/BUILDLOCKER.fbx,7400,240,1,-0.428814,0.428814,0.857628,0.0,0.049487,2.945566,2.896079,1.497526,-0.415202,0.469316,0.884518,0.027057,
BUILDSIDEPANEL,models/furnishings/BUILDSIDEPANEL.fbx,7400,56,1,-0.879883,0.872559,1.752442,-0.003662,-0.001419,0.48169,0.483109,0.240135,-1.338867,1.109375,2.448242,-0.114746,
BUILDSIMPLEDESK,models/furnishings/BUILDSIMPLEDESK.fbx,7400,158,1,-1.533567,1.533567,3.067134,0.0,-0.001317,0.800056,0.801373,0.399369,-0.665834,0.665834,1.331668,0.0,
BUILDSOFA,models/furnishings/BUILDSOFA.fbx,7400,128,1,-1.471341,1.471341,2.942682,0.0,-0.0004,0.898778,0.899178,0.449189,-0.238569,0.568693,0.807262,0.165062,
BUILDSOFA2,models/furnishings/BUILDSOFA2.fbx,7400,112,1,-1.428281,1.428281,2.856562,0.0,0.04649,0.894488,0.847998,0.470489,-0.506837,0.652486,1.159323,0.072825,
BUILDSOFA2L,models/furnishings/BUILDSOFA2L.fbx,7400,332,1,-1.629559,1.638439,3.267998,0.00444,0.04649,0.894488,0.847998,0.470489,-0.506837,2.745224,3.252061,1.119193,
BUILDTABLE,models/furnishings/BUILDTABLE.fbx,7400,222,1,-1.29536,1.29536,2.59072,0.0,-0.004163,0.815837,0.82,0.405837,-1.29536,1.29536,2.59072,0.0,
BUILDTABLE2,models/furnishings/BUILDTABLE2.fbx,7400,68,1,-1.254034,1.254034,2.508068,0.0,-0.015,1.025,1.04,0.505,-1.086026,1.086025,2.172051,-0.0,
BUILDTABLE3,models/furnishings/BUILDTABLE3.fbx,7400,81,1,-1.0,1.0,2.0,0.0,0.0,1.324844,1.324844,0.662422,-1.001478,1.007799,2.009277,0.003161,
BUILDWORKTOP,models/furnishings/BUILDWORKTOP.fbx,7400,104,1,-1.249337,1.249337,2.498674,0.0,-0.007243,1.074138,1.081381,0.533448,-0.485178,0.485178,0.970356,0.0,
CRATELCYLINDER,models/furnishings/CRATELCYLINDER.fbx,7400,580,1,-0.409266,0.409266,0.818532,0.0,-0.01103,1.861049,1.872079,0.92501,-0.47604,0.462947,0.938987,-0.006546,
CRATELRARE,models/furnishings/CRATELRARE.fbx,7400,360,1,-0.59622,0.591638,1.187858,-0.002291,-0.005154,0.748707,0.753861,0.371776,-0.995169,1.008635,2.003804,0.006733,
CREATHOLOGRAM,models/furnishings/CREATHOLOGRAM.fbx,7400,2209,1,-0.206783,0.211919,0.418701,0.002568,-0.001401,0.422238,0.423639,0.210418,-0.211864,0.209889,0.421753,-0.000988,
CURVEDDESK,models/furnishings/CURVEDDESK.fbx,7400,318,1,-1.501863,1.49566,2.997523,-0.003102,-2.7e-05,1.094769,1.094796,0.547371,-0.613213,0.951405,1.564618,0.169096,
DRAWS,models/furnishings/DRAWS.fbx,7400,504,1,-0.429443,0.429443,0.858886,0.0,0.0,1.09375,1.09375,0.546875,0.0,0.628325,0.628325,0.314162,
EXPD_CUBE_06,models/furnishings/EXPD_CUBE_06.fbx,7400,2224,1,-0.328369,0.328369,0.656738,0.0,0.015526,2.198852,2.183326,1.107189,-2.236573,0.328369,2.564942,-0.954102,
FLOORMAT1,models/furnishings/FLOORMAT1.fbx,7400,66,1,-3.059706,3.059707,6.119413,0.0,-0.00541,0.025923,0.031333,0.010257,-3.059706,3.059706,6.119412,0.0,
LARGEDESK,models/furnishings/LARGEDESK.fbx,7400,48,1,-0.991031,0.991031,1.982062,0.0,-0.001817,1.867646,1.869463,0.932914,0.187785,1.748717,1.560932,0.968251,
MONITORDESK,models/furnishings/MONITORDESK.fbx,7400,640,1,-0.438369,0.493407,0.931776,0.027519,-0.000585,1.788586,1.789171,0.894001,-0.364886,0.365913,0.730799,0.000514,
OCTACABINET,models/furnishings/OCTACABINET.fbx,7400,66,1,-0.741747,0.741747,1.483494,0.0,0.001224,1.61874,1.617516,0.809982,-0.741747,0.741747,1.483494,0.0,
PLANTPOT4,models/furnishings/PLANTPOT4.fbx,7400,338,1,-0.308813,0.308813,0.617626,0.0,0.000112,0.476436,0.476324,0.238274,-0.308813,0.308813,0.617626,0.0,
ROBOTICARM,models/furnishings/ROBOTICARM.fbx,7400,236,1,-0.231696,0.231696,0.463392,0.0,-0.012232,1.339813,1.352045,0.66379,-0.989721,1.751229,2.74095,0.380754,
ROOFMONITOR,models/furnishings/ROOFMONITOR.fbx,7400,422,1,-0.604909,0.604909,1.209818,0.0,-0.215535,2.571475,2.78701,1.17797,-0.266632,1.006696,1.273328,0.370032,
SERVERSTACK,models/furnishings/SERVERSTACK.fbx,7400,520,1,-0.339444,0.338224,0.677668,-0.00061,0.0,1.242188,1.242188,0.621094,-0.404386,0.401212,0.805598,-0.001587,
SHELFPANEL,models/furnishings/SHELFPANEL.fbx,7400,376,1,-1.506296,1.506296,3.012592,0.0,0.001517,0.363142,0.361625,0.18233,-0.621253,0.621253,1.242506,0.0,
STORAGEPANEL,models/furnishings/STORAGEPANEL.fbx,7400,1857,1,-1.525391,1.47168,2.99707,-0.026855,0.0,0.384277,0.384277,0.192139,-0.597168,0.653809,1.250977,0.02832,
S_SIGN_BAR1,models/furnishings/S_SIGN_BAR1.fbx,7400,2447,1,-2.671875,2.673828,5.345703,0.000976,-0.002468,1.407227,1.409695,0.70238,-0.142944,0.144287,0.287231,0.000672,
S_SIGN_BAR2,models/furnishings/S_SIGN_BAR2.fbx,7400,2453,1,-1.674805,1.197266,2.872071,-0.23877,-0.005566,3.283203,3.288769,1.638818,-0.147217,0.147217,0.294434,0.0,
S_SIGN_BAR3,models/furnishings/S_SIGN_BAR3.fbx,7400,4661,1,-1.866211,1.913086,3.779297,0.023438,-0.008583,4.0625,4.071083,2.026959,-0.206543,0.202393,0.408936,-0.002075,
TECHPANEL,models/furnishings/TECHPANEL.fbx,7400,240,1,-0.641598,0.641598,1.283196,0.0,-0.015059,0.183306,0.198365,0.084123,-0.309163,0.309163,0.618326,0.0,
WALLFAN,models/furnishings/WALLFAN.fbx,7400,319,1,-0.644695,0.39505,1.039745,-0.124822,-0.128482,0.128482,0.256964,0.0,-0.511877,0.521126,1.033003,0.004624,
WALLSCREEN,models/furnishings/WALLSCREEN.fbx,7400,88,1,-0.738121,0.738121,1.476242,0.0,0.0,0.555171,0.555171,0.277586,-0.457059,0.412329,0.869388,-0.022365,
WALLSCREENB,models/furnishings/WALLSCREENB.fbx,7400,88,1,-0.738121,0.738121,1.476242,0.0,0.0,0.555171,0.555171,0.277586,-0.457059,0.412329,0.869388,-0.022365,
WALLSCREENB2,models/furnishings/WALLSCREENB2.fbx,7400,88,1,-0.738121,0.738121,1.476242,0.0,0.0,0.555171,0.555171,0.277586,-0.457059,0.412329,0.869388,-0.022365,
WEAPONRACK,models/furnishings/WEAPONRACK.fbx,7400,88,1,-1.590278,1.590278,3.180556,0.0,0.0,0.829735,0.829735,0.414867,-0.846806,0.846806,1.693612,0.0,
BIOROOM,models/large_structures/BIOROOM.fbx,7400,783,1,-6.702034,6.702097,13.404131,3.1e-05,-0.565262,6.336305,6.901567,2.885522,-6.702034,6.702294,13.404328,0.00013,
BUILDDOOR,models/large_structures/BUILDDOOR.fbx,7400,560,1,-1.535526,1.535526,3.071052,0.0,-0.031258,3.280942,3.3122,1.624842,-0.057363,0.884009,0.941372,0.413323,
BUILDDOOR_WATER,models/large_structures/BUILDDOOR_WATER.fbx,7400,221,1,-1.518992,1.518992,3.037984,0.0,0.113736,3.151721,3.037985,1.632729,-0.270205,1.41,1.680205,0.569897,
BUILDLADDER,models/large_structures/BUILDLADDER.fbx,7400,444,1,-0.499999,0.500001,1.0,1e-06,0.0,4.0,4.0,2.0,-0.959831,-0.672999,0.286832,-0.816415,
BUILDRAMP,models/large_structures/BUILDRAMP.fbx,7400,1624,1,-0.7,0.7,1.4,0.0,-0.198158,0.851977,1.050135,0.326909,-1.01,1.01,2.02,0.0,
BUILDWINDOW,models/large_structures/BUILDWINDOW.fbx,7400,144,1,-2.120815,2.120785,4.2416,-1.5e-05,0.0,3.0,3.0,1.5,-1.159918,0.174663,1.334581,-0.492627,
CORRIDOR,models/large_structures/CORRIDOR.fbx,7400,140,1,-2.0,2.0,4.0,0.0,-0.04627,3.307703,3.353973,1.630717,-1.434187,1.434187,2.868374,0.0,
CORRIDORC,models/large_structures/CORRIDORC.fbx,7400,1036,1,-3.424694,3.99075,7.415444,0.283028,-0.04627,3.307703,3.353973,1.630717,-3.424694,3.99075,7.415444,0.283028,
CORRIDORL,models/large_structures/CORRIDORL.fbx,7400,148,1,-2.0,1.434187,3.434187,-0.282906,-0.04627,3.307703,3.353973,1.630717,-2.0,1.434187,3.434187,-0.282906,
CORRIDORL_WATER,models/large_structures/CORRIDORL_WATER.fbx,7400,244,1,-2.0,1.702672,3.702672,-0.148664,-0.162717,3.474412,3.637129,1.655847,-2.0,1.702672,3.702672,-0.148664,
CORRIDORT,models/large_structures/CORRIDORT.fbx,7400,236,1,-2.0,1.434187,3.434187,-0.282906,-0.04627,3.307703,3.353973,1.630717,-2.0,2.0,4.0,0.0,
CORRIDORT_WATER,models/large_structures/CORRIDORT_WATER.fbx,7400,350,1,-2.0,1.702672,3.702672,-0.148664,-0.162717,3.474412,3.637129,1.655847,-2.0,2.0,4.0,0.0,
CORRIDORV_WATER,models/large_structures/CORRIDORV_WATER.fbx,7400,200,1,-1.818565,1.80026,3.618825,-0.009153,0.0,4.0,4.0,2.0,-1.702673,1.702672,3.405345,-0.0,
CORRIDORX,models/large_structures/CORRIDORX.fbx,7400,364,1,-2.0,2.0,4.0,0.0,-0.04627,3.307703,3.353973,1.630717,-2.0,2.0,4.0,0.0,
CORRIDORX_WATER,models/large_structures/CORRIDORX_WATER.fbx,7400,466,1,-2.0,2.0,4.0,0.0,-0.162717,3.474412,3.637129,1.655847,-2.0,2.0,4.0,0.0,
CORRIDOR_WATER,models/large_structures/CORRIDOR_WATER.fbx,7400,214,1,-2.0,2.0,4.0,0.0,-0.162717,3.474412,3.637129,1.655847,-1.702673,1.702672,3.405345,-0.0,
CUBEFLOOR,models/large_structures/CUBEFLOOR.fbx,7400,236,1,-2.0,2.0,4.0,0.0,-0.245348,0.168383,0.413731,-0.038483,-2.0,2.0,4.0,0.0,
CUBEFRAME,models/large_structures/CUBEFRAME.fbx,7400,1504,1,-2.016625,2.016625,4.03325,0.0,-0.308791,4.279939,4.58873,1.985574,-2.016625,2.016625,4.03325,0.0,
CUBEGLASS,models/large_structures/CUBEGLASS.fbx,7400,48,1,-2.0,2.0,4.0,0.0,0.0,4.339941,4.339941,2.169971,-2.0,2.0,4.0,0.0,
CUBEINNERDOOR,models/large_structures/CUBEINNERDOOR.fbx,7400,138,1,-2.001971,2.001971,4.003942,0.0,0.012098,4.016028,4.00393,2.014063,-0.146805,0.146805,0.29361,0.0,
CUBEROOF,models/large_structures/CUBEROOF.fbx,7400,32,1,-1.717759,1.717759,3.435518,0.0,0.010583,1.404189,1.393606,0.707386,-1.717759,1.717759,3.435518,0.0,
CUBEROOM,models/large_structures/CUBEROOM.fbx,7400,256,1,-2.759884,2.759884,5.519768,0.0,0.0,4.264283,4.264283,2.132142,-2.759884,2.759884,5.519768,0.0,
CUBEROOMCURVED,models/large_structures/CUBEROOMCURVED.fbx,7400,192,1,-2.0,2.0,4.0,0.0,0.0,4.0,4.0,2.0,-2.0,2.0,4.0,0.0,
CUBESOLID,models/large_structures/CUBESOLID.fbx,7400,32,1,-2.0,2.0,4.0,0.0,0.0,4.264283,4.264283,2.132142,-2.0,2.0,4.0,0.0,
CUBESTAIRS,models/large_structures/CUBESTAIRS.fbx,7400,176,1,-1.498719,1.498719,2.997438,0.0,0.0,3.956758,3.956758,1.978379,-2.0,2.03125,4.03125,0.015625,
CUBEWALL,models/large_structures/CUBEWALL.fbx,7400,24,1,-2.001971,2.001971,4.003942,0.0,0.001596,4.005537,4.003941,2.003567,-0.167804,0.167804,0.335608,0.0,
CUBEWINDOW,models/large_structures/CUBEWINDOW.fbx,7400,104,1,-1.60968,1.60968,3.21936,0.0,0.384649,3.603986,3.219337,1.994318,-0.07489,0.074961,0.149851,3.5e-05,
CUBEWINDOWOVAL,models/large_structures/CUBEWINDOWOVAL.fbx,7400,96,1,-1.46,1.46,2.92,0.0,0.693594,3.613594,2.92,2.153594,-0.037214,0.205586,0.2428,0.084186,
CUBEWINDOWSMALL,models/large_structures/CUBEWINDOWSMALL.fbx,7400,32,1,-1.096016,1.096015,2.192031,-1e-06,1.046866,3.238897,2.192031,2.142882,-0.0632,0.239786,0.302986,0.088293,
CURVEDCUBEROOF,models/large_structures/CURVEDCUBEROOF.fbx,7400,568,1,-2.759884,2.759884,5.519768,0.0,0.0,4.146408,4.146408,2.073204,-2.759884,2.759884,5.519768,0.0,
DOOR2,models/large_structures/DOOR2.fbx,7400,280,1,-1.542899,1.542899,3.085798,0.0,-0.065817,3.295589,3.361406,1.614886,-0.022738,1.055248,1.077986,0.516255,
FOUNDLEG,models/large_structures/FOUNDLEG.fbx,7400,754,1,-0.348877,0.348877,0.697754,0.0,-0.348877,0.348877,0.697754,0.0,0.0,1.0,1.0,0.5,
FOUNDLEG4,models/large_structures/FOUNDLEG4.fbx,7400,754,1,-0.348877,0.348877,0.697754,0.0,-0.348877,0.348877,0.697754,0.0,0.0,1.0,1.0,0.5,
GLASSCORRIDOR,models/large_structures/GLASSCORRIDOR.fbx,7400,140,1,-2.0,2.0,4.0,0.0,-0.04627,3.307703,3.353973,1.630717,-1.434187,1.434187,2.868374,0.0,
MAINROOM,models/large_structures/MAINROOM.fbx,7400,852,1,-6.702034,6.702034,13.404068,0.0,-0.505953,7.859827,8.36578,3.676937,-6.702034,6.702034,13.404068,0.0,
MAINROOMCUBE,models/large_structures/MAINROOMCUBE.fbx,7400,610,1,-6.702034,6.702034,13.404068,0.0,-0.586682,5.026703,5.613385,2.22001,-6.702034,6.702034,13.404068,0.0,
MAINROOMCUBE_W,models/large_structures/MAINROOMCUBE_W.fbx,7400,866,1,-6.462724,6.397736,12.86046,-0.032494,-0.586682,5.026703,5.613385,2.22001,-6.349208,6.367206,12.716414,0.008999,
MAINROOMFRAME,models/large_structures/MAINROOMFRAME.fbx,7400,306,1,-6.143574,6.143574,12.287148,0.0,0.0,4.0,4.0,2.0,-6.143574,6.143574,12.287148,0.0,
MAINROOM_WATER,models/large_structures/MAINROOM_WATER.fbx,7400,632,1,-6.186507,6.186507,12.373014,0.0,-0.505953,5.01136,5.517313,2.252704,-6.186507,6.186507,12.373014,0.0,
MOONPOOL,models/large_structures/MOONPOOL.fbx,7400,120,1,-5.300002,5.3,10.600002,-1e-06,-0.744782,0.744782,1.489564,0.0,-5.300003,5.300001,10.600004,-1e-06,
PANEL_GLASS,models/large_structures/PANEL_GLASS.fbx,7400,114,1,-2.125,2.125,4.25,0.0,-0.0,3.0,3.0,1.5,-0.903514,0.871666,1.775181,-0.015924,
VIEWSPHERE,models/large_structures/VIEWSPHERE.fbx,7400,658,1,-1.996525,1.969864,3.966389,-0.013331,-0.04627,3.999786,4.046056,1.976758,-1.996525,1.996524,3.993049,-1e-06,
WALLFLOORLADDER,models/large_structures/WALLFLOORLADDER.fbx,7400,420,1,-0.365536,0.360762,0.726298,-0.002387,0.0,4.0,4.0,2.0,-0.772999,-0.672999,0.1,-0.722999,
CARBONPLANTER,models/legacy_structures/CARBONPLANTER.fbx,7400,12,1,-0.913507,0.913507,1.827014,0.0,0.005743,2.626488,2.620745,1.316115,-1.021027,-0.114964,0.906063,-0.567995,
CORNERPOST,models/legacy_structures/CORNERPOST.fbx,7400,57,1,-0.21,0.21,0.42,0.0,0.0,1.21,1.21,0.605,-0.21,0.21,0.42,0.0,
C_ARCH,models/legacy_structures/C_ARCH.fbx,7400,196,1,-2.828891,2.828891,5.657782,0.0,0.003045,3.335789,3.332744,1.669417,-0.198686,0.198686,0.397372,0.0,
C_ARCH_H,models/legacy_structures/C_ARCH_H.fbx,7400,90,1,-1.482806,1.346085,2.828891,-0.068361,0.003045,3.335789,3.332744,1.669417,-0.198686,0.198686,0.397372,0.0,
C_DOOR,models/legacy_structures/C_DOOR.fbx,7400,369,1,-2.841383,2.840693,5.682076,-0.000345,0.000261,3.329925,3.329664,1.665093,-0.197324,0.197324,0.394648,0.0,
C_DOORWINDOW,models/legacy_structures/C_DOORWINDOW.fbx,7400,393,1,-2.841383,2.840693,5.682076,-0.000345,0.000261,3.329925,3.329664,1.665093,-0.197324,0.197324,0.394648,0.0,
C_DOOR_H,models/legacy_structures/C_DOOR_H.fbx,7400,369,1,-1.499999,1.510807,3.010806,0.005404,0.000261,3.329925,3.329664,1.665093,-0.197324,0.197324,0.394648,0.0,
C_FLOOR,models/legacy_structures/C_FLOOR.fbx,7400,72,1,-2.773384,2.666016,5.4394,-0.053684,-0.145833,0.145833,0.291666,0.0,-2.65625,2.781198,5.437448,0.062474,
C_FLOOR_Q,models/legacy_structures/C_FLOOR_Q.fbx,7400,40,1,-1.329886,1.32317,2.653056,-0.003358,-0.191816,0.20497,0.396786,0.006577,-1.33846,1.332155,2.670615,-0.003152,
C_GDOOR,models/legacy_structures/C_GDOOR.fbx,7400,310,1,-2.831284,2.840693,5.671977,0.004704,0.000259,3.329925,3.329666,1.665092,-1.630392,0.424904,2.055296,-0.602744,
C_GFLOOR,models/legacy_structures/C_GFLOOR.fbx,7400,108,1,-2.656264,2.673737,5.330001,0.008736,-0.227548,0.227548,0.455096,0.0,-2.665,2.665007,5.330007,4e-06,
C_RAMP,models/legacy_structures/C_RAMP.fbx,7400,312,1,-2.416966,2.416966,4.833932,0.0,-0.368388,3.438476,3.806864,1.535044,-2.648749,2.946542,5.595291,0.148896,
C_RAMP_H,models/legacy_structures/C_RAMP_H.fbx,7400,312,1,-1.124565,1.147147,2.271712,0.011291,-0.368388,3.438476,3.806864,1.535044,-2.648749,2.946542,5.595291,0.148896,
C_ROOF,models/legacy_structures/C_ROOF.fbx,7400,24,1,-2.656264,2.673737,5.330001,0.008736,-1e-06,1.974115,1.974116,0.987057,-2.665,2.665007,5.330007,4e-06,
C_ROOF_C,models/legacy_structures/C_ROOF_C.fbx,7400,96,1,-2.745472,2.943148,5.68862,0.098838,0.001247,3.297597,3.29635,1.649422,-2.943148,2.745472,5.68862,-0.098838,
C_ROOF_IC,models/legacy_structures/C_ROOF_IC.fbx,7400,144,1,-2.745472,2.943148,5.68862,0.098838,-0.001634,3.294716,3.29635,1.646541,-2.943149,2.745472,5.688621,-0.098839,
C_ROOF_M,models/legacy_structures/C_ROOF_M.fbx,7400,48,1,-2.745472,2.745472,5.490944,0.0,0.001247,3.297597,3.29635,1.649422,-2.943148,2.738474,5.681622,-0.102337,
C_TRIFLOOR,models/legacy_structures/C_TRIFLOOR.fbx,7400,406,1,-3.032469,1.5395,4.571969,-0.746485,-0.247058,0.244589,0.491647,-0.001235,-2.639627,2.638913,5.27854,-0.000357,
C_TRIFLOOR_Q,models/legacy_structures/C_TRIFLOOR_Q.fbx,7400,222,1,-1.492969,0.76975,2.262719,-0.36161,-0.214337,0.215876,0.430213,0.000769,-1.306381,1.306382,2.612763,0.0,
C_WALL,models/legacy_structures/C_WALL.fbx,7400,132,1,-2.831284,2.840693,5.671977,0.004704,0.000259,3.329925,3.329666,1.665092,-0.197324,0.197324,0.394648,0.0,
C_WALLDIAGONAL,models/legacy_structures/C_WALLDIAGONAL.fbx,7400,132,1,-2.826258,2.840693,5.666951,0.007218,0.000259,3.329925,3.329666,1.665092,-0.197324,0.197324,0.394648,0.0,
C_WALL_H,models/legacy_structures/C_WALL_H.fbx,7400,132,1,-1.500696,1.507178,3.007874,0.003241,0.000259,3.329925,3.329666,1.665092,-0.197324,0.197324,0.394648,0.0,
C_WALL_Q,models/legacy_structures/C_WALL_Q.fbx,7400,100,1,-2.831284,2.840693,5.671977,0.004704,0.000259,0.839223,0.838964,0.419741,-0.197324,0.197324,0.394648,0.0,
C_WALL_Q_H,models/legacy_structures/C_WALL_Q_H.fbx,7400,100,1,-1.41329,1.422699,2.835989,0.004704,0.000259,0.839223,0.838964,0.419741,-0.197324,0.197324,0.394648,0.0,
C_WALL_WINDOW,models/legacy_structures/C_WALL_WINDOW.fbx,7400,184,1,-2.831284,2.840693,5.671977,0.004704,0.000259,3.329925,3.329666,1.665092,-0.197324,0.197324,0.394648,0.0,
M_ARCH,models/legacy_structures/M_ARCH.fbx,7400,76,1,-2.828891,2.828891,5.657782,0.0,0.003045,3.335789,3.332744,1.669417,-0.198686,0.198686,0.397372,0.0,
M_ARCH_H,models/legacy_structures/M_ARCH_H.fbx,7400,44,1,-1.481621,1.34727,2.828891,-0.067176,0.003045,3.335789,3.332744,1.669417,-0.198686,0.198686,0.397372,0.0,
M_DOOR,models/legacy_structures/M_DOOR.fbx,7400,251,1,-2.831284,2.833476,5.66476,0.001096,0.000259,3.329923,3.329664,1.665091,-0.197324,0.197324,0.394648,0.0,
M_DOORWINDOW,models/legacy_structures/M_DOORWINDOW.fbx,7400,182,1,-2.831284,2.833476,5.66476,0.001096,0.000259,3.329921,3.329662,1.66509,-0.197324,0.197324,0.394648,0.0,
M_DOOR_H,models/legacy_structures/M_DOOR_H.fbx,7400,170,1,-1.506166,1.50836,3.014526,0.001097,0.000259,3.329921,3.329662,1.66509,-0.197324,0.197324,0.394648,0.0,
M_FLOOR,models/legacy_structures/M_FLOOR.fbx,7400,61,1,-2.666016,2.666016,5.332032,0.0,-0.182129,0.185059,0.367188,0.001465,-2.666016,2.666016,5.332032,0.0,
M_FLOOR_Q,models/legacy_structures/M_FLOOR_Q.fbx,7400,64,1,-1.329886,1.32317,2.653056,-0.003358,-0.191816,0.199357,0.391173,0.003771,-1.33846,1.332155,2.670615,-0.003152,
M_GDOOR,models/legacy_structures/M_GDOOR.fbx,7400,334,1,-2.831284,2.840693,5.671977,0.004704,0.000259,3.329925,3.329666,1.665092,-1.630392,0.424904,2.055296,-0.602744,
M_GFLOOR,models/legacy_structures/M_GFLOOR.fbx,7400,108,1,-2.656264,2.673737,5.330001,0.008736,-0.227548,0.227548,0.455096,0.0,-2.665,2.665007,5.330007,4e-06,
M_RAMP,models/legacy_structures/M_RAMP.fbx,7400,312,1,-2.416966,2.416966,4.833932,0.0,-0.368388,3.438476,3.806864,1.535044,-2.648749,2.946542,5.595291,0.148896,
M_RAMP_H,models/legacy_structures/M_RAMP_H.fbx,7400,312,1,-1.124565,1.147147,2.271712,0.011291,-0.368388,3.438476,3.806864,1.535044,-2.648749,2.946542,5.595291,0.148896,
M_ROOF,models/legacy_structures/M_ROOF.fbx,7400,24,1,-2.656264,2.673737,5.330001,0.008736,-1e-06,1.230459,1.23046,0.615229,-2.665,2.665007,5.330007,4e-06,
M_ROOF_C,models/legacy_structures/M_ROOF_C.fbx,7400,176,1,-2.745472,2.943148,5.68862,0.098838,0.001247,3.297597,3.29635,1.649422,-2.943148,2.745472,5.68862,-0.098838,
M_ROOF_IC,models/legacy_structures/M_ROOF_IC.fbx,7400,144,1,-2.745472,2.943148,5.68862,0.098838,-0.001634,3.294716,3.29635,1.646541,-2.943149,2.745472,5.688621,-0.098839,
M_ROOF_M,models/legacy_structures/M_ROOF_M.fbx,7400,88,1,-2.745472,2.745472,5.490944,0.0,0.001247,3.297597,3.29635,1.649422,-2.943148,2.738474,5.681622,-0.102337,
M_TRIFLOOR,models/legacy_structures/M_TRIFLOOR.fbx,7400,328,1,-3.032469,1.5395,4.571969,-0.746485,-0.305,0.274863,0.579863,-0.015069,-2.639627,2.639628,5.279255,0.0,
M_TRIFLOOR_Q,models/legacy_structures/M_TRIFLOOR_Q.fbx,7400,304,1,-1.492969,0.76975,2.262719,-0.36161,-0.305,0.274863,0.579863,-0.015069,-1.306381,1.306382,2.612763,0.0,
M_WALL,models/legacy_structures/M_WALL.fbx,7400,180,1,-2.831284,2.840693,5.671977,0.004704,0.000259,3.329925,3.329666,1.665092,-0.197324,0.197324,0.394648,0.0,
M_WALLDIAGONAL,models/legacy_structures/M_WALLDIAGONAL.fbx,7400,156,1,-2.826258,2.840693,5.666951,0.007218,0.000259,3.329925,3.329666,1.665092,-0.197324,0.197324,0.394648,0.0,
M_WALL_H,models/legacy_structures/M_WALL_H.fbx,7400,180,1,-1.500696,1.507178,3.007874,0.003241,0.000259,3.329925,3.329666,1.665092,-0.197324,0.197324,0.394648,0.0,
M_WALL_Q,models/legacy_structures/M_WALL_Q.fbx,7400,144,1,-2.831274,2.840681,5.671955,0.004704,0.000259,0.839223,0.838964,0.419741,-0.197324,0.197324,0.394648,0.0,
M_WALL_Q_H,models/legacy_structures/M_WALL_Q_H.fbx,7400,144,1,-1.413285,1.422693,2.835978,0.004704,0.000259,0.839223,0.838964,0.419741,-0.197324,0.197324,0.394648,0.0,
M_WALL_WINDOW,models/legacy_structures/M_WALL_WINDOW.fbx,7400,208,1,-2.831284,2.840693,5.671977,0.004704,0.000259,3.329925,3.329666,1.665092,-0.197324,0.197324,0.394648,0.0,
ROOMFLOOR,models/legacy_structures/ROOMFLOOR.fbx,7400,40,1,-2.0,2.0,4.0,0.0,-0.04,0.107107,0.147107,0.033553,-2.0,2.0,4.0,0.0,
WALL,models/legacy_structures/WALL.fbx,7400,32,1,-2.045818,2.045818,4.091636,0.0,-0.016861,1.041234,1.058095,0.512187,-0.161217,0.161217,0.322434,0.0,
WALLCURVED,models/legacy_structures/WALLCURVED.fbx,7400,152,1,-1.99302,2.162608,4.155628,0.084794,0.0265,1.0265,1.0,0.5265,-2.162877,1.99485,4.157727,-0.084014,
WALLDOOR,models/legacy_structures/WALLDOOR.fbx,7400,168,1,-2.045818,2.045818,4.091636,0.0,-0.016861,3.057909,3.07477,1.520524,-0.161217,0.290528,0.451745,0.064655,
WALLTALL,models/legacy_structures/WALLTALL.fbx,7400,32,1,-2.045818,2.045818,4.091636,0.0,-0.016861,3.060163,3.077024,1.521651,-0.161217,0.161217,0.322434,0.0,
W_ARCH,models/legacy_structures/W_ARCH.fbx,7400,172,1,-2.828891,2.828891,5.657782,0.0,0.003045,3.335789,3.332744,1.669417,-0.198686,0.198686,0.397372,0.0,
W_ARCH_H,models/legacy_structures/W_ARCH_H.fbx,7400,90,1,-1.483965,1.344926,2.828891,-0.06952,0.003045,3.335789,3.332744,1.669417,-0.198686,0.198686,0.397372,0.0,
W_DOOR,models/legacy_structures/W_DOOR.fbx,7400,522,1,-2.840704,2.840693,5.681397,-5e-06,0.000261,3.329925,3.329664,1.665093,-0.197324,0.197324,0.394648,0.0,
W_DOORWINDOW,models/legacy_structures/W_DOORWINDOW.fbx,7400,386,1,-2.840704,2.840693,5.681397,-5e-06,0.000261,3.329925,3.329664,1.665093,-0.197324,0.197324,0.394648,0.0,
W_DOOR_H,models/legacy_structures/W_DOOR_H.fbx,7400,522,1,-1.500097,1.496463,2.99656,-0.001817,0.000261,3.329925,3.329664,1.665093,-0.197324,0.197324,0.394648,0.0,
W_FLOOR,models/legacy_structures/W_FLOOR.fbx,7400,96,1,-2.656264,2.673737,5.330001,0.008736,-0.191816,0.249902,0.441718,0.029043,-2.665,2.665007,5.330007,4e-06,
W_FLOOR_Q,models/legacy_structures/W_FLOOR_Q.fbx,7400,80,1,-1.329886,1.32317,2.653056,-0.003358,-0.191816,0.218241,0.410057,0.013213,-1.33846,1.332155,2.670615,-0.003152,
W_GDOOR,models/legacy_structures/W_GDOOR.fbx,7400,534,1,-2.831284,2.840693,5.671977,0.004704,0.000259,3.329925,3.329666,1.665092,-1.630392,0.424904,2.055296,-0.602744,
W_GFLOOR,models/legacy_structures/W_GFLOOR.fbx,7400,108,1,-2.656264,2.673737,5.330001,0.008736,-0.227548,0.227548,0.455096,0.0,-2.665,2.665007,5.330007,4e-06,
W_RAMP,models/legacy_structures/W_RAMP.fbx,7400,312,1,-2.416966,2.416966,4.833932,0.0,-0.368388,3.438476,3.806864,1.535044,-2.648749,2.946542,5.595291,0.148896,
W_RAMP_H,models/legacy_structures/W_RAMP_H.fbx,7400,312,1,-1.124565,1.147147,2.271712,0.011291,-0.368388,3.438476,3.806864,1.535044,-2.648749,2.946542,5.595291,0.148896,
W_ROOF,models/legacy_structures/W_ROOF.fbx,7400,232,1,-2.97152,2.97152,5.94304,0.0,-0.196256,2.936422,3.132678,1.370083,-2.97152,2.97152,5.94304,0.0,
W_ROOF_C,models/legacy_structures/W_ROOF_C.fbx,7400,688,1,-2.745472,2.943149,5.688621,0.098839,0.001247,3.297597,3.29635,1.649422,-2.943148,2.745472,5.68862,-0.098838,
W_ROOF_IC,models/legacy_structures/W_ROOF_IC.fbx,7400,656,1,-2.745472,2.943148,5.68862,0.098838,-0.001634,3.294716,3.29635,1.646541,-2.943149,2.745472,5.688621,-0.098839,
W_ROOF_M,models/legacy_structures/W_ROOF_M.fbx,7400,344,1,-2.745472,2.745472,5.490944,0.0,0.001247,3.297597,3.29635,1.649422,-2.943148,2.738474,5.681622,-0.102337,
W_TRIFLOOR,models/legacy_structures/W_TRIFLOOR.fbx,7400,766,1,-3.032469,1.5395,4.571969,-0.746485,-0.287179,0.287179,0.574358,0.0,-2.639627,2.639628,5.279255,0.0,
W_TRIFLOOR_Q,models/legacy_structures/W_TRIFLOOR_Q.fbx,7400,360,1,-1.5395,0.76975,2.30925,-0.384875,-0.247884,0.247884,0.495768,0.0,-1.333246,1.333246,2.666492,0.0,
W_WALL,models/legacy_structures/W_WALL.fbx,7400,364,1,-2.831284,2.840693,5.671977,0.004704,0.000259,3.329925,3.329666,1.665092,-0.197324,0.197324,0.394648,0.0,
W_WALLDIAGONAL,models/legacy_structures/W_WALLDIAGONAL.fbx,7400,364,1,-2.826258,2.840693,5.666951,0.007218,0.000259,3.329925,3.329666,1.665092,-0.197324,0.197324,0.394648,0.0,
W_WALL_H,models/legacy_structures/W_WALL_H.fbx,7400,364,1,-1.500696,1.507178,3.007874,0.003241,0.000259,3.329925,3.329666,1.665092,-0.197324,0.197324,0.394648,0.0,
W_WALL_Q,models/legacy_structures/W_WALL_Q.fbx,7400,148,1,-2.831284,2.840693,5.671977,0.004704,0.000259,0.839223,0.838964,0.419741,-0.197324,0.197324,0.394648,0.0,
W_WALL_Q_H,models/legacy_structures/W_WALL_Q_H.fbx,7400,148,1,-1.41329,1.422699,2.835989,0.004704,0.000259,0.839223,0.838964,0.419741,-0.197324,0.197324,0.394648,0.0,
W_WALL_WINDOW,models/legacy_structures/W_WALL_WINDOW.fbx,7400,640,1,-2.831284,2.840693,5.671977,0.004704,0.000259,3.329925,3.329666,1.665092,-0.197324,0.197324,0.394648,0.0,
BUILDLABLAMP,models/lights/BUILDLABLAMP.fbx,7400,680,1,-1.247098,1.247098,2.494196,0.0,-0.00685,1.418567,1.425417,0.705858,-1.247099,1.247098,2.494197,-1e-06,
BUILDLIGHT,models/lights/BUILDLIGHT.fbx,7400,183,1,-0.665039,0.665039,1.330078,0.0,-0.010155,2.867563,2.877718,1.428704,-0.623663,0.623663,1.247326,0.0,
BUILDLIGHT2,models/lights/BUILDLIGHT2.fbx,7400,235,1,-0.679034,0.665151,1.344185,-0.006941,-0.010155,2.879191,2.889346,1.434518,-0.623663,0.623663,1.247326,0.0,
BUILDLIGHT3,models/lights/BUILDLIGHT3.fbx,7400,251,1,-0.623782,0.623782,1.247564,0.0,-0.010155,2.81846,2.828615,1.404152,-0.623663,0.623663,1.247326,0.0,
CEILINGLIGHT,models/lights/CEILINGLIGHT.fbx,7400,268,1,-1.862812,1.862811,3.725623,-1e-06,-0.159768,0.61068,0.770448,0.225456,-1.862812,1.862812,3.725624,0.0,
SMALLLIGHT,models/lights/SMALLLIGHT.fbx,7400,128,1,-0.13,0.13,0.26,0.0,0.0,0.731846,0.731846,0.365923,-0.13,0.13,0.26,0.0,
WALLLIGHTBLUE,models/lights/WALLLIGHTBLUE.fbx,7400,297,1,-0.152344,0.152344,0.304688,0.0,-0.055296,0.2,0.255296,0.072352,-0.476536,0.307321,0.783857,-0.084607,
WALLLIGHTGREEN,models/lights/WALLLIGHTGREEN.fbx,7400,297,1,-0.152344,0.152344,0.304688,0.0,-0.055296,0.2,0.255296,0.072352,-0.476536,0.307321,0.783857,-0.084607,
WALLLIGHTPINK,models/lights/WALLLIGHTPINK.fbx,7400,297,1,-0.152344,0.152344,0.304688,0.0,-0.055296,0.2,0.255296,0.072352,-0.476536,0.307321,0.783857,-0.084607,
WALLLIGHTRED,models/lights/WALLLIGHTRED.fbx,7400,297,1,-0.152344,0.152344,0.304688,0.0,-0.055296,0.2,0.255296,0.072352,-0.476536,0.307321,0.783857,-0.084607,
WALLLIGHTWHITE,models/lights/WALLLIGHTWHITE.fbx,7400,297,1,-0.152344,0.152344,0.304688,0.0,-0.055296,0.2,0.255296,0.072352,-0.476536,0.307321,0.783857,-0.084607,
WALLLIGHTYELLOW,models/lights/WALLLIGHTYELLOW.fbx,7400,297,1,-0.152344,0.152344,0.304688,0.0,-0.055296,0.2,0.255296,0.072352,-0.476536,0.307321,0.783857,-0.084607,
BYTEBEATSWITCH,models/power_industry/BYTEBEATSWITCH.fbx,7400,148,1,-0.606061,0.627715,1.233776,0.010827,0.0,0.76,0.76,0.38,-0.38,0.38,0.76,0.0,
LIGHTBOX,models/power_industry/LIGHTBOX.fbx,7400,68,1,-0.38,0.631009,1.011009,0.125504,0.0,0.76,0.76,0.38,-0.38,0.38,0.76,0.0,
NOISEBOX,models/power_industry/NOISEBOX.fbx,7400,180,1,-0.392385,0.627368,1.019753,0.117491,0.0,0.76,0.76,0.38,-0.38,0.38,0.76,0.0,
O2_HARVESTER,models/power_industry/O2_HARVESTER.fbx,7400,126,1,-0.74,0.74,1.48,0.0,0.001798,3.013038,3.01124,1.507418,-0.932719,1.204669,2.137388,0.135975,
POWERLINE_HIDER,models/power_industry/POWERLINE_HIDER.fbx,7400,200,1,-0.79444,0.79444,1.58888,0.0,0.0,2.396139,2.396139,1.198069,-0.79444,0.79444,1.58888,0.0,
SPAWNER_BALL,models/power_industry/SPAWNER_BALL.fbx,7400,154,1,-1.444653,1.444652,2.889305,-1e-06,-0.000776,2.307977,2.308753,1.1536,-1.595842,1.444652,3.040494,-0.075595,
U_BATTERY_S,models/power_industry/U_BATTERY_S.fbx,7400,268,1,-0.821664,0.828347,1.650011,0.003342,0.0,1.828654,1.828654,0.914327,-0.824535,0.8233,1.647835,-0.000618,
U_BIOGENERATOR,models/power_industry/U_BIOGENERATOR.fbx,7400,432,1,-0.879808,0.879808,1.759616,0.0,-0.000197,1.911686,1.911883,0.955744,-0.840641,0.842166,1.682807,0.000762,
U_BYTEBEATLINE,models/power_industry/U_BYTEBEATLINE.fbx,7400,34,1,-0.07234,0.07234,0.14468,0.0,-0.088189,0.065635,0.153824,-0.011277,0.0,1.0,1.0,0.5,
U_EXTRACTOR_S,models/power_industry/U_EXTRACTOR_S.fbx,7400,456,1,-1.218024,1.21783,2.435854,-9.7e-05,0.0,6.029782,6.029782,3.014891,-1.213311,1.032018,2.245329,-0.090647,
U_GASEXTRACTOR,models/power_industry/U_GASEXTRACTOR.fbx,7400,466,1,-1.465226,1.465226,2.930452,0.0,-0.001647,6.331614,6.333261,3.164984,-1.399342,1.142038,2.54138,-0.128652,
U_GENERATOR_S,models/power_industry/U_GENERATOR_S.fbx,7400,1724,1,-1.501981,1.501981,3.003962,0.0,0.0,6.546011,6.546011,3.273005,-1.506127,1.506127,3.012254,0.0,
U_PIPELINE,models/power_industry/U_PIPELINE.fbx,7400,124,1,-0.567494,0.584577,1.152071,0.008542,-0.144384,0.123593,0.267977,-0.010395,0.0,1.0,1.0,0.5,
U_PORTALLINE,models/power_industry/U_PORTALLINE.fbx,7400,34,1,-0.07234,0.07234,0.14468,0.0,-0.088189,0.065635,0.153824,-0.011277,0.0,1.0,1.0,0.5,
U_POWERLINE,models/power_industry/U_POWERLINE.fbx,7400,34,1,-0.07234,0.07234,0.14468,0.0,-0.088189,0.065635,0.153824,-0.011277,0.0,1.0,1.0,0.5,
U_SILO_S,models/power_industry/U_SILO_S.fbx,7400,378,1,-1.500073,1.471827,2.9719,-0.014123,-6.1e-05,6.670173,6.670234,3.335056,-1.534999,1.428902,2.963901,-0.053048,
U_SOLAR_S,models/power_industry/U_SOLAR_S.fbx,7400,412,1,-0.945674,1.585057,2.530731,0.319692,0.0,2.75282,2.75282,1.37641,-1.577216,0.928579,2.505795,-0.324319,
U_SWITCHBUTTON,models/power_industry/U_SWITCHBUTTON.fbx,7400,64,1,-0.410847,0.410847,0.821694,0.0,-0.0,0.64393,0.64393,0.321965,-0.245,0.245,0.49,0.0,
U_SWITCHPRESS,models/power_industry/U_SWITCHPRESS.fbx,7400,112,1,-2.15,2.15,4.3,0.0,0.0,0.282023,0.282023,0.141012,-2.333473,2.15,4.483473,-0.091736,
U_SWITCHPROX,models/power_industry/U_SWITCHPROX.fbx,7400,515,1,-0.410847,0.410847,0.821694,0.0,0.0,0.532762,0.532762,0.266381,-0.245,0.245,0.49,0.0,
U_SWITCHWALL,models/power_industry/U_SWITCHWALL.fbx,7400,220,1,-0.410847,0.410847,0.821694,0.0,0.0,0.532762,0.532762,0.266381,-0.245,0.245,0.49,0.0,
U_TRANSISTOR1,models/power_industry/U_TRANSISTOR1.fbx,7400,153,1,-0.410847,0.410847,0.821694,0.0,0.0,0.554268,0.554268,0.277134,-0.245,0.397815,0.642815,0.076407,
U_TRANSISTOR2,models/power_industry/U_TRANSISTOR2.fbx,7400,423,1,-0.410847,0.410847,0.821694,0.0,0.0,0.532762,0.532762,0.266381,-0.245,0.397815,0.642815,0.076407,
SET_B_MONU,models/settlement/SET_B_MONU.fbx,7400,29661,1,-8.835938,8.828125,17.664062,-0.003906,-0.007164,30.40625,30.413414,15.199543,-10.101562,5.363282,15.464844,-2.36914,
SET_B_MONU_FA,models/settlement/SET_B_MONU_FA.fbx,,,,,,,,,,,,,,,,no_vertices_or_parse_failed
SET_CLASS_A,models/settlement/SET_CLASS_A.fbx,7400,84,1,-0.656021,0.656021,1.312041,0.0,0.985843,12.207613,11.22177,6.596728,-0.652524,0.652524,1.305048,-0.0,
SET_CLASS_B,models/settlement/SET_CLASS_B.fbx,7400,204,1,-0.656021,0.656021,1.312041,0.0,0.985843,12.207612,11.221769,6.596727,-0.652524,0.652524,1.305048,-0.0,
SET_CLASS_S,models/settlement/SET_CLASS_S.fbx,7400,151,1,-0.656021,0.65602,1.312041,-0.0,0.985843,12.207613,11.22177,6.596728,-0.652525,0.652523,1.305048,-1e-06,
SET_CONSTRUCT,models/settlement/SET_CONSTRUCT.fbx,7400,840,1,-0.407715,0.407715,0.81543,0.0,-0.001262,1.786133,1.787395,0.892436,-0.470781,0.470869,0.94165,4.4e-05,
SET_FISHPOND,models/settlement/SET_FISHPOND.fbx,7400,1359,1,-4.511719,4.695312,9.207031,0.091797,0.0,2.916016,2.916015,1.458008,-6.328125,9.78125,16.109375,1.726562,
SET_F_MONU,models/settlement/SET_F_MONU.fbx,7400,3860,1,-2.689453,2.689453,5.378906,0.0,-0.000108,9.085938,9.086046,4.542915,-2.689453,2.689453,5.378906,0.0,
SET_F_MONU_FA,models/settlement/SET_F_MONU_FA.fbx,7400,128,1,-1.993164,1.993164,3.986328,0.0,0.659668,9.078125,8.418457,4.868897,-1.993164,1.993164,3.986328,0.0,
SET_GROUNDDECAL,models/settlement/SET_GROUNDDECAL.fbx,7400,24,1,-5.385152,5.385152,10.770304,0.0,-0.711426,0.711426,1.422852,0.0,-3.075508,3.075508,6.151016,0.0,
SET_INT_SHIPSAL,models/settlement/SET_INT_SHIPSAL.fbx,7400,5247,1,-2.642578,2.642578,5.285156,0.0,-0.006226,1.214844,1.221069,0.604309,-3.642578,2.306641,5.949219,-0.667969,
SET_INT_SUMMARY,models/settlement/SET_INT_SUMMARY.fbx,7400,19700,1,-1.068868,1.055408,2.124277,-0.00673,-0.0,3.553216,3.553216,1.776608,-0.320068,0.64417,0.964238,0.162051,
SET_LZ,models/settlement/SET_LZ.fbx,,,,,,,,,,,,,,,,no_vertices_or_parse_failed
SET_LZ_SHIPBUIL,models/settlement/SET_LZ_SHIPBUIL.fbx,7400,3462,1,-9.179832,-6.439598,2.740235,-7.809715,0.000236,2.101409,2.101174,1.050823,-1.425107,0.341459,1.766566,-0.541824,
SET_MAYORTERM,models/settlement/SET_MAYORTERM.fbx,7400,2079,1,-1.895508,1.895508,3.791016,0.0,0.0,1.791016,1.791016,0.895508,-1.204102,1.199219,2.403321,-0.002442,
SET_MONUMENT,models/settlement/SET_MONUMENT.fbx,7400,1976,1,-2.689453,2.689453,5.378906,0.0,-1e-06,8.34375,8.343751,4.171875,-2.689453,2.689453,5.378906,0.0,
SET_MONUMENT_FA,models/settlement/SET_MONUMENT_FA.fbx,7400,693,1,-1.90625,1.90625,3.8125,0.0,1.445313,5.273438,3.828125,3.359375,-2.056641,2.05664,4.113281,-1e-06,
SET_SFXCONST_S0,models/settlement/SET_SFXCONST_S0.fbx,,,,,,,,,,,,,,,,no_vertices_or_parse_failed
SET_STAFFBUILD,models/settlement/SET_STAFFBUILD.fbx,7400,16572,1,-1.169922,1.328125,2.498047,0.079102,-0.518555,3.767578,4.286133,1.624512,-1.208008,2.154297,3.362305,0.473145,
SET_S_TOWER,models/settlement/SET_S_TOWER.fbx,7400,24312,1,-8.039062,8.039062,16.078123,0.0,-1e-06,24.96875,24.968751,12.484375,-9.171878,9.171872,18.34375,-3e-06,
SET_S_TOWER_FA,models/settlement/SET_S_TOWER_FA.fbx,7400,462,1,-7.089844,7.089844,14.179688,0.0,4.609374,13.218752,8.609378,8.914063,-8.156253,8.156247,16.3125,-3e-06,
SET_T_MONU,models/settlement/SET_T_MONU.fbx,7400,1592,1,-2.681641,2.681641,5.363282,0.0,-0.014618,7.105469,7.120087,3.545426,-2.691406,2.691406,5.382812,0.0,
SET_T_MONU_FA,models/settlement/SET_T_MONU_FA.fbx,7400,176,1,-1.972656,1.992188,3.964844,0.009766,0.669922,4.5,3.830078,2.584961,-2.0,1.972656,3.972656,-0.013672,
SET_WEAPONBOX,models/settlement/SET_WEAPONBOX.fbx,7400,2584,1,-2.087891,2.087891,4.175781,0.0,-0.010948,3.287109,3.298058,1.638081,-1.541992,0.905273,2.447266,-0.318359,
S_TOWER,models/settlement/S_TOWER.fbx,7400,6970,1,-4.664062,4.664062,9.328125,0.0,-0.0,18.453125,18.453125,9.226562,-4.664062,4.664062,9.328125,0.0,
S_TOWER_B,models/settlement/S_TOWER_B.fbx,7400,27266,1,-7.460938,6.902344,14.363281,-0.279297,-0.085815,28.390625,28.47644,14.152405,-7.753906,7.175781,14.929688,-0.289062,
S_TOWER_B_FA,models/settlement/S_TOWER_B_FA.fbx,7400,154,1,-7.089844,7.089844,14.179688,0.0,4.609375,13.21875,8.609375,8.914062,-4.117188,4.117188,8.234375,0.0,
S_TOWER_C,models/settlement/S_TOWER_C.fbx,7400,16222,1,-8.039062,8.039062,16.078125,0.0,11.882812,24.96875,13.085938,18.425781,-9.171875,9.171875,18.34375,0.0,
S_TOWER_FA,models/settlement/S_TOWER_FA.fbx,7400,462,1,-7.089844,7.089844,14.179688,0.0,4.609375,13.21875,8.609375,8.914062,-8.15625,8.15625,16.3125,0.0,
BASECAPSULE,models/specialist_terminals/BASECAPSULE.fbx,7400,214,1,-1.950001,1.95,3.900001,-0.0,-0.100261,3.377296,3.477557,1.638517,-1.950001,1.95,3.900001,-0.0,
BUILDTERMINAL,models/specialist_terminals/BUILDTERMINAL.fbx,7400,176,1,-0.985192,0.985192,1.970384,0.0,1.139639,3.110023,1.970384,2.124831,-0.0,0.39396,0.39396,0.19698,
NPCBUILDERTERM,models/specialist_terminals/NPCBUILDERTERM.fbx,7400,1040,1,-1.7971,1.7971,3.5942,0.0,-0.000354,1.50377,1.504124,0.751708,-1.176757,2.417444,3.594201,0.620344,
NPCFARMTERM,models/specialist_terminals/NPCFARMTERM.fbx,7400,6064,1,-1.475033,1.304461,2.779494,-0.085286,-0.010299,1.413671,1.42397,0.701686,0.273392,2.414256,2.140864,1.343824,
NPCSCIENCETERM,models/specialist_terminals/NPCSCIENCETERM.fbx,7400,1401,1,-1.7971,1.7971,3.5942,0.0,-0.000354,1.437649,1.438003,0.718648,-1.176757,2.417444,3.594201,0.620344,
NPCVEHICLETERM,models/specialist_terminals/NPCVEHICLETERM.fbx,7400,1522,1,-1.7971,1.7971,3.5942,0.0,-0.000585,1.788586,1.789171,0.894001,-1.176757,3.19788,4.374637,1.010562,
NPCWEAPONTERM,models/specialist_terminals/NPCWEAPONTERM.fbx,7400,960,1,-1.7971,1.7971,3.5942,0.0,-0.000354,1.880859,1.881213,0.940253,-1.176757,2.417444,3.594201,0.620344,
S_ARCH,models/stone_structures/S_ARCH.fbx,7400,90,1,-2.917358,2.899781,5.817139,-0.008788,0.0,3.394531,3.394531,1.697266,-0.286132,0.286133,0.572265,0.0,
S_ARCH_H,models/stone_structures/S_ARCH_H.fbx,7400,48,1,-1.579837,1.33067,2.910507,-0.124583,0.0,3.394531,3.394531,1.697266,-0.286132,0.286133,0.572265,0.0,
S_CHEV_DOOR,models/stone_structures/S_CHEV_DOOR.fbx,7400,78,1,-2.666016,2.666016,5.332032,0.0,0.0,3.332031,3.332031,1.666016,-0.230225,1.583985,1.81421,0.67688,
S_CHEV_WALL,models/stone_structures/S_CHEV_WALL.fbx,7400,56,1,-2.666016,2.666016,5.332032,0.0,0.0,3.332031,3.332031,1.666016,-0.209106,1.414063,1.623169,0.602478,
S_CHEV_WALL_H_C,models/stone_structures/S_CHEV_WALL_H_C.fbx,7400,222,1,-1.424805,0.253906,1.678711,-0.58545,0.0,3.394531,3.394531,1.697266,-0.253906,1.424805,1.678711,0.58545,
S_CHEV_WIN0,models/stone_structures/S_CHEV_WIN0.fbx,7400,104,1,-2.917358,2.917978,5.835336,0.00031,0.0,3.394531,3.394531,1.697266,-0.286132,1.416485,1.702617,0.565176,
S_CHEV_WIN1,models/stone_structures/S_CHEV_WIN1.fbx,7400,136,1,-2.917358,2.917978,5.835336,0.00031,0.0,3.394531,3.394531,1.697266,-0.286132,1.416485,1.702617,0.565176,
S_CHEV_WIN2,models/stone_structures/S_CHEV_WIN2.fbx,7400,56,1,-2.666016,2.666016,5.332032,0.0,0.0,3.332031,3.332031,1.666016,-0.209106,1.414063,1.623169,0.602478,
S_DOOR,models/stone_structures/S_DOOR.fbx,7400,44,1,-2.845703,2.845703,5.691406,0.0,0.0,3.332031,3.332031,1.666016,-0.2146,0.2146,0.4292,0.0,
S_DOOR1,models/stone_structures/S_DOOR1.fbx,7400,32,1,-2.845703,2.845703,5.691406,0.0,0.0,3.332031,3.332031,1.666016,-0.2146,0.2146,0.4292,0.0,
S_DOORWINDOW,models/stone_structures/S_DOORWINDOW.fbx,7400,72,1,-2.917358,2.917978,5.835336,0.00031,0.0,3.394531,3.394531,1.697266,-0.286132,0.286133,0.572265,0.0,
S_DOOR_H,models/stone_structures/S_DOOR_H.fbx,7400,60,1,-1.587736,1.588356,3.176092,0.00031,0.0,3.394531,3.394531,1.697266,-0.286132,0.286133,0.572265,0.0,
S_FLOOR,models/stone_structures/S_FLOOR.fbx,7400,24,1,-2.622341,2.622341,5.244682,0.0,-0.162994,0.162994,0.325988,0.0,-2.622341,2.622341,5.244682,0.0,
S_FLOOR_Q,models/stone_structures/S_FLOOR_Q.fbx,7400,24,1,-1.325936,1.325936,2.651872,0.0,-0.13086,0.13086,0.26172,0.0,-1.325936,1.325936,2.651872,0.0,
S_GDOOR,models/stone_structures/S_GDOOR.fbx,7400,80,1,-2.845703,2.845703,5.691406,0.0,0.0,3.332031,3.332031,1.666016,-2.799837,0.317798,3.117635,-1.24102,
S_GFLOOR,models/stone_structures/S_GFLOOR.fbx,7400,48,1,-2.622341,2.622341,5.244682,0.0,-0.162994,0.162994,0.325988,0.0,-2.622341,2.622341,5.244682,0.0,
S_RAMP,models/stone_structures/S_RAMP.fbx,7400,576,1,-2.666016,2.666016,5.332032,0.0,-0.237137,3.253906,3.491043,1.508385,-2.728623,2.724263,5.452886,-0.00218,
S_RAMP_H,models/stone_structures/S_RAMP_H.fbx,7400,560,1,-1.328,1.328,2.656,0.0,-0.237137,3.253906,3.491043,1.508385,-2.728623,2.724263,5.452886,-0.00218,
S_RAMP_Q_TOP,models/stone_structures/S_RAMP_Q_TOP.fbx,7400,64,1,-1.328942,1.338819,2.667761,0.004939,-1.135742,0.140406,1.276148,-0.497668,-1.334951,1.374109,2.70906,0.019579,
S_ROOF0,models/stone_structures/S_ROOF0.fbx,7400,48,1,-2.978516,2.978516,5.957032,0.0,-0.079619,1.774264,1.853883,0.847322,-2.978516,2.978516,5.957032,0.0,
S_ROOF1,models/stone_structures/S_ROOF1.fbx,7400,62,1,-3.255859,3.255859,6.511718,0.0,0.0,2.855469,2.855469,1.427734,-3.255859,3.255859,6.511718,0.0,
S_ROOF2,models/stone_structures/S_ROOF2.fbx,7400,24,1,-3.083984,3.083984,6.167968,0.0,0.000278,1.260044,1.259766,0.630161,-3.083984,3.083984,6.167968,0.0,
S_ROOF3,models/stone_structures/S_ROOF3.fbx,7400,60,1,-3.230469,3.230469,6.460938,0.0,0.022065,1.17148,1.149415,0.596772,-3.230469,3.230469,6.460938,0.0,
S_ROOF4,models/stone_structures/S_ROOF4.fbx,7400,64,1,-2.445546,2.445546,4.891092,0.0,2.816526,4.032494,1.215968,3.42451,-2.445546,2.445546,4.891092,0.0,
S_ROOF5,models/stone_structures/S_ROOF5.fbx,7400,70,1,-2.945312,2.945312,5.890624,0.0,-0.129151,2.298828,2.427979,1.084838,-2.945312,2.945312,5.890624,0.0,
S_ROOF_C,models/stone_structures/S_ROOF_C.fbx,7400,329,1,-2.753906,2.707031,5.460937,-0.023438,-0.014069,3.345703,3.359772,1.665817,-2.710938,2.765625,5.476563,0.027344,
S_ROOF_E_CAP,models/stone_structures/S_ROOF_E_CAP.fbx,7400,78,1,-0.098683,0.109124,0.207807,0.00522,-0.0,1.267666,1.267666,0.633833,-2.495986,2.495986,4.991972,0.0,
S_ROOF_E_Q,models/stone_structures/S_ROOF_E_Q.fbx,7400,44,1,-0.098163,0.108641,0.206804,0.005239,-0.0,3.095584,3.095584,1.547792,-1.333008,1.331055,2.664063,-0.000977,
S_ROOF_IC,models/stone_structures/S_ROOF_IC.fbx,7400,368,1,-2.853516,2.703125,5.556641,-0.075196,-0.010796,3.345704,3.3565,1.667454,-2.701171,2.814453,5.515624,0.056641,
S_ROOF_M,models/stone_structures/S_ROOF_M.fbx,7400,12,1,-2.794922,2.794922,5.589844,0.0,0.245362,3.46289,3.217528,1.854126,-2.820312,2.853516,5.673828,0.016602,
S_ROOF_M_CAP,models/stone_structures/S_ROOF_M_CAP.fbx,7400,104,1,-2.853792,2.853792,5.707584,0.0,-0.112845,1.76376,1.876605,0.825457,-2.727457,2.738017,5.465474,0.00528,
S_ROOF_M_Q,models/stone_structures/S_ROOF_M_Q.fbx,7400,20,1,-2.849609,2.849609,5.699218,0.0,0.0,3.345703,3.345703,1.672851,-1.542969,1.333008,2.875977,-0.10498,
S_ROOF_M_WIN,models/stone_structures/S_ROOF_M_WIN.fbx,7400,94,1,-2.713729,2.713729,5.427458,0.0,0.087072,3.315342,3.22827,1.701207,-2.694554,2.709254,5.403809,0.00735,
S_TRIFLOOR,models/stone_structures/S_TRIFLOOR.fbx,7400,18,1,-2.995103,1.52119,4.516293,-0.736956,-0.146383,0.146383,0.292766,0.0,-2.617382,2.607724,5.225106,-0.004829,
S_TRIFLOOR_Q,models/stone_structures/S_TRIFLOOR_Q.fbx,7400,18,1,-1.460405,0.756819,2.217224,-0.351793,-0.142667,0.142665,0.285332,-1e-06,-1.289447,1.283333,2.57278,-0.003057,
S_WALL,models/stone_structures/S_WALL.fbx,7400,144,1,-2.845703,2.845703,5.691406,0.0,0.0,3.332031,3.332031,1.666016,-0.339111,0.339112,0.678223,1e-06,
S_WALLDIAGONAL,models/stone_structures/S_WALLDIAGONAL.fbx,7400,48,1,-2.917358,2.917978,5.835336,0.00031,0.0,3.394531,3.394531,1.697266,-0.286132,0.286133,0.572265,0.0,
S_WALL_H,models/stone_structures/S_WALL_H.fbx,7400,44,1,-1.511719,1.511719,3.023438,0.0,-0.070984,3.404297,3.475281,1.666657,-0.2146,0.2146,0.4292,0.0,
S_WALL_Q,models/stone_structures/S_WALL_Q.fbx,7400,72,1,-2.917358,2.917978,5.835336,0.00031,0.0,0.82493,0.82493,0.412465,-0.317925,0.317926,0.635851,0.0,
S_WALL_Q1,models/stone_structures/S_WALL_Q1.fbx,7400,72,1,-2.917358,2.917978,5.835336,0.00031,0.0,0.82493,0.82493,0.412465,-0.317925,0.317926,0.635851,0.0,
S_WALL_Q_H,models/stone_structures/S_WALL_Q_H.fbx,7400,72,1,-1.531102,1.531722,3.062824,0.00031,0.0,0.82493,0.82493,0.412465,-0.317925,0.317926,0.635851,0.0,
S_WALL_Q_H1,models/stone_structures/S_WALL_Q_H1.fbx,7400,72,1,-1.531102,1.531722,3.062824,0.00031,0.0,0.82493,0.82493,0.412465,-0.317925,0.317926,0.635851,0.0,
S_WALL_SUPPORTS,models/stone_structures/S_WALL_SUPPORTS.fbx,7400,92,1,-0.57741,0.579037,1.156447,0.000814,0.0,2.197952,2.197952,1.098976,-0.213927,0.57303,0.786957,0.179551,
S_WALL_WIN1,models/stone_structures/S_WALL_WIN1.fbx,7400,184,1,-2.917358,2.917978,5.835336,0.00031,0.0,3.332031,3.332031,1.666016,-0.339111,0.339112,0.678223,1e-06,
S_WALL_WIN2,models/stone_structures/S_WALL_WIN2.fbx,7400,64,1,-2.917358,2.917978,5.835336,0.00031,0.0,3.332031,3.332031,1.666016,-0.286132,0.286133,0.572265,0.0,
S_WALL_WIN3,models/stone_structures/S_WALL_WIN3.fbx,7400,88,1,-2.917358,2.917978,5.835336,0.00031,0.0,3.394531,3.394531,1.697266,-0.286132,0.286133,0.572265,0.0,
S_WALL_WINDOW,models/stone_structures/S_WALL_WINDOW.fbx,7400,64,1,-2.917358,2.917978,5.835336,0.00031,0.0,3.394531,3.394531,1.697266,-0.286132,0.286133,0.572265,0.0,
CONTAINER0,models/storage/CONTAINER0.fbx,7400,287,1,-2.005824,2.005824,4.011648,0.0,0.003284,4.014932,4.011648,2.009108,-2.005824,2.415679,4.421503,0.204927,
CONTAINER1,models/storage/CONTAINER1.fbx,7400,287,1,-2.005824,2.005824,4.011648,0.0,0.003284,4.014932,4.011648,2.009108,-2.005824,2.415679,4.421503,0.204927,
CONTAINER2,models/storage/CONTAINER2.fbx,7400,287,1,-2.005824,2.005824,4.011648,0.0,0.003284,4.014932,4.011648,2.009108,-2.005824,2.415679,4.421503,0.204927,
CONTAINER3,models/storage/CONTAINER3.fbx,7400,287,1,-2.005824,2.005824,4.011648,0.0,0.003284,4.014932,4.011648,2.009108,-2.005824,2.415679,4.421503,0.204927,
CONTAINER4,models/storage/CONTAINER4.fbx,7400,287,1,-2.005824,2.005824,4.011648,0.0,0.003284,4.014932,4.011648,2.009108,-2.005824,2.415679,4.421503,0.204927,
CONTAINER5,models/storage/CONTAINER5.fbx,7400,287,1,-2.005824,2.005824,4.011648,0.0,0.003284,4.014932,4.011648,2.009108,-2.005824,2.415679,4.421503,0.204927,
CONTAINER6,models/storage/CONTAINER6.fbx,7400,287,1,-2.005824,2.005824,4.011648,0.0,0.003284,4.014932,4.011648,2.009108,-2.005824,2.415679,4.421503,0.204927,
CONTAINER7,models/storage/CONTAINER7.fbx,7400,287,1,-2.005824,2.005824,4.011648,0.0,0.003284,4.014932,4.011648,2.009108,-2.005824,2.415679,4.421503,0.204927,
CONTAINER8,models/storage/CONTAINER8.fbx,7400,287,1,-2.005824,2.005824,4.011648,0.0,0.003284,4.014932,4.011648,2.009108,-2.005824,2.415679,4.421503,0.204927,
CONTAINER9,models/storage/CONTAINER9.fbx,7400,287,1,-2.005824,2.005824,4.011648,0.0,0.003284,4.014932,4.011648,2.009108,-2.005824,2.415679,4.421503,0.204927,
T_ARCH,models/timber_structures/T_ARCH.fbx,7400,140,1,-2.846914,2.710622,5.557536,-0.068146,-0.007507,3.343529,3.351036,1.668011,-0.207776,0.223784,0.43156,0.008004,
T_ARCH_H,models/timber_structures/T_ARCH_H.fbx,7400,76,1,-1.467264,1.379806,2.84707,-0.043729,-0.007507,3.343529,3.351036,1.668011,-0.178706,0.181633,0.360339,0.001463,
T_CHEV_DOOR,models/timber_structures/T_CHEV_DOOR.fbx,7400,110,1,-2.714618,2.714618,5.429236,0.0,0.0,3.332031,3.332031,1.666016,-0.070843,1.047904,1.118747,0.488531,
T_CHEV_WALL,models/timber_structures/T_CHEV_WALL.fbx,7400,88,1,-2.710006,2.714618,5.424624,0.002306,-0.00407,3.331953,3.336023,1.663942,-0.070843,0.721536,0.792379,0.325346,
T_CHEV_WALL_H_C,models/timber_structures/T_CHEV_WALL_H_C.fbx,7400,120,1,-0.728593,0.064613,0.793206,-0.33199,0.0,3.332457,3.332457,1.666229,-0.045516,0.724773,0.770289,0.339628,
T_CHEV_WIN0,models/timber_structures/T_CHEV_WIN0.fbx,7400,128,1,-2.708984,2.708984,5.417968,0.0,-0.007634,3.330271,3.337905,1.661319,-0.057495,0.759883,0.817378,0.351194,
T_CHEV_WIN1,models/timber_structures/T_CHEV_WIN1.fbx,7400,124,1,-2.708984,2.708984,5.417968,0.0,-0.007634,3.330271,3.337905,1.661319,-0.057495,0.759883,0.817378,0.351194,
T_CHEV_WIN2,models/timber_structures/T_CHEV_WIN2.fbx,7400,124,1,-2.708984,2.708984,5.417968,0.0,-0.007634,3.330271,3.337905,1.661319,-0.057495,0.759883,0.817378,0.351194,
T_DOOR,models/timber_structures/T_DOOR.fbx,7400,136,1,-2.846914,2.846914,5.693828,0.0,-0.007507,3.343529,3.351036,1.668011,-0.238889,0.238889,0.477778,0.0,
T_DOOR1,models/timber_structures/T_DOOR1.fbx,7400,136,1,-2.846914,2.846914,5.693828,0.0,-0.007507,3.343529,3.351036,1.668011,-0.238889,0.238889,0.477778,0.0,
T_DOORWINDOW,models/timber_structures/T_DOORWINDOW.fbx,7400,122,1,-2.713652,2.703962,5.417614,-0.004845,-0.007507,3.343529,3.351036,1.668011,-0.059687,0.059687,0.119374,0.0,
T_DOOR_H,models/timber_structures/T_DOOR_H.fbx,7400,108,1,-1.528334,1.528334,3.056668,0.0,-0.007507,3.343529,3.351036,1.668011,-0.177778,0.177778,0.355556,0.0,
T_FLOOR,models/timber_structures/T_FLOOR.fbx,7400,24,1,-2.660156,2.660156,5.320312,0.0,0.004852,0.132203,0.127351,0.068527,-2.65625,2.65625,5.3125,0.0,
T_FLOOR_Q,models/timber_structures/T_FLOOR_Q.fbx,7400,24,1,-1.320244,1.320117,2.640361,-6.3e-05,0.004852,0.132203,0.127351,0.068527,-1.31876,1.318995,2.637755,0.000117,
T_GDOOR,models/timber_structures/T_GDOOR.fbx,7400,104,1,-2.713652,2.703962,5.417614,-0.004845,-0.007507,3.343529,3.351036,1.668011,-1.525555,0.230531,1.756086,-0.647512,
T_GFLOOR,models/timber_structures/T_GFLOOR.fbx,7400,48,1,-2.660156,2.660156,5.320312,0.0,0.004852,0.132203,0.127351,0.068527,-2.65625,2.65625,5.3125,0.0,
T_RAMP,models/timber_structures/T_RAMP.fbx,7400,576,1,-2.666016,2.666016,5.332032,0.0,-0.237137,3.253906,3.491043,1.508385,-2.728623,2.724263,5.452886,-0.00218,
T_RAMP_H,models/timber_structures/T_RAMP_H.fbx,7400,560,1,-1.328,1.328,2.656,0.0,-0.237137,3.253906,3.491043,1.508385,-2.728623,2.724263,5.452886,-0.00218,
T_RAMP_Q_TOP,models/timber_structures/T_RAMP_Q_TOP.fbx,7400,224,1,-1.328,1.328,2.656,0.0,-1.088845,0.137341,1.226186,-0.475752,-1.461549,1.338879,2.800428,-0.061335,
T_ROOF0,models/timber_structures/T_ROOF0.fbx,7400,245,1,-2.703125,2.703125,5.40625,0.0,-0.008995,1.325196,1.334191,0.658101,-2.705078,2.701172,5.40625,-0.001953,
T_ROOF1,models/timber_structures/T_ROOF1.fbx,7400,272,1,-2.65625,2.65625,5.3125,0.0,0.0,2.661956,2.661956,1.330978,-2.658203,2.65625,5.314453,-0.000976,
T_ROOF2,models/timber_structures/T_ROOF2.fbx,7400,184,1,-2.65625,2.734693,5.390943,0.039222,0.0,2.158122,2.158122,1.079061,-2.658203,2.65625,5.314453,-0.000976,
T_ROOF3,models/timber_structures/T_ROOF3.fbx,7400,464,1,-2.777686,2.800537,5.578223,0.011425,0.0,5.040141,5.040141,2.520071,-2.777686,2.800537,5.578223,0.011425,
T_ROOF4,models/timber_structures/T_ROOF4.fbx,7400,200,1,-2.851323,2.786758,5.638081,-0.032282,0.0,2.240751,2.240751,1.120376,-2.812672,2.793949,5.606621,-0.009362,
T_ROOF5,models/timber_structures/T_ROOF5.fbx,7400,440,1,-2.751111,2.751111,5.502222,0.0,0.0,4.54586,4.54586,2.27293,-2.753099,2.751146,5.504245,-0.000976,
T_ROOF6,models/timber_structures/T_ROOF6.fbx,7400,252,1,-2.821307,2.821307,5.642614,0.0,-0.144865,1.155135,1.3,0.505135,-2.821307,2.821307,5.642614,0.0,
T_ROOF7,models/timber_structures/T_ROOF7.fbx,7400,101,1,-2.8,2.8,5.6,0.0,0.0,1.438593,1.438593,0.719297,-2.8,2.8,5.6,0.0,
T_ROOF_C,models/timber_structures/T_ROOF_C.fbx,7400,329,1,-2.753906,2.707031,5.460937,-0.023438,-0.014069,3.345703,3.359772,1.665817,-2.710938,2.765625,5.476563,0.027344,
T_ROOF_E_CAP,models/timber_structures/T_ROOF_E_CAP.fbx,7400,60,1,-0.191225,0.201703,0.392928,0.005239,-0.0,1.457734,1.457734,0.728867,-3.140355,3.140355,6.28071,0.0,
T_ROOF_E_Q,models/timber_structures/T_ROOF_E_Q.fbx,7400,44,1,-0.098163,0.108641,0.206804,0.005239,0.0,3.095584,3.095584,1.547792,-1.333008,1.331055,2.664063,-0.000977,
T_ROOF_IC,models/timber_structures/T_ROOF_IC.fbx,7400,368,1,-2.853516,2.703125,5.556641,-0.075196,-0.010796,3.345704,3.3565,1.667454,-2.701171,2.814453,5.515624,0.056641,
T_ROOF_M,models/timber_structures/T_ROOF_M.fbx,7400,260,1,-2.710938,2.710938,5.421876,0.0,-0.014068,3.345703,3.359771,1.665817,-2.710938,2.710938,5.421876,0.0,
T_ROOF_M_CAP,models/timber_structures/T_ROOF_M_CAP.fbx,7400,140,1,-2.666016,2.666016,5.332032,0.0,0.0,2.013672,2.013672,1.006836,-2.697266,2.697266,5.394532,0.0,
T_ROOF_M_CAP_Glass,models/timber_structures/T_ROOF_M_CAP_Glass.fbx,7400,80,1,-2.400391,2.400391,4.800782,0.0,0.272461,1.950195,1.677734,1.111328,-2.515625,2.505859,5.021484,-0.004883,
T_ROOF_M_Q,models/timber_structures/T_ROOF_M_Q.fbx,7400,120,1,-2.708992,2.708976,5.417968,-8e-06,0.0,3.381937,3.381937,1.690969,-1.381464,1.413571,2.795035,0.016053,
T_ROOF_M_WIN,models/timber_structures/T_ROOF_M_WIN.fbx,7400,168,1,-2.755859,2.755859,5.511719,0.0,-0.000616,1.222656,1.223272,0.61102,-2.748047,2.697266,5.445312,-0.025391,
T_TRIFLOOR,models/timber_structures/T_TRIFLOOR.fbx,7400,30,1,-3.05454,1.538827,4.593367,-0.757856,0.0,0.137085,0.137085,0.068543,-2.653532,2.653955,5.307487,0.000211,
T_TRIFLOOR_Q,models/timber_structures/T_TRIFLOOR_Q.fbx,7400,30,1,-1.528534,0.771095,2.299629,-0.37872,0.0,0.137085,0.137085,0.068543,-1.325525,1.324455,2.64998,-0.000535,
T_WALL,models/timber_structures/T_WALL.fbx,7400,48,1,-2.713652,2.703962,5.417614,-0.004845,-0.007507,3.343529,3.351036,1.668011,-0.059687,0.059687,0.119374,0.0,
T_WALLDIAGONAL,models/timber_structures/T_WALLDIAGONAL.fbx,7400,56,1,-2.713652,2.703962,5.417614,-0.004845,-0.007507,3.34353,3.351037,1.668011,-0.059687,0.059687,0.119374,0.0,
T_WALL_H,models/timber_structures/T_WALL_H.fbx,7400,48,1,-1.358586,1.348898,2.707484,-0.004844,-0.007507,3.343529,3.351036,1.668011,-0.059687,0.059687,0.119374,0.0,
T_WALL_Q,models/timber_structures/T_WALL_Q.fbx,7400,120,1,-2.811792,2.802102,5.613894,-0.004845,-0.007507,0.846252,0.853759,0.419373,-0.161394,0.161394,0.322788,0.0,
T_WALL_Q1,models/timber_structures/T_WALL_Q1.fbx,7400,96,1,-2.726623,2.716933,5.443556,-0.004845,-0.047653,0.83403,0.881683,0.393188,-0.074654,0.075651,0.150305,0.000498,
T_WALL_Q_H,models/timber_structures/T_WALL_Q_H.fbx,7400,120,1,-1.47481,1.46512,2.93993,-0.004845,-0.007507,0.846252,0.853759,0.419373,-0.161394,0.161394,0.322788,0.0,
T_WALL_Q_H1,models/timber_structures/T_WALL_Q_H1.fbx,7400,96,1,-1.358752,1.349062,2.707814,-0.004845,-0.047653,0.83403,0.881683,0.393188,-0.074654,0.075651,0.150305,0.000498,
T_WALL_WIN1,models/timber_structures/T_WALL_WIN1.fbx,7400,88,1,-2.838684,2.838684,5.677368,0.0,-0.007507,3.343529,3.351036,1.668011,-0.177778,0.177778,0.355556,0.0,
T_WALL_WIN2,models/timber_structures/T_WALL_WIN2.fbx,7400,88,1,-2.713652,2.703962,5.417614,-0.004845,-0.007507,3.343529,3.351036,1.668011,-0.177778,0.177778,0.355556,0.0,
T_WALL_WIN3,models/timber_structures/T_WALL_WIN3.fbx,7400,76,1,-2.713652,2.703962,5.417614,-0.004845,-0.007507,3.343529,3.351036,1.668011,-0.059687,0.059687,0.119374,0.0,
T_WALL_WINDOW,models/timber_structures/T_WALL_WINDOW.fbx,7400,112,1,-2.733619,2.734087,5.467706,0.000234,-0.007507,3.343529,3.351036,1.668011,-0.074921,0.074921,0.149842,0.0,
F_ARCHB,models/variants/F_ARCHB.fbx,7400,340,1,-3.0,3.0,6.0,0.0,0.0,3.431604,3.431604,1.715802,-0.407011,0.404354,0.811365,-0.001328,
F_ARCHB_H,models/variants/F_ARCHB_H.fbx,7400,174,1,-1.364009,1.339844,2.703853,-0.012083,0.0,3.431604,3.431604,1.715802,-0.407011,0.404354,0.811365,-0.001328,
F_ARCHM,models/variants/F_ARCHM.fbx,7400,340,1,-3.0,3.0,6.0,0.0,0.0,3.431604,3.431604,1.715802,-0.407011,0.404354,0.811365,-0.001328,
F_ARCHM_H,models/variants/F_ARCHM_H.fbx,7400,174,1,-1.364009,1.339844,2.703853,-0.012083,0.0,3.431604,3.431604,1.715802,-0.407011,0.404354,0.811365,-0.001328,
F_ARCHT,models/variants/F_ARCHT.fbx,7400,340,1,-3.0,3.0,6.0,0.0,0.0,3.431604,3.431604,1.715802,-0.407011,0.404354,0.811365,-0.001328,
F_ARCHT_H,models/variants/F_ARCHT_H.fbx,7400,174,1,-1.364009,1.339844,2.703853,-0.012083,0.0,3.431604,3.431604,1.715802,-0.407011,0.404354,0.811365,-0.001328,
F_DOORB0,models/variants/F_DOORB0.fbx,7400,379,1,-3.016144,3.016144,6.032288,0.0,0.0,3.431604,3.431604,1.715802,-0.407011,0.404354,0.811365,-0.001328,
F_DOORB0_H,models/variants/F_DOORB0_H.fbx,7400,379,1,-1.681626,1.664407,3.346033,-0.008609,0.0,3.431604,3.431604,1.715802,-0.407011,0.404354,0.811365,-0.001328,
F_DOORB1,models/variants/F_DOORB1.fbx,7400,343,1,-3.016144,3.016144,6.032288,0.0,0.0,3.431604,3.431604,1.715802,-0.407011,0.404354,0.811365,-0.001328,
F_DOORM0,models/variants/F_DOORM0.fbx,7400,379,1,-3.016144,3.016144,6.032288,0.0,0.0,3.431604,3.431604,1.715802,-0.407011,0.404354,0.811365,-0.001328,
F_DOORM0_H,models/variants/F_DOORM0_H.fbx,7400,379,1,-1.681626,1.664407,3.346033,-0.008609,0.0,3.431604,3.431604,1.715802,-0.407011,0.404354,0.811365,-0.001328,
F_DOORM1,models/variants/F_DOORM1.fbx,7400,343,1,-3.016144,3.016144,6.032288,0.0,0.0,3.431604,3.431604,1.715802,-0.407011,0.404354,0.811365,-0.001328,
F_DOORT0,models/variants/F_DOORT0.fbx,7400,379,1,-3.016144,3.016144,6.032288,0.0,0.0,3.431604,3.431604,1.715802,-0.407011,0.404354,0.811365,-0.001328,
F_DOORT0_H,models/variants/F_DOORT0_H.fbx,7400,379,1,-1.681626,1.664407,3.346033,-0.008609,0.0,3.431604,3.431604,1.715802,-0.407011,0.404354,0.811365,-0.001328,
F_DOORT1,models/variants/F_DOORT1.fbx,7400,343,1,-3.016144,3.016144,6.032288,0.0,0.0,3.431604,3.431604,1.715802,-0.407011,0.404354,0.811365,-0.001328,
F_DOORWINB0,models/variants/F_DOORWINB0.fbx,7400,418,1,-2.677778,2.677777,5.355555,-0.0,0.0,3.431604,3.431604,1.715802,-0.751148,0.751148,1.502296,0.0,
F_DOORWINM0,models/variants/F_DOORWINM0.fbx,7400,418,1,-2.677778,2.677777,5.355555,-0.0,0.0,3.431604,3.431604,1.715802,-0.751148,0.751148,1.502296,0.0,
F_DOORWINT0,models/variants/F_DOORWINT0.fbx,7400,418,1,-2.677778,2.677777,5.355555,-0.0,0.0,3.431604,3.431604,1.715802,-0.751148,0.751148,1.502296,0.0,
F_GDOORB0,models/variants/F_GDOORB0.fbx,7400,392,1,-2.130543,2.122687,4.25323,-0.003928,0.024336,2.929822,2.905486,1.477079,-0.121277,0.187867,0.309144,0.033295,
F_GDOORM0,models/variants/F_GDOORM0.fbx,7400,392,1,-2.130543,2.122687,4.25323,-0.003928,0.024336,2.929822,2.905486,1.477079,-0.121277,0.187867,0.309144,0.033295,
F_GDOORT0,models/variants/F_GDOORT0.fbx,7400,392,1,-2.130543,2.122687,4.25323,-0.003928,0.024336,2.929822,2.905486,1.477079,-0.121277,0.187867,0.309144,0.033295,
F_WALLB,models/variants/F_WALLB.fbx,7400,279,1,-3.016144,3.016144,6.032288,0.0,0.0,3.431604,3.431604,1.715802,-0.407011,0.404354,0.811365,-0.001328,
F_WALLB_DIAGONA,models/variants/F_WALLB_DIAGONA.fbx,7400,279,1,-2.723052,3.016144,5.739196,0.146546,0.0,3.431604,3.431604,1.715802,-0.407011,0.404354,0.811365,-0.001328,
F_WALLB_H,models/variants/F_WALLB_H.fbx,7400,279,1,-1.708168,1.677114,3.385282,-0.015527,0.0,3.431604,3.431604,1.715802,-0.407011,0.404354,0.811365,-0.001328,
F_WALLB_WIN0,models/variants/F_WALLB_WIN0.fbx,7400,314,1,-2.983274,2.983274,5.966548,0.0,0.0,3.431604,3.431604,1.715802,-0.350536,0.350536,0.701072,0.0,
F_WALLB_WIN1,models/variants/F_WALLB_WIN1.fbx,7400,349,1,-2.687842,2.677777,5.365619,-0.005032,0.0,3.431604,3.431604,1.715802,-0.751148,0.751148,1.502296,0.0,
F_WALLB_WIN2,models/variants/F_WALLB_WIN2.fbx,7400,289,1,-2.687842,2.677777,5.365619,-0.005032,0.0,3.431604,3.431604,1.715802,-0.751148,0.751148,1.502296,0.0,
F_WALLB_WIN3,models/variants/F_WALLB_WIN3.fbx,7400,281,1,-2.687842,2.677777,5.365619,-0.005032,0.0,3.431604,3.431604,1.715802,-0.751148,0.751148,1.502296,0.0,
F_WALLM,models/variants/F_WALLM.fbx,7400,279,1,-3.016144,3.016144,6.032288,0.0,0.0,3.431604,3.431604,1.715802,-0.407011,0.404354,0.811365,-0.001328,
F_WALLM_DIAGONA,models/variants/F_WALLM_DIAGONA.fbx,7400,279,1,-2.723052,3.016144,5.739196,0.146546,0.0,3.431604,3.431604,1.715802,-0.407011,0.404354,0.811365,-0.001328,
F_WALLM_H,models/variants/F_WALLM_H.fbx,7400,279,1,-1.708168,1.677114,3.385282,-0.015527,0.0,3.431604,3.431604,1.715802,-0.407011,0.404354,0.811365,-0.001328,
F_WALLM_WIN0,models/variants/F_WALLM_WIN0.fbx,7400,314,1,-2.983274,2.983274,5.966548,0.0,0.0,3.431604,3.431604,1.715802,-0.350536,0.350536,0.701072,0.0,
F_WALLM_WIN1,models/variants/F_WALLM_WIN1.fbx,7400,349,1,-2.687842,2.677777,5.365619,-0.005032,0.0,3.431604,3.431604,1.715802,-0.751148,0.751148,1.502296,0.0,
F_WALLM_WIN2,models/variants/F_WALLM_WIN2.fbx,7400,289,1,-2.687842,2.677777,5.365619,-0.005032,0.0,3.431604,3.431604,1.715802,-0.751148,0.751148,1.502296,0.0,
F_WALLM_WIN3,models/variants/F_WALLM_WIN3.fbx,7400,281,1,-2.687842,2.677777,5.365619,-0.005032,0.0,3.431604,3.431604,1.715802,-0.751148,0.751148,1.502296,0.0,
F_WALLT,models/variants/F_WALLT.fbx,7400,279,1,-3.016144,3.016144,6.032288,0.0,0.0,3.431604,3.431604,1.715802,-0.407011,0.404354,0.811365,-0.001328,
F_WALLT_DIAGONA,models/variants/F_WALLT_DIAGONA.fbx,7400,279,1,-2.723052,3.016144,5.739196,0.146546,0.0,3.431604,3.431604,1.715802,-0.407011,0.404354,0.811365,-0.001328,
F_WALLT_H,models/variants/F_WALLT_H.fbx,7400,279,1,-1.708168,1.677114,3.385282,-0.015527,0.0,3.431604,3.431604,1.715802,-0.407011,0.404354,0.811365,-0.001328,
F_WALLT_WIN0,models/variants/F_WALLT_WIN0.fbx,7400,314,1,-2.983274,2.983274,5.966548,0.0,0.0,3.431604,3.431604,1.715802,-0.350536,0.350536,0.701072,0.0,
F_WALLT_WIN1,models/variants/F_WALLT_WIN1.fbx,7400,349,1,-2.687842,2.677777,5.365619,-0.005032,0.0,3.431604,3.431604,1.715802,-0.751148,0.751148,1.502296,0.0,
F_WALLT_WIN2,models/variants/F_WALLT_WIN2.fbx,7400,289,1,-2.687842,2.677777,5.365619,-0.005032,0.0,3.431604,3.431604,1.715802,-0.751148,0.751148,1.502296,0.0,
F_WALLT_WIN3,models/variants/F_WALLT_WIN3.fbx,7400,281,1,-2.687842,2.677777,5.365619,-0.005032,0.0,3.431604,3.431604,1.715802,-0.751148,0.751148,1.502296,0.0,
S_ARCHB,models/variants/S_ARCHB.fbx,7400,90,1,-2.917358,2.899781,5.817139,-0.008788,0.0,3.394531,3.394531,1.697266,-0.286132,0.286133,0.572265,0.0,
S_ARCHB_H,models/variants/S_ARCHB_H.fbx,7400,48,1,-1.579837,1.33067,2.910507,-0.124583,0.0,3.394531,3.394531,1.697266,-0.286132,0.286133,0.572265,0.0,
S_ARCHM,models/variants/S_ARCHM.fbx,7400,90,1,-2.917358,2.899781,5.817139,-0.008788,0.0,3.394531,3.394531,1.697266,-0.286132,0.286133,0.572265,0.0,
S_ARCHM_H,models/variants/S_ARCHM_H.fbx,7400,48,1,-1.579837,1.33067,2.910507,-0.124583,0.0,3.394531,3.394531,1.697266,-0.286132,0.286133,0.572265,0.0,
S_ARCHT,models/variants/S_ARCHT.fbx,7400,90,1,-2.917358,2.899781,5.817139,-0.008788,0.0,3.394531,3.394531,1.697266,-0.286132,0.286133,0.572265,0.0,
S_ARCHT_H,models/variants/S_ARCHT_H.fbx,7400,48,1,-1.579837,1.33067,2.910507,-0.124583,0.0,3.394531,3.394531,1.697266,-0.286132,0.286133,0.572265,0.0,
S_DOORB0,models/variants/S_DOORB0.fbx,7400,44,1,-2.845703,2.845703,5.691406,0.0,0.0,3.332031,3.332031,1.666016,-0.2146,0.2146,0.4292,0.0,
S_DOORB0_H,models/variants/S_DOORB0_H.fbx,7400,60,1,-1.587736,1.588356,3.176092,0.00031,0.0,3.394531,3.394531,1.697266,-0.286132,0.286133,0.572265,0.0,
S_DOORB1,models/variants/S_DOORB1.fbx,7400,32,1,-2.845703,2.845703,5.691406,0.0,0.0,3.332031,3.332031,1.666016,-0.2146,0.2146,0.4292,0.0,
S_DOORM0,models/variants/S_DOORM0.fbx,7400,44,1,-2.845703,2.845703,5.691406,0.0,0.0,3.332031,3.332031,1.666016,-0.2146,0.2146,0.4292,0.0,
S_DOORM0_H,models/variants/S_DOORM0_H.fbx,7400,60,1,-1.587736,1.588356,3.176092,0.00031,0.0,3.394531,3.394531,1.697266,-0.286132,0.286133,0.572265,0.0,
S_DOORM1,models/variants/S_DOORM1.fbx,7400,32,1,-2.845703,2.845703,5.691406,0.0,0.0,3.332031,3.332031,1.666016,-0.2146,0.2146,0.4292,0.0,
S_DOORT0,models/variants/S_DOORT0.fbx,7400,44,1,-2.845703,2.845703,5.691406,0.0,0.0,3.332031,3.332031,1.666016,-0.2146,0.2146,0.4292,0.0,
S_DOORT0_H,models/variants/S_DOORT0_H.fbx,7400,60,1,-1.587736,1.588356,3.176092,0.00031,0.0,3.394531,3.394531,1.697266,-0.286132,0.286133,0.572265,0.0,
S_DOORT1,models/variants/S_DOORT1.fbx,7400,32,1,-2.845703,2.845703,5.691406,0.0,0.0,3.332031,3.332031,1.666016,-0.2146,0.2146,0.4292,0.0,
S_DOORWINB0,models/variants/S_DOORWINB0.fbx,7400,72,1,-2.917358,2.917978,5.835336,0.00031,0.0,3.394531,3.394531,1.697266,-0.286132,0.286133,0.572265,0.0,
S_DOORWINM0,models/variants/S_DOORWINM0.fbx,7400,72,1,-2.917358,2.917978,5.835336,0.00031,0.0,3.394531,3.394531,1.697266,-0.286132,0.286133,0.572265,0.0,
S_DOORWINT0,models/variants/S_DOORWINT0.fbx,7400,72,1,-2.917358,2.917978,5.835336,0.00031,0.0,3.394531,3.394531,1.697266,-0.286132,0.286133,0.572265,0.0,
S_GDOORB0,models/variants/S_GDOORB0.fbx,7400,80,1,-2.845703,2.845703,5.691406,0.0,0.0,3.332031,3.332031,1.666016,-2.799837,0.317798,3.117635,-1.24102,
S_GDOORM0,models/variants/S_GDOORM0.fbx,7400,80,1,-2.845703,2.845703,5.691406,0.0,0.0,3.332031,3.332031,1.666016,-2.799837,0.317798,3.117635,-1.24102,
S_GDOORT0,models/variants/S_GDOORT0.fbx,7400,80,1,-2.845703,2.845703,5.691406,0.0,0.0,3.332031,3.332031,1.666016,-2.799837,0.317798,3.117635,-1.24102,
S_WALLB,models/variants/S_WALLB.fbx,7400,144,1,-2.845703,2.845703,5.691406,0.0,0.0,3.332031,3.332031,1.666016,-0.339111,0.339112,0.678223,1e-06,
S_WALLB_DIAGONA,models/variants/S_WALLB_DIAGONA.fbx,7400,48,1,-2.917358,2.917978,5.835336,0.00031,0.0,3.394531,3.394531,1.697266,-0.286132,0.286133,0.572265,0.0,
S_WALLB_H,models/variants/S_WALLB_H.fbx,7400,44,1,-1.511719,1.511719,3.023438,0.0,-0.070984,3.404297,3.475281,1.666657,-0.2146,0.2146,0.4292,0.0,
S_WALLB_WIN0,models/variants/S_WALLB_WIN0.fbx,7400,64,1,-2.917358,2.917978,5.835336,0.00031,0.0,3.394531,3.394531,1.697266,-0.286132,0.286133,0.572265,0.0,
S_WALLB_WIN1,models/variants/S_WALLB_WIN1.fbx,7400,184,1,-2.917358,2.917978,5.835336,0.00031,0.0,3.332031,3.332031,1.666016,-0.339111,0.339112,0.678223,1e-06,
S_WALLB_WIN2,models/variants/S_WALLB_WIN2.fbx,7400,64,1,-2.917358,2.917978,5.835336,0.00031,0.0,3.332031,3.332031,1.666016,-0.286132,0.286133,0.572265,0.0,
S_WALLB_WIN3,models/variants/S_WALLB_WIN3.fbx,7400,88,1,-2.917358,2.917978,5.835336,0.00031,0.0,3.394531,3.394531,1.697266,-0.286132,0.286133,0.572265,0.0,
S_WALLM,models/variants/S_WALLM.fbx,7400,144,1,-2.845703,2.845703,5.691406,0.0,0.0,3.332031,3.332031,1.666016,-0.339111,0.339112,0.678223,1e-06,
S_WALLM_DIAGONA,models/variants/S_WALLM_DIAGONA.fbx,7400,48,1,-2.917358,2.917978,5.835336,0.00031,0.0,3.394531,3.394531,1.697266,-0.286132,0.286133,0.572265,0.0,
S_WALLM_H,models/variants/S_WALLM_H.fbx,7400,44,1,-1.511719,1.511719,3.023438,0.0,-0.070984,3.404297,3.475281,1.666657,-0.2146,0.2146,0.4292,0.0,
S_WALLM_WIN0,models/variants/S_WALLM_WIN0.fbx,7400,64,1,-2.917358,2.917978,5.835336,0.00031,0.0,3.394531,3.394531,1.697266,-0.286132,0.286133,0.572265,0.0,
S_WALLM_WIN1,models/variants/S_WALLM_WIN1.fbx,7400,184,1,-2.917358,2.917978,5.835336,0.00031,0.0,3.332031,3.332031,1.666016,-0.339111,0.339112,0.678223,1e-06,
S_WALLM_WIN2,models/variants/S_WALLM_WIN2.fbx,7400,64,1,-2.917358,2.917978,5.835336,0.00031,0.0,3.332031,3.332031,1.666016,-0.286132,0.286133,0.572265,0.0,
S_WALLM_WIN3,models/variants/S_WALLM_WIN3.fbx,7400,88,1,-2.917358,2.917978,5.835336,0.00031,0.0,3.394531,3.394531,1.697266,-0.286132,0.286133,0.572265,0.0,
S_WALLT,models/variants/S_WALLT.fbx,7400,144,1,-2.845703,2.845703,5.691406,0.0,0.0,3.332031,3.332031,1.666016,-0.339111,0.339112,0.678223,1e-06,
S_WALLT_DIAGONA,models/variants/S_WALLT_DIAGONA.fbx,7400,48,1,-2.917358,2.917978,5.835336,0.00031,0.0,3.394531,3.394531,1.697266,-0.286132,0.286133,0.572265,0.0,
S_WALLT_H,models/variants/S_WALLT_H.fbx,7400,44,1,-1.511719,1.511719,3.023438,0.0,-0.070984,3.404297,3.475281,1.666657,-0.2146,0.2146,0.4292,0.0,
S_WALLT_WIN0,models/variants/S_WALLT_WIN0.fbx,7400,64,1,-2.917358,2.917978,5.835336,0.00031,0.0,3.394531,3.394531,1.697266,-0.286132,0.286133,0.572265,0.0,
S_WALLT_WIN1,models/variants/S_WALLT_WIN1.fbx,7400,184,1,-2.917358,2.917978,5.835336,0.00031,0.0,3.332031,3.332031,1.666016,-0.339111,0.339112,0.678223,1e-06,
S_WALLT_WIN2,models/variants/S_WALLT_WIN2.fbx,7400,64,1,-2.917358,2.917978,5.835336,0.00031,0.0,3.332031,3.332031,1.666016,-0.286132,0.286133,0.572265,0.0,
S_WALLT_WIN3,models/variants/S_WALLT_WIN3.fbx,7400,88,1,-2.917358,2.917978,5.835336,0.00031,0.0,3.394531,3.394531,1.697266,-0.286132,0.286133,0.572265,0.0,
T_ARCHB,models/variants/T_ARCHB.fbx,7400,140,1,-2.846914,2.710622,5.557536,-0.068146,-0.007507,3.343529,3.351036,1.668011,-0.207776,0.223784,0.43156,0.008004,
T_ARCHB_H,models/variants/T_ARCHB_H.fbx,7400,76,1,-1.467264,1.379806,2.84707,-0.043729,-0.007507,3.343529,3.351036,1.668011,-0.178706,0.181633,0.360339,0.001463,
T_ARCHM,models/variants/T_ARCHM.fbx,7400,140,1,-2.846914,2.710622,5.557536,-0.068146,-0.007507,3.343529,3.351036,1.668011,-0.207776,0.223784,0.43156,0.008004,
T_ARCHM_H,models/variants/T_ARCHM_H.fbx,7400,76,1,-1.467264,1.379806,2.84707,-0.043729,-0.007507,3.343529,3.351036,1.668011,-0.178706,0.181633,0.360339,0.001463,
T_ARCHT,models/variants/T_ARCHT.fbx,7400,140,1,-2.846914,2.710622,5.557536,-0.068146,-0.007507,3.343529,3.351036,1.668011,-0.207776,0.223784,0.43156,0.008004,
T_ARCHT_H,models/variants/T_ARCHT_H.fbx,7400,76,1,-1.467264,1.379806,2.84707,-0.043729,-0.007507,3.343529,3.351036,1.668011,-0.178706,0.181633,0.360339,0.001463,
T_DOORB0,models/variants/T_DOORB0.fbx,7400,136,1,-2.846914,2.846914,5.693828,0.0,-0.007507,3.343529,3.351036,1.668011,-0.238889,0.238889,0.477778,0.0,
T_DOORB0_H,models/variants/T_DOORB0_H.fbx,7400,108,1,-1.528334,1.528334,3.056668,0.0,-0.007507,3.343529,3.351036,1.668011,-0.177778,0.177778,0.355556,0.0,
T_DOORB1,models/variants/T_DOORB1.fbx,7400,136,1,-2.846914,2.846914,5.693828,0.0,-0.007507,3.343529,3.351036,1.668011,-0.238889,0.238889,0.477778,0.0,
T_DOORM0,models/variants/T_DOORM0.fbx,7400,136,1,-2.846914,2.846914,5.693828,0.0,-0.007507,3.343529,3.351036,1.668011,-0.238889,0.238889,0.477778,0.0,
T_DOORM0_H,models/variants/T_DOORM0_H.fbx,7400,108,1,-1.528334,1.528334,3.056668,0.0,-0.007507,3.343529,3.351036,1.668011,-0.177778,0.177778,0.355556,0.0,
T_DOORM1,models/variants/T_DOORM1.fbx,7400,136,1,-2.846914,2.846914,5.693828,0.0,-0.007507,3.343529,3.351036,1.668011,-0.238889,0.238889,0.477778,0.0,
T_DOORT0,models/variants/T_DOORT0.fbx,7400,136,1,-2.846914,2.846914,5.693828,0.0,-0.007507,3.343529,3.351036,1.668011,-0.238889,0.238889,0.477778,0.0,
T_DOORT0_H,models/variants/T_DOORT0_H.fbx,7400,108,1,-1.528334,1.528334,3.056668,0.0,-0.007507,3.343529,3.351036,1.668011,-0.177778,0.177778,0.355556,0.0,
T_DOORT1,models/variants/T_DOORT1.fbx,7400,136,1,-2.846914,2.846914,5.693828,0.0,-0.007507,3.343529,3.351036,1.668011,-0.238889,0.238889,0.477778,0.0,
T_DOORWINB0,models/variants/T_DOORWINB0.fbx,7400,122,1,-2.713652,2.703962,5.417614,-0.004845,-0.007507,3.343529,3.351036,1.668011,-0.059687,0.059687,0.119374,0.0,
T_DOORWINM0,models/variants/T_DOORWINM0.fbx,7400,122,1,-2.713652,2.703962,5.417614,-0.004845,-0.007507,3.343529,3.351036,1.668011,-0.059687,0.059687,0.119374,0.0,
T_DOORWINT0,models/variants/T_DOORWINT0.fbx,7400,122,1,-2.713652,2.703962,5.417614,-0.004845,-0.007507,3.343529,3.351036,1.668011,-0.059687,0.059687,0.119374,0.0,
T_GDOORB0,models/variants/T_GDOORB0.fbx,7400,104,1,-2.713652,2.703962,5.417614,-0.004845,-0.007507,3.343529,3.351036,1.668011,-1.525555,0.230531,1.756086,-0.647512,
T_GDOORM0,models/variants/T_GDOORM0.fbx,7400,104,1,-2.713652,2.703962,5.417614,-0.004845,-0.007507,3.343529,3.351036,1.668011,-1.525555,0.230531,1.756086,-0.647512,
T_GDOORT0,models/variants/T_GDOORT0.fbx,7400,104,1,-2.713652,2.703962,5.417614,-0.004845,-0.007507,3.343529,3.351036,1.668011,-1.525555,0.230531,1.756086,-0.647512,
T_WALLB,models/variants/T_WALLB.fbx,7400,48,1,-2.713652,2.703962,5.417614,-0.004845,-0.007507,3.343529,3.351036,1.668011,-0.059687,0.059687,0.119374,0.0,
T_WALLB_DIAGONA,models/variants/T_WALLB_DIAGONA.fbx,7400,56,1,-2.713652,2.703962,5.417614,-0.004845,-0.007507,3.34353,3.351037,1.668011,-0.059687,0.059687,0.119374,0.0,
T_WALLB_H,models/variants/T_WALLB_H.fbx,7400,48,1,-1.358586,1.348898,2.707484,-0.004844,-0.007507,3.343529,3.351036,1.668011,-0.059687,0.059687,0.119374,0.0,
T_WALLB_WIN0,models/variants/T_WALLB_WIN0.fbx,7400,112,1,-2.733619,2.734087,5.467706,0.000234,-0.007507,3.343529,3.351036,1.668011,-0.074921,0.074921,0.149842,0.0,
T_WALLB_WIN1,models/variants/T_WALLB_WIN1.fbx,7400,88,1,-2.838684,2.838684,5.677368,0.0,-0.007507,3.343529,3.351036,1.668011,-0.177778,0.177778,0.355556,0.0,
T_WALLB_WIN2,models/variants/T_WALLB_WIN2.fbx,7400,88,1,-2.713652,2.703962,5.417614,-0.004845,-0.007507,3.343529,3.351036,1.668011,-0.177778,0.177778,0.355556,0.0,
T_WALLB_WIN3,models/variants/T_WALLB_WIN3.fbx,7400,76,1,-2.713652,2.703962,5.417614,-0.004845,-0.007507,3.343529,3.351036,1.668011,-0.059687,0.059687,0.119374,0.0,
T_WALLM,models/variants/T_WALLM.fbx,7400,48,1,-2.713652,2.703962,5.417614,-0.004845,-0.007507,3.343529,3.351036,1.668011,-0.059687,0.059687,0.119374,0.0,
T_WALLM_DIAGONA,models/variants/T_WALLM_DIAGONA.fbx,7400,56,1,-2.713652,2.703962,5.417614,-0.004845,-0.007507,3.34353,3.351037,1.668011,-0.059687,0.059687,0.119374,0.0,
T_WALLM_H,models/variants/T_WALLM_H.fbx,7400,48,1,-1.358586,1.348898,2.707484,-0.004844,-0.007507,3.343529,3.351036,1.668011,-0.059687,0.059687,0.119374,0.0,
T_WALLM_WIN0,models/variants/T_WALLM_WIN0.fbx,7400,112,1,-2.733619,2.734087,5.467706,0.000234,-0.007507,3.343529,3.351036,1.668011,-0.074921,0.074921,0.149842,0.0,
T_WALLM_WIN1,models/variants/T_WALLM_WIN1.fbx,7400,88,1,-2.838684,2.838684,5.677368,0.0,-0.007507,3.343529,3.351036,1.668011,-0.177778,0.177778,0.355556,0.0,
T_WALLM_WIN2,models/variants/T_WALLM_WIN2.fbx,7400,88,1,-2.713652,2.703962,5.417614,-0.004845,-0.007507,3.343529,3.351036,1.668011,-0.177778,0.177778,0.355556,0.0,
T_WALLM_WIN3,models/variants/T_WALLM_WIN3.fbx,7400,76,1,-2.713652,2.703962,5.417614,-0.004845,-0.007507,3.343529,3.351036,1.668011,-0.059687,0.059687,0.119374,0.0,
T_WALLT,models/variants/T_WALLT.fbx,7400,48,1,-2.713652,2.703962,5.417614,-0.004845,-0.007507,3.343529,3.351036,1.668011,-0.059687,0.059687,0.119374,0.0,
T_WALLT_DIAGONA,models/variants/T_WALLT_DIAGONA.fbx,7400,56,1,-2.713652,2.703962,5.417614,-0.004845,-0.007507,3.34353,3.351037,1.668011,-0.059687,0.059687,0.119374,0.0,
T_WALLT_H,models/variants/T_WALLT_H.fbx,7400,48,1,-1.358586,1.348898,2.707484,-0.004844,-0.007507,3.343529,3.351036,1.668011,-0.059687,0.059687,0.119374,0.0,
T_WALLT_WIN0,models/variants/T_WALLT_WIN0.fbx,7400,112,1,-2.733619,2.734087,5.467706,0.000234,-0.007507,3.343529,3.351036,1.668011,-0.074921,0.074921,0.149842,0.0,
T_WALLT_WIN1,models/variants/T_WALLT_WIN1.fbx,7400,88,1,-2.838684,2.838684,5.677368,0.0,-0.007507,3.343529,3.351036,1.668011,-0.177778,0.177778,0.355556,0.0,
T_WALLT_WIN2,models/variants/T_WALLT_WIN2.fbx,7400,88,1,-2.713652,2.703962,5.417614,-0.004845,-0.007507,3.343529,3.351036,1.668011,-0.177778,0.177778,0.355556,0.0,
T_WALLT_WIN3,models/variants/T_WALLT_WIN3.fbx,7400,76,1,-2.713652,2.703962,5.417614,-0.004845,-0.007507,3.343529,3.351036,1.668011,-0.059687,0.059687,0.119374,0.0,
BUILDDECAL,models/wall_art/BUILDDECAL.fbx,7400,56,1,-0.457493,0.457493,0.914986,0.0,0.0,0.087555,0.087555,0.043777,-0.407494,0.437774,0.845268,0.01514,
BUILDDECAL2,models/wall_art/BUILDDECAL2.fbx,7400,24,1,-1.598007,1.598007,3.196014,0.0,0.0,0.053788,0.053788,0.026894,-0.00683,0.214755,0.221585,0.103962,
BUILDDECALNMS,models/wall_art/BUILDDECALNMS.fbx,7400,66,1,-0.524363,0.542297,1.06666,0.008967,-3.7e-05,0.060597,0.060634,0.03028,-0.784898,0.989003,1.773901,0.102053,
BUILDDECALNUM0,models/wall_art/BUILDDECALNUM0.fbx,7400,63,1,-0.293447,0.299946,0.593393,0.00325,0.0,0.1,0.1,0.05,-0.419027,0.639337,1.058364,0.110155,
BUILDDECALNUM1,models/wall_art/BUILDDECALNUM1.fbx,7400,30,1,-0.159561,0.155106,0.314667,-0.002228,0.0,0.1,0.1,0.05,-0.419027,0.653071,1.072098,0.117022,
BUILDDECALNUM2,models/wall_art/BUILDDECALNUM2.fbx,7400,110,1,-0.290597,0.296673,0.58727,0.003038,-0.000246,0.1,0.100246,0.049877,-0.419027,0.653071,1.072098,0.117022,
BUILDDECALNUM3,models/wall_art/BUILDDECALNUM3.fbx,7400,100,1,-0.30075,0.294426,0.595176,-0.003162,-0.000516,0.1,0.100516,0.049742,-0.419027,0.668652,1.087679,0.124812,
BUILDDECALNUM4,models/wall_art/BUILDDECALNUM4.fbx,7400,95,1,-0.310198,0.301753,0.611951,-0.004222,-0.0,0.1,0.1,0.05,-0.419027,0.64625,1.065277,0.113612,
BUILDDECALNUM5,models/wall_art/BUILDDECALNUM5.fbx,7400,88,1,-0.293242,0.262651,0.555893,-0.015296,-0.000295,0.1,0.100295,0.049853,-0.419027,0.661375,1.080402,0.121174,
BUILDDECALNUM6,models/wall_art/BUILDDECALNUM6.fbx,7400,96,1,-0.295289,0.29155,0.586839,-0.001869,-0.0001,0.1,0.1001,0.04995,-0.419027,0.664944,1.083971,0.122958,
BUILDDECALNUM7,models/wall_art/BUILDDECALNUM7.fbx,7400,102,1,-0.267252,0.273299,0.540551,0.003024,-0.000336,0.1,0.100336,0.049832,-0.419027,0.653071,1.072098,0.117022,
BUILDDECALNUM8,models/wall_art/BUILDDECALNUM8.fbx,7400,120,1,-0.302799,0.297963,0.600762,-0.002418,-0.000681,0.1,0.100681,0.04966,-0.419027,0.669716,1.088743,0.125344,
BUILDDECALNUM9,models/wall_art/BUILDDECALNUM9.fbx,7400,106,1,-0.286409,0.287491,0.5739,0.000541,-0.000177,0.1,0.100177,0.049912,-0.419027,0.66809,1.087117,0.124531,
BUILDDECALSIMP1,models/wall_art/BUILDDECALSIMP1.fbx,7400,326,1,-0.737701,0.737701,1.475402,0.0,0.0,0.069154,0.069154,0.034577,-0.74217,0.743693,1.485863,0.000762,
BUILDDECALSIMP2,models/wall_art/BUILDDECALSIMP2.fbx,7400,44,1,-0.782168,0.782168,1.564336,0.0,-0.000119,0.066609,0.066728,0.033245,-0.850519,0.873348,1.723867,0.011414,
BUILDDECALSIMP3,models/wall_art/BUILDDECALSIMP3.fbx,7400,38,1,-0.59612,0.612693,1.208813,0.008287,0.005417,0.044188,0.038771,0.024803,-0.625917,0.702492,1.328409,0.038287,
BUILDDECALSIMP4,models/wall_art/BUILDDECALSIMP4.fbx,7400,40,1,-0.849511,0.848526,1.698037,-0.000493,0.0,0.067165,0.067165,0.033583,-0.834206,0.89606,1.730266,0.030927,
BUILDDECALVIS1,models/wall_art/BUILDDECALVIS1.fbx,7400,36,1,-0.700563,0.700563,1.401126,0.0,0.0,0.066609,0.066609,0.033305,-0.834427,0.833744,1.668171,-0.000342,
BUILDDECALVIS2,models/wall_art/BUILDDECALVIS2.fbx,7400,36,1,-0.858333,0.858333,1.716666,0.0,0.0,0.066609,0.066609,0.033305,-0.834427,0.833744,1.668171,-0.000342,
BUILDDECALVIS3,models/wall_art/BUILDDECALVIS3.fbx,7400,36,1,-0.700563,0.700563,1.401126,0.0,0.0,0.066609,0.066609,0.033305,-0.921587,0.921587,1.843174,0.0,
BUILDDECALVIS4,models/wall_art/BUILDDECALVIS4.fbx,7400,70,1,-0.7,0.729829,1.429829,0.014915,0.0,0.13,0.13,0.065,-0.707767,0.754499,1.462266,0.023366,
BUILDDECALVIS5,models/wall_art/BUILDDECALVIS5.fbx,7400,100,1,-0.648498,0.638478,1.286976,-0.00501,0.014115,0.118962,0.104847,0.066538,-0.73691,0.589068,1.325978,-0.073921,
DECAL_AF,models/wall_art/DECAL_AF.fbx,7400,24,1,-1.0,1.0,2.0,0.0,-0.165656,0.165656,0.331312,0.0,-1.0,1.0,2.0,0.0,
DECAL_AGT,models/wall_art/DECAL_AGT.fbx,7400,128,1,-1.0,1.0,2.0,0.0,0.0,0.081469,0.081469,0.040734,-1.0,1.0,2.0,0.0,
DECAL_AMINO,models/wall_art/DECAL_AMINO.fbx,7400,174,1,-1.0,1.0,2.0,0.0,0.0,0.081469,0.081469,0.040734,-1.0,1.0,2.0,0.0,
DECAL_BIOME3,models/wall_art/DECAL_BIOME3.fbx,7400,304,1,-1.0,1.0,2.0,0.0,0.0,0.081469,0.081469,0.040734,-1.0,1.0,2.0,0.0,
DECAL_BLUESYS,models/wall_art/DECAL_BLUESYS.fbx,7400,24,1,-1.0,1.0,2.0,0.0,-0.165656,0.165656,0.331312,0.0,-1.0,1.0,2.0,0.0,
DECAL_BONEJUDGE,models/wall_art/DECAL_BONEJUDGE.fbx,7400,42,1,-1.0,1.0,2.0,0.0,-0.118057,0.118057,0.236114,0.0,-1.0,1.0,2.0,0.0,
DECAL_BONESOUP,models/wall_art/DECAL_BONESOUP.fbx,7400,42,1,-1.0,1.0,2.0,0.0,-0.118057,0.118057,0.236114,0.0,-1.0,1.0,2.0,0.0,
DECAL_CAFE,models/wall_art/DECAL_CAFE.fbx,7400,272,1,-1.0,1.0,2.0,0.0,0.0,0.081469,0.081469,0.040734,-1.0,1.0,2.0,0.0,
DECAL_CPLANET1,models/wall_art/DECAL_CPLANET1.fbx,7400,224,1,-0.888911,0.866025,1.754936,-0.011443,0.0,0.081469,0.081469,0.040734,-1.0,1.0,2.0,0.0,
DECAL_CREBEETLE,models/wall_art/DECAL_CREBEETLE.fbx,7400,24,1,-1.0,1.0,2.0,0.0,-0.165656,0.165656,0.331312,0.0,-1.0,1.0,2.0,0.0,
DECAL_CREFLY,models/wall_art/DECAL_CREFLY.fbx,7400,24,1,-1.0,1.0,2.0,0.0,-0.165656,0.165656,0.331312,0.0,-1.0,1.0,2.0,0.0,
DECAL_CREPAWS,models/wall_art/DECAL_CREPAWS.fbx,7400,24,1,-1.0,1.0,2.0,0.0,-0.165656,0.165656,0.331312,0.0,-1.0,1.0,2.0,0.0,
DECAL_EXTINCT,models/wall_art/DECAL_EXTINCT.fbx,7400,42,1,-1.0,1.0,2.0,0.0,-0.118057,0.118057,0.236114,0.0,-1.0,1.0,2.0,0.0,
DECAL_FPLANET2,models/wall_art/DECAL_FPLANET2.fbx,7400,24,1,-1.0,1.0,2.0,0.0,-0.165656,0.165656,0.331312,0.0,-1.0,1.0,2.0,0.0,
DECAL_GALCORE,models/wall_art/DECAL_GALCORE.fbx,7400,314,1,-1.0,1.0,2.0,0.0,0.0,0.081469,0.081469,0.040734,-1.0,1.0,2.0,0.0,
DECAL_HAZARD,models/wall_art/DECAL_HAZARD.fbx,7400,42,1,-0.663776,0.663776,1.327552,0.0,-0.118057,0.118057,0.236114,0.0,-0.663776,0.663776,1.327552,0.0,
DECAL_HORROR,models/wall_art/DECAL_HORROR.fbx,7400,42,1,-0.663776,0.663776,1.327552,0.0,-0.118057,0.118057,0.236114,0.0,-0.663776,0.663776,1.327552,0.0,
DECAL_JELLY,models/wall_art/DECAL_JELLY.fbx,7400,42,1,-0.663776,0.663776,1.327552,0.0,-0.118057,0.118057,0.236114,0.0,-0.663776,0.663776,1.327552,0.0,
DECAL_NEXUSM,models/wall_art/DECAL_NEXUSM.fbx,7400,220,1,-0.770491,0.770491,1.540982,0.0,0.0,0.081469,0.081469,0.040734,-1.0,1.0,2.0,0.0,
DECAL_NMSCORD,models/wall_art/DECAL_NMSCORD.fbx,7400,24,1,-1.0,1.0,2.0,0.0,-0.165656,0.165656,0.331312,0.0,-1.0,1.0,2.0,0.0,
DECAL_NMS_FR,models/wall_art/DECAL_NMS_FR.fbx,7400,24,1,-1.0,1.0,2.0,0.0,-0.165656,0.165656,0.331312,0.0,-1.0,1.0,2.0,0.0,
DECAL_PEEP,models/wall_art/DECAL_PEEP.fbx,7400,24,1,-1.0,1.0,2.0,0.0,-0.165656,0.165656,0.331312,0.0,-1.0,1.0,2.0,0.0,
DECAL_PIRATESYS,models/wall_art/DECAL_PIRATESYS.fbx,7400,24,1,-1.0,1.0,2.0,0.0,-0.165656,0.165656,0.331312,0.0,-1.0,1.0,2.0,0.0,
DECAL_QIT,models/wall_art/DECAL_QIT.fbx,7400,132,1,-1.0,1.0,2.0,0.0,0.0,0.081469,0.081469,0.040734,-1.0,1.0,2.0,0.0,
DECAL_RUINMECH,models/wall_art/DECAL_RUINMECH.fbx,7400,42,1,-1.0,1.0,2.0,0.0,-0.118057,0.118057,0.236114,0.0,-1.0,1.0,2.0,0.0,
DECAL_SCAN,models/wall_art/DECAL_SCAN.fbx,7400,42,1,-1.0,1.0,2.0,0.0,-0.118057,0.118057,0.236114,0.0,-1.0,1.0,2.0,0.0,
DECAL_SHIP1,models/wall_art/DECAL_SHIP1.fbx,7400,24,1,-1.0,1.0,2.0,0.0,-0.165656,0.165656,0.331312,0.0,-1.0,1.0,2.0,0.0,
DECAL_SKULL,models/wall_art/DECAL_SKULL.fbx,7400,42,1,-0.663776,0.663776,1.327552,0.0,-0.118057,0.118057,0.236114,0.0,-0.663776,0.663776,1.327552,0.0,
DECAL_SPOOKATL,models/wall_art/DECAL_SPOOKATL.fbx,7400,24,1,-1.0,1.0,2.0,0.0,-0.165656,0.165656,0.331312,0.0,-1.0,1.0,2.0,0.0,
DECAL_STARTSHIP,models/wall_art/DECAL_STARTSHIP.fbx,7400,364,1,-0.770491,0.770491,1.540982,0.0,0.0,0.081469,0.081469,0.040734,-1.0,1.0,2.0,0.0,
DECAL_TOSTARS,models/wall_art/DECAL_TOSTARS.fbx,7400,24,1,-1.0,1.0,2.0,0.0,-0.165656,0.165656,0.331312,0.0,-1.0,1.0,2.0,0.0,
DECAL_UFT,models/wall_art/DECAL_UFT.fbx,7400,118,1,-1.0,1.0,2.0,0.0,0.0,0.081469,0.081469,0.040734,-1.0,1.0,2.0,0.0,
DECAL_UN42,models/wall_art/DECAL_UN42.fbx,7400,24,1,-1.0,1.0,2.0,0.0,-0.165656,0.165656,0.331312,0.0,-1.0,1.0,2.0,0.0,
DECAL_UWTREAS,models/wall_art/DECAL_UWTREAS.fbx,7400,288,1,-0.866025,0.866025,1.73205,0.0,0.0,0.081469,0.081469,0.040734,-1.0,1.0,2.0,0.0,
DECAL_WORM_P1,models/wall_art/DECAL_WORM_P1.fbx,7400,24,1,-1.0,1.0,2.0,0.0,-0.165656,0.165656,0.331312,0.0,-1.0,1.0,2.0,0.0,
DECAL_WORM_P2,models/wall_art/DECAL_WORM_P2.fbx,7400,24,1,-1.0,1.0,2.0,0.0,-0.165656,0.165656,0.331312,0.0,-1.0,1.0,2.0,0.0,
DECAL_WORM_P3,models/wall_art/DECAL_WORM_P3.fbx,7400,24,1,-1.0,1.0,2.0,0.0,-0.165656,0.165656,0.331312,0.0,-1.0,1.0,2.0,0.0,
DECAL_WORM_P4,models/wall_art/DECAL_WORM_P4.fbx,7400,24,1,-1.0,1.0,2.0,0.0,-0.165656,0.165656,0.331312,0.0,-1.0,1.0,2.0,0.0,
DECAL_WORM_P5,models/wall_art/DECAL_WORM_P5.fbx,7400,24,1,-1.0,1.0,2.0,0.0,-0.165656,0.165656,0.331312,0.0,-1.0,1.0,2.0,0.0,
EXPD_DECAL01,models/wall_art/EXPD_DECAL01.fbx,7400,664,1,-0.63964,0.63964,1.27928,0.0,0.0,0.130829,0.130829,0.065415,-0.83356,0.666024,1.499584,-0.083768,
EXPD_DECAL02,models/wall_art/EXPD_DECAL02.fbx,7400,746,1,-1.033617,1.033617,2.067234,0.0,0.0,0.130829,0.130829,0.065415,-0.355101,0.394857,0.749958,0.019878,
EXPD_DECAL03,models/wall_art/EXPD_DECAL03.fbx,7400,774,1,-0.836619,0.836619,1.673238,0.0,0.0,0.130829,0.130829,0.065415,-0.662704,0.649455,1.312159,-0.006624,
EXPD_DECAL04,models/wall_art/EXPD_DECAL04.fbx,7400,24,1,-1.0,1.0,2.0,0.0,-0.165656,0.165656,0.331312,0.0,-1.0,1.0,2.0,0.0,
EXPD_DECAL05,models/wall_art/EXPD_DECAL05.fbx,7400,24,1,-1.0,1.0,2.0,0.0,-0.165656,0.165656,0.331312,0.0,-0.574707,0.574707,1.149414,0.0,
EXPD_DECAL06,models/wall_art/EXPD_DECAL06.fbx,7400,24,1,-1.0,1.0,2.0,0.0,-0.165656,0.165656,0.331312,0.0,-1.0,1.0,2.0,0.0,
EXPD_DECAL07,models/wall_art/EXPD_DECAL07.fbx,7400,24,1,-1.0,1.0,2.0,0.0,-0.165656,0.165656,0.331312,0.0,-1.0,1.0,2.0,0.0,
EXPD_DECAL08,models/wall_art/EXPD_DECAL08.fbx,7400,24,1,-1.0,1.0,2.0,0.0,-0.165656,0.165656,0.331312,0.0,-0.574707,0.574707,1.149414,0.0,
EXPD_DECAL09,models/wall_art/EXPD_DECAL09.fbx,7400,24,1,-1.0,1.0,2.0,0.0,-0.165656,0.165656,0.331312,0.0,-1.0,1.0,2.0,0.0,
EXPD_DECAL10,models/wall_art/EXPD_DECAL10.fbx,7400,24,1,-1.0,1.0,2.0,0.0,-0.165656,0.165656,0.331312,0.0,-1.0,1.0,2.0,0.0,
EXPD_DECAL11,models/wall_art/EXPD_DECAL11.fbx,7400,24,1,-1.0,1.0,2.0,0.0,-0.165656,0.165656,0.331312,0.0,-1.0,1.0,2.0,0.0,
EXPD_DECAL12,models/wall_art/EXPD_DECAL12.fbx,7400,24,1,-1.0,1.0,2.0,0.0,-0.165656,0.165656,0.331312,0.0,-1.0,1.0,2.0,0.0,
EXPD_DECAL13,models/wall_art/EXPD_DECAL13.fbx,7400,24,1,-1.0,1.0,2.0,0.0,-0.165656,0.165656,0.331312,0.0,-1.0,1.0,2.0,0.0,
EXPD_DECAL14,models/wall_art/EXPD_DECAL14.fbx,7400,24,1,-1.0,1.0,2.0,0.0,-0.165656,0.165656,0.331312,0.0,-1.0,1.0,2.0,0.0,
EXPD_DECAL15,models/wall_art/EXPD_DECAL15.fbx,7400,24,1,-1.0,1.0,2.0,0.0,-0.165656,0.165656,0.331312,0.0,-1.0,1.0,2.0,0.0,
EXPD_DECAL16,models/wall_art/EXPD_DECAL16.fbx,7400,24,1,-1.0,1.0,2.0,0.0,-0.165656,0.165656,0.331312,0.0,-1.0,1.0,2.0,0.0,
EXPD_DECAL17,models/wall_art/EXPD_DECAL17.fbx,7400,24,1,-1.0,1.0,2.0,0.0,-0.165656,0.165656,0.331312,0.0,-1.0,1.0,2.0,0.0,
EXPD_DECAL18,models/wall_art/EXPD_DECAL18.fbx,7400,24,1,-1.0,1.0,2.0,0.0,-0.165656,0.165656,0.331312,0.0,-1.0,1.0,2.0,0.0,
EXPD_DECAL19,models/wall_art/EXPD_DECAL19.fbx,7400,24,1,-1.0,1.0,2.0,0.0,-0.165656,0.165656,0.331312,0.0,-1.0,1.0,2.0,0.0,
EXPD_DECAL20,models/wall_art/EXPD_DECAL20.fbx,7400,24,1,-1.0,1.0,2.0,0.0,-0.165656,0.165656,0.331312,0.0,-1.0,1.0,2.0,0.0,
EXPD_DECAL21,models/wall_art/EXPD_DECAL21.fbx,7400,24,1,-1.0,1.0,2.0,0.0,-0.165656,0.165656,0.331312,0.0,-1.0,1.0,2.0,0.0,
EXPD_POSTER05A,models/wall_art/EXPD_POSTER05A.fbx,7400,4,1,-0.394287,0.394287,0.788574,0.0,-0.0,-0.0,0.0,-0.0,-0.539551,0.539551,1.079102,0.0,
EXPD_POSTER05B,models/wall_art/EXPD_POSTER05B.fbx,7400,4,1,-0.394287,0.394287,0.788574,0.0,-0.0,-0.0,0.0,-0.0,-0.539551,0.539551,1.079102,0.0,
EXPD_POSTER05C,models/wall_art/EXPD_POSTER05C.fbx,7400,4,1,-0.394287,0.394287,0.788574,0.0,-0.0,-0.0,0.0,-0.0,-0.539551,0.539551,1.079102,0.0,
EXPD_POSTER06A,models/wall_art/EXPD_POSTER06A.fbx,7400,4,1,-0.394287,0.394287,0.788574,0.0,-0.0,-0.0,0.0,-0.0,-0.539551,0.539551,1.079102,0.0,
EXPD_POSTER06B,models/wall_art/EXPD_POSTER06B.fbx,7400,4,1,-0.394287,0.394287,0.788574,0.0,-0.0,-0.0,0.0,-0.0,-0.539551,0.539551,1.079102,0.0,
EXPD_POSTER06C,models/wall_art/EXPD_POSTER06C.fbx,7400,4,1,-0.394287,0.394287,0.788574,0.0,-0.0,-0.0,0.0,-0.0,-0.539551,0.539551,1.079102,0.0,
EXPD_POSTER07A,models/wall_art/EXPD_POSTER07A.fbx,7400,4,1,-0.39624,0.39624,0.79248,0.0,-0.0,-0.0,0.0,-0.0,-0.544922,0.544922,1.089844,0.0,
EXPD_POSTER07B,models/wall_art/EXPD_POSTER07B.fbx,7400,4,1,-0.39624,0.39624,0.79248,0.0,-0.0,-0.0,0.0,-0.0,-0.544922,0.544922,1.089844,0.0,
EXPD_POSTER07C,models/wall_art/EXPD_POSTER07C.fbx,7400,4,1,-0.39624,0.39624,0.79248,0.0,-0.0,-0.0,0.0,-0.0,-0.544922,0.544922,1.089844,0.0,
EXPD_POSTER08A,models/wall_art/EXPD_POSTER08A.fbx,7400,4,1,-0.544922,0.544922,1.089844,0.0,-0.0,-0.0,0.0,-0.0,-0.39624,0.39624,0.79248,0.0,
EXPD_POSTER08B,models/wall_art/EXPD_POSTER08B.fbx,7400,4,1,-0.39624,0.39624,0.79248,0.0,-0.0,-0.0,0.0,-0.0,-0.544922,0.544922,1.089844,0.0,
EXPD_POSTER08C,models/wall_art/EXPD_POSTER08C.fbx,7400,4,1,-0.544922,0.544922,1.089844,0.0,-0.0,-0.0,0.0,-0.0,-0.39624,0.39624,0.79248,0.0,
EXPD_POSTER09A,models/wall_art/EXPD_POSTER09A.fbx,7400,4,1,-0.394287,0.394287,0.788574,0.0,-0.0,-0.0,0.0,-0.0,-0.394775,0.394775,0.78955,0.0,
EXPD_POSTER09B,models/wall_art/EXPD_POSTER09B.fbx,7400,4,1,-0.539551,0.539551,1.079102,0.0,-0.0,-0.0,0.0,-0.0,-0.394287,0.394287,0.788574,0.0,
EXPD_POSTER09C,models/wall_art/EXPD_POSTER09C.fbx,7400,4,1,-0.394287,0.394287,0.788574,0.0,-0.0,-0.0,0.0,-0.0,-0.539551,0.539551,1.079102,0.0,
EXPD_POSTER10A,models/wall_art/EXPD_POSTER10A.fbx,7400,4,1,-0.394287,0.394287,0.788574,0.0,-0.0,-0.0,0.0,-0.0,-0.534668,0.534668,1.069336,0.0,
EXPD_POSTER10B,models/wall_art/EXPD_POSTER10B.fbx,7400,4,1,-0.389893,0.389893,0.779786,0.0,-0.0,-0.0,0.0,-0.0,-0.373291,0.373291,0.746582,0.0,
EXPD_POSTER10C,models/wall_art/EXPD_POSTER10C.fbx,7400,4,1,-0.394287,0.394287,0.788574,0.0,-0.0,-0.0,0.0,-0.0,-0.534668,0.534668,1.069336,0.0,
EXPD_POSTER11A,models/wall_art/EXPD_POSTER11A.fbx,7400,4,1,-0.394287,0.394287,0.788574,0.0,-0.0,-0.0,0.0,-0.0,-0.534668,0.534668,1.069336,0.0,
EXPD_POSTER11B,models/wall_art/EXPD_POSTER11B.fbx,7400,4,1,-0.389893,0.389893,0.779786,0.0,-0.0,-0.0,0.0,-0.0,-0.373291,0.373291,0.746582,0.0,
EXPD_POSTER11C,models/wall_art/EXPD_POSTER11C.fbx,7400,4,1,-0.394287,0.394287,0.788574,0.0,-0.0,-0.0,0.0,-0.0,-0.534668,0.534668,1.069336,0.0,
EXPD_POSTER12A,models/wall_art/EXPD_POSTER12A.fbx,7400,4,1,-0.389893,0.389893,0.779786,0.0,-0.0,-0.0,0.0,-0.0,-0.373291,0.373291,0.746582,0.0,
EXPD_POSTER12B,models/wall_art/EXPD_POSTER12B.fbx,7400,4,1,-0.394287,0.394287,0.788574,0.0,-0.0,-0.0,0.0,-0.0,-0.534668,0.534668,1.069336,0.0,
EXPD_POSTER12C,models/wall_art/EXPD_POSTER12C.fbx,7400,4,1,-0.584961,0.584961,1.169922,0.0,-0.0,-0.0,0.0,-0.0,-0.43042,0.43042,0.86084,0.0,
EXPD_POSTER13A,models/wall_art/EXPD_POSTER13A.fbx,7400,4,1,-0.346436,0.346436,0.692871,0.0,0.0,0.0,0.0,0.0,-0.470215,0.470215,0.94043,0.0,
EXPD_POSTER13B,models/wall_art/EXPD_POSTER13B.fbx,7400,4,1,-0.347412,0.347412,0.694824,0.0,0.0,0.0,0.0,0.0,-0.331787,0.331787,0.663574,0.0,
EXPD_POSTER13C,models/wall_art/EXPD_POSTER13C.fbx,7400,4,1,-0.346436,0.346436,0.692871,0.0,0.0,0.0,0.0,0.0,-0.470459,0.470459,0.940918,0.0,
EXPD_POSTER14A,models/wall_art/EXPD_POSTER14A.fbx,7400,4,1,-0.346436,0.346436,0.692871,0.0,0.0,0.0,0.0,0.0,-0.470215,0.470215,0.94043,0.0,
EXPD_POSTER14B,models/wall_art/EXPD_POSTER14B.fbx,7400,4,1,-0.346436,0.346436,0.692871,0.0,0.0,0.0,0.0,0.0,-0.470215,0.470215,0.94043,0.0,
EXPD_POSTER14C,models/wall_art/EXPD_POSTER14C.fbx,7400,4,1,-0.346436,0.346436,0.692871,0.0,0.0,0.0,0.0,0.0,-0.470215,0.470215,0.94043,0.0,
EXPD_POSTER15A,models/wall_art/EXPD_POSTER15A.fbx,7400,4,1,-0.346436,0.346436,0.692871,0.0,0.0,0.0,0.0,0.0,-0.470215,0.470215,0.94043,0.0,
EXPD_POSTER15B,models/wall_art/EXPD_POSTER15B.fbx,7400,4,1,-0.397217,0.397217,0.794434,0.0,-0.012497,-0.012497,0.0,-0.012497,-0.408203,0.408203,0.816406,0.0,
EXPD_POSTER15C,models/wall_art/EXPD_POSTER15C.fbx,7400,4,1,-0.346436,0.346436,0.692871,0.0,0.0,0.0,0.0,0.0,-0.470215,0.470215,0.94043,0.0,
EXPD_POSTER16A,models/wall_art/EXPD_POSTER16A.fbx,7400,4,1,-0.394287,0.394287,0.788574,0.0,0.0,0.0,0.0,0.0,-0.539551,0.539551,1.079102,0.0,
EXPD_POSTER16B,models/wall_art/EXPD_POSTER16B.fbx,7400,4,1,-0.394287,0.394287,0.788574,0.0,0.0,0.0,0.0,0.0,-0.539551,0.246582,0.786133,-0.146484,
EXPD_POSTER16C,models/wall_art/EXPD_POSTER16C.fbx,7400,4,1,-0.394287,0.394287,0.788574,0.0,0.0,0.0,0.0,0.0,-0.539551,0.539551,1.079102,0.0,
EXPD_POSTER17A,models/wall_art/EXPD_POSTER17A.fbx,7400,4,1,-0.524414,0.524414,1.048828,0.0,0.0,0.0,0.0,0.0,-0.360352,0.360352,0.720703,0.0,
EXPD_POSTER17B,models/wall_art/EXPD_POSTER17B.fbx,7400,4,1,-0.394287,0.394287,0.788574,0.0,0.0,0.0,0.0,0.0,-0.539551,0.539551,1.079102,0.0,
EXPD_POSTER17C,models/wall_art/EXPD_POSTER17C.fbx,7400,4,1,-0.394287,0.394287,0.788574,0.0,0.0,0.0,0.0,0.0,-0.539551,0.539551,1.079102,0.0,
EXPD_POSTER18A,models/wall_art/EXPD_POSTER18A.fbx,7400,4,1,-0.394287,0.394287,0.788574,0.0,0.0,0.0,0.0,0.0,-0.539551,0.539551,1.079102,0.0,
EXPD_POSTER18B,models/wall_art/EXPD_POSTER18B.fbx,7400,4,1,-0.394287,0.394287,0.788574,0.0,0.0,0.0,0.0,0.0,-0.539551,0.539551,1.079102,0.0,
EXPD_POSTER18C,models/wall_art/EXPD_POSTER18C.fbx,7400,4,1,-0.394287,0.394287,0.788574,0.0,0.0,0.0,0.0,0.0,-0.539551,0.539551,1.079102,0.0,
EXPD_POSTER19A,models/wall_art/EXPD_POSTER19A.fbx,7400,4,1,-0.394287,0.394287,0.788574,0.0,0.0,0.0,0.0,0.0,-0.539551,0.539551,1.079102,0.0,
EXPD_POSTER19B,models/wall_art/EXPD_POSTER19B.fbx,7400,4,1,-0.394287,0.394287,0.788574,0.0,0.0,0.0,0.0,0.0,-0.539551,0.539551,1.079102,0.0,
EXPD_POSTER19C,models/wall_art/EXPD_POSTER19C.fbx,7400,4,1,-0.375244,0.375244,0.750488,0.0,0.0,0.0,0.0,0.0,-0.36499,0.36499,0.72998,0.0,
EXPD_POSTER20A,models/wall_art/EXPD_POSTER20A.fbx,7400,4,1,-0.394287,0.394287,0.788574,0.0,0.0,0.0,0.0,0.0,-0.539551,0.539551,1.079102,0.0,
EXPD_POSTER20B,models/wall_art/EXPD_POSTER20B.fbx,7400,4,1,-0.375244,0.375244,0.750488,0.0,0.0,0.0,0.0,0.0,-0.36499,0.36499,0.72998,0.0,
EXPD_POSTER20C,models/wall_art/EXPD_POSTER20C.fbx,7400,4,1,-0.394287,0.394287,0.788574,0.0,0.0,0.0,0.0,0.0,-0.539551,0.539551,1.079102,0.0,
EXPD_POSTER21A,models/wall_art/EXPD_POSTER21A.fbx,7400,4,1,-0.394287,0.394287,0.788574,0.0,0.0,0.0,0.0,0.0,-0.539551,0.539551,1.079102,0.0,
EXPD_POSTER21B,models/wall_art/EXPD_POSTER21B.fbx,7400,4,1,-0.532227,0.532227,1.064453,0.0,0.0,0.0,0.0,0.0,-0.36499,0.36499,0.72998,0.0,
EXPD_POSTER21C,models/wall_art/EXPD_POSTER21C.fbx,7400,4,1,-0.394287,0.394287,0.788574,0.0,0.0,0.0,0.0,0.0,-0.539551,0.539551,1.079102,0.0,
SPEC_DECAL01,models/wall_art/SPEC_DECAL01.fbx,7400,172,1,-0.790959,0.790958,1.581917,-1e-06,0.0,0.116399,0.116399,0.058199,-0.790959,0.790958,1.581917,-1e-06,
SPEC_DECAL02,models/wall_art/SPEC_DECAL02.fbx,7400,118,1,-0.793721,0.793721,1.587442,0.0,0.0,0.087555,0.087555,0.043777,-0.793721,0.793721,1.587442,0.0,
SPEC_DECAL03,models/wall_art/SPEC_DECAL03.fbx,7400,88,1,-0.680803,0.709944,1.390747,0.014571,0.0,0.132067,0.132067,0.066033,-0.888657,0.861879,1.750536,-0.013389,
SPEC_DECAL04,models/wall_art/SPEC_DECAL04.fbx,7400,157,1,-0.550065,0.550065,1.10013,0.0,0.0,0.09925,0.09925,0.049625,-0.91235,0.755943,1.668293,-0.078203,
SPEC_DECAL05,models/wall_art/SPEC_DECAL05.fbx,7400,168,1,-0.607561,1.012116,1.619677,0.202277,0.0,0.578876,0.578876,0.289438,-0.856605,0.695111,1.551716,-0.080747,
SPEC_DECAL06,models/wall_art/SPEC_DECAL06.fbx,7400,52,1,-0.884257,0.884257,1.768514,0.0,0.0,0.073848,0.073848,0.036924,-0.884257,0.884257,1.768514,0.0,
SPEC_DECAL07,models/wall_art/SPEC_DECAL07.fbx,7400,92,1,-0.804435,0.804435,1.60887,0.0,-0.000234,0.105419,0.105653,0.052593,-1.0,0.898523,1.898523,-0.050739,
SPEC_DECAL08,models/wall_art/SPEC_DECAL08.fbx,7400,65,1,-0.99275,0.988393,1.981143,-0.002178,0.0,0.141278,0.141278,0.070639,-0.828621,0.972179,1.8008,0.071779,
S_POSTER0,models/wall_art/S_POSTER0.fbx,7400,8,1,-0.383301,0.383301,0.766602,0.0,-0.0,0.022671,0.022671,0.011335,-0.539551,0.539551,1.079102,0.0,
S_POSTER1,models/wall_art/S_POSTER1.fbx,7400,8,1,-0.383301,0.383301,0.766602,0.0,-0.0,0.022671,0.022671,0.011335,-0.539551,0.539551,1.079102,0.0,
S_POSTER10,models/wall_art/S_POSTER10.fbx,7400,8,1,-0.383301,0.383301,0.766602,0.0,-0.0,0.022671,0.022671,0.011335,-0.539551,0.539551,1.079102,0.0,
S_POSTER11,models/wall_art/S_POSTER11.fbx,7400,8,1,-0.383301,0.383301,0.766602,0.0,-0.0,0.022671,0.022671,0.011335,-0.539551,0.539551,1.079102,0.0,
S_POSTER12,models/wall_art/S_POSTER12.fbx,7400,8,1,-0.383301,0.383301,0.766602,0.0,-0.0,0.022671,0.022671,0.011335,-0.539551,0.539551,1.079102,0.0,
S_POSTER13,models/wall_art/S_POSTER13.fbx,7400,8,1,-0.383301,0.383301,0.766602,0.0,-0.0,0.022671,0.022671,0.011335,-0.539551,0.539551,1.079102,0.0,
S_POSTER14,models/wall_art/S_POSTER14.fbx,7400,8,1,-0.383301,0.383301,0.766602,0.0,-0.0,0.022671,0.022671,0.011335,-0.539551,0.539551,1.079102,0.0,
S_POSTER15,models/wall_art/S_POSTER15.fbx,7400,8,1,-0.383301,0.383301,0.766602,0.0,-0.0,0.022671,0.022671,0.011335,-0.539551,0.539551,1.079102,0.0,
S_POSTER16,models/wall_art/S_POSTER16.fbx,7400,8,1,-0.383301,0.383301,0.766602,0.0,-0.0,0.022671,0.022671,0.011335,-0.539551,0.539551,1.079102,0.0,
S_POSTER17,models/wall_art/S_POSTER17.fbx,7400,4,1,-0.394287,0.394287,0.788574,0.0,-0.0,-0.0,0.0,-0.0,-0.539551,0.539551,1.079102,0.0,
S_POSTER18,models/wall_art/S_POSTER18.fbx,7400,4,1,-0.394287,0.394287,0.788574,0.0,-0.0,-0.0,0.0,-0.0,-0.539551,0.539551,1.079102,0.0,
S_POSTER19,models/wall_art/S_POSTER19.fbx,7400,4,1,-0.394287,0.394287,0.788574,0.0,-0.0,-0.0,0.0,-0.0,-0.539551,0.539551,1.079102,0.0,
S_POSTER2,models/wall_art/S_POSTER2.fbx,7400,8,1,-0.383301,0.383301,0.766602,0.0,-0.0,0.022671,0.022671,0.011335,-0.539551,0.539551,1.079102,0.0,
S_POSTER20,models/wall_art/S_POSTER20.fbx,7400,4,1,-0.394287,0.394287,0.788574,0.0,-0.0,-0.0,0.0,-0.0,-0.539551,0.539551,1.079102,0.0,
S_POSTER21,models/wall_art/S_POSTER21.fbx,7400,4,1,-0.394287,0.394287,0.788574,0.0,-0.0,-0.0,0.0,-0.0,-0.539551,0.539551,1.079102,0.0,
S_POSTER22,models/wall_art/S_POSTER22.fbx,7400,4,1,-0.394287,0.394287,0.788574,0.0,-0.0,-0.0,0.0,-0.0,-0.539551,0.539551,1.079102,0.0,
S_POSTER23,models/wall_art/S_POSTER23.fbx,7400,4,1,-0.394287,0.394287,0.788574,0.0,-0.0,-0.0,0.0,-0.0,-0.539551,0.539551,1.079102,0.0,
S_POSTER24,models/wall_art/S_POSTER24.fbx,7400,4,1,-0.535645,0.539551,1.075196,0.001953,-0.0,-0.0,0.0,-0.0,-0.394287,0.394287,0.788574,0.0,
S_POSTER25,models/wall_art/S_POSTER25.fbx,7400,4,1,-0.394287,0.394287,0.788574,0.0,-0.0,-0.0,0.0,-0.0,-0.539551,0.539551,1.079102,0.0,
S_POSTER26,models/wall_art/S_POSTER26.fbx,7400,4,1,-0.394287,0.394287,0.788574,0.0,-0.0,-0.0,0.0,-0.0,-0.539551,0.539551,1.079102,0.0,
S_POSTER27,models/wall_art/S_POSTER27.fbx,7400,4,1,-0.394287,0.394287,0.788574,0.0,-0.0,-0.0,0.0,-0.0,-0.394775,0.394775,0.78955,0.0,
S_POSTER28,models/wall_art/S_POSTER28.fbx,7400,4,1,-0.539551,0.539551,1.079102,0.0,-0.0,-0.0,0.0,-0.0,-0.394287,0.394287,0.788574,0.0,
S_POSTER29,models/wall_art/S_POSTER29.fbx,7400,4,1,-0.394287,0.394287,0.788574,0.0,0.0,0.0,0.0,0.0,-0.539551,0.246582,0.786133,-0.146484,
S_POSTER3,models/wall_art/S_POSTER3.fbx,7400,8,1,-0.383301,0.383301,0.766602,0.0,-0.0,0.022671,0.022671,0.011335,-0.539551,0.539551,1.079102,0.0,
S_POSTER30,models/wall_art/S_POSTER30.fbx,7400,4,1,-0.394287,0.394287,0.788574,0.0,0.0,0.0,0.0,0.0,-0.539551,0.539551,1.079102,0.0,
S_POSTER31,models/wall_art/S_POSTER31.fbx,7400,4,1,-0.394287,0.394287,0.788574,0.0,0.0,0.0,0.0,0.0,-0.539551,0.539551,1.079102,0.0,
S_POSTER4,models/wall_art/S_POSTER4.fbx,7400,8,1,-0.383301,0.383301,0.766602,0.0,-0.0,0.022671,0.022671,0.011335,-0.539551,0.539551,1.079102,0.0,
S_POSTER5,models/wall_art/S_POSTER5.fbx,7400,8,1,-0.383301,0.383301,0.766602,0.0,-0.0,0.022671,0.022671,0.011335,-0.539551,0.539551,1.079102,0.0,
S_POSTER6,models/wall_art/S_POSTER6.fbx,7400,8,1,-0.383301,0.383301,0.766602,0.0,-0.0,0.022671,0.022671,0.011335,-0.539551,0.539551,1.079102,0.0,
S_POSTER7,models/wall_art/S_POSTER7.fbx,7400,8,1,-0.383301,0.383301,0.766602,0.0,-0.0,0.022671,0.022671,0.011335,-0.539551,0.539551,1.079102,0.0,
S_POSTER8,models/wall_art/S_POSTER8.fbx,7400,8,1,-0.383301,0.383301,0.766602,0.0,-0.0,0.022671,0.022671,0.011335,-0.539551,0.539551,1.079102,0.0,
S_POSTER9,models/wall_art/S_POSTER9.fbx,7400,8,1,-0.383301,0.383301,0.766602,0.0,-0.0,0.022671,0.022671,0.011335,-0.539551,0.539551,1.079102,0.0,
EXPD_DECAL22,models/wall_art/EXPD_DECAL22.fbx,7400.0,24.0,1.0,-1.0,1.0,2.0,0.0,-0.165656,0.165656,0.331312,0.0,-1.0,1.0,2.0,0.0,
EXPD_POSTER22A,models/wall_art/EXPD_POSTER22A.fbx,7400.0,4.0,1.0,-0.394287,0.394287,0.788574,0.0,0.0,0.0,0.0,0.0,-0.539551,0.539551,1.079102,0.0,
EXPD_POSTER22B,models/wall_art/EXPD_POSTER22B.fbx,7400.0,4.0,1.0,-0.394287,0.394287,0.788574,0.0,0.0,0.0,0.0,0.0,-0.539551,0.539551,1.079102,0.0,
EXPD_POSTER22C,models/wall_art/EXPD_POSTER22C.fbx,7400.0,4.0,1.0,-0.394287,0.394287,0.788574,0.0,0.0,0.0,0.0,0.0,-0.539551,0.539551,1.079102,0.0,
SWARM_FLAG_B1,models/decoration/SWARM_FLAG_B1.fbx,7400.0,599.0,1.0,-0.102234,0.103699,0.205933,0.000732,-0.153931,3.484375,3.638306,1.665222,-0.102783,0.10321,0.205994,0.000214,
SWARM_FLAG_B2,models/decoration/SWARM_FLAG_B2.fbx,7400.0,1182.0,1.0,-0.947754,0.947754,1.895508,0.0,-0.027817,0.425537,0.453354,0.19886,-1.469727,-1.143555,0.326172,-1.306641,
SWARM_FLAG_B3,models/decoration/SWARM_FLAG_B3.fbx,7400.0,1196.0,1.0,-0.167725,0.168335,0.33606,0.000305,-0.0,1.47168,1.47168,0.73584,-0.098816,0.187134,0.28595,0.044159,
SWARM_FLAG_G1,models/decoration/SWARM_FLAG_G1.fbx,7400.0,599.0,1.0,-0.102234,0.103699,0.205933,0.000732,-0.153931,3.484375,3.638306,1.665222,-0.102783,0.10321,0.205994,0.000214,
SWARM_FLAG_G2,models/decoration/SWARM_FLAG_G2.fbx,7400.0,1182.0,1.0,-0.947754,0.947754,1.895508,0.0,-0.027817,0.425537,0.453354,0.19886,-1.469727,-1.143555,0.326172,-1.306641,
SWARM_FLAG_G3,models/decoration/SWARM_FLAG_G3.fbx,7400.0,1196.0,1.0,-0.167725,0.168335,0.33606,0.000305,-0.0,1.47168,1.47168,0.73584,-0.098816,0.187134,0.28595,0.044159,
SWARM_FLAG_R1,models/decoration/SWARM_FLAG_R1.fbx,7400.0,599.0,1.0,-0.102234,0.103699,0.205933,0.000732,-0.153931,3.484375,3.638306,1.665222,-0.102783,0.10321,0.205994,0.000214,
SWARM_FLAG_R2,models/decoration/SWARM_FLAG_R2.fbx,7400.0,1182.0,1.0,-0.947754,0.947754,1.895508,0.0,-0.027817,0.425537,0.453354,0.19886,-1.469727,-1.143555,0.326172,-1.306641,
SWARM_FLAG_R3,models/decoration/SWARM_FLAG_R3.fbx,7400.0,1196.0,1.0,-0.167725,0.168335,0.33606,0.000305,-0.0,1.47168,1.47168,0.73584,-0.098816,0.187134,0.28595,0.044159,
