part_id,part_family,status,primary_source,partmap_path,fbx_path,baseline_scale,extent_x,extent_y,extent_z,center_x,center_y,center_z,local_x_rule,local_y_rule,local_z_rule,neighbor_offset_summary,fitment_modes,validated_applications,validation_status,orientation_override,last_updated,provenance_level,origin_type,origin_offset_local,default_orientation_state,default_orientation_direction,pivot_center_type,orientation_phase_rule,phase_a_deg,phase_b_deg,scale_behavior,family_equivalence_status,geometry_capability,validated_with_algorithm,next_validation_needed
ABAND_BARREL,ABAND_BARREL,SEEDED,dimensions_library_fbx_bounds,,models/freighter/ABAND_BARREL.fbx,source/control scale,1.0,1.766413,0.951057,0.0,0.883206,0.0,Right = normalize(Up cross At),Up = normalize(source.Up),At = normalize(source.At projected perpendicular to Up),NEED_STUDY,NEED_STUDY,none,UNTESTED,,2026-06-07,,,,,,,,,,,,,,
ABAND_BENCH,ABAND_BENCH,SEEDED,dimensions_library_fbx_bounds,,models/freighter/ABAND_BENCH.fbx,source/control scale,2.139994,0.82497,0.691667,-0.002467,0.412485,-0.001209,Right = normalize(Up cross At),Up = normalize(source.Up),At = normalize(source.At projected perpendicular to Up),NEED_STUDY,NEED_STUDY,none,UNTESTED,,2026-06-07,,,,,,,,,,,,,,
ABAND_CASE,ABAND_CASE,SEEDED,dimensions_library_fbx_bounds,,models/freighter/ABAND_CASE.fbx,source/control scale,0.945196,0.255568,0.624492,-0.007025,0.133281,0.031481,Right = normalize(Up cross At),Up = normalize(source.Up),At = normalize(source.At projected perpendicular to Up),NEED_STUDY,NEED_STUDY,none,UNTESTED,,2026-06-07,,,,,,,,,,,,,,
ABAND_CRATE_L,ABAND_CRATE_L,SEEDED,dimensions_library_fbx_bounds,,models/freighter/ABAND_CRATE_L.fbx,source/control scale,1.578422,1.267061,1.319302,0.0,0.633718,0.0,Right = normalize(Up cross At),Up = normalize(source.Up),At = normalize(source.At projected perpendicular to Up),NEED_STUDY,NEED_STUDY,none,UNTESTED,,2026-06-07,,,,,,,,,,,,,,
ABAND_CRATE_M,ABAND_CRATE,SEEDED,dimensions_library_fbx_bounds,,models/freighter/ABAND_CRATE_M.fbx,source/control scale,1.240476,0.891024,1.125102,0.0,0.447374,0.0,Right = normalize(Up cross At),Up = normalize(source.Up),At = normalize(source.At projected perpendicular to Up),NEED_STUDY,NEED_STUDY,none,UNTESTED,,2026-06-07,,,,,,,,,,,,,,
ABAND_CRATE_XL,ABAND_CRATE_XL,SEEDED,dimensions_library_fbx_bounds,,models/freighter/ABAND_CRATE_XL.fbx,source/control scale,2.747991,2.177107,1.506098,0.000472,1.076696,0.001783,Right = normalize(Up cross At),Up = normalize(source.Up),At = normalize(source.At projected perpendicular to Up),NEED_STUDY,NEED_STUDY,none,UNTESTED,,2026-06-07,,,,,,,,,,,,,,
ABAND_SHELF,ABAND_SHELF,SEEDED,dimensions_library_fbx_bounds,,models/freighter/ABAND_SHELF.fbx,source/control scale,1.419034,2.884865,4.956271,0.346927,1.442433,0.027102,Right = normalize(Up cross At),Up = normalize(source.Up),At = normalize(source.At projected perpendicular to Up),NEED_STUDY,NEED_STUDY,none,UNTESTED,,2026-06-07,,,,,,,,,,,,,,
AIRLCKCONNECTOR,AIRLCKCONNECTOR,SEEDED,dimensions_library_fbx_bounds,,models/freighter/AIRLCKCONNECTOR.fbx,source/control scale,3.071052,3.3122,0.941372,0.0,1.624842,0.413323,Right = normalize(Up cross At),Up = normalize(source.Up),At = normalize(source.At projected perpendicular to Up),NEED_STUDY,NEED_STUDY,none,UNTESTED,,2026-06-07,,,,,,,,,,,,,,
ARCHIVE,ARCHIVE,SEEDED,dimensions_library_fbx_bounds,,models/decoration/ARCHIVE.fbx,source/control scale,2.048828,1.188477,1.056152,-0.000977,0.592808,0.000244,Right = normalize(Up cross At),Up = normalize(source.Up),At = normalize(source.At projected perpendicular to Up),NEED_STUDY,NEED_STUDY,none,UNTESTED,,2026-06-07,,,,,,,,,,,,,,
BARRENPLANT,BARRENPLANT,SEEDED,dimensions_library_fbx_bounds,,models/farming/BARRENPLANT.fbx,source/control scale,0.898179,2.291468,0.707296,0.105248,1.051862,0.031049,Right = normalize(Up cross At),Up = normalize(source.Up),At = normalize(source.At projected perpendicular to Up),NEED_STUDY,NEED_STUDY,none,UNTESTED,,2026-06-07,,,,,,,,,,,,,,
BASECAPSULE,BASECAPSULE,SEEDED,dimensions_library_fbx_bounds,,models/specialist_terminals/BASECAPSULE.fbx,source/control scale,3.900001,3.477557,3.900001,0.0,1.638517,0.0,Right = normalize(Up cross At),Up = normalize(source.Up),At = normalize(source.At projected perpendicular to Up),NEED_STUDY,NEED_STUDY,none,UNTESTED,,2026-06-07,,,,,,,,,,,,,,
BASE_AQUARIUM,BASE_AQUARIUM,SEEDED,dimensions_library_fbx_bounds,,models/exotic_decorations/BASE_AQUARIUM.fbx,source/control scale,4.16,3.958481,4.160001,0.0,1.976762,-1e-06,Right = normalize(Up cross At),Up = normalize(source.Up),At = normalize(source.At projected perpendicular to Up),NEED_STUDY,NEED_STUDY,none,UNTESTED,,2026-06-07,,,,,,,,,,,,,,
BASE_BARNACLE,BASE_BARNACLE,SEEDED,dimensions_library_fbx_bounds,,models/exotic_decorations/BASE_BARNACLE.fbx,source/control scale,3.014163,0.733695,2.357798,-0.376161,0.266477,0.16751,Right = normalize(Up cross At),Up = normalize(source.Up),At = normalize(source.At projected perpendicular to Up),NEED_STUDY,NEED_STUDY,none,UNTESTED,,2026-06-07,,,,,,,,,,,,,,
BASE_BEAMSTONE,BASE_BEAMSTONE,SEEDED,dimensions_library_fbx_bounds,,models/exotic_decorations/BASE_BEAMSTONE.fbx,source/control scale,2.722876,10.852933,2.589608,0.0,6.045913,0.0,Right = normalize(Up cross At),Up = normalize(source.Up),At = normalize(source.At projected perpendicular to Up),NEED_STUDY,NEED_STUDY,none,UNTESTED,,2026-06-07,,,,,,,,,,,,,,
BASE_BONEGARDEN,BASE_BONEGARDEN,SEEDED,dimensions_library_fbx_bounds,,models/exotic_decorations/BASE_BONEGARDEN.fbx,source/control scale,1.28,2.453582,1.28,0.0,1.208256,0.0,Right = normalize(Up cross At),Up = normalize(source.Up),At = normalize(source.At projected perpendicular to Up),NEED_STUDY,NEED_STUDY,none,UNTESTED,,2026-06-07,,,,,,,,,,,,,,
BASE_BUBBLECLUS,BASE_BUBBLECLUS,SEEDED,dimensions_library_fbx_bounds,,models/exotic_decorations/BASE_BUBBLECLUS.fbx,source/control scale,1.735049,2.264394,2.026649,-0.071846,1.334192,0.111815,Right = normalize(Up cross At),Up = normalize(source.Up),At = normalize(source.At projected perpendicular to Up),NEED_STUDY,NEED_STUDY,none,UNTESTED,,2026-06-07,,,,,,,,,,,,,,
BASE_BUBPIPE,BASE_BUBPIPE,SEEDED,dimensions_library_fbx_bounds,,models/decoration/BASE_BUBPIPE.fbx,source/control scale,0.953124,0.953126,2.0,0.0,0.0,0.0,Right = normalize(Up cross At),Up = normalize(source.Up),At = normalize(source.At projected perpendicular to Up),NEED_STUDY,NEED_STUDY,none,UNTESTED,,2026-06-07,,,,,,,,,,,,,,
BASE_BUBPIPE_L,BASE_BUBPIPE_L,SEEDED,dimensions_library_fbx_bounds,,models/decoration/BASE_BUBPIPE_L.fbx,source/control scale,0.953124,1.476563,1.476562,0.0,-0.261718,0.261719,Right = normalize(Up cross At),Up = normalize(source.Up),At = normalize(source.At projected perpendicular to Up),NEED_STUDY,NEED_STUDY,none,UNTESTED,,2026-06-07,,,,,,,,,,,,,,
BASE_BUBPIPE_S,BASE_BUBPIPE_S,SEEDED,dimensions_library_fbx_bounds,,models/decoration/BASE_BUBPIPE_S.fbx,source/control scale,0.953124,0.953126,2.0,0.0,0.0,0.0,Right = normalize(Up cross At),Up = normalize(source.Up),At = normalize(source.At projected perpendicular to Up),NEED_STUDY,NEED_STUDY,none,UNTESTED,,2026-06-07,,,,,,,,,,,,,,
BASE_BUBPIPE_T,BASE_BUBPIPE_T,SEEDED,dimensions_library_fbx_bounds,,models/decoration/BASE_BUBPIPE_T.fbx,source/control scale,2.0,1.476564,0.953125,0.0,0.73828,-1e-06,Right = normalize(Up cross At),Up = normalize(source.Up),At = normalize(source.At projected perpendicular to Up),NEED_STUDY,NEED_STUDY,none,UNTESTED,,2026-06-07,,,,,,,,,,,,,,
BASE_BUBPIPE_X,BASE_BUBPIPE_X,SEEDED,dimensions_library_fbx_bounds,,models/decoration/BASE_BUBPIPE_X.fbx,source/control scale,2.0,1.999025,0.953125,0.0,0.99951,-1e-06,Right = normalize(Up cross At),Up = normalize(source.Up),At = normalize(source.At projected perpendicular to Up),NEED_STUDY,NEED_STUDY,none,UNTESTED,,2026-06-07,,,,,,,,,,,,,,
BASE_CAVE1,BASE_CAVE1,SEEDED,dimensions_library_fbx_bounds,,models/exotic_decorations/BASE_CAVE1.fbx,source/control scale,1.216309,0.454589,1.202149,-0.00415,0.226235,0.01123,Right = normalize(Up cross At),Up = normalize(source.Up),At = normalize(source.At projected perpendicular to Up),NEED_STUDY,NEED_STUDY,none,UNTESTED,,2026-06-07,,,,,,,,,,,,,,
BASE_CAVE2,BASE_CAVE2,SEEDED,dimensions_library_fbx_bounds,,models/exotic_decorations/BASE_CAVE2.fbx,source/control scale,0.771241,1.819336,0.79248,0.044068,0.591309,0.054199,Right = normalize(Up cross At),Up = normalize(source.Up),At = normalize(source.At projected perpendicular to Up),NEED_STUDY,NEED_STUDY,none,UNTESTED,,2026-06-07,,,,,,,,,,,,,,
BASE_CAVE3,BASE_CAVE3,SEEDED,dimensions_library_fbx_bounds,,models/exotic_decorations/BASE_CAVE3.fbx,source/control scale,0.885986,1.433594,0.970947,0.137573,0.385742,-0.02185,Right = normalize(Up cross At),Up = normalize(source.Up),At = normalize(source.At projected perpendicular to Up),NEED_STUDY,NEED_STUDY,none,UNTESTED,,2026-06-07,,,,,,,,,,,,,,
BASE_CAVE4,BASE_CAVE4,SEEDED,dimensions_library_fbx_bounds,,models/exotic_decorations/BASE_CAVE4.fbx,source/control scale,1.085694,1.154786,1.015381,-0.112915,0.477295,-0.113403,Right = normalize(Up cross At),Up = normalize(source.Up),At = normalize(source.At projected perpendicular to Up),NEED_STUDY,NEED_STUDY,none,UNTESTED,,2026-06-07,,,,,,,,,,,,,,
BASE_CAVE5,BASE_CAVE5,SEEDED,dimensions_library_fbx_bounds,,models/exotic_decorations/BASE_CAVE5.fbx,source/control scale,1.359863,2.677491,1.34668,0.031983,0.936646,0.003418,Right = normalize(Up cross At),Up = normalize(source.Up),At = normalize(source.At projected perpendicular to Up),NEED_STUDY,NEED_STUDY,none,UNTESTED,,2026-06-07,,,,,,,,,,,,,,
BASE_COLDPLANT1,BASE_COLDPLANT1,SEEDED,dimensions_library_fbx_bounds,,models/exotic_decorations/BASE_COLDPLANT1.fbx,source/control scale,2.057348,2.768781,2.003807,0.018432,0.655875,0.010093,Right = normalize(Up cross At),Up = normalize(source.Up),At = normalize(source.At projected perpendicular to Up),NEED_STUDY,NEED_STUDY,none,UNTESTED,,2026-06-07,,,,,,,,,,,,,,
BASE_COLDPLANT2,BASE_COLDPLANT2,SEEDED,dimensions_library_fbx_bounds,,models/exotic_decorations/BASE_COLDPLANT2.fbx,source/control scale,2.327893,1.579387,3.316598,-0.099797,0.614477,-0.134612,Right = normalize(Up cross At),Up = normalize(source.Up),At = normalize(source.At projected perpendicular to Up),NEED_STUDY,NEED_STUDY,none,UNTESTED,,2026-06-07,,,,,,,,,,,,,,
BASE_COLDPLANT3,BASE_COLDPLANT3,SEEDED,dimensions_library_fbx_bounds,,models/exotic_decorations/BASE_COLDPLANT3.fbx,source/control scale,4.714844,8.192383,4.625,-0.173828,2.946778,0.222656,Right = normalize(Up cross At),Up = normalize(source.Up),At = normalize(source.At projected perpendicular to Up),NEED_STUDY,NEED_STUDY,none,UNTESTED,,2026-06-07,,,,,,,,,,,,,,
BASE_CONTOURPOD,BASE_CONTOURPOD,SEEDED,dimensions_library_fbx_bounds,,models/exotic_decorations/BASE_CONTOURPOD.fbx,source/control scale,3.788114,2.161035,3.839498,-0.283189,1.080518,-0.193958,Right = normalize(Up cross At),Up = normalize(source.Up),At = normalize(source.At projected perpendicular to Up),NEED_STUDY,NEED_STUDY,none,UNTESTED,,2026-06-07,,,,,,,,,,,,,,
BASE_DUST01,BASE_DUST01,SEEDED,dimensions_library_fbx_bounds,,models/exotic_decorations/BASE_DUST01.fbx,source/control scale,6.189453,6.134033,5.328125,0.545898,2.710327,0.320312,Right = normalize(Up cross At),Up = normalize(source.Up),At = normalize(source.At projected perpendicular to Up),NEED_STUDY,NEED_STUDY,none,UNTESTED,,2026-06-07,,,,,,,,,,,,,,
BASE_DUST02,BASE_DUST02,SEEDED,dimensions_library_fbx_bounds,,models/exotic_decorations/BASE_DUST02.fbx,source/control scale,1.337891,1.8927,1.502441,0.0,0.783142,0.005615,Right = normalize(Up cross At),Up = normalize(source.Up),At = normalize(source.At projected perpendicular to Up),NEED_STUDY,NEED_STUDY,none,UNTESTED,,2026-06-07,,,,,,,,,,,,,,
BASE_DUST03,BASE_DUST03,SEEDED,dimensions_library_fbx_bounds,,models/exotic_decorations/BASE_DUST03.fbx,source/control scale,3.761719,3.483643,3.731445,0.006836,1.469116,-0.033691,Right = normalize(Up cross At),Up = normalize(source.Up),At = normalize(source.At projected perpendicular to Up),NEED_STUDY,NEED_STUDY,none,UNTESTED,,2026-06-07,,,,,,,,,,,,,,
BASE_DUST04,BASE_DUST04,SEEDED,dimensions_library_fbx_bounds,,models/exotic_decorations/BASE_DUST04.fbx,source/control scale,9.253906,10.346191,9.277344,-0.283203,4.381592,0.294922,Right = normalize(Up cross At),Up = normalize(source.Up),At = normalize(source.At projected perpendicular to Up),NEED_STUDY,NEED_STUDY,none,UNTESTED,,2026-06-07,,,,,,,,,,,,,,
BASE_DUST05,BASE_DUST05,SEEDED,dimensions_library_fbx_bounds,,models/exotic_decorations/BASE_DUST05.fbx,source/control scale,10.390625,7.257812,10.976562,1.4375,1.941406,-1.828125,Right = normalize(Up cross At),Up = normalize(source.Up),At = normalize(source.At projected perpendicular to Up),NEED_STUDY,NEED_STUDY,none,UNTESTED,,2026-06-07,,,,,,,,,,,,,,
BASE_DUST06,BASE_DUST06,SEEDED,dimensions_library_fbx_bounds,,models/exotic_decorations/BASE_DUST06.fbx,source/control scale,1.00293,1.143475,1.151367,0.022461,0.5767,-0.036621,Right = normalize(Up cross At),Up = normalize(source.Up),At = normalize(source.At projected perpendicular to Up),NEED_STUDY,NEED_STUDY,none,UNTESTED,,2026-06-07,,,,,,,,,,,,,,
BASE_DUST07,BASE_DUST07,SEEDED,dimensions_library_fbx_bounds,,models/exotic_decorations/BASE_DUST07.fbx,source/control scale,1.69043,3.577393,2.010742,-0.068359,1.594116,-0.165527,Right = normalize(Up cross At),Up = normalize(source.Up),At = normalize(source.At projected perpendicular to Up),NEED_STUDY,NEED_STUDY,none,UNTESTED,,2026-06-07,,,,,,,,,,,,,,
BASE_DUST08,BASE_DUST08,SEEDED,dimensions_library_fbx_bounds,,models/exotic_decorations/BASE_DUST08.fbx,source/control scale,2.104492,2.106201,1.67041,0.029785,0.676392,0.185303,Right = normalize(Up cross At),Up = normalize(source.Up),At = normalize(source.At projected perpendicular to Up),NEED_STUDY,NEED_STUDY,none,UNTESTED,,2026-06-07,,,,,,,,,,,,,,
BASE_DUST09,BASE_DUST09,SEEDED,dimensions_library_fbx_bounds,,models/exotic_decorations/BASE_DUST09.fbx,source/control scale,2.97168,4.931641,2.78125,0.174316,1.90918,0.089844,Right = normalize(Up cross At),Up = normalize(source.Up),At = normalize(source.At projected perpendicular to Up),NEED_STUDY,NEED_STUDY,none,UNTESTED,,2026-06-07,,,,,,,,,,,,,,
BASE_DUST10,BASE_DUST10,SEEDED,dimensions_library_fbx_bounds,,models/exotic_decorations/BASE_DUST10.fbx,source/control scale,6.152344,4.99707,5.951172,0.009766,1.009277,0.227539,Right = normalize(Up cross At),Up = normalize(source.Up),At = normalize(source.At projected perpendicular to Up),NEED_STUDY,NEED_STUDY,none,UNTESTED,,2026-06-07,,,,,,,,,,,,,,
BASE_DUST11,BASE_DUST11,SEEDED,dimensions_library_fbx_bounds,,models/exotic_decorations/BASE_DUST11.fbx,source/control scale,6.980469,7.900391,6.474609,0.154297,2.44043,0.745117,Right = normalize(Up cross At),Up = normalize(source.Up),At = normalize(source.At projected perpendicular to Up),NEED_STUDY,NEED_STUDY,none,UNTESTED,,2026-06-07,,,,,,,,,,,,,,
BASE_DUST12,BASE_DUST12,SEEDED,dimensions_library_fbx_bounds,,models/exotic_decorations/BASE_DUST12.fbx,source/control scale,6.597656,9.547852,6.361328,-1.587891,4.522949,-1.057617,Right = normalize(Up cross At),Up = normalize(source.Up),At = normalize(source.At projected perpendicular to Up),NEED_STUDY,NEED_STUDY,none,UNTESTED,,2026-06-07,,,,,,,,,,,,,,
BASE_DUST13,BASE_DUST13,SEEDED,dimensions_library_fbx_bounds,,models/exotic_decorations/BASE_DUST13.fbx,source/control scale,2.271484,6.296631,2.269531,-0.041992,2.691528,-0.00293,Right = normalize(Up cross At),Up = normalize(source.Up),At = normalize(source.At projected perpendicular to Up),NEED_STUDY,NEED_STUDY,none,UNTESTED,,2026-06-07,,,,,,,,,,,,,,
BASE_DUSTPLANT1,BASE_DUSTPLANT1,SEEDED,dimensions_library_fbx_bounds,,models/exotic_decorations/BASE_DUSTPLANT1.fbx,source/control scale,2.39823,5.614274,2.559274,-0.036459,2.729098,-0.055904,Right = normalize(Up cross At),Up = normalize(source.Up),At = normalize(source.At projected perpendicular to Up),NEED_STUDY,NEED_STUDY,none,UNTESTED,,2026-06-07,,,,,,,,,,,,,,
BASE_DUSTPLANT2,BASE_DUSTPLANT2,SEEDED,dimensions_library_fbx_bounds,,models/exotic_decorations/BASE_DUSTPLANT2.fbx,source/control scale,1.366064,1.115557,1.198027,-0.013642,0.512547,-0.015378,Right = normalize(Up cross At),Up = normalize(source.Up),At = normalize(source.At projected perpendicular to Up),NEED_STUDY,NEED_STUDY,none,UNTESTED,,2026-06-07,,,,,,,,,,,,,,
BASE_DUSTPLANT3,BASE_DUSTPLANT3,SEEDED,dimensions_library_fbx_bounds,,models/exotic_decorations/BASE_DUSTPLANT3.fbx,source/control scale,5.270534,5.533037,5.151463,0.199265,2.531045,-0.02134,Right = normalize(Up cross At),Up = normalize(source.Up),At = normalize(source.At projected perpendicular to Up),NEED_STUDY,NEED_STUDY,none,UNTESTED,,2026-06-07,,,,,,,,,,,,,,
BASE_ENGINEORB,BASE_ENGINEORB,SEEDED,dimensions_library_fbx_bounds,,models/exotic_decorations/BASE_ENGINEORB.fbx,source/control scale,3.385792,3.240936,3.381723,0.023553,2.3554,-0.016963,Right = normalize(Up cross At),Up = normalize(source.Up),At = normalize(source.At projected perpendicular to Up),NEED_STUDY,NEED_STUDY,none,UNTESTED,,2026-06-07,,,,,,,,,,,,,,
BASE_FLAG,BASE_FLAG,SEEDED,dimensions_library_fbx_bounds,,models/deployable_technology/BASE_FLAG.fbx,source/control scale,0.88,1.191846,0.88,0.0,0.616247,0.0,Right = normalize(Up cross At),Up = normalize(source.Up),At = normalize(source.At projected perpendicular to Up),NEED_STUDY,NEED_STUDY,none,UNTESTED,,2026-06-07,,,,,,,,,,,,,,
BASE_FLORAL01,BASE_FLORAL01,SEEDED,dimensions_library_fbx_bounds,,models/exotic_decorations/BASE_FLORAL01.fbx,source/control scale,0.838623,0.891296,0.759521,0.012085,0.462555,0.039673,Right = normalize(Up cross At),Up = normalize(source.Up),At = normalize(source.At projected perpendicular to Up),NEED_STUDY,NEED_STUDY,none,UNTESTED,,2026-06-07,,,,,,,,,,,,,,
BASE_FLORAL02,BASE_FLORAL02,SEEDED,dimensions_library_fbx_bounds,,models/exotic_decorations/BASE_FLORAL02.fbx,source/control scale,1.922852,1.31665,1.741699,0.02002,0.240112,0.115967,Right = normalize(Up cross At),Up = normalize(source.Up),At = normalize(source.At projected perpendicular to Up),NEED_STUDY,NEED_STUDY,none,UNTESTED,,2026-06-07,,,,,,,,,,,,,,
BASE_FLORAL03,BASE_FLORAL03,SEEDED,dimensions_library_fbx_bounds,,models/exotic_decorations/BASE_FLORAL01.fbx,source/control scale,0.838623,0.891296,0.759521,0.012085,0.462555,0.039673,Right = normalize(Up cross At),Up = normalize(source.Up),At = normalize(source.At projected perpendicular to Up),NEED_STUDY,NEED_STUDY,none,UNTESTED,,2026-06-07,,,,,,,,,,,,,,
BASE_FLORAL04,BASE_FLORAL04,SEEDED,dimensions_library_fbx_bounds,,models/exotic_decorations/BASE_FLORAL04.fbx,source/control scale,1.045898,0.824371,0.988281,0.107422,0.454514,0.001221,Right = normalize(Up cross At),Up = normalize(source.Up),At = normalize(source.At projected perpendicular to Up),NEED_STUDY,NEED_STUDY,none,UNTESTED,,2026-06-07,,,,,,,,,,,,,,
BASE_FLOWER1,BASE_FLOWER1,SEEDED,dimensions_library_fbx_bounds,,models/exotic_decorations/BASE_FLOWER1.fbx,source/control scale,1.725586,1.131469,1.791016,0.020996,0.487,0.003418,Right = normalize(Up cross At),Up = normalize(source.Up),At = normalize(source.At projected perpendicular to Up),NEED_STUDY,NEED_STUDY,none,UNTESTED,,2026-06-07,,,,,,,,,,,,,,
BASE_FLOWER2,BASE_FLOWER2,SEEDED,dimensions_library_fbx_bounds,,models/exotic_decorations/BASE_FLOWER2.fbx,source/control scale,1.918457,1.234008,1.924317,0.051513,0.536316,-0.027099,Right = normalize(Up cross At),Up = normalize(source.Up),At = normalize(source.At projected perpendicular to Up),NEED_STUDY,NEED_STUDY,none,UNTESTED,,2026-06-07,,,,,,,,,,,,,,
BASE_FLOWER3,BASE_FLOWER3,SEEDED,dimensions_library_fbx_bounds,,models/exotic_decorations/BASE_FLOWER3.fbx,source/control scale,1.482422,1.016114,1.437988,0.032227,0.425537,-0.062256,Right = normalize(Up cross At),Up = normalize(source.Up),At = normalize(source.At projected perpendicular to Up),NEED_STUDY,NEED_STUDY,none,UNTESTED,,2026-06-07,,,,,,,,,,,,,,
BASE_FLYINGFERN,BASE_FLYINGFERN,SEEDED,dimensions_library_fbx_bounds,,models/exotic_decorations/BASE_FLYINGFERN.fbx,source/control scale,4.763672,6.261719,4.31543,0.049805,8.681641,0.287598,Right = normalize(Up cross At),Up = normalize(source.Up),At = normalize(source.At projected perpendicular to Up),NEED_STUDY,NEED_STUDY,none,UNTESTED,,2026-06-07,,,,,,,,,,,,,,
BASE_FOXGLOVE01,BASE_FOXGLOVE01,SEEDED,dimensions_library_fbx_bounds,,models/exotic_decorations/BASE_FOXGLOVE01.fbx,source/control scale,2.412109,6.217888,1.614746,0.012695,3.094181,-0.046143,Right = normalize(Up cross At),Up = normalize(source.Up),At = normalize(source.At projected perpendicular to Up),NEED_STUDY,NEED_STUDY,none,UNTESTED,,2026-06-07,,,,,,,,,,,,,,
BASE_GRASS1,BASE_GRASS1,SEEDED,dimensions_library_fbx_bounds,,models/exotic_decorations/BASE_GRASS1.fbx,source/control scale,2.33545,1.534179,2.701172,0.232666,0.580567,-0.088867,Right = normalize(Up cross At),Up = normalize(source.Up),At = normalize(source.At projected perpendicular to Up),NEED_STUDY,NEED_STUDY,none,UNTESTED,,2026-06-07,,,,,,,,,,,,,,
BASE_GRASS2,BASE_GRASS2,SEEDED,dimensions_library_fbx_bounds,,models/exotic_decorations/BASE_GRASS2.fbx,source/control scale,1.727051,1.106934,2.009766,0.133056,0.402588,0.09082,Right = normalize(Up cross At),Up = normalize(source.Up),At = normalize(source.At projected perpendicular to Up),NEED_STUDY,NEED_STUDY,none,UNTESTED,,2026-06-07,,,,,,,,,,,,,,
BASE_GRASS3,BASE_GRASS3,SEEDED,dimensions_library_fbx_bounds,,models/exotic_decorations/BASE_GRASS3.fbx,source/control scale,1.44336,0.933716,1.357422,0.046875,0.412048,-0.038086,Right = normalize(Up cross At),Up = normalize(source.Up),At = normalize(source.At projected perpendicular to Up),NEED_STUDY,NEED_STUDY,none,UNTESTED,,2026-06-07,,,,,,,,,,,,,,
BASE_GRASS4,BASE_GRASS4,SEEDED,dimensions_library_fbx_bounds,,models/exotic_decorations/BASE_GRASS4.fbx,source/control scale,1.733886,1.103577,1.942383,-0.053955,0.436005,-0.105958,Right = normalize(Up cross At),Up = normalize(source.Up),At = normalize(source.At projected perpendicular to Up),NEED_STUDY,NEED_STUDY,none,UNTESTED,,2026-06-07,,,,,,,,,,,,,,
BASE_GRASS5,BASE_GRASS5,SEEDED,dimensions_library_fbx_bounds,,models/exotic_decorations/BASE_GRASS5.fbx,source/control scale,1.621582,1.119324,1.685058,-0.090576,0.460846,-0.016846,Right = normalize(Up cross At),Up = normalize(source.Up),At = normalize(source.At projected perpendicular to Up),NEED_STUDY,NEED_STUDY,none,UNTESTED,,2026-06-07,,,,,,,,,,,,,,
BASE_GRASS6,BASE_GRASS6,SEEDED,dimensions_library_fbx_bounds,,models/exotic_decorations/BASE_GRASS6.fbx,source/control scale,1.256348,0.93512,1.240234,-0.017822,0.380585,-0.076172,Right = normalize(Up cross At),Up = normalize(source.Up),At = normalize(source.At projected perpendicular to Up),NEED_STUDY,NEED_STUDY,none,UNTESTED,,2026-06-07,,,,,,,,,,,,,,
BASE_GRASS7,BASE_GRASS7,SEEDED,dimensions_library_fbx_bounds,,models/exotic_decorations/BASE_GRASS7.fbx,source/control scale,2.619141,1.350708,2.744141,0.09668,0.446716,-0.035157,Right = normalize(Up cross At),Up = normalize(source.Up),At = normalize(source.At projected perpendicular to Up),NEED_STUDY,NEED_STUDY,none,UNTESTED,,2026-06-07,,,,,,,,,,,,,,
BASE_HOTPLANT01,BASE_HOTPLANT01,SEEDED,dimensions_library_fbx_bounds,,models/exotic_decorations/BASE_HOTPLANT01.fbx,source/control scale,1.131351,4.478489,1.298432,-0.140327,2.006868,-0.209271,Right = normalize(Up cross At),Up = normalize(source.Up),At = normalize(source.At projected perpendicular to Up),NEED_STUDY,NEED_STUDY,none,UNTESTED,,2026-06-07,,,,,,,,,,,,,,
BASE_HOTPLANT02,BASE_HOTPLANT02,SEEDED,dimensions_library_fbx_bounds,,models/exotic_decorations/BASE_HOTPLANT02.fbx,source/control scale,1.562781,4.177127,1.1085,0.008906,1.876184,-0.032619,Right = normalize(Up cross At),Up = normalize(source.Up),At = normalize(source.At projected perpendicular to Up),NEED_STUDY,NEED_STUDY,none,UNTESTED,,2026-06-07,,,,,,,,,,,,,,
BASE_HOTPLANT03,BASE_HOTPLANT03,SEEDED,dimensions_library_fbx_bounds,,models/exotic_decorations/BASE_HOTPLANT03.fbx,source/control scale,1.8,2.513997,1.8,0.0,1.238792,0.0,Right = normalize(Up cross At),Up = normalize(source.Up),At = normalize(source.At projected perpendicular to Up),NEED_STUDY,NEED_STUDY,none,UNTESTED,,2026-06-07,,,,,,,,,,,,,,
BASE_HOTPLANT04,BASE_HOTPLANT04,SEEDED,dimensions_library_fbx_bounds,,models/exotic_decorations/BASE_HOTPLANT04.fbx,source/control scale,4.515625,6.199707,4.832031,0.013672,2.329834,-0.072266,Right = normalize(Up cross At),Up = normalize(source.Up),At = normalize(source.At projected perpendicular to Up),NEED_STUDY,NEED_STUDY,none,UNTESTED,,2026-06-07,,,,,,,,,,,,,,
BASE_HOTPLANT05,BASE_HOTPLANT05,SEEDED,dimensions_library_fbx_bounds,,models/exotic_decorations/BASE_HOTPLANT05.fbx,source/control scale,3.804688,4.811523,5.5,-0.006836,0.947754,0.015625,Right = normalize(Up cross At),Up = normalize(source.Up),At = normalize(source.At projected perpendicular to Up),NEED_STUDY,NEED_STUDY,none,UNTESTED,,2026-06-07,,,,,,,,,,,,,,
BASE_HOTPLANT06,BASE_HOTPLANT06,SEEDED,dimensions_library_fbx_bounds,,models/exotic_decorations/BASE_HOTPLANT06.fbx,source/control scale,2.928711,5.39502,2.507812,-0.046387,1.923584,-0.143555,Right = normalize(Up cross At),Up = normalize(source.Up),At = normalize(source.At projected perpendicular to Up),NEED_STUDY,NEED_STUDY,none,UNTESTED,,2026-06-07,,,,,,,,,,,,,,
BASE_HOTPLANT07,BASE_HOTPLANT07,SEEDED,dimensions_library_fbx_bounds,,models/exotic_decorations/BASE_HOTPLANT07.fbx,source/control scale,2.442871,7.477066,2.319336,0.455322,3.714592,0.157715,Right = normalize(Up cross At),Up = normalize(source.Up),At = normalize(source.At projected perpendicular to Up),NEED_STUDY,NEED_STUDY,none,UNTESTED,,2026-06-07,,,,,,,,,,,,,,
BASE_HOTPLANT08,BASE_HOTPLANT08,SEEDED,dimensions_library_fbx_bounds,,models/exotic_decorations/BASE_HOTPLANT08.fbx,source/control scale,2.714844,5.548218,2.209961,0.041992,2.557922,0.006348,Right = normalize(Up cross At),Up = normalize(source.Up),At = normalize(source.At projected perpendicular to Up),NEED_STUDY,NEED_STUDY,none,UNTESTED,,2026-06-07,,,,,,,,,,,,,,
BASE_HOUDINI1,BASE_HOUDINI1,SEEDED,dimensions_library_fbx_bounds,,models/exotic_decorations/BASE_HOUDINI1.fbx,source/control scale,2.135092,1.780843,2.138672,-0.002183,0.910131,-0.051735,Right = normalize(Up cross At),Up = normalize(source.Up),At = normalize(source.At projected perpendicular to Up),NEED_STUDY,NEED_STUDY,none,UNTESTED,,2026-06-07,,,,,,,,,,,,,,
BASE_HOUDINI2,BASE_HOUDINI2,SEEDED,dimensions_library_fbx_bounds,,models/exotic_decorations/BASE_HOUDINI2.fbx,source/control scale,3.346751,9.86432,3.935714,-0.239691,4.506362,-0.463119,Right = normalize(Up cross At),Up = normalize(source.Up),At = normalize(source.At projected perpendicular to Up),NEED_STUDY,NEED_STUDY,none,UNTESTED,,2026-06-07,,,,,,,,,,,,,,
BASE_HOUDINI3,BASE_HOUDINI3,SEEDED,dimensions_library_fbx_bounds,,models/exotic_decorations/BASE_HOUDINI3.fbx,source/control scale,2.999084,1.757968,2.904186,0.0,0.833703,0.0,Right = normalize(Up cross At),Up = normalize(source.Up),At = normalize(source.At projected perpendicular to Up),NEED_STUDY,NEED_STUDY,none,UNTESTED,,2026-06-07,,,,,,,,,,,,,,
BASE_HYDROPOD,BASE_HYDROPOD,SEEDED,dimensions_library_fbx_bounds,,models/exotic_decorations/BASE_HYDROPOD.fbx,source/control scale,0.920249,2.298878,0.917314,1e-06,1.215864,0.0,Right = normalize(Up cross At),Up = normalize(source.Up),At = normalize(source.At projected perpendicular to Up),NEED_STUDY,NEED_STUDY,none,UNTESTED,,2026-06-07,,,,,,,,,,,,,,
BASE_INFEST1,BASE_INFEST1,SEEDED,dimensions_library_fbx_bounds,,models/exotic_decorations/BASE_INFEST1.fbx,source/control scale,3.185563,5.167827,2.80267,0.03182,1.512428,-0.021739,Right = normalize(Up cross At),Up = normalize(source.Up),At = normalize(source.At projected perpendicular to Up),NEED_STUDY,NEED_STUDY,none,UNTESTED,,2026-06-07,,,,,,,,,,,,,,
BASE_INFEST2,BASE_INFEST2,SEEDED,dimensions_library_fbx_bounds,,models/exotic_decorations/BASE_INFEST2.fbx,source/control scale,7.195313,13.759766,4.695313,-1.128906,4.995117,0.136719,Right = normalize(Up cross At),Up = normalize(source.Up),At = normalize(source.At projected perpendicular to Up),NEED_STUDY,NEED_STUDY,none,UNTESTED,,2026-06-07,,,,,,,,,,,,,,
BASE_INFEST3,BASE_INFEST3,SEEDED,dimensions_library_fbx_bounds,,models/exotic_decorations/BASE_INFEST3.fbx,source/control scale,4.292968,5.212891,3.919922,0.0,0.434571,0.0,Right = normalize(Up cross At),Up = normalize(source.Up),At = normalize(source.At projected perpendicular to Up),NEED_STUDY,NEED_STUDY,none,UNTESTED,,2026-06-07,,,,,,,,,,,,,,
BASE_JUNGLE01,BASE_JUNGLE01,SEEDED,dimensions_library_fbx_bounds,,models/exotic_decorations/BASE_JUNGLE01.fbx,source/control scale,4.884766,6.679688,5.394531,0.02832,2.226562,-0.230469,Right = normalize(Up cross At),Up = normalize(source.Up),At = normalize(source.At projected perpendicular to Up),NEED_STUDY,NEED_STUDY,none,UNTESTED,,2026-06-07,,,,,,,,,,,,,,
BASE_JUNGLE02,BASE_JUNGLE02,SEEDED,dimensions_library_fbx_bounds,,models/exotic_decorations/BASE_JUNGLE02.fbx,source/control scale,5.191406,8.786133,6.435547,-0.623047,3.286621,-0.084961,Right = normalize(Up cross At),Up = normalize(source.Up),At = normalize(source.At projected perpendicular to Up),NEED_STUDY,NEED_STUDY,none,UNTESTED,,2026-06-07,,,,,,,,,,,,,,
BASE_JUNGLE03,BASE_JUNGLE03,SEEDED,dimensions_library_fbx_bounds,,models/exotic_decorations/BASE_JUNGLE03.fbx,source/control scale,7.107422,6.404297,5.566406,0.165039,1.083008,0.382812,Right = normalize(Up cross At),Up = normalize(source.Up),At = normalize(source.At projected perpendicular to Up),NEED_STUDY,NEED_STUDY,none,UNTESTED,,2026-06-07,,,,,,,,,,,,,,
BASE_JUNGLE04,BASE_JUNGLE04,SEEDED,dimensions_library_fbx_bounds,,models/exotic_decorations/BASE_JUNGLE04.fbx,source/control scale,3.866211,2.134766,3.744141,-0.123535,0.975586,0.049805,Right = normalize(Up cross At),Up = normalize(source.Up),At = normalize(source.At projected perpendicular to Up),NEED_STUDY,NEED_STUDY,none,UNTESTED,,2026-06-07,,,,,,,,,,,,,,
BASE_LAVA1,BASE_LAVA1,SEEDED,dimensions_library_fbx_bounds,,models/exotic_decorations/BASE_LAVA1.fbx,source/control scale,2.871745,5.498373,3.051148,-0.026205,0.700032,0.101461,Right = normalize(Up cross At),Up = normalize(source.Up),At = normalize(source.At projected perpendicular to Up),NEED_STUDY,NEED_STUDY,none,UNTESTED,,2026-06-07,,,,,,,,,,,,,,
BASE_LAVA2,BASE_LAVA2,SEEDED,dimensions_library_fbx_bounds,,models/exotic_decorations/BASE_LAVA2.fbx,source/control scale,2.899421,3.383057,2.901367,0.11717,1.538921,-0.04248,Right = normalize(Up cross At),Up = normalize(source.Up),At = normalize(source.At projected perpendicular to Up),NEED_STUDY,NEED_STUDY,none,UNTESTED,,2026-06-07,,,,,,,,,,,,,,
BASE_LAVA3,BASE_LAVA3,SEEDED,dimensions_library_fbx_bounds,,models/exotic_decorations/BASE_LAVA3.fbx,source/control scale,2.544922,2.087891,0.939941,0.0,1.043946,0.555291,Right = normalize(Up cross At),Up = normalize(source.Up),At = normalize(source.At projected perpendicular to Up),NEED_STUDY,NEED_STUDY,none,UNTESTED,,2026-06-07,,,,,,,,,,,,,,
BASE_MEDGEOMETR,BASE_MEDGEOMETR,SEEDED,dimensions_library_fbx_bounds,,models/exotic_decorations/BASE_MEDGEOMETR.fbx,source/control scale,2.615598,2.520831,2.426062,-0.093715,0.952977,0.012636,Right = normalize(Up cross At),Up = normalize(source.Up),At = normalize(source.At projected perpendicular to Up),NEED_STUDY,NEED_STUDY,none,UNTESTED,,2026-06-07,,,,,,,,,,,,,,
BASE_MEDPLANT01,BASE_MEDPLANT01,SEEDED,dimensions_library_fbx_bounds,,models/exotic_decorations/BASE_MEDPLANT01.fbx,source/control scale,3.88986,2.629123,3.741382,-0.013341,1.115429,0.000681,Right = normalize(Up cross At),Up = normalize(source.Up),At = normalize(source.At projected perpendicular to Up),NEED_STUDY,NEED_STUDY,none,UNTESTED,,2026-06-07,,,,,,,,,,,,,,
BASE_MEDPLANT02,BASE_MEDPLANT02,SEEDED,dimensions_library_fbx_bounds,,models/exotic_decorations/BASE_MEDPLANT02.fbx,source/control scale,2.398286,1.312715,2.39563,-0.004256,0.508881,0.001592,Right = normalize(Up cross At),Up = normalize(source.Up),At = normalize(source.At projected perpendicular to Up),NEED_STUDY,NEED_STUDY,none,UNTESTED,,2026-06-07,,,,,,,,,,,,,,
BASE_MEDPLANT03,BASE_MEDPLANT03,SEEDED,dimensions_library_fbx_bounds,,models/exotic_decorations/BASE_MEDPLANT03.fbx,source/control scale,1.58653,3.204647,1.320326,-0.070814,1.061987,0.093888,Right = normalize(Up cross At),Up = normalize(source.Up),At = normalize(source.At projected perpendicular to Up),NEED_STUDY,NEED_STUDY,none,UNTESTED,,2026-06-07,,,,,,,,,,,,,,
BASE_NEXUS1,BASE_NEXUS1,SEEDED,dimensions_library_fbx_bounds,,models/decoration/BASE_NEXUS1.fbx,source/control scale,0.300437,0.301867,0.300437,0.009657,0.164012,-0.00908,Right = normalize(Up cross At),Up = normalize(source.Up),At = normalize(source.At projected perpendicular to Up),NEED_STUDY,NEED_STUDY,none,UNTESTED,,2026-06-07,,,,,,,,,,,,,,
BASE_NEXUS2,BASE_NEXUS2,SEEDED,dimensions_library_fbx_bounds,,models/decoration/BASE_NEXUS2.fbx,source/control scale,1.12203,1.380186,1.12203,0.0,0.690091,0.0,Right = normalize(Up cross At),Up = normalize(source.Up),At = normalize(source.At projected perpendicular to Up),NEED_STUDY,NEED_STUDY,none,UNTESTED,,2026-06-07,,,,,,,,,,,,,,
BASE_NEXUS3,BASE_NEXUS3,SEEDED,dimensions_library_fbx_bounds,,models/decoration/BASE_NEXUS3.fbx,source/control scale,2.375072,3.187049,2.375073,0.0,1.593524,0.0,Right = normalize(Up cross At),Up = normalize(source.Up),At = normalize(source.At projected perpendicular to Up),NEED_STUDY,NEED_STUDY,none,UNTESTED,,2026-06-07,,,,,,,,,,,,,,
BASE_PEACOCK01,BASE_PEACOCK01,SEEDED,dimensions_library_fbx_bounds,,models/exotic_decorations/BASE_PEACOCK01.fbx,source/control scale,6.595703,8.461609,2.817383,-0.018555,4.144196,-0.677246,Right = normalize(Up cross At),Up = normalize(source.Up),At = normalize(source.At projected perpendicular to Up),NEED_STUDY,NEED_STUDY,none,UNTESTED,,2026-06-07,,,,,,,,,,,,,,
BASE_PEACOCK02,BASE_PEACOCK02,SEEDED,dimensions_library_fbx_bounds,,models/exotic_decorations/BASE_PEACOCK02.fbx,source/control scale,5.130859,6.313171,5.570312,-0.084961,3.069977,0.175781,Right = normalize(Up cross At),Up = normalize(source.Up),At = normalize(source.At projected perpendicular to Up),NEED_STUDY,NEED_STUDY,none,UNTESTED,,2026-06-07,,,,,,,,,,,,,,
BASE_PEACOCK03,BASE_PEACOCK03,SEEDED,dimensions_library_fbx_bounds,,models/exotic_decorations/BASE_PEACOCK03.fbx,source/control scale,2.950195,7.719543,4.21582,0.10498,3.773041,0.48584,Right = normalize(Up cross At),Up = normalize(source.Up),At = normalize(source.At projected perpendicular to Up),NEED_STUDY,NEED_STUDY,none,UNTESTED,,2026-06-07,,,,,,,,,,,,,,
BASE_RADPLANT01,BASE_RADPLANT01,SEEDED,dimensions_library_fbx_bounds,,models/exotic_decorations/BASE_RADPLANT01.fbx,source/control scale,5.489325,3.070727,5.239431,0.003818,1.166295,0.021376,Right = normalize(Up cross At),Up = normalize(source.Up),At = normalize(source.At projected perpendicular to Up),NEED_STUDY,NEED_STUDY,none,UNTESTED,,2026-06-07,,,,,,,,,,,,,,
BASE_RADPLANT02,BASE_RADPLANT02,SEEDED,dimensions_library_fbx_bounds,,models/exotic_decorations/BASE_RADPLANT02.fbx,source/control scale,4.05848,5.446879,4.40449,-0.15007,2.533986,0.119965,Right = normalize(Up cross At),Up = normalize(source.Up),At = normalize(source.At projected perpendicular to Up),NEED_STUDY,NEED_STUDY,none,UNTESTED,,2026-06-07,,,,,,,,,,,,,,
BASE_RADPLANT03,BASE_RADPLANT03,SEEDED,dimensions_library_fbx_bounds,,models/exotic_decorations/BASE_RADPLANT03.fbx,source/control scale,1.479004,6.108521,1.46582,0.067627,2.879334,-0.069824,Right = normalize(Up cross At),Up = normalize(source.Up),At = normalize(source.At projected perpendicular to Up),NEED_STUDY,NEED_STUDY,none,UNTESTED,,2026-06-07,,,,,,,,,,,,,,
BASE_RADPLANT04,BASE_RADPLANT04,SEEDED,dimensions_library_fbx_bounds,,models/exotic_decorations/BASE_RADPLANT04.fbx,source/control scale,5.917969,7.401367,6.552734,-0.429688,2.221191,0.116211,Right = normalize(Up cross At),Up = normalize(source.Up),At = normalize(source.At projected perpendicular to Up),NEED_STUDY,NEED_STUDY,none,UNTESTED,,2026-06-07,,,,,,,,,,,,,,
BASE_ROBOTOY,BASE_ROBOTOY,SEEDED,dimensions_library_fbx_bounds,,models/exotic_decorations/BASE_ROBOTOY.fbx,source/control scale,0.68,1.887031,2.858835,0.0,1.135777,-1.089418,Right = normalize(Up cross At),Up = normalize(source.Up),At = normalize(source.At projected perpendicular to Up),NEED_STUDY,NEED_STUDY,none,UNTESTED,,2026-06-07,,,,,,,,,,,,,,
BASE_ROCK01,BASE_ROCK01,SEEDED,dimensions_library_fbx_bounds,,models/exotic_decorations/BASE_ROCK01.fbx,source/control scale,1.105024,0.979004,1.345703,0.023215,0.326904,0.009766,Right = normalize(Up cross At),Up = normalize(source.Up),At = normalize(source.At projected perpendicular to Up),NEED_STUDY,NEED_STUDY,none,UNTESTED,,2026-06-07,,,,,,,,,,,,,,
BASE_ROCK02,BASE_ROCK02,SEEDED,dimensions_library_fbx_bounds,,models/exotic_decorations/BASE_ROCK02.fbx,source/control scale,1.605957,1.147339,0.608399,-0.093506,0.36676,0.038818,Right = normalize(Up cross At),Up = normalize(source.Up),At = normalize(source.At projected perpendicular to Up),NEED_STUDY,NEED_STUDY,none,UNTESTED,,2026-06-07,,,,,,,,,,,,,,
BASE_ROCK03,BASE_ROCK03,SEEDED,dimensions_library_fbx_bounds,,models/exotic_decorations/BASE_ROCK03.fbx,source/control scale,1.054814,1.418252,1.753676,0.008728,0.412944,-0.069719,Right = normalize(Up cross At),Up = normalize(source.Up),At = normalize(source.At projected perpendicular to Up),NEED_STUDY,NEED_STUDY,none,UNTESTED,,2026-06-07,,,,,,,,,,,,,,
BASE_SHARD,BASE_SHARD,SEEDED,dimensions_library_fbx_bounds,,models/exotic_decorations/BASE_SHARD.fbx,source/control scale,1.763379,5.140235,0.768171,-0.006689,3.190722,0.21628,Right = normalize(Up cross At),Up = normalize(source.Up),At = normalize(source.At projected perpendicular to Up),NEED_STUDY,NEED_STUDY,none,UNTESTED,,2026-06-07,,,,,,,,,,,,,,
BASE_SHELLWHITE,BASE_SHELLWHITE,SEEDED,dimensions_library_fbx_bounds,,models/exotic_decorations/BASE_SHELLWHITE.fbx,source/control scale,0.706237,2.099253,0.416214,0.001352,1.120714,0.055424,Right = normalize(Up cross At),Up = normalize(source.Up),At = normalize(source.At projected perpendicular to Up),NEED_STUDY,NEED_STUDY,none,UNTESTED,,2026-06-07,,,,,,,,,,,,,,
BASE_SPRIGBUSH,BASE_SPRIGBUSH,SEEDED,dimensions_library_fbx_bounds,,models/exotic_decorations/BASE_SPRIGBUSH.fbx,source/control scale,1.257324,1.20495,1.291748,0.064697,0.601626,0.192993,Right = normalize(Up cross At),Up = normalize(source.Up),At = normalize(source.At projected perpendicular to Up),NEED_STUDY,NEED_STUDY,none,UNTESTED,,2026-06-07,,,,,,,,,,,,,,
BASE_STARJOINT,BASE_STARJOINT,SEEDED,dimensions_library_fbx_bounds,,models/exotic_decorations/BASE_STARJOINT.fbx,source/control scale,2.851363,2.553092,2.822032,0.010388,1.238716,0.0055,Right = normalize(Up cross At),Up = normalize(source.Up),At = normalize(source.At projected perpendicular to Up),NEED_STUDY,NEED_STUDY,none,UNTESTED,,2026-06-07,,,,,,,,,,,,,,
BASE_SUBZPLANT1,BASE_SUBZPLANT1,SEEDED,dimensions_library_fbx_bounds,,models/exotic_decorations/BASE_SUBZPLANT1.fbx,source/control scale,2.124023,2.931396,2.145508,0.001465,1.172974,-0.002441,Right = normalize(Up cross At),Up = normalize(source.Up),At = normalize(source.At projected perpendicular to Up),NEED_STUDY,NEED_STUDY,none,UNTESTED,,2026-06-07,,,,,,,,,,,,,,
BASE_SUBZPLANT2,BASE_SUBZPLANT2,SEEDED,dimensions_library_fbx_bounds,,models/exotic_decorations/BASE_SUBZPLANT2.fbx,source/control scale,2.59375,3.258453,2.613281,0.009766,1.612961,0.0,Right = normalize(Up cross At),Up = normalize(source.Up),At = normalize(source.At projected perpendicular to Up),NEED_STUDY,NEED_STUDY,none,UNTESTED,,2026-06-07,,,,,,,,,,,,,,
BASE_SUBZPLANT3,BASE_SUBZPLANT3,SEEDED,dimensions_library_fbx_bounds,,models/exotic_decorations/BASE_SUBZPLANT3.fbx,source/control scale,3.026367,4.771729,3.380859,0.115723,1.938354,0.248047,Right = normalize(Up cross At),Up = normalize(source.Up),At = normalize(source.At projected perpendicular to Up),NEED_STUDY,NEED_STUDY,none,UNTESTED,,2026-06-07,,,,,,,,,,,,,,
BASE_SUBZPLANT4,BASE_SUBZPLANT4,SEEDED,dimensions_library_fbx_bounds,,models/exotic_decorations/BASE_SUBZPLANT4.fbx,source/control scale,4.554688,3.589355,4.792969,0.316406,1.506104,-0.009766,Right = normalize(Up cross At),Up = normalize(source.Up),At = normalize(source.At projected perpendicular to Up),NEED_STUDY,NEED_STUDY,none,UNTESTED,,2026-06-07,,,,,,,,,,,,,,
BASE_SUBZPLANT5,BASE_SUBZPLANT5,SEEDED,dimensions_library_fbx_bounds,,models/exotic_decorations/BASE_SUBZPLANT5.fbx,source/control scale,2.974609,3.724854,2.949219,-0.000977,1.47937,-0.09375,Right = normalize(Up cross At),Up = normalize(source.Up),At = normalize(source.At projected perpendicular to Up),NEED_STUDY,NEED_STUDY,none,UNTESTED,,2026-06-07,,,,,,,,,,,,,,
BASE_SUBZPLANT6,BASE_SUBZPLANT6,SEEDED,dimensions_library_fbx_bounds,,models/exotic_decorations/BASE_SUBZPLANT6.fbx,source/control scale,2.973633,2.873047,3.140625,-0.080566,1.00293,-0.265625,Right = normalize(Up cross At),Up = normalize(source.Up),At = normalize(source.At projected perpendicular to Up),NEED_STUDY,NEED_STUDY,none,UNTESTED,,2026-06-07,,,,,,,,,,,,,,
BASE_SUBZPLANT7,BASE_SUBZPLANT7,SEEDED,dimensions_library_fbx_bounds,,models/exotic_decorations/BASE_SUBZPLANT7.fbx,source/control scale,6.283203,6.925781,4.806641,0.432617,2.060547,0.108398,Right = normalize(Up cross At),Up = normalize(source.Up),At = normalize(source.At projected perpendicular to Up),NEED_STUDY,NEED_STUDY,none,UNTESTED,,2026-06-07,,,,,,,,,,,,,,
BASE_SUBZPLANT8,BASE_SUBZPLANT8,SEEDED,dimensions_library_fbx_bounds,,models/exotic_decorations/BASE_SUBZPLANT8.fbx,source/control scale,4.297852,6.119995,4.058594,-0.503418,2.916565,0.119141,Right = normalize(Up cross At),Up = normalize(source.Up),At = normalize(source.At projected perpendicular to Up),NEED_STUDY,NEED_STUDY,none,UNTESTED,,2026-06-07,,,,,,,,,,,,,,
BASE_SUBZPLANT9,BASE_SUBZPLANT9,SEEDED,dimensions_library_fbx_bounds,,models/exotic_decorations/BASE_SUBZPLANT9.fbx,source/control scale,11.875,18.34375,12.546875,-0.203125,6.03125,0.167969,Right = normalize(Up cross At),Up = normalize(source.Up),At = normalize(source.At projected perpendicular to Up),NEED_STUDY,NEED_STUDY,none,UNTESTED,,2026-06-07,,,,,,,,,,,,,,
BASE_SWAMP1,BASE_SWAMP1,SEEDED,dimensions_library_fbx_bounds,,models/exotic_decorations/BASE_SWAMP1.fbx,source/control scale,1.504882,1.307129,1.501953,0.031749,0.602235,-0.033588,Right = normalize(Up cross At),Up = normalize(source.Up),At = normalize(source.At projected perpendicular to Up),NEED_STUDY,NEED_STUDY,none,UNTESTED,,2026-06-07,,,,,,,,,,,,,,
BASE_SWAMP2,BASE_SWAMP2,SEEDED,dimensions_library_fbx_bounds,,models/exotic_decorations/BASE_SWAMP2.fbx,source/control scale,4.599609,11.573731,4.310547,-0.405273,4.994384,-0.516601,Right = normalize(Up cross At),Up = normalize(source.Up),At = normalize(source.At projected perpendicular to Up),NEED_STUDY,NEED_STUDY,none,UNTESTED,,2026-06-07,,,,,,,,,,,,,,
BASE_SWAMP3,BASE_SWAMP3,SEEDED,dimensions_library_fbx_bounds,,models/exotic_decorations/BASE_SWAMP3.fbx,source/control scale,8.703125,7.923828,8.917968,-0.202982,0.224929,-0.174759,Right = normalize(Up cross At),Up = normalize(source.Up),At = normalize(source.At projected perpendicular to Up),NEED_STUDY,NEED_STUDY,none,UNTESTED,,2026-06-07,,,,,,,,,,,,,,
BASE_TERRARIUM,BASE_TERRARIUM,SEEDED,dimensions_library_fbx_bounds,,models/exotic_decorations/BASE_TERRARIUM.fbx,source/control scale,3.912122,0.804288,3.912123,0.0,0.394442,0.0,Right = normalize(Up cross At),Up = normalize(source.Up),At = normalize(source.At projected perpendicular to Up),NEED_STUDY,NEED_STUDY,none,UNTESTED,,2026-06-07,,,,,,,,,,,,,,
BASE_TOXPLANT01,BASE_TOXPLANT01,SEEDED,dimensions_library_fbx_bounds,,models/exotic_decorations/BASE_TOXPLANT01.fbx,source/control scale,3.653082,5.558891,3.658584,-0.024334,2.25259,-0.00151,Right = normalize(Up cross At),Up = normalize(source.Up),At = normalize(source.At projected perpendicular to Up),NEED_STUDY,NEED_STUDY,none,UNTESTED,,2026-06-07,,,,,,,,,,,,,,
BASE_TOXPLANT02,BASE_TOXPLANT02,SEEDED,dimensions_library_fbx_bounds,,models/exotic_decorations/BASE_TOXPLANT02.fbx,source/control scale,4.791379,7.869897,5.275964,-0.170831,3.244948,-0.156135,Right = normalize(Up cross At),Up = normalize(source.Up),At = normalize(source.At projected perpendicular to Up),NEED_STUDY,NEED_STUDY,none,UNTESTED,,2026-06-07,,,,,,,,,,,,,,
BASE_TOXPLANT03,BASE_TOXPLANT03,SEEDED,dimensions_library_fbx_bounds,,models/exotic_decorations/BASE_TOXPLANT03.fbx,source/control scale,3.905078,7.77318,4.278837,0.064165,3.499938,1e-06,Right = normalize(Up cross At),Up = normalize(source.Up),At = normalize(source.At projected perpendicular to Up),NEED_STUDY,NEED_STUDY,none,UNTESTED,,2026-06-07,,,,,,,,,,,,,,
BASE_TOXPLANT04,BASE_TOXPLANT04,SEEDED,dimensions_library_fbx_bounds,,models/exotic_decorations/BASE_TOXPLANT04.fbx,source/control scale,2.584961,4.005371,2.757812,0.027832,1.630127,-0.137695,Right = normalize(Up cross At),Up = normalize(source.Up),At = normalize(source.At projected perpendicular to Up),NEED_STUDY,NEED_STUDY,none,UNTESTED,,2026-06-07,,,,,,,,,,,,,,
BASE_TOYCORE,BASE_TOYCORE,SEEDED,dimensions_library_fbx_bounds,,models/exotic_decorations/BASE_TOYCORE.fbx,source/control scale,1.6336,2.194621,1.6336,0.0,1.09731,0.0,Right = normalize(Up cross At),Up = normalize(source.Up),At = normalize(source.At projected perpendicular to Up),NEED_STUDY,NEED_STUDY,none,UNTESTED,,2026-06-07,,,,,,,,,,,,,,
BASE_TOYCUBE,BASE_TOYCUBE,SEEDED,dimensions_library_fbx_bounds,,models/exotic_decorations/BASE_TOYCUBE.fbx,source/control scale,1.012344,1.174981,0.955327,0.050796,0.58749,-0.011677,Right = normalize(Up cross At),Up = normalize(source.Up),At = normalize(source.At projected perpendicular to Up),NEED_STUDY,NEED_STUDY,none,UNTESTED,,2026-06-07,,,,,,,,,,,,,,
BASE_TOYJELLY,BASE_TOYJELLY,SEEDED,dimensions_library_fbx_bounds,,models/exotic_decorations/BASE_TOYJELLY.fbx,source/control scale,1.156256,2.201843,1.089163,0.029388,1.289626,-0.006258,Right = normalize(Up cross At),Up = normalize(source.Up),At = normalize(source.At projected perpendicular to Up),NEED_STUDY,NEED_STUDY,none,UNTESTED,,2026-06-07,,,,,,,,,,,,,,
BASE_TOYSPHERE,BASE_TOYSPHERE,SEEDED,dimensions_library_fbx_bounds,,models/exotic_decorations/BASE_TOYSPHERE.fbx,source/control scale,0.86,0.998112,0.86,0.0,0.499056,0.0,Right = normalize(Up cross At),Up = normalize(source.Up),At = normalize(source.At projected perpendicular to Up),NEED_STUDY,NEED_STUDY,none,UNTESTED,,2026-06-07,,,,,,,,,,,,,,
BASE_TREE01,BASE_TREE01,SEEDED,dimensions_library_fbx_bounds,,models/exotic_decorations/BASE_TREE01.fbx,source/control scale,4.740553,6.698444,4.317197,0.108215,3.347261,0.052483,Right = normalize(Up cross At),Up = normalize(source.Up),At = normalize(source.At projected perpendicular to Up),NEED_STUDY,NEED_STUDY,none,UNTESTED,,2026-06-07,,,,,,,,,,,,,,
BASE_TREE02,BASE_TREE02,SEEDED,dimensions_library_fbx_bounds,,models/exotic_decorations/BASE_TREE02.fbx,source/control scale,3.966563,8.344177,3.977186,0.145419,4.025005,-0.201872,Right = normalize(Up cross At),Up = normalize(source.Up),At = normalize(source.At projected perpendicular to Up),NEED_STUDY,NEED_STUDY,none,UNTESTED,,2026-06-07,,,,,,,,,,,,,,
BASE_TREE03,BASE_TREE03,SEEDED,dimensions_library_fbx_bounds,,models/exotic_decorations/BASE_TREE03.fbx,source/control scale,3.143106,7.72443,3.304858,0.165913,3.851914,0.0,Right = normalize(Up cross At),Up = normalize(source.Up),At = normalize(source.At projected perpendicular to Up),NEED_STUDY,NEED_STUDY,none,UNTESTED,,2026-06-07,,,,,,,,,,,,,,
BASE_WEIRDCUBE,BASE_WEIRDCUBE,SEEDED,dimensions_library_fbx_bounds,,models/exotic_decorations/BASE_WEIRDCUBE.fbx,source/control scale,1.446219,1.597655,1.311291,0.013427,1.566885,-0.009008,Right = normalize(Up cross At),Up = normalize(source.Up),At = normalize(source.At projected perpendicular to Up),NEED_STUDY,NEED_STUDY,none,UNTESTED,,2026-06-07,,,,,,,,,,,,,,
BASE_WPLANT1,BASE_WPLANT1,SEEDED,dimensions_library_fbx_bounds,,models/exotic_decorations/BASE_WPLANT1.fbx,source/control scale,1.24,1.614564,1.24,0.0,0.790792,0.0,Right = normalize(Up cross At),Up = normalize(source.Up),At = normalize(source.At projected perpendicular to Up),NEED_STUDY,NEED_STUDY,none,UNTESTED,,2026-06-07,,,,,,,,,,,,,,
BASE_WPLANT2,BASE_WPLANT2,SEEDED,dimensions_library_fbx_bounds,,models/exotic_decorations/BASE_WPLANT2.fbx,source/control scale,1.24,1.857587,1.24,0.0,0.912303,0.0,Right = normalize(Up cross At),Up = normalize(source.Up),At = normalize(source.At projected perpendicular to Up),NEED_STUDY,NEED_STUDY,none,UNTESTED,,2026-06-07,,,,,,,,,,,,,,
BASE_WPLANT3,BASE_WPLANT3,SEEDED,dimensions_library_fbx_bounds,,models/exotic_decorations/BASE_WPLANT3.fbx,source/control scale,1.24,2.20541,1.24,0.0,1.095826,0.0,Right = normalize(Up cross At),Up = normalize(source.Up),At = normalize(source.At projected perpendicular to Up),NEED_STUDY,NEED_STUDY,none,UNTESTED,,2026-06-07,,,,,,,,,,,,,,
BASE_WPLANT4,BASE_WPLANT4,SEEDED,dimensions_library_fbx_bounds,,models/exotic_decorations/BASE_WPLANT4.fbx,source/control scale,1.659668,1.564628,1.894043,0.0,0.758782,-1e-06,Right = normalize(Up cross At),Up = normalize(source.Up),At = normalize(source.At projected perpendicular to Up),NEED_STUDY,NEED_STUDY,none,UNTESTED,,2026-06-07,,,,,,,,,,,,,,
BASE_WPLANT5,BASE_WPLANT5,SEEDED,dimensions_library_fbx_bounds,,models/exotic_decorations/BASE_WPLANT5.fbx,source/control scale,7.560547,4.632659,5.572265,0.907226,2.285233,0.485351,Right = normalize(Up cross At),Up = normalize(source.Up),At = normalize(source.At projected perpendicular to Up),NEED_STUDY,NEED_STUDY,none,UNTESTED,,2026-06-07,,,,,,,,,,,,,,
BASE_WPLANT6,BASE_WPLANT6,SEEDED,dimensions_library_fbx_bounds,,models/exotic_decorations/BASE_WPLANT6.fbx,source/control scale,3.912109,4.172363,4.463868,0.270508,1.261475,0.312988,Right = normalize(Up cross At),Up = normalize(source.Up),At = normalize(source.At projected perpendicular to Up),NEED_STUDY,NEED_STUDY,none,UNTESTED,,2026-06-07,,,,,,,,,,,,,,
BASE_WPLANT7,BASE_WPLANT7,SEEDED,dimensions_library_fbx_bounds,,models/exotic_decorations/BASE_WPLANT7.fbx,source/control scale,5.529297,4.86377,5.585938,0.174805,2.122803,0.667969,Right = normalize(Up cross At),Up = normalize(source.Up),At = normalize(source.At projected perpendicular to Up),NEED_STUDY,NEED_STUDY,none,UNTESTED,,2026-06-07,,,,,,,,,,,,,,
BASE_WPLANT8,BASE_WPLANT8,SEEDED,dimensions_library_fbx_bounds,,models/exotic_decorations/BASE_WPLANT8.fbx,source/control scale,1.26123,6.340576,1.206055,0.165283,2.853149,0.087891,Right = normalize(Up cross At),Up = normalize(source.Up),At = normalize(source.At projected perpendicular to Up),NEED_STUDY,NEED_STUDY,none,UNTESTED,,2026-06-07,,,,,,,,,,,,,,
BILLBOARD,BILLBOARD,SEEDED,rules/PART_ORIENTATION_OVERRIDES.json,library/part_placement_maps/BILLBOARD.partmap.json,models/decoration/BILLBOARD.fbx,source/control scale,1.530273,0.278203,2.171875,0.0,0.139707,0.0,Right = normalize(Up cross At),Up = normalize(source.Up),At = normalize(source.At projected perpendicular to Up),NEED_STUDY,NEED_STUDY,none,UNTESTED,rx=0; no_generic_rx90; rz_by_side:N0/S180/E270/W90,2026-06-07,OBSERVED_FACT_OR_DERIVED_PENDING,unknown,"[,,]",unknown,unknown,unknown,,,,unknown,single_part_or_unknown,none,,
BIOROOM,BIOROOM,SEEDED,dimensions_library_fbx_bounds,,models/large_structures/BIOROOM.fbx,source/control scale,13.404131,6.901567,13.404328,3.1e-05,2.885522,0.00013,Right = normalize(Up cross At),Up = normalize(source.Up),At = normalize(source.At projected perpendicular to Up),NEED_STUDY,NEED_STUDY,none,UNTESTED,,2026-06-07,,,,,,,,,,,,,,
BLDWALLUNIT,BLDWALLUNIT,SEEDED,dimensions_library_fbx_bounds,,models/furnishings/BLDWALLUNIT.fbx,source/control scale,1.245606,0.402495,0.827149,0.00708,0.166554,0.004897,Right = normalize(Up cross At),Up = normalize(source.Up),At = normalize(source.At projected perpendicular to Up),NEED_STUDY,NEED_STUDY,none,UNTESTED,,2026-06-07,,,,,,,,,,,,,,
BLD_BUGHEAD1,BLD_BUGHEAD1,SEEDED,dimensions_library_fbx_bounds,,models/decoration/BLD_BUGHEAD1.fbx,source/control scale,0.958008,0.728394,1.408691,0.032715,0.364807,-0.316162,Right = normalize(Up cross At),Up = normalize(source.Up),At = normalize(source.At projected perpendicular to Up),NEED_STUDY,NEED_STUDY,none,UNTESTED,,2026-06-07,,,,,,,,,,,,,,
BLD_BUGHEAD2,BLD_BUGHEAD2,SEEDED,dimensions_library_fbx_bounds,,models/decoration/BLD_BUGHEAD2.fbx,source/control scale,0.961426,0.732849,1.097168,0.0,0.348907,0.044678,Right = normalize(Up cross At),Up = normalize(source.Up),At = normalize(source.At projected perpendicular to Up),NEED_STUDY,NEED_STUDY,none,UNTESTED,,2026-06-07,,,,,,,,,,,,,,
BLD_BUGHEAD3,BLD_BUGHEAD3,SEEDED,dimensions_library_fbx_bounds,,models/decoration/BLD_BUGHEAD3.fbx,source/control scale,0.983887,1.221191,1.120605,0.0,0.585693,0.097412,Right = normalize(Up cross At),Up = normalize(source.Up),At = normalize(source.At projected perpendicular to Up),NEED_STUDY,NEED_STUDY,none,UNTESTED,,2026-06-07,,,,,,,,,,,,,,
BLD_BUGHEAD4,BLD_BUGHEAD4,SEEDED,dimensions_library_fbx_bounds,,models/decoration/BLD_BUGHEAD4.fbx,source/control scale,1.495117,1.315048,0.806641,0.0,0.636421,-0.007324,Right = normalize(Up cross At),Up = normalize(source.Up),At = normalize(source.At projected perpendicular to Up),NEED_STUDY,NEED_STUDY,none,UNTESTED,,2026-06-07,,,,,,,,,,,,,,
BLD_BUGHEAD5,BLD_BUGHEAD5,SEEDED,dimensions_library_fbx_bounds,,models/decoration/BLD_BUGHEAD5.fbx,source/control scale,0.710938,0.902451,0.900879,0.0,0.436958,0.052979,Right = normalize(Up cross At),Up = normalize(source.Up),At = normalize(source.At projected perpendicular to Up),NEED_STUDY,NEED_STUDY,none,UNTESTED,,2026-06-07,,,,,,,,,,,,,,
BLD_BUI_HAND,BLD_BUI_HAND,SEEDED,dimensions_library_fbx_bounds,,models/decoration/BLD_BUI_HAND.fbx,source/control scale,0.19104,0.079346,0.241638,0.030945,0.105881,-0.00351,Right = normalize(Up cross At),Up = normalize(source.Up),At = normalize(source.At projected perpendicular to Up),NEED_STUDY,NEED_STUDY,none,UNTESTED,,2026-06-07,,,,,,,,,,,,,,
BLD_BUI_HEAD,BLD_BUI_HEAD,SEEDED,dimensions_library_fbx_bounds,,models/decoration/BLD_BUI_HEAD.fbx,source/control scale,0.673828,0.349358,0.527344,-0.147217,0.184452,-0.003418,Right = normalize(Up cross At),Up = normalize(source.Up),At = normalize(source.At projected perpendicular to Up),NEED_STUDY,NEED_STUDY,none,UNTESTED,,2026-06-07,,,,,,,,,,,,,,
BLD_BUI_TENT,BLD_BUI_TENT,SEEDED,dimensions_library_fbx_bounds,,models/decoration/BLD_BUI_TENT.fbx,source/control scale,12.8125,4.233521,6.662109,0.0,2.078552,0.077148,Right = normalize(Up cross At),Up = normalize(source.Up),At = normalize(source.At projected perpendicular to Up),NEED_STUDY,NEED_STUDY,none,UNTESTED,,2026-06-07,,,,,,,,,,,,,,
BLD_COVCRATE,BLD_COVCRATE,SEEDED,dimensions_library_fbx_bounds,,models/decoration/BLD_COVCRATE.fbx,source/control scale,4.609375,2.475353,3.536133,0.003906,1.236933,-0.007324,Right = normalize(Up cross At),Up = normalize(source.Up),At = normalize(source.At projected perpendicular to Up),NEED_STUDY,NEED_STUDY,none,UNTESTED,,2026-06-07,,,,,,,,,,,,,,
BLD_COVSILOS,BLD_COVSILOS,SEEDED,dimensions_library_fbx_bounds,,models/decoration/BLD_COVSILOS.fbx,source/control scale,11.429688,4.35556,12.636719,0.050781,2.146439,0.029297,Right = normalize(Up cross At),Up = normalize(source.Up),At = normalize(source.At projected perpendicular to Up),NEED_STUDY,NEED_STUDY,none,UNTESTED,,2026-06-07,,,,,,,,,,,,,,
BLD_CRANE,BLD_CRANE,SEEDED,dimensions_library_fbx_bounds,,models/decoration/BLD_CRANE.fbx,source/control scale,2.597656,9.507812,7.769531,0.016375,4.704741,2.323148,Right = normalize(Up cross At),Up = normalize(source.Up),At = normalize(source.At projected perpendicular to Up),NEED_STUDY,NEED_STUDY,none,UNTESTED,,2026-06-07,,,,,,,,,,,,,,
BLD_CRYS_DRONE,BLD_CRYS_DRONE,SEEDED,dimensions_library_fbx_bounds,,models/decoration/BLD_CRYS_DRONE.fbx,source/control scale,2.646485,2.452148,2.495117,0.066292,1.010254,-0.336053,Right = normalize(Up cross At),Up = normalize(source.Up),At = normalize(source.At projected perpendicular to Up),NEED_STUDY,NEED_STUDY,none,UNTESTED,,2026-06-07,,,,,,,,,,,,,,
BLD_CRYS_SENT0,BLD_CRYS_SENT0,SEEDED,dimensions_library_fbx_bounds,,models/decoration/BLD_CRYS_SENT0.fbx,source/control scale,0.525635,1.496948,0.613648,-0.007935,0.534729,0.077942,Right = normalize(Up cross At),Up = normalize(source.Up),At = normalize(source.At projected perpendicular to Up),NEED_STUDY,NEED_STUDY,none,UNTESTED,,2026-06-07,,,,,,,,,,,,,,
BLD_CRYS_SENT1,BLD_CRYS_SENT1,SEEDED,dimensions_library_fbx_bounds,,models/decoration/BLD_CRYS_SENT1.fbx,source/control scale,0.873779,1.538331,0.91333,0.078736,0.566772,0.095093,Right = normalize(Up cross At),Up = normalize(source.Up),At = normalize(source.At projected perpendicular to Up),NEED_STUDY,NEED_STUDY,none,UNTESTED,,2026-06-07,,,,,,,,,,,,,,
BLD_DATASIGN,BLD_DATASIGN,SEEDED,dimensions_library_fbx_bounds,,models/furnishings/BLD_DATASIGN.fbx,source/control scale,0.931821,5.254151,2.424901,-0.012596,2.552612,0.0,Right = normalize(Up cross At),Up = normalize(source.Up),At = normalize(source.At projected perpendicular to Up),NEED_STUDY,NEED_STUDY,none,UNTESTED,,2026-06-07,,,,,,,,,,,,,,
BLD_EXPD_BASE01,BLD_EXPD_BASE01,SEEDED,dimensions_library_fbx_bounds,,models/decoration/BLD_EXPD_BASE01.fbx,source/control scale,3.832032,3.389732,1.449218,0.0,1.682087,0.0,Right = normalize(Up cross At),Up = normalize(source.Up),At = normalize(source.At projected perpendicular to Up),NEED_STUDY,NEED_STUDY,none,UNTESTED,,2026-06-07,,,,,,,,,,,,,,
BLD_FIREPIT,BLD_FIREPIT,SEEDED,dimensions_library_fbx_bounds,,models/furnishings/BLD_FIREPIT.fbx,source/control scale,0.765624,1.13379,0.663086,0.0,0.574116,0.0,Right = normalize(Up cross At),Up = normalize(source.Up),At = normalize(source.At projected perpendicular to Up),NEED_STUDY,NEED_STUDY,none,UNTESTED,,2026-06-07,,,,,,,,,,,,,,
BLD_FLYJAR,BLD_FLYJAR,SEEDED,dimensions_library_fbx_bounds,,models/decoration/BLD_FLYJAR.fbx,source/control scale,0.483154,0.840799,0.483154,0.0,0.42121,0.0,Right = normalize(Up cross At),Up = normalize(source.Up),At = normalize(source.At projected perpendicular to Up),NEED_STUDY,NEED_STUDY,none,UNTESTED,,2026-06-07,,,,,,,,,,,,,,
BLD_HOLOGEK,BLD_HOLOGEK,SEEDED,dimensions_library_fbx_bounds,,models/furnishings/BLD_HOLOGEK.fbx,source/control scale,0.418701,0.423639,0.421753,0.002568,0.210418,-0.000988,Right = normalize(Up cross At),Up = normalize(source.Up),At = normalize(source.At projected perpendicular to Up),NEED_STUDY,NEED_STUDY,none,UNTESTED,,2026-06-07,,,,,,,,,,,,,,
BLD_MAPTUBE,BLD_MAPTUBE,SEEDED,dimensions_library_fbx_bounds,,models/furnishings/BLD_MAPTUBE.fbx,source/control scale,0.613971,1.588868,0.784969,-0.001438,0.792783,-0.01198,Right = normalize(Up cross At),Up = normalize(source.Up),At = normalize(source.At projected perpendicular to Up),NEED_STUDY,NEED_STUDY,none,UNTESTED,,2026-06-07,,,,,,,,,,,,,,
BLD_MINI_BIOFRI,BLD_MINI_BIOFRI,SEEDED,dimensions_library_fbx_bounds,,models/furnishings/BLD_MINI_BIOFRI.fbx,source/control scale,0.656738,0.472656,0.656738,0.0,0.251854,0.0,Right = normalize(Up cross At),Up = normalize(source.Up),At = normalize(source.At projected perpendicular to Up),NEED_STUDY,NEED_STUDY,none,UNTESTED,,2026-06-07,,,,,,,,,,,,,,
BLD_PLANET_HOLO,BLD_PLANET_HOLO,SEEDED,dimensions_library_fbx_bounds,,models/decoration/BLD_PLANET_HOLO.fbx,source/control scale,9.957134,3.70118,9.957134,0.0,1.463563,0.0,Right = normalize(Up cross At),Up = normalize(source.Up),At = normalize(source.At projected perpendicular to Up),NEED_STUDY,NEED_STUDY,none,UNTESTED,,2026-06-07,,,,,,,,,,,,,,
BLD_RUINS_01,BLD_RUINS_01,SEEDED,dimensions_library_fbx_bounds,,models/decoration/BLD_RUINS_01.fbx,source/control scale,1.302246,3.822266,0.755615,-0.050537,0.899414,-0.011597,Right = normalize(Up cross At),Up = normalize(source.Up),At = normalize(source.At projected perpendicular to Up),NEED_STUDY,NEED_STUDY,none,UNTESTED,,2026-06-07,,,,,,,,,,,,,,
BLD_RUINS_02,BLD_RUINS_02,SEEDED,dimensions_library_fbx_bounds,,models/decoration/BLD_RUINS_02.fbx,source/control scale,4.060547,7.833008,2.401367,0.415039,2.884277,0.105957,Right = normalize(Up cross At),Up = normalize(source.Up),At = normalize(source.At projected perpendicular to Up),NEED_STUDY,NEED_STUDY,none,UNTESTED,,2026-06-07,,,,,,,,,,,,,,
BLD_RUINS_03,BLD_RUINS_03,SEEDED,dimensions_library_fbx_bounds,,models/decoration/BLD_RUINS_03.fbx,source/control scale,3.552734,3.575195,1.559326,0.082031,0.962402,0.497681,Right = normalize(Up cross At),Up = normalize(source.Up),At = normalize(source.At projected perpendicular to Up),NEED_STUDY,NEED_STUDY,none,UNTESTED,,2026-06-07,,,,,,,,,,,,,,
BLD_RUINS_04,BLD_RUINS_04,SEEDED,dimensions_library_fbx_bounds,,models/decoration/BLD_RUINS_04.fbx,source/control scale,1.583008,7.837402,1.426758,0.093262,3.042236,-0.021484,Right = normalize(Up cross At),Up = normalize(source.Up),At = normalize(source.At projected perpendicular to Up),NEED_STUDY,NEED_STUDY,none,UNTESTED,,2026-06-07,,,,,,,,,,,,,,
BLD_RUINS_05,BLD_RUINS_05,SEEDED,dimensions_library_fbx_bounds,,models/decoration/BLD_RUINS_05.fbx,source/control scale,2.379883,7.220703,2.224121,-0.493652,2.709961,0.576416,Right = normalize(Up cross At),Up = normalize(source.Up),At = normalize(source.At projected perpendicular to Up),NEED_STUDY,NEED_STUDY,none,UNTESTED,,2026-06-07,,,,,,,,,,,,,,
BLD_RUINS_06,BLD_RUINS_06,SEEDED,dimensions_library_fbx_bounds,,models/decoration/BLD_RUINS_06.fbx,source/control scale,6.607422,8.926758,3.449219,0.545898,3.42334,-0.192383,Right = normalize(Up cross At),Up = normalize(source.Up),At = normalize(source.At projected perpendicular to Up),NEED_STUDY,NEED_STUDY,none,UNTESTED,,2026-06-07,,,,,,,,,,,,,,
BLD_RUINS_07,BLD_RUINS_07,SEEDED,dimensions_library_fbx_bounds,,models/decoration/BLD_RUINS_07.fbx,source/control scale,4.689453,6.45752,2.87207,-0.100586,2.282959,-0.657715,Right = normalize(Up cross At),Up = normalize(source.Up),At = normalize(source.At projected perpendicular to Up),NEED_STUDY,NEED_STUDY,none,UNTESTED,,2026-06-07,,,,,,,,,,,,,,
BLD_RUINS_08,BLD_RUINS_08,SEEDED,dimensions_library_fbx_bounds,,models/decoration/BLD_RUINS_08.fbx,source/control scale,4.757812,3.012695,4.962891,-0.078125,0.565918,-0.374023,Right = normalize(Up cross At),Up = normalize(source.Up),At = normalize(source.At projected perpendicular to Up),NEED_STUDY,NEED_STUDY,none,UNTESTED,,2026-06-07,,,,,,,,,,,,,,
BLD_RUINS_09,BLD_RUINS_09,SEEDED,dimensions_library_fbx_bounds,,models/decoration/BLD_RUINS_09.fbx,source/control scale,6.9375,10.028809,6.962891,0.019531,4.024658,-0.008789,Right = normalize(Up cross At),Up = normalize(source.Up),At = normalize(source.At projected perpendicular to Up),NEED_STUDY,NEED_STUDY,none,UNTESTED,,2026-06-07,,,,,,,,,,,,,,
BLD_RUINS_10,BLD_RUINS_10,SEEDED,dimensions_library_fbx_bounds,,models/decoration/BLD_RUINS_10.fbx,source/control scale,3.056641,4.21582,2.217773,-0.138672,1.120605,0.220215,Right = normalize(Up cross At),Up = normalize(source.Up),At = normalize(source.At projected perpendicular to Up),NEED_STUDY,NEED_STUDY,none,UNTESTED,,2026-06-07,,,,,,,,,,,,,,
BLD_RUINS_11,BLD_RUINS_11,SEEDED,dimensions_library_fbx_bounds,,models/decoration/BLD_RUINS_11.fbx,source/control scale,14.25,15.609375,3.839844,0.371094,6.835938,0.845703,Right = normalize(Up cross At),Up = normalize(source.Up),At = normalize(source.At projected perpendicular to Up),NEED_STUDY,NEED_STUDY,none,UNTESTED,,2026-06-07,,,,,,,,,,,,,,
BLD_RUINS_12,BLD_RUINS_12,SEEDED,dimensions_library_fbx_bounds,,models/decoration/BLD_RUINS_12.fbx,source/control scale,2.344727,3.732422,1.830566,0.094238,0.848633,0.473389,Right = normalize(Up cross At),Up = normalize(source.Up),At = normalize(source.At projected perpendicular to Up),NEED_STUDY,NEED_STUDY,none,UNTESTED,,2026-06-07,,,,,,,,,,,,,,
BLD_SHIPBREAK1,BLD_SHIPBREAK1,SEEDED,dimensions_library_fbx_bounds,,models/decoration/BLD_SHIPBREAK1.fbx,source/control scale,7.005859,4.329102,6.107422,0.55957,0.765137,-0.061523,Right = normalize(Up cross At),Up = normalize(source.Up),At = normalize(source.At projected perpendicular to Up),NEED_STUDY,NEED_STUDY,none,UNTESTED,,2026-06-07,,,,,,,,,,,,,,
BLD_SHIPBREAK2,BLD_SHIPBREAK2,SEEDED,dimensions_library_fbx_bounds,,models/decoration/BLD_SHIPBREAK2.fbx,source/control scale,3.960938,4.635742,7.722656,-0.160156,1.379395,0.283203,Right = normalize(Up cross At),Up = normalize(source.Up),At = normalize(source.At projected perpendicular to Up),NEED_STUDY,NEED_STUDY,none,UNTESTED,,2026-06-07,,,,,,,,,,,,,,
BLD_SHIPBREAK3,BLD_SHIPBREAK3,SEEDED,dimensions_library_fbx_bounds,,models/decoration/BLD_SHIPBREAK3.fbx,source/control scale,6.650391,4.293796,9.597656,-1.045898,2.146071,-1.826172,Right = normalize(Up cross At),Up = normalize(source.Up),At = normalize(source.At projected perpendicular to Up),NEED_STUDY,NEED_STUDY,none,UNTESTED,,2026-06-07,,,,,,,,,,,,,,
BLD_SHIPBREAK4,BLD_SHIPBREAK4,SEEDED,dimensions_library_fbx_bounds,,models/decoration/BLD_SHIPBREAK4.fbx,source/control scale,9.761719,8.259277,7.890625,0.267578,3.327393,-0.025391,Right = normalize(Up cross At),Up = normalize(source.Up),At = normalize(source.At projected perpendicular to Up),NEED_STUDY,NEED_STUDY,none,UNTESTED,,2026-06-07,,,,,,,,,,,,,,
BLD_SHIPBREAK5,BLD_SHIPBREAK5,SEEDED,dimensions_library_fbx_bounds,,models/decoration/BLD_SHIPBREAK5.fbx,source/control scale,5.681641,7.176758,7.115234,1.206055,2.11084,0.579102,Right = normalize(Up cross At),Up = normalize(source.Up),At = normalize(source.At projected perpendicular to Up),NEED_STUDY,NEED_STUDY,none,UNTESTED,,2026-06-07,,,,,,,,,,,,,,
BLD_SKULL,BLD_SKULL,SEEDED,dimensions_library_fbx_bounds,,models/decoration/BLD_SKULL.fbx,source/control scale,1.319106,1.618079,2.508834,-0.001147,0.745589,-0.106751,Right = normalize(Up cross At),Up = normalize(source.Up),At = normalize(source.At projected perpendicular to Up),NEED_STUDY,NEED_STUDY,none,UNTESTED,,2026-06-07,,,,,,,,,,,,,,
BOXEDSCREEN,BOXEDSCREEN,SEEDED,dimensions_library_fbx_bounds,,models/furnishings/BOXEDSCREEN.fbx,source/control scale,0.807968,0.704549,0.747795,0.0,0.348075,-0.03273,Right = normalize(Up cross At),Up = normalize(source.Up),At = normalize(source.At projected perpendicular to Up),NEED_STUDY,NEED_STUDY,none,UNTESTED,,2026-06-07,,,,,,,,,,,,,,
BP_ANALYSER,BP_ANALYSER,SEEDED,dimensions_library_fbx_bounds,,models/deployable_technology/BP_ANALYSER.fbx,source/control scale,0.9,1.511007,1.050844,0.0,0.755503,-0.094173,Right = normalize(Up cross At),Up = normalize(source.Up),At = normalize(source.At projected perpendicular to Up),NEED_STUDY,NEED_STUDY,none,UNTESTED,,2026-06-07,,,,,,,,,,,,,,
BRIDGECONNECTOR,BRIDGECONNECTOR,SEEDED,dimensions_library_fbx_bounds,,models/freighter/BRIDGECONNECTOR.fbx,source/control scale,3.071052,3.3122,0.941372,0.0,1.624842,0.413323,Right = normalize(Up cross At),Up = normalize(source.Up),At = normalize(source.At projected perpendicular to Up),NEED_STUDY,NEED_STUDY,none,UNTESTED,,2026-06-07,,,,,,,,,,,,,,
BUILDAMCRATE,BUILDAMCRATE,SEEDED,dimensions_library_fbx_bounds,,models/furnishings/BUILDAMCRATE.fbx,source/control scale,1.170332,0.774022,1.390473,0.0,0.387011,0.006308,Right = normalize(Up cross At),Up = normalize(source.Up),At = normalize(source.At projected perpendicular to Up),NEED_STUDY,NEED_STUDY,none,UNTESTED,,2026-06-07,,,,,,,,,,,,,,
BUILDANTIMATTER,BUILDANTIMATTER,SEEDED,dimensions_library_fbx_bounds,,models/advanced_technology/BUILDANTIMATTER.fbx,source/control scale,3.900001,3.477557,3.900001,0.0,1.638517,0.0,Right = normalize(Up cross At),Up = normalize(source.Up),At = normalize(source.At projected perpendicular to Up),NEED_STUDY,NEED_STUDY,none,UNTESTED,,2026-06-07,,,,,,,,,,,,,,
BUILDBEACON,BUILDBEACON,SEEDED,dimensions_library_fbx_bounds,,models/deployable_technology/BUILDBEACON.fbx,source/control scale,1.059564,2.332772,1.049094,-0.005235,1.166386,0.0,Right = normalize(Up cross At),Up = normalize(source.Up),At = normalize(source.At projected perpendicular to Up),NEED_STUDY,NEED_STUDY,none,UNTESTED,,2026-06-07,,,,,,,,,,,,,,
BUILDBED,BUILDBED,SEEDED,dimensions_library_fbx_bounds,,models/furnishings/BUILDBED.fbx,source/control scale,1.32509,1.134197,3.360724,0.0,0.567098,-0.020206,Right = normalize(Up cross At),Up = normalize(source.Up),At = normalize(source.At projected perpendicular to Up),NEED_STUDY,NEED_STUDY,none,UNTESTED,,2026-06-07,,,,,,,,,,,,,,
BUILDCANRACK,BUILDCANRACK,SEEDED,dimensions_library_fbx_bounds,,models/furnishings/BUILDCANRACK.fbx,source/control scale,1.857922,1.937507,0.70263,0.0,0.968754,0.005322,Right = normalize(Up cross At),Up = normalize(source.Up),At = normalize(source.At projected perpendicular to Up),NEED_STUDY,NEED_STUDY,none,UNTESTED,,2026-06-07,,,,,,,,,,,,,,
BUILDCHAIR,BUILDCHAIR,SEEDED,dimensions_library_fbx_bounds,,models/furnishings/BUILDCHAIR.fbx,source/control scale,0.878689,1.067357,0.884894,-1e-06,0.531668,0.052444,Right = normalize(Up cross At),Up = normalize(source.Up),At = normalize(source.At projected perpendicular to Up),NEED_STUDY,NEED_STUDY,none,UNTESTED,,2026-06-07,,,,,,,,,,,,,,
BUILDCHAIR2,BUILDCHAIR2,SEEDED,dimensions_library_fbx_bounds,,models/furnishings/BUILDCHAIR2.fbx,source/control scale,0.814174,0.94541,0.862737,0.0,0.467705,0.146925,Right = normalize(Up cross At),Up = normalize(source.Up),At = normalize(source.At projected perpendicular to Up),NEED_STUDY,NEED_STUDY,none,UNTESTED,,2026-06-07,,,,,,,,,,,,,,
BUILDCHAIR3,BUILDCHAIR3,SEEDED,dimensions_library_fbx_bounds,,models/furnishings/BUILDCHAIR3.fbx,source/control scale,0.654553,0.974329,0.813602,0.006009,0.482164,0.085283,Right = normalize(Up cross At),Up = normalize(source.Up),At = normalize(source.At projected perpendicular to Up),NEED_STUDY,NEED_STUDY,none,UNTESTED,,2026-06-07,,,,,,,,,,,,,,
BUILDCHAIR4,BUILDCHAIR4,SEEDED,dimensions_library_fbx_bounds,,models/furnishings/BUILDCHAIR4.fbx,source/control scale,0.911133,1.05957,0.904923,1e-06,0.529785,-0.114507,Right = normalize(Up cross At),Up = normalize(source.Up),At = normalize(source.At projected perpendicular to Up),NEED_STUDY,NEED_STUDY,none,UNTESTED,,2026-06-07,,,,,,,,,,,,,,
BUILDDECAL,BUILDDECAL,SEEDED,dimensions_library_fbx_bounds,,models/wall_art/BUILDDECAL.fbx,source/control scale,0.914986,0.087555,0.845268,0.0,0.043777,0.01514,Right = normalize(Up cross At),Up = normalize(source.Up),At = normalize(source.At projected perpendicular to Up),NEED_STUDY,NEED_STUDY,none,UNTESTED,,2026-06-07,,,,,,,,,,,,,,
BUILDDECAL2,BUILDDECAL2,SEEDED,dimensions_library_fbx_bounds,,models/wall_art/BUILDDECAL2.fbx,source/control scale,3.196014,0.053788,0.221585,0.0,0.026894,0.103962,Right = normalize(Up cross At),Up = normalize(source.Up),At = normalize(source.At projected perpendicular to Up),NEED_STUDY,NEED_STUDY,none,UNTESTED,,2026-06-07,,,,,,,,,,,,,,
BUILDDECALNMS,BUILDDECALNMS,SEEDED,dimensions_library_fbx_bounds,,models/wall_art/BUILDDECALNMS.fbx,source/control scale,1.06666,0.060634,1.773901,0.008967,0.03028,0.102053,Right = normalize(Up cross At),Up = normalize(source.Up),At = normalize(source.At projected perpendicular to Up),NEED_STUDY,NEED_STUDY,none,UNTESTED,,2026-06-07,,,,,,,,,,,,,,
BUILDDECALNUM0,BUILDDECALNUM0,SEEDED,dimensions_library_fbx_bounds,,models/wall_art/BUILDDECALNUM0.fbx,source/control scale,0.593393,0.1,1.058364,0.00325,0.05,0.110155,Right = normalize(Up cross At),Up = normalize(source.Up),At = normalize(source.At projected perpendicular to Up),NEED_STUDY,NEED_STUDY,none,UNTESTED,,2026-06-07,,,,,,,,,,,,,,
BUILDDECALNUM1,BUILDDECALNUM1,SEEDED,dimensions_library_fbx_bounds,,models/wall_art/BUILDDECALNUM1.fbx,source/control scale,0.314667,0.1,1.072098,-0.002228,0.05,0.117022,Right = normalize(Up cross At),Up = normalize(source.Up),At = normalize(source.At projected perpendicular to Up),NEED_STUDY,NEED_STUDY,none,UNTESTED,,2026-06-07,,,,,,,,,,,,,,
BUILDDECALNUM2,BUILDDECALNUM2,SEEDED,dimensions_library_fbx_bounds,,models/wall_art/BUILDDECALNUM2.fbx,source/control scale,0.58727,0.100246,1.072098,0.003038,0.049877,0.117022,Right = normalize(Up cross At),Up = normalize(source.Up),At = normalize(source.At projected perpendicular to Up),NEED_STUDY,NEED_STUDY,none,UNTESTED,,2026-06-07,,,,,,,,,,,,,,
BUILDDECALNUM3,BUILDDECALNUM3,SEEDED,dimensions_library_fbx_bounds,,models/wall_art/BUILDDECALNUM3.fbx,source/control scale,0.595176,0.100516,1.087679,-0.003162,0.049742,0.124812,Right = normalize(Up cross At),Up = normalize(source.Up),At = normalize(source.At projected perpendicular to Up),NEED_STUDY,NEED_STUDY,none,UNTESTED,,2026-06-07,,,,,,,,,,,,,,
BUILDDECALNUM4,BUILDDECALNUM4,SEEDED,dimensions_library_fbx_bounds,,models/wall_art/BUILDDECALNUM4.fbx,source/control scale,0.611951,0.1,1.065277,-0.004222,0.05,0.113612,Right = normalize(Up cross At),Up = normalize(source.Up),At = normalize(source.At projected perpendicular to Up),NEED_STUDY,NEED_STUDY,none,UNTESTED,,2026-06-07,,,,,,,,,,,,,,
BUILDDECALNUM5,BUILDDECALNUM5,SEEDED,dimensions_library_fbx_bounds,,models/wall_art/BUILDDECALNUM5.fbx,source/control scale,0.555893,0.100295,1.080402,-0.015296,0.049853,0.121174,Right = normalize(Up cross At),Up = normalize(source.Up),At = normalize(source.At projected perpendicular to Up),NEED_STUDY,NEED_STUDY,none,UNTESTED,,2026-06-07,,,,,,,,,,,,,,
BUILDDECALNUM6,BUILDDECALNUM6,SEEDED,dimensions_library_fbx_bounds,,models/wall_art/BUILDDECALNUM6.fbx,source/control scale,0.586839,0.1001,1.083971,-0.001869,0.04995,0.122958,Right = normalize(Up cross At),Up = normalize(source.Up),At = normalize(source.At projected perpendicular to Up),NEED_STUDY,NEED_STUDY,none,UNTESTED,,2026-06-07,,,,,,,,,,,,,,
BUILDDECALNUM7,BUILDDECALNUM7,SEEDED,dimensions_library_fbx_bounds,,models/wall_art/BUILDDECALNUM7.fbx,source/control scale,0.540551,0.100336,1.072098,0.003024,0.049832,0.117022,Right = normalize(Up cross At),Up = normalize(source.Up),At = normalize(source.At projected perpendicular to Up),NEED_STUDY,NEED_STUDY,none,UNTESTED,,2026-06-07,,,,,,,,,,,,,,
BUILDDECALNUM8,BUILDDECALNUM8,SEEDED,dimensions_library_fbx_bounds,,models/wall_art/BUILDDECALNUM8.fbx,source/control scale,0.600762,0.100681,1.088743,-0.002418,0.04966,0.125344,Right = normalize(Up cross At),Up = normalize(source.Up),At = normalize(source.At projected perpendicular to Up),NEED_STUDY,NEED_STUDY,none,UNTESTED,,2026-06-07,,,,,,,,,,,,,,
BUILDDECALNUM9,BUILDDECALNUM9,SEEDED,dimensions_library_fbx_bounds,,models/wall_art/BUILDDECALNUM9.fbx,source/control scale,0.5739,0.100177,1.087117,0.000541,0.049912,0.124531,Right = normalize(Up cross At),Up = normalize(source.Up),At = normalize(source.At projected perpendicular to Up),NEED_STUDY,NEED_STUDY,none,UNTESTED,,2026-06-07,,,,,,,,,,,,,,
BUILDDECALSIMP1,BUILDDECALSIMP1,SEEDED,dimensions_library_fbx_bounds,,models/wall_art/BUILDDECALSIMP1.fbx,source/control scale,1.475402,0.069154,1.485863,0.0,0.034577,0.000762,Right = normalize(Up cross At),Up = normalize(source.Up),At = normalize(source.At projected perpendicular to Up),NEED_STUDY,NEED_STUDY,none,UNTESTED,,2026-06-07,,,,,,,,,,,,,,
BUILDDECALSIMP2,BUILDDECALSIMP2,SEEDED,dimensions_library_fbx_bounds,,models/wall_art/BUILDDECALSIMP2.fbx,source/control scale,1.564336,0.066728,1.723867,0.0,0.033245,0.011414,Right = normalize(Up cross At),Up = normalize(source.Up),At = normalize(source.At projected perpendicular to Up),NEED_STUDY,NEED_STUDY,none,UNTESTED,,2026-06-07,,,,,,,,,,,,,,
BUILDDECALSIMP3,BUILDDECALSIMP3,SEEDED,dimensions_library_fbx_bounds,,models/wall_art/BUILDDECALSIMP3.fbx,source/control scale,1.208813,0.038771,1.328409,0.008287,0.024803,0.038287,Right = normalize(Up cross At),Up = normalize(source.Up),At = normalize(source.At projected perpendicular to Up),NEED_STUDY,NEED_STUDY,none,UNTESTED,,2026-06-07,,,,,,,,,,,,,,
BUILDDECALSIMP4,BUILDDECALSIMP4,SEEDED,dimensions_library_fbx_bounds,,models/wall_art/BUILDDECALSIMP4.fbx,source/control scale,1.698037,0.067165,1.730266,-0.000493,0.033583,0.030927,Right = normalize(Up cross At),Up = normalize(source.Up),At = normalize(source.At projected perpendicular to Up),NEED_STUDY,NEED_STUDY,none,UNTESTED,,2026-06-07,,,,,,,,,,,,,,
BUILDDECALVIS1,BUILDDECALVIS1,SEEDED,dimensions_library_fbx_bounds,,models/wall_art/BUILDDECALVIS1.fbx,source/control scale,1.401126,0.066609,1.668171,0.0,0.033305,-0.000342,Right = normalize(Up cross At),Up = normalize(source.Up),At = normalize(source.At projected perpendicular to Up),NEED_STUDY,NEED_STUDY,none,UNTESTED,,2026-06-07,,,,,,,,,,,,,,
BUILDDECALVIS2,BUILDDECALVIS2,SEEDED,dimensions_library_fbx_bounds,,models/wall_art/BUILDDECALVIS2.fbx,source/control scale,1.716666,0.066609,1.668171,0.0,0.033305,-0.000342,Right = normalize(Up cross At),Up = normalize(source.Up),At = normalize(source.At projected perpendicular to Up),NEED_STUDY,NEED_STUDY,none,UNTESTED,,2026-06-07,,,,,,,,,,,,,,
BUILDDECALVIS3,BUILDDECALVIS3,SEEDED,dimensions_library_fbx_bounds,,models/wall_art/BUILDDECALVIS3.fbx,source/control scale,1.401126,0.066609,1.843174,0.0,0.033305,0.0,Right = normalize(Up cross At),Up = normalize(source.Up),At = normalize(source.At projected perpendicular to Up),NEED_STUDY,NEED_STUDY,none,UNTESTED,,2026-06-07,,,,,,,,,,,,,,
BUILDDECALVIS4,BUILDDECALVIS4,SEEDED,dimensions_library_fbx_bounds,,models/wall_art/BUILDDECALVIS4.fbx,source/control scale,1.429829,0.13,1.462266,0.014915,0.065,0.023366,Right = normalize(Up cross At),Up = normalize(source.Up),At = normalize(source.At projected perpendicular to Up),NEED_STUDY,NEED_STUDY,none,UNTESTED,,2026-06-07,,,,,,,,,,,,,,
BUILDDECALVIS5,BUILDDECALVIS5,SEEDED,dimensions_library_fbx_bounds,,models/wall_art/BUILDDECALVIS5.fbx,source/control scale,1.286976,0.104847,1.325978,-0.00501,0.066538,-0.073921,Right = normalize(Up cross At),Up = normalize(source.Up),At = normalize(source.At projected perpendicular to Up),NEED_STUDY,NEED_STUDY,none,UNTESTED,,2026-06-07,,,,,,,,,,,,,,
BUILDDOOR,BUILDDOOR,SEEDED,dimensions_library_fbx_bounds,,models/large_structures/BUILDDOOR.fbx,source/control scale,3.071052,3.3122,0.941372,0.0,1.624842,0.413323,Right = normalize(Up cross At),Up = normalize(source.Up),At = normalize(source.At projected perpendicular to Up),NEED_STUDY,NEED_STUDY,none,UNTESTED,,2026-06-07,,,,,,,,,,,,,,
BUILDDOOR_WATER,BUILDDOOR_WATER,SEEDED,dimensions_library_fbx_bounds,,models/large_structures/BUILDDOOR_WATER.fbx,source/control scale,3.037984,3.037985,1.680205,0.0,1.632729,0.569897,Right = normalize(Up cross At),Up = normalize(source.Up),At = normalize(source.At projected perpendicular to Up),NEED_STUDY,NEED_STUDY,none,UNTESTED,,2026-06-07,,,,,,,,,,,,,,
BUILDFLATPANEL,BUILDFLATPANEL,SEEDED,dimensions_library_fbx_bounds,,models/furnishings/BUILDFLATPANEL.fbx,source/control scale,3.007812,0.293154,1.260742,0.0,0.148589,0.0,Right = normalize(Up cross At),Up = normalize(source.Up),At = normalize(source.At projected perpendicular to Up),NEED_STUDY,NEED_STUDY,none,UNTESTED,,2026-06-07,,,,,,,,,,,,,,
BUILDGASHARVEST,BUILDGASHARVEST,SEEDED,dimensions_library_fbx_bounds,,models/advanced_technology/BUILDGASHARVEST.fbx,source/control scale,1.48,3.01124,2.137388,0.0,1.507418,0.135975,Right = normalize(Up cross At),Up = normalize(source.Up),At = normalize(source.At projected perpendicular to Up),NEED_STUDY,NEED_STUDY,none,UNTESTED,,2026-06-07,,,,,,,,,,,,,,
BUILDHARVESTER,BUILDHARVESTER,SEEDED,dimensions_library_fbx_bounds,,models/advanced_technology/BUILDHARVESTER.fbx,source/control scale,2.279544,3.28802,2.08388,0.0,1.385669,0.0,Right = normalize(Up cross At),Up = normalize(source.Up),At = normalize(source.At projected perpendicular to Up),NEED_STUDY,NEED_STUDY,none,UNTESTED,,2026-06-07,,,,,,,,,,,,,,
BUILDHCABINET,BUILDHCABINET,SEEDED,dimensions_library_fbx_bounds,,models/furnishings/BUILDHCABINET.fbx,source/control scale,0.822084,0.966614,2.286349,0.0,0.487672,0.304524,Right = normalize(Up cross At),Up = normalize(source.Up),At = normalize(source.At projected perpendicular to Up),NEED_STUDY,NEED_STUDY,none,UNTESTED,,2026-06-07,,,,,,,,,,,,,,
BUILDLABLAMP,BUILDLABLAMP,SEEDED,dimensions_library_fbx_bounds,,models/lights/BUILDLABLAMP.fbx,source/control scale,2.494196,1.425417,2.494197,0.0,0.705858,-1e-06,Right = normalize(Up cross At),Up = normalize(source.Up),At = normalize(source.At projected perpendicular to Up),NEED_STUDY,NEED_STUDY,none,UNTESTED,,2026-06-07,,,,,,,,,,,,,,
BUILDLADDER,BUILDLADDER,SEEDED,dimensions_library_fbx_bounds,,models/large_structures/BUILDLADDER.fbx,source/control scale,1.0,4.0,0.286832,1e-06,2.0,-0.816415,Right = normalize(Up cross At),Up = normalize(source.Up),At = normalize(source.At projected perpendicular to Up),NEED_STUDY,NEED_STUDY,none,UNTESTED,,2026-06-07,,,,,,,,,,,,,,
BUILDLANDINGPAD,BUILDLANDINGPAD,SEEDED,dimensions_library_fbx_bounds,,models/advanced_technology/BUILDLANDINGPAD.fbx,source/control scale,36.004753,4.177255,36.004753,0.0,1.03086,0.0,Right = normalize(Up cross At),Up = normalize(source.Up),At = normalize(source.At projected perpendicular to Up),NEED_STUDY,NEED_STUDY,none,UNTESTED,,2026-06-07,,,,,,,,,,,,,,
BUILDLCRATE,BUILDLCRATE,SEEDED,dimensions_library_fbx_bounds,,models/furnishings/BUILDLCRATE.fbx,source/control scale,1.075651,1.131939,1.098982,0.003472,0.554633,0.033899,Right = normalize(Up cross At),Up = normalize(source.Up),At = normalize(source.At projected perpendicular to Up),NEED_STUDY,NEED_STUDY,none,UNTESTED,,2026-06-07,,,,,,,,,,,,,,
BUILDLIGHT,BUILDLIGHT,SEEDED,dimensions_library_fbx_bounds,,models/lights/BUILDLIGHT.fbx,source/control scale,1.330078,2.877718,1.247326,0.0,1.428704,0.0,Right = normalize(Up cross At),Up = normalize(source.Up),At = normalize(source.At projected perpendicular to Up),NEED_STUDY,NEED_STUDY,none,UNTESTED,,2026-06-07,,,,,,,,,,,,,,
BUILDLIGHT2,BUILDLIGHT2,SEEDED,dimensions_library_fbx_bounds,,models/lights/BUILDLIGHT2.fbx,source/control scale,1.344185,2.889346,1.247326,-0.006941,1.434518,0.0,Right = normalize(Up cross At),Up = normalize(source.Up),At = normalize(source.At projected perpendicular to Up),NEED_STUDY,NEED_STUDY,none,UNTESTED,,2026-06-07,,,,,,,,,,,,,,
BUILDLIGHT3,BUILDLIGHT3,SEEDED,dimensions_library_fbx_bounds,,models/lights/BUILDLIGHT3.fbx,source/control scale,1.247564,2.828615,1.247326,0.0,1.404152,0.0,Right = normalize(Up cross At),Up = normalize(source.Up),At = normalize(source.At projected perpendicular to Up),NEED_STUDY,NEED_STUDY,none,UNTESTED,,2026-06-07,,,,,,,,,,,,,,
BUILDLIGHTTABLE,BUILDLIGHTTABLE,SEEDED,dimensions_library_fbx_bounds,,models/furnishings/BUILDLIGHTTABLE.fbx,source/control scale,1.61,0.539329,1.64,0.0,0.269664,0.0,Right = normalize(Up cross At),Up = normalize(source.Up),At = normalize(source.At projected perpendicular to Up),NEED_STUDY,NEED_STUDY,none,UNTESTED,,2026-06-07,,,,,,,,,,,,,,
BUILDLOCKER,BUILDLOCKER,SEEDED,dimensions_library_fbx_bounds,,models/furnishings/BUILDLOCKER.fbx,source/control scale,0.857628,2.896079,0.884518,0.0,1.497526,0.027057,Right = normalize(Up cross At),Up = normalize(source.Up),At = normalize(source.At projected perpendicular to Up),NEED_STUDY,NEED_STUDY,none,UNTESTED,,2026-06-07,,,,,,,,,,,,,,
BUILDPAVING,BUILDPAVING,SEEDED,dimensions_library_fbx_bounds,,models/decoration/BUILDPAVING.fbx,source/control scale,2.256762,0.165636,2.256762,0.0,0.083872,0.0,Right = normalize(Up cross At),Up = normalize(source.Up),At = normalize(source.At projected perpendicular to Up),NEED_STUDY,NEED_STUDY,none,UNTESTED,,2026-06-07,,,,,,,,,,,,,,
BUILDPAVINGTALL,BUILDPAVINGTALL,SEEDED,dimensions_library_fbx_bounds,,models/decoration/BUILDPAVINGTALL.fbx,source/control scale,2.233436,0.979492,2.233436,0.0,0.489746,0.0,Right = normalize(Up cross At),Up = normalize(source.Up),At = normalize(source.At projected perpendicular to Up),NEED_STUDY,NEED_STUDY,none,UNTESTED,,2026-06-07,,,,,,,,,,,,,,
BUILDPAVING_BIG,BUILDPAVING_BIG,SEEDED,dimensions_library_fbx_bounds,,models/decoration/BUILDPAVING_BIG.fbx,source/control scale,4.256762,0.165636,4.256762,0.0,0.083872,0.0,Right = normalize(Up cross At),Up = normalize(source.Up),At = normalize(source.At projected perpendicular to Up),NEED_STUDY,NEED_STUDY,none,UNTESTED,,2026-06-07,,,,,,,,,,,,,,
BUILDRAMP,BUILDRAMP,SEEDED,dimensions_library_fbx_bounds,,models/large_structures/BUILDRAMP.fbx,source/control scale,1.4,1.050135,2.02,0.0,0.326909,0.0,Right = normalize(Up cross At),Up = normalize(source.Up),At = normalize(source.At projected perpendicular to Up),NEED_STUDY,NEED_STUDY,none,UNTESTED,,2026-06-07,,,,,,,,,,,,,,
BUILDSAVE,BUILDSAVE,SEEDED,dimensions_library_fbx_bounds,,models/deployable_technology/BUILDSAVE.fbx,source/control scale,1.222076,0.775718,1.222076,0.0,0.386563,0.0,Right = normalize(Up cross At),Up = normalize(source.Up),At = normalize(source.At projected perpendicular to Up),NEED_STUDY,NEED_STUDY,none,UNTESTED,,2026-06-07,,,,,,,,,,,,,,
BUILDSIDEPANEL,BUILDSIDEPANEL,SEEDED,dimensions_library_fbx_bounds,,models/furnishings/BUILDSIDEPANEL.fbx,source/control scale,1.752442,0.483109,2.448242,-0.003662,0.240135,-0.114746,Right = normalize(Up cross At),Up = normalize(source.Up),At = normalize(source.At projected perpendicular to Up),NEED_STUDY,NEED_STUDY,none,UNTESTED,,2026-06-07,,,,,,,,,,,,,,
BUILDSIGNAL,BUILDSIGNAL,SEEDED,dimensions_library_fbx_bounds,,models/deployable_technology/BUILDSIGNAL.fbx,source/control scale,1.127522,1.539807,1.127522,0.0,0.768608,0.0,Right = normalize(Up cross At),Up = normalize(source.Up),At = normalize(source.At projected perpendicular to Up),NEED_STUDY,NEED_STUDY,none,UNTESTED,,2026-06-07,,,,,,,,,,,,,,
BUILDSIMPLEDESK,BUILDSIMPLEDESK,SEEDED,dimensions_library_fbx_bounds,,models/furnishings/BUILDSIMPLEDESK.fbx,source/control scale,3.067134,0.801373,1.331668,0.0,0.399369,0.0,Right = normalize(Up cross At),Up = normalize(source.Up),At = normalize(source.At projected perpendicular to Up),NEED_STUDY,NEED_STUDY,none,UNTESTED,,2026-06-07,,,,,,,,,,,,,,
BUILDSOFA,BUILDSOFA,SEEDED,dimensions_library_fbx_bounds,,models/furnishings/BUILDSOFA.fbx,source/control scale,2.942682,0.899178,0.807262,0.0,0.449189,0.165062,Right = normalize(Up cross At),Up = normalize(source.Up),At = normalize(source.At projected perpendicular to Up),NEED_STUDY,NEED_STUDY,none,UNTESTED,,2026-06-07,,,,,,,,,,,,,,
BUILDSOFA2,BUILDSOFA2,SEEDED,dimensions_library_fbx_bounds,,models/furnishings/BUILDSOFA2.fbx,source/control scale,2.856562,0.847998,1.159323,0.0,0.470489,0.072825,Right = normalize(Up cross At),Up = normalize(source.Up),At = normalize(source.At projected perpendicular to Up),NEED_STUDY,NEED_STUDY,none,UNTESTED,,2026-06-07,,,,,,,,,,,,,,
BUILDSOFA2L,BUILDSOFA2L,SEEDED,dimensions_library_fbx_bounds,,models/furnishings/BUILDSOFA2L.fbx,source/control scale,3.267998,0.847998,3.252061,0.00444,0.470489,1.119193,Right = normalize(Up cross At),Up = normalize(source.Up),At = normalize(source.At projected perpendicular to Up),NEED_STUDY,NEED_STUDY,none,UNTESTED,,2026-06-07,,,,,,,,,,,,,,
BUILDTABLE,BUILDTABLE,SEEDED,dimensions_library_fbx_bounds,,models/furnishings/BUILDTABLE.fbx,source/control scale,2.59072,0.82,2.59072,0.0,0.405837,0.0,Right = normalize(Up cross At),Up = normalize(source.Up),At = normalize(source.At projected perpendicular to Up),NEED_STUDY,NEED_STUDY,none,UNTESTED,,2026-06-07,,,,,,,,,,,,,,
BUILDTABLE2,BUILDTABLE2,SEEDED,dimensions_library_fbx_bounds,,models/furnishings/BUILDTABLE2.fbx,source/control scale,2.508068,1.04,2.172051,0.0,0.505,0.0,Right = normalize(Up cross At),Up = normalize(source.Up),At = normalize(source.At projected perpendicular to Up),NEED_STUDY,NEED_STUDY,none,UNTESTED,,2026-06-07,,,,,,,,,,,,,,
BUILDTABLE3,BUILDTABLE3,SEEDED,dimensions_library_fbx_bounds,,models/furnishings/BUILDTABLE3.fbx,source/control scale,2.0,1.324844,2.009277,0.0,0.662422,0.003161,Right = normalize(Up cross At),Up = normalize(source.Up),At = normalize(source.At projected perpendicular to Up),NEED_STUDY,NEED_STUDY,none,UNTESTED,,2026-06-07,,,,,,,,,,,,,,
BUILDTERMINAL,BUILDTERMINAL,SEEDED,dimensions_library_fbx_bounds,,models/specialist_terminals/BUILDTERMINAL.fbx,source/control scale,1.970384,1.970384,0.39396,0.0,2.124831,0.19698,Right = normalize(Up cross At),Up = normalize(source.Up),At = normalize(source.At projected perpendicular to Up),NEED_STUDY,NEED_STUDY,none,UNTESTED,,2026-06-07,,,,,,,,,,,,,,
BUILDWINDOW,BUILDWINDOW,SEEDED,dimensions_library_fbx_bounds,,models/large_structures/BUILDWINDOW.fbx,source/control scale,4.2416,3.0,1.334581,-1.5e-05,1.5,-0.492627,Right = normalize(Up cross At),Up = normalize(source.Up),At = normalize(source.At projected perpendicular to Up),NEED_STUDY,NEED_STUDY,none,UNTESTED,,2026-06-07,,,,,,,,,,,,,,
BUILDWORKTOP,BUILDWORKTOP,SEEDED,dimensions_library_fbx_bounds,,models/furnishings/BUILDWORKTOP.fbx,source/control scale,2.498674,1.081381,0.970356,0.0,0.533448,0.0,Right = normalize(Up cross At),Up = normalize(source.Up),At = normalize(source.At projected perpendicular to Up),NEED_STUDY,NEED_STUDY,none,UNTESTED,,2026-06-07,,,,,,,,,,,,,,
BUILD_REFINER1,BUILD_REFINER1,SEEDED,dimensions_library_fbx_bounds,,models/deployable_technology/BUILD_REFINER1.fbx,source/control scale,1.803992,1.465288,1.02,-0.000681,0.740485,0.0,Right = normalize(Up cross At),Up = normalize(source.Up),At = normalize(source.At projected perpendicular to Up),NEED_STUDY,NEED_STUDY,none,UNTESTED,,2026-06-07,,,,,,,,,,,,,,
BUILD_REFINER2,BUILD_REFINER2,SEEDED,dimensions_library_fbx_bounds,,models/advanced_technology/BUILD_REFINER2.fbx,source/control scale,2.0,2.368989,2.0,0.0,1.183971,0.0,Right = normalize(Up cross At),Up = normalize(source.Up),At = normalize(source.At projected perpendicular to Up),NEED_STUDY,NEED_STUDY,none,UNTESTED,,2026-06-07,,,,,,,,,,,,,,
BUILD_REFINER3,BUILD_REFINER3,SEEDED,dimensions_library_fbx_bounds,,models/advanced_technology/BUILD_REFINER3.fbx,source/control scale,3.382518,2.814386,2.369434,0.0,1.402541,0.137913,Right = normalize(Up cross At),Up = normalize(source.Up),At = normalize(source.At projected perpendicular to Up),NEED_STUDY,NEED_STUDY,none,UNTESTED,,2026-06-07,,,,,,,,,,,,,,
BYTEBEAT,BYTEBEAT,SEEDED,dimensions_library_fbx_bounds,,models/advanced_technology/BYTEBEAT.fbx,source/control scale,1.518734,1.699581,1.003579,0.0,0.849606,-0.102862,Right = normalize(Up cross At),Up = normalize(source.Up),At = normalize(source.At projected perpendicular to Up),NEED_STUDY,NEED_STUDY,none,UNTESTED,,2026-06-07,,,,,,,,,,,,,,
BYTEBEATSWITCH,BYTEBEATSWITCH,SEEDED,dimensions_library_fbx_bounds,,models/power_industry/BYTEBEATSWITCH.fbx,source/control scale,1.233776,0.76,0.76,0.010827,0.38,0.0,Right = normalize(Up cross At),Up = normalize(source.Up),At = normalize(source.At projected perpendicular to Up),NEED_STUDY,NEED_STUDY,none,UNTESTED,,2026-06-07,,,,,,,,,,,,,,
B_ALK_A,ALK_A,SEEDED,dimensions_library_fbx_bounds,,models/corvette/B_ALK_A.fbx,source/control scale,6.0,3.009532,6.003907,0.0,1.505,-2.99721,Right = normalize(Up cross At),Up = normalize(source.Up),At = normalize(source.At projected perpendicular to Up),NEED_STUDY,NEED_STUDY,none,UNTESTED,,2026-06-07,,,,,,,,,,,,,,
B_ALK_B,ALK_B,SEEDED,dimensions_library_fbx_bounds,,models/corvette/B_ALK_B.fbx,source/control scale,5.929688,2.998047,3.697327,0.0,1.499023,-1.831024,Right = normalize(Up cross At),Up = normalize(source.Up),At = normalize(source.At projected perpendicular to Up),NEED_STUDY,NEED_STUDY,none,UNTESTED,,2026-06-07,,,,,,,,,,,,,,
B_ALK_C,ALK,SEEDED,dimensions_library_fbx_bounds,,models/corvette/B_ALK_C.fbx,source/control scale,6.0,2.970375,6.023438,0.0,1.57967,-0.001953,Right = normalize(Up cross At),Up = normalize(source.Up),At = normalize(source.At projected perpendicular to Up),NEED_STUDY,NEED_STUDY,none,UNTESTED,,2026-06-07,,,,,,,,,,,,,,
B_ALK_Z_A,ALK_Z_A,SEEDED,dimensions_library_fbx_bounds,,models/corvette/B_ALK_Z_A.fbx,source/control scale,6.0,3.009532,6.003906,0.0,1.505,2.99721,Right = normalize(Up cross At),Up = normalize(source.Up),At = normalize(source.At projected perpendicular to Up),NEED_STUDY,NEED_STUDY,none,UNTESTED,,2026-06-07,,,,,,,,,,,,,,
B_ALK_Z_B,ALK_Z_B,SEEDED,dimensions_library_fbx_bounds,,models/corvette/B_ALK_Z_B.fbx,source/control scale,5.929688,2.998047,3.697327,0.0,1.499023,1.831024,Right = normalize(Up cross At),Up = normalize(source.Up),At = normalize(source.At projected perpendicular to Up),NEED_STUDY,NEED_STUDY,none,UNTESTED,,2026-06-07,,,,,,,,,,,,,,
B_ANTENNA0,ANTENNA0,SEEDED,dimensions_library_fbx_bounds,,models/decoration/B_ANTENNA0.fbx,source/control scale,1.119385,3.057846,1.318359,-0.213257,1.498421,0.0,Right = normalize(Up cross At),Up = normalize(source.Up),At = normalize(source.At projected perpendicular to Up),NEED_STUDY,NEED_STUDY,none,UNTESTED,,2026-06-07,,,,,,,,,,,,,,
B_ANTENNA1,ANTENNA1,SEEDED,dimensions_library_fbx_bounds,,models/decoration/B_ANTENNA1.fbx,source/control scale,1.592773,6.62442,1.130859,0.0,3.262009,0.0,Right = normalize(Up cross At),Up = normalize(source.Up),At = normalize(source.At projected perpendicular to Up),NEED_STUDY,NEED_STUDY,none,UNTESTED,,2026-06-07,,,,,,,,,,,,,,
B_ANTENNA2,ANTENNA2,SEEDED,dimensions_library_fbx_bounds,,models/decoration/B_ANTENNA2.fbx,source/control scale,1.665039,5.063538,1.665039,0.0,2.440887,0.0,Right = normalize(Up cross At),Up = normalize(source.Up),At = normalize(source.At projected perpendicular to Up),NEED_STUDY,NEED_STUDY,none,UNTESTED,,2026-06-07,,,,,,,,,,,,,,
B_ANTENNA3,ANTENNA3,SEEDED,dimensions_library_fbx_bounds,,models/decoration/B_ANTENNA3.fbx,source/control scale,1.346191,4.735195,1.576172,0.053955,2.362871,0.0,Right = normalize(Up cross At),Up = normalize(source.Up),At = normalize(source.At projected perpendicular to Up),NEED_STUDY,NEED_STUDY,none,UNTESTED,,2026-06-07,,,,,,,,,,,,,,
B_ARCH,ARCH,SEEDED,dimensions_library_fbx_bounds,,models/builder_structures/B_ARCH.fbx,source/control scale,5.332031,3.515774,1.140625,-0.003906,1.765551,0.0,Right = normalize(Up cross At),Up = normalize(source.Up),At = normalize(source.At projected perpendicular to Up),NEED_STUDY,NEED_STUDY,none,UNTESTED,,2026-06-07,,,,,,,,,,,,,,
B_ARCHB,ARCHB,SEEDED,dimensions_library_fbx_bounds,,models/builder_structures/B_ARCHB.fbx,source/control scale,5.332031,3.515774,1.140625,-0.003906,1.765551,0.0,Right = normalize(Up cross At),Up = normalize(source.Up),At = normalize(source.At projected perpendicular to Up),NEED_STUDY,NEED_STUDY,none,UNTESTED,,2026-06-07,,,,,,,,,,,,,,
B_ARCHB_H,ARCHB,SEEDED,dimensions_library_fbx_bounds,,models/builder_structures/B_ARCHB_H.fbx,source/control scale,2.711914,3.281328,0.929688,-0.01709,1.642539,0.0,Right = normalize(Up cross At),Up = normalize(source.Up),At = normalize(source.At projected perpendicular to Up),NEED_STUDY,NEED_STUDY,none,UNTESTED,,2026-06-07,,,,,,,,,,,,,,
B_ARCHM,ARCHM,SEEDED,dimensions_library_fbx_bounds,,models/builder_structures/B_ARCHM.fbx,source/control scale,5.332031,3.515774,1.140625,-0.003906,1.765551,0.0,Right = normalize(Up cross At),Up = normalize(source.Up),At = normalize(source.At projected perpendicular to Up),NEED_STUDY,NEED_STUDY,none,UNTESTED,,2026-06-07,,,,,,,,,,,,,,
B_ARCHM_H,ARCHM,SEEDED,dimensions_library_fbx_bounds,,models/builder_structures/B_ARCHM_H.fbx,source/control scale,2.711914,3.281328,0.929688,-0.01709,1.642539,0.0,Right = normalize(Up cross At),Up = normalize(source.Up),At = normalize(source.At projected perpendicular to Up),NEED_STUDY,NEED_STUDY,none,UNTESTED,,2026-06-07,,,,,,,,,,,,,,
B_ARCHT,ARCHT,SEEDED,dimensions_library_fbx_bounds,,models/builder_structures/B_ARCHT.fbx,source/control scale,5.876953,4.051514,1.723633,-0.131836,1.704712,0.132324,Right = normalize(Up cross At),Up = normalize(source.Up),At = normalize(source.At projected perpendicular to Up),NEED_STUDY,NEED_STUDY,none,UNTESTED,,2026-06-07,,,,,,,,,,,,,,
B_ARCHT_H,ARCHT,SEEDED,dimensions_library_fbx_bounds,,models/builder_structures/B_ARCHT_H.fbx,source/control scale,2.711914,3.281328,0.929688,-0.01709,1.642539,0.0,Right = normalize(Up cross At),Up = normalize(source.Up),At = normalize(source.At projected perpendicular to Up),NEED_STUDY,NEED_STUDY,none,UNTESTED,,2026-06-07,,,,,,,,,,,,,,
B_ARCH_H,ARCH,SEEDED,dimensions_library_fbx_bounds,,models/builder_structures/B_ARCH_H.fbx,source/control scale,2.711914,3.281328,0.929688,-0.01709,1.642539,0.0,Right = normalize(Up cross At),Up = normalize(source.Up),At = normalize(source.At projected perpendicular to Up),NEED_STUDY,NEED_STUDY,none,UNTESTED,,2026-06-07,,,,,,,,,,,,,,
B_CANOPY_WALL0,CANOPY_WALL0,SEEDED,dimensions_library_fbx_bounds,,models/decoration/B_CANOPY_WALL0.fbx,source/control scale,5.474609,2.971008,1.420166,-0.071289,1.368011,0.401245,Right = normalize(Up cross At),Up = normalize(source.Up),At = normalize(source.At projected perpendicular to Up),NEED_STUDY,NEED_STUDY,none,UNTESTED,,2026-06-07,,,,,,,,,,,,,,
B_CANOPY_WALL1,CANOPY_WALL1,SEEDED,dimensions_library_fbx_bounds,,models/decoration/B_CANOPY_WALL1.fbx,source/control scale,5.474609,2.971008,1.420166,-0.071289,1.368011,0.401245,Right = normalize(Up cross At),Up = normalize(source.Up),At = normalize(source.At projected perpendicular to Up),NEED_STUDY,NEED_STUDY,none,UNTESTED,,2026-06-07,,,,,,,,,,,,,,
B_CANOPY_WALL2,CANOPY_WALL2,SEEDED,dimensions_library_fbx_bounds,,models/decoration/B_CANOPY_WALL2.fbx,source/control scale,5.474609,2.971008,1.420166,-0.071289,1.368011,0.401245,Right = normalize(Up cross At),Up = normalize(source.Up),At = normalize(source.At projected perpendicular to Up),NEED_STUDY,NEED_STUDY,none,UNTESTED,,2026-06-07,,,,,,,,,,,,,,
B_CARRIAGEWHEEL,CARRIAGEWHEEL,SEEDED,dimensions_library_fbx_bounds,,models/decoration/B_CARRIAGEWHEEL.fbx,source/control scale,1.42041,0.64896,1.42041,-0.005127,0.319075,0.00415,Right = normalize(Up cross At),Up = normalize(source.Up),At = normalize(source.At projected perpendicular to Up),NEED_STUDY,NEED_STUDY,none,UNTESTED,,2026-06-07,,,,,,,,,,,,,,
B_CHEV_DOOR,CHEV_DOOR,SEEDED,dimensions_library_fbx_bounds,,models/builder_structures/B_CHEV_DOOR.fbx,source/control scale,5.552734,3.676331,1.538086,0.00293,1.837616,0.058594,Right = normalize(Up cross At),Up = normalize(source.Up),At = normalize(source.At projected perpendicular to Up),NEED_STUDY,NEED_STUDY,none,UNTESTED,,2026-06-07,,,,,,,,,,,,,,
B_CHEV_WALL,CHEV_WALL,SEEDED,dimensions_library_fbx_bounds,,models/builder_structures/B_CHEV_WALL.fbx,source/control scale,5.552734,3.676331,1.538086,0.00293,1.837616,0.058594,Right = normalize(Up cross At),Up = normalize(source.Up),At = normalize(source.At projected perpendicular to Up),NEED_STUDY,NEED_STUDY,none,UNTESTED,,2026-06-07,,,,,,,,,,,,,,
B_CHEV_WALL_H_C,CHEV_WALL_H,SEEDED,dimensions_library_fbx_bounds,,models/builder_structures/B_CHEV_WALL_H_C.fbx,source/control scale,0.680664,3.332031,0.680664,0.146729,1.666016,0.146729,Right = normalize(Up cross At),Up = normalize(source.Up),At = normalize(source.At projected perpendicular to Up),NEED_STUDY,NEED_STUDY,none,UNTESTED,,2026-06-07,,,,,,,,,,,,,,
B_CHEV_WIN0,CHEV_WIN0,SEEDED,dimensions_library_fbx_bounds,,models/builder_structures/B_CHEV_WIN0.fbx,source/control scale,5.552734,3.676331,1.538086,0.00293,1.837616,0.058594,Right = normalize(Up cross At),Up = normalize(source.Up),At = normalize(source.At projected perpendicular to Up),NEED_STUDY,NEED_STUDY,none,UNTESTED,,2026-06-07,,,,,,,,,,,,,,
B_CHEV_WIN1,CHEV_WIN1,SEEDED,dimensions_library_fbx_bounds,,models/builder_structures/B_CHEV_WIN1.fbx,source/control scale,5.552734,3.676331,1.538086,0.00293,1.837616,0.058594,Right = normalize(Up cross At),Up = normalize(source.Up),At = normalize(source.At projected perpendicular to Up),NEED_STUDY,NEED_STUDY,none,UNTESTED,,2026-06-07,,,,,,,,,,,,,,
B_CHEV_WIN2,CHEV_WIN2,SEEDED,dimensions_library_fbx_bounds,,models/builder_structures/B_CHEV_WIN2.fbx,source/control scale,5.552734,3.676331,1.538086,0.00293,1.837616,0.058594,Right = normalize(Up cross At),Up = normalize(source.Up),At = normalize(source.At projected perpendicular to Up),NEED_STUDY,NEED_STUDY,none,UNTESTED,,2026-06-07,,,,,,,,,,,,,,
B_COK_A,COK_A,SEEDED,dimensions_library_fbx_bounds,,models/corvette/B_COK_A.fbx,source/control scale,5.9375,5.499756,6.415283,0.0,2.27356,3.120483,Right = normalize(Up cross At),Up = normalize(source.Up),At = normalize(source.At projected perpendicular to Up),NEED_STUDY,NEED_STUDY,none,UNTESTED,,2026-06-07,,,,,,,,,,,,,,
B_COK_B,COK_B,SEEDED,dimensions_library_fbx_bounds,,models/corvette/B_COK_B.fbx,source/control scale,6.324219,4.624023,5.790321,0.001953,0.672363,2.893902,Right = normalize(Up cross At),Up = normalize(source.Up),At = normalize(source.At projected perpendicular to Up),NEED_STUDY,NEED_STUDY,none,UNTESTED,,2026-06-07,,,,,,,,,,,,,,
B_COK_D,COK_D,SEEDED,dimensions_library_fbx_bounds,,models/corvette/B_COK_D.fbx,source/control scale,6.556641,3.315186,6.216019,-0.010742,1.387329,3.099022,Right = normalize(Up cross At),Up = normalize(source.Up),At = normalize(source.At projected perpendicular to Up),NEED_STUDY,NEED_STUDY,none,UNTESTED,,2026-06-07,,,,,,,,,,,,,,
B_CON2_0,CON2_0,SEEDED,dimensions_library_fbx_bounds,,models/corvette/B_CON2_0.fbx,source/control scale,6.050781,3.009319,11.984375,0.0,1.499247,0.0,Right = normalize(Up cross At),Up = normalize(source.Up),At = normalize(source.At projected perpendicular to Up),NEED_STUDY,NEED_STUDY,none,UNTESTED,,2026-06-07,,,,,,,,,,,,,,
B_CON2_1,CON2_1,SEEDED,dimensions_library_fbx_bounds,,models/corvette/B_CON2_1.fbx,source/control scale,6.015625,3.009319,12.015625,0.0,1.499247,0.0,Right = normalize(Up cross At),Up = normalize(source.Up),At = normalize(source.At projected perpendicular to Up),NEED_STUDY,NEED_STUDY,none,UNTESTED,,2026-06-07,,,,,,,,,,,,,,
B_CON2_2,CON2_2,SEEDED,dimensions_library_fbx_bounds,,models/corvette/B_CON2_2.fbx,source/control scale,6.0,3.0,12.0,0.0,1.5,0.0,Right = normalize(Up cross At),Up = normalize(source.Up),At = normalize(source.At projected perpendicular to Up),NEED_STUDY,NEED_STUDY,none,UNTESTED,,2026-06-07,,,,,,,,,,,,,,
B_CON2_3,CON2_3,SEEDED,dimensions_library_fbx_bounds,,models/corvette/B_CON2_3.fbx,source/control scale,6.0,3.0,12.0,0.0,1.5,0.0,Right = normalize(Up cross At),Up = normalize(source.Up),At = normalize(source.At projected perpendicular to Up),NEED_STUDY,NEED_STUDY,none,UNTESTED,,2026-06-07,,,,,,,,,,,,,,
B_CON_10,CON_10,SEEDED,dimensions_library_fbx_bounds,,models/corvette/B_CON_10.fbx,source/control scale,6.0,2.998046,6.0,0.0,1.499024,0.0,Right = normalize(Up cross At),Up = normalize(source.Up),At = normalize(source.At projected perpendicular to Up),NEED_STUDY,NEED_STUDY,none,UNTESTED,,2026-06-07,,,,,,,,,,,,,,
B_CON_11,CON_11,SEEDED,dimensions_library_fbx_bounds,,models/corvette/B_CON_11.fbx,source/control scale,5.996094,3.0,5.982422,0.0,1.5,0.000977,Right = normalize(Up cross At),Up = normalize(source.Up),At = normalize(source.At projected perpendicular to Up),NEED_STUDY,NEED_STUDY,none,UNTESTED,,2026-06-07,,,,,,,,,,,,,,
B_CON_12,CON_12,SEEDED,dimensions_library_fbx_bounds,,models/corvette/B_CON_12.fbx,source/control scale,6.0,2.998047,6.0,0.0,1.499023,0.0,Right = normalize(Up cross At),Up = normalize(source.Up),At = normalize(source.At projected perpendicular to Up),NEED_STUDY,NEED_STUDY,none,UNTESTED,,2026-06-07,,,,,,,,,,,,,,
B_CON_13,CON_13,SEEDED,dimensions_library_fbx_bounds,,models/corvette/B_CON_13.fbx,source/control scale,6.0,3.0,6.0,0.0,1.5,0.0,Right = normalize(Up cross At),Up = normalize(source.Up),At = normalize(source.At projected perpendicular to Up),NEED_STUDY,NEED_STUDY,none,UNTESTED,,2026-06-07,,,,,,,,,,,,,,
B_CON_14,CON_14,SEEDED,dimensions_library_fbx_bounds,,models/corvette/B_CON_14.fbx,source/control scale,6.0,3.027374,6.0,0.0,1.499985,0.0,Right = normalize(Up cross At),Up = normalize(source.Up),At = normalize(source.At projected perpendicular to Up),NEED_STUDY,NEED_STUDY,none,UNTESTED,,2026-06-07,,,,,,,,,,,,,,
B_CON_15,CON_15,SEEDED,dimensions_library_fbx_bounds,,models/corvette/B_CON_15.fbx,source/control scale,5.972656,2.938614,5.972656,0.0,1.499443,0.0,Right = normalize(Up cross At),Up = normalize(source.Up),At = normalize(source.At projected perpendicular to Up),NEED_STUDY,NEED_STUDY,none,UNTESTED,,2026-06-07,,,,,,,,,,,,,,
B_CON_5,CON_5,SEEDED,dimensions_library_fbx_bounds,,models/corvette/B_CON_5.fbx,source/control scale,6.0,2.998046,6.0,0.0,1.499024,0.0,Right = normalize(Up cross At),Up = normalize(source.Up),At = normalize(source.At projected perpendicular to Up),NEED_STUDY,NEED_STUDY,none,UNTESTED,,2026-06-07,,,,,,,,,,,,,,
B_CON_6,CON_6,SEEDED,dimensions_library_fbx_bounds,,models/corvette/B_CON_6.fbx,source/control scale,6.0,3.001742,5.996094,0.0,1.499129,0.0,Right = normalize(Up cross At),Up = normalize(source.Up),At = normalize(source.At projected perpendicular to Up),NEED_STUDY,NEED_STUDY,none,UNTESTED,,2026-06-07,,,,,,,,,,,,,,
B_CON_7,CON_7,SEEDED,dimensions_library_fbx_bounds,,models/corvette/B_CON_7.fbx,source/control scale,5.996094,3.0,5.996094,0.0,1.5,0.0,Right = normalize(Up cross At),Up = normalize(source.Up),At = normalize(source.At projected perpendicular to Up),NEED_STUDY,NEED_STUDY,none,UNTESTED,,2026-06-07,,,,,,,,,,,,,,
B_CON_8,CON_8,SEEDED,dimensions_library_fbx_bounds,,models/corvette/B_CON_8.fbx,source/control scale,6.0,3.000036,6.0,0.0,1.499982,0.0,Right = normalize(Up cross At),Up = normalize(source.Up),At = normalize(source.At projected perpendicular to Up),NEED_STUDY,NEED_STUDY,none,UNTESTED,,2026-06-07,,,,,,,,,,,,,,
B_CON_9,CON_9,SEEDED,dimensions_library_fbx_bounds,,models/corvette/B_CON_9.fbx,source/control scale,6.0,2.998047,6.007812,0.0,1.499023,0.0,Right = normalize(Up cross At),Up = normalize(source.Up),At = normalize(source.At projected perpendicular to Up),NEED_STUDY,NEED_STUDY,none,UNTESTED,,2026-06-07,,,,,,,,,,,,,,
B_CON_L_0,CON_L_0,SEEDED,dimensions_library_fbx_bounds,,models/corvette/B_CON_L_0.fbx,source/control scale,5.9375,3.0,5.9375,0.0,1.5,0.0,Right = normalize(Up cross At),Up = normalize(source.Up),At = normalize(source.At projected perpendicular to Up),NEED_STUDY,NEED_STUDY,none,UNTESTED,,2026-06-07,,,,,,,,,,,,,,
B_CON_L_1,CON_L_1,SEEDED,dimensions_library_fbx_bounds,,models/corvette/B_CON_L_1.fbx,source/control scale,6.015625,3.003158,6.019531,0.003906,1.500374,0.001953,Right = normalize(Up cross At),Up = normalize(source.Up),At = normalize(source.At projected perpendicular to Up),NEED_STUDY,NEED_STUDY,none,UNTESTED,,2026-06-07,,,,,,,,,,,,,,
B_CON_L_2,CON_L_2,SEEDED,dimensions_library_fbx_bounds,,models/corvette/B_CON_L_2.fbx,source/control scale,6.0,3.000005,6.0,0.0,1.499998,0.0,Right = normalize(Up cross At),Up = normalize(source.Up),At = normalize(source.At projected perpendicular to Up),NEED_STUDY,NEED_STUDY,none,UNTESTED,,2026-06-07,,,,,,,,,,,,,,
B_CON_L_3,CON_L_3,SEEDED,dimensions_library_fbx_bounds,,models/corvette/B_CON_L_3.fbx,source/control scale,6.0,2.998047,6.0,0.0,1.499024,0.0,Right = normalize(Up cross At),Up = normalize(source.Up),At = normalize(source.At projected perpendicular to Up),NEED_STUDY,NEED_STUDY,none,UNTESTED,,2026-06-07,,,,,,,,,,,,,,
B_CON_R_0,CON_R_0,SEEDED,dimensions_library_fbx_bounds,,models/corvette/B_CON_R_0.fbx,source/control scale,5.9375,3.0,5.9375,0.0,1.5,0.0,Right = normalize(Up cross At),Up = normalize(source.Up),At = normalize(source.At projected perpendicular to Up),NEED_STUDY,NEED_STUDY,none,UNTESTED,,2026-06-07,,,,,,,,,,,,,,
B_CON_R_1,CON_R_1,SEEDED,dimensions_library_fbx_bounds,,models/corvette/B_CON_R_1.fbx,source/control scale,6.015625,3.003158,6.019531,-0.003906,1.500374,0.001953,Right = normalize(Up cross At),Up = normalize(source.Up),At = normalize(source.At projected perpendicular to Up),NEED_STUDY,NEED_STUDY,none,UNTESTED,,2026-06-07,,,,,,,,,,,,,,
B_CON_R_2,CON_R_2,SEEDED,dimensions_library_fbx_bounds,,models/corvette/B_CON_R_2.fbx,source/control scale,6.0,3.000005,6.0,0.0,1.499998,0.0,Right = normalize(Up cross At),Up = normalize(source.Up),At = normalize(source.At projected perpendicular to Up),NEED_STUDY,NEED_STUDY,none,UNTESTED,,2026-06-07,,,,,,,,,,,,,,
B_CON_R_3,CON_R_3,SEEDED,dimensions_library_fbx_bounds,,models/corvette/B_CON_R_3.fbx,source/control scale,6.0,2.998047,6.0,0.0,1.499024,0.0,Right = normalize(Up cross At),Up = normalize(source.Up),At = normalize(source.At projected perpendicular to Up),NEED_STUDY,NEED_STUDY,none,UNTESTED,,2026-06-07,,,,,,,,,,,,,,
B_DECO_A,DECO_A,SEEDED,dimensions_library_fbx_bounds,,models/corvette/B_DECO_A.fbx,source/control scale,1.674072,6.080595,1.76479,-0.516479,2.971633,0.52717,Right = normalize(Up cross At),Up = normalize(source.Up),At = normalize(source.At projected perpendicular to Up),NEED_STUDY,NEED_STUDY,none,UNTESTED,,2026-06-07,,,,,,,,,,,,,,
B_DECO_B,DECO_B,SEEDED,dimensions_library_fbx_bounds,,models/corvette/B_DECO_B.fbx,source/control scale,4.0625,1.830688,3.865234,0.0,0.672546,0.0,Right = normalize(Up cross At),Up = normalize(source.Up),At = normalize(source.At projected perpendicular to Up),NEED_STUDY,NEED_STUDY,none,UNTESTED,,2026-06-07,,,,,,,,,,,,,,
B_DECO_C,DECO,SEEDED,dimensions_library_fbx_bounds,,models/corvette/B_DECO_C.fbx,source/control scale,3.285156,2.866028,5.578125,0.0,1.359955,0.0,Right = normalize(Up cross At),Up = normalize(source.Up),At = normalize(source.At projected perpendicular to Up),NEED_STUDY,NEED_STUDY,none,UNTESTED,,2026-06-07,,,,,,,,,,,,,,
B_DECO_D,DECO_D,SEEDED,dimensions_library_fbx_bounds,,models/corvette/B_DECO_D.fbx,source/control scale,3.882812,5.986952,3.884766,0.0,2.990899,0.0,Right = normalize(Up cross At),Up = normalize(source.Up),At = normalize(source.At projected perpendicular to Up),NEED_STUDY,NEED_STUDY,none,UNTESTED,,2026-06-07,,,,,,,,,,,,,,
B_DECO_F,DECO_F,SEEDED,dimensions_library_fbx_bounds,,models/corvette/B_DECO_F.fbx,source/control scale,2.685547,8.119797,5.832031,0.0,4.057289,-0.011719,Right = normalize(Up cross At),Up = normalize(source.Up),At = normalize(source.At projected perpendicular to Up),NEED_STUDY,NEED_STUDY,none,UNTESTED,,2026-06-07,,,,,,,,,,,,,,
B_DECO_G,DECO_G,SEEDED,dimensions_library_fbx_bounds,,models/corvette/B_DECO_G.fbx,source/control scale,4.695312,4.537766,4.011719,0.0,2.266273,0.0,Right = normalize(Up cross At),Up = normalize(source.Up),At = normalize(source.At projected perpendicular to Up),NEED_STUDY,NEED_STUDY,none,UNTESTED,,2026-06-07,,,,,,,,,,,,,,
B_DECO_H,DECO,SEEDED,dimensions_library_fbx_bounds,,models/corvette/B_DECO_H.fbx,source/control scale,4.947266,4.239624,4.848145,-2.104492,2.079407,2.068115,Right = normalize(Up cross At),Up = normalize(source.Up),At = normalize(source.At projected perpendicular to Up),NEED_STUDY,NEED_STUDY,none,UNTESTED,,2026-06-07,,,,,,,,,,,,,,
B_DECO_I,DECO_I,SEEDED,dimensions_library_fbx_bounds,,models/corvette/B_DECO_I.fbx,source/control scale,3.006571,2.823329,5.554688,0.239613,1.463605,-0.224609,Right = normalize(Up cross At),Up = normalize(source.Up),At = normalize(source.At projected perpendicular to Up),NEED_STUDY,NEED_STUDY,none,UNTESTED,,2026-06-07,,,,,,,,,,,,,,
B_DECO_J,DECO_J,SEEDED,dimensions_library_fbx_bounds,,models/corvette/B_DECO_J.fbx,source/control scale,3.703125,1.183176,5.980469,0.033203,0.594935,-0.060547,Right = normalize(Up cross At),Up = normalize(source.Up),At = normalize(source.At projected perpendicular to Up),NEED_STUDY,NEED_STUDY,none,UNTESTED,,2026-06-07,,,,,,,,,,,,,,
B_DECO_K,DECO_K,SEEDED,dimensions_library_fbx_bounds,,models/corvette/B_DECO_K.fbx,source/control scale,5.347656,2.80719,5.998047,0.0,1.326874,0.000977,Right = normalize(Up cross At),Up = normalize(source.Up),At = normalize(source.At projected perpendicular to Up),NEED_STUDY,NEED_STUDY,none,UNTESTED,,2026-06-07,,,,,,,,,,,,,,
B_DECO_L,DECO_L,SEEDED,dimensions_library_fbx_bounds,,models/corvette/B_DECO_L.fbx,source/control scale,4.914062,1.76915,5.683594,0.0,0.859566,0.0,Right = normalize(Up cross At),Up = normalize(source.Up),At = normalize(source.At projected perpendicular to Up),NEED_STUDY,NEED_STUDY,none,UNTESTED,,2026-06-07,,,,,,,,,,,,,,
B_DECO_M,DECO,SEEDED,dimensions_library_fbx_bounds,,models/corvette/B_DECO_M.fbx,source/control scale,3.917969,1.723145,5.970703,0.0,0.772217,-0.004883,Right = normalize(Up cross At),Up = normalize(source.Up),At = normalize(source.At projected perpendicular to Up),NEED_STUDY,NEED_STUDY,none,UNTESTED,,2026-06-07,,,,,,,,,,,,,,
B_DECO_N_0,DECO_N_0,SEEDED,dimensions_library_fbx_bounds,,models/corvette/B_DECO_N_0.fbx,source/control scale,2.975586,3.006377,5.646484,-0.000488,1.502671,-0.170898,Right = normalize(Up cross At),Up = normalize(source.Up),At = normalize(source.At projected perpendicular to Up),NEED_STUDY,NEED_STUDY,none,UNTESTED,,2026-06-07,,,,,,,,,,,,,,
B_DECO_N_1,DECO_N_1,SEEDED,dimensions_library_fbx_bounds,,models/corvette/B_DECO_N_1.fbx,source/control scale,2.975586,3.006377,5.646484,0.000488,1.502671,0.170898,Right = normalize(Up cross At),Up = normalize(source.Up),At = normalize(source.At projected perpendicular to Up),NEED_STUDY,NEED_STUDY,none,UNTESTED,,2026-06-07,,,,,,,,,,,,,,
B_DECO_O,DECO_O,SEEDED,dimensions_library_fbx_bounds,,models/corvette/B_DECO_O.fbx,source/control scale,2.96875,3.156025,5.992188,0.0,1.582144,-0.001953,Right = normalize(Up cross At),Up = normalize(source.Up),At = normalize(source.At projected perpendicular to Up),NEED_STUDY,NEED_STUDY,none,UNTESTED,,2026-06-07,,,,,,,,,,,,,,
B_DECO_P,DECO_P,SEEDED,dimensions_library_fbx_bounds,,models/corvette/B_DECO_P.fbx,source/control scale,12.078125,3.501953,12.078125,0.0,1.750976,0.0,Right = normalize(Up cross At),Up = normalize(source.Up),At = normalize(source.At projected perpendicular to Up),NEED_STUDY,NEED_STUDY,none,UNTESTED,,2026-06-07,,,,,,,,,,,,,,
B_DECO_Q_0,DECO_Q_0,SEEDED,dimensions_library_fbx_bounds,,models/corvette/B_DECO_Q_0.fbx,source/control scale,3.15625,2.929733,5.970703,-0.000977,1.462868,-0.014648,Right = normalize(Up cross At),Up = normalize(source.Up),At = normalize(source.At projected perpendicular to Up),NEED_STUDY,NEED_STUDY,none,UNTESTED,,2026-06-07,,,,,,,,,,,,,,
B_DECO_Q_1,DECO_Q_1,SEEDED,dimensions_library_fbx_bounds,,models/corvette/B_DECO_Q_1.fbx,source/control scale,3.15625,2.929733,5.970704,0.000977,1.462868,0.014649,Right = normalize(Up cross At),Up = normalize(source.Up),At = normalize(source.At projected perpendicular to Up),NEED_STUDY,NEED_STUDY,none,UNTESTED,,2026-06-07,,,,,,,,,,,,,,
B_DECO_R,DECO_R,SEEDED,dimensions_library_fbx_bounds,,models/corvette/B_DECO_R.fbx,source/control scale,3.160156,2.923145,6.0,0.0,1.466162,0.0,Right = normalize(Up cross At),Up = normalize(source.Up),At = normalize(source.At projected perpendicular to Up),NEED_STUDY,NEED_STUDY,none,UNTESTED,,2026-06-07,,,,,,,,,,,,,,
B_DECO_S,DECO_S,SEEDED,dimensions_library_fbx_bounds,,models/corvette/B_DECO_S.fbx,source/control scale,15.5625,2.054199,19.484375,0.0,1.87915,0.0,Right = normalize(Up cross At),Up = normalize(source.Up),At = normalize(source.At projected perpendicular to Up),NEED_STUDY,NEED_STUDY,none,UNTESTED,,2026-06-07,,,,,,,,,,,,,,
B_DECO_T,DECO_T,SEEDED,dimensions_library_fbx_bounds,,models/corvette/B_DECO_T.fbx,source/control scale,4.742188,5.773239,4.742188,0.0,2.902443,0.0,Right = normalize(Up cross At),Up = normalize(source.Up),At = normalize(source.At projected perpendicular to Up),NEED_STUDY,NEED_STUDY,none,UNTESTED,,2026-06-07,,,,,,,,,,,,,,
B_DOOR,DOOR,SEEDED,dimensions_library_fbx_bounds,,models/builder_structures/B_DOOR.fbx,source/control scale,5.429688,3.373596,0.832764,0.0,1.686249,-0.008179,Right = normalize(Up cross At),Up = normalize(source.Up),At = normalize(source.At projected perpendicular to Up),NEED_STUDY,NEED_STUDY,none,UNTESTED,,2026-06-07,,,,,,,,,,,,,,
B_DOOR1,DOOR1,SEEDED,dimensions_library_fbx_bounds,,models/builder_structures/B_DOOR1.fbx,source/control scale,5.429688,3.373596,0.832764,0.0,1.686249,-0.008179,Right = normalize(Up cross At),Up = normalize(source.Up),At = normalize(source.At projected perpendicular to Up),NEED_STUDY,NEED_STUDY,none,UNTESTED,,2026-06-07,,,,,,,,,,,,,,
B_DOORB0,DOORB0,SEEDED,dimensions_library_fbx_bounds,,models/builder_structures/B_DOORB0.fbx,source/control scale,5.429688,3.373596,0.832764,0.0,1.686249,-0.008179,Right = normalize(Up cross At),Up = normalize(source.Up),At = normalize(source.At projected perpendicular to Up),NEED_STUDY,NEED_STUDY,none,UNTESTED,,2026-06-07,,,,,,,,,,,,,,
B_DOORB0_H,DOORB0,SEEDED,dimensions_library_fbx_bounds,,models/builder_structures/B_DOORB0_H.fbx,source/control scale,3.038086,3.377071,0.832764,0.000488,1.684511,-0.008179,Right = normalize(Up cross At),Up = normalize(source.Up),At = normalize(source.At projected perpendicular to Up),NEED_STUDY,NEED_STUDY,none,UNTESTED,,2026-06-07,,,,,,,,,,,,,,
B_DOORB1,DOORB1,SEEDED,dimensions_library_fbx_bounds,,models/builder_structures/B_DOORB1.fbx,source/control scale,5.429688,3.373596,0.832764,0.0,1.686249,-0.008179,Right = normalize(Up cross At),Up = normalize(source.Up),At = normalize(source.At projected perpendicular to Up),NEED_STUDY,NEED_STUDY,none,UNTESTED,,2026-06-07,,,,,,,,,,,,,,
B_DOORM0,DOORM0,SEEDED,dimensions_library_fbx_bounds,,models/builder_structures/B_DOORM0.fbx,source/control scale,5.429688,3.373596,0.832764,0.0,1.686249,-0.008179,Right = normalize(Up cross At),Up = normalize(source.Up),At = normalize(source.At projected perpendicular to Up),NEED_STUDY,NEED_STUDY,none,UNTESTED,,2026-06-07,,,,,,,,,,,,,,
B_DOORM0_H,DOORM0,SEEDED,dimensions_library_fbx_bounds,,models/builder_structures/B_DOORM0_H.fbx,source/control scale,3.038086,3.377071,0.832764,0.000488,1.684511,-0.008179,Right = normalize(Up cross At),Up = normalize(source.Up),At = normalize(source.At projected perpendicular to Up),NEED_STUDY,NEED_STUDY,none,UNTESTED,,2026-06-07,,,,,,,,,,,,,,
B_DOORM1,DOORM1,SEEDED,dimensions_library_fbx_bounds,,models/builder_structures/B_DOORM1.fbx,source/control scale,5.429688,3.373596,0.832764,0.0,1.686249,-0.008179,Right = normalize(Up cross At),Up = normalize(source.Up),At = normalize(source.At projected perpendicular to Up),NEED_STUDY,NEED_STUDY,none,UNTESTED,,2026-06-07,,,,,,,,,,,,,,
B_DOORT0,DOORT0,SEEDED,dimensions_library_fbx_bounds,,models/builder_structures/B_DOORT0.fbx,source/control scale,5.429688,3.373596,0.832764,0.0,1.686249,-0.008179,Right = normalize(Up cross At),Up = normalize(source.Up),At = normalize(source.At projected perpendicular to Up),NEED_STUDY,NEED_STUDY,none,UNTESTED,,2026-06-07,,,,,,,,,,,,,,
B_DOORT0_H,DOORT0,SEEDED,dimensions_library_fbx_bounds,,models/builder_structures/B_DOORT0_H.fbx,source/control scale,3.038086,3.377071,0.832764,0.000488,1.684511,-0.008179,Right = normalize(Up cross At),Up = normalize(source.Up),At = normalize(source.At projected perpendicular to Up),NEED_STUDY,NEED_STUDY,none,UNTESTED,,2026-06-07,,,,,,,,,,,,,,
B_DOORT1,DOORT1,SEEDED,dimensions_library_fbx_bounds,,models/builder_structures/B_DOORT1.fbx,source/control scale,5.429688,3.373596,0.832764,0.0,1.686249,-0.008179,Right = normalize(Up cross At),Up = normalize(source.Up),At = normalize(source.At projected perpendicular to Up),NEED_STUDY,NEED_STUDY,none,UNTESTED,,2026-06-07,,,,,,,,,,,,,,
B_DOORWINB0,DOORWINB0,SEEDED,dimensions_library_fbx_bounds,,models/builder_structures/B_DOORWINB0.fbx,source/control scale,5.375,3.373596,0.832764,-0.003906,1.686249,-0.008179,Right = normalize(Up cross At),Up = normalize(source.Up),At = normalize(source.At projected perpendicular to Up),NEED_STUDY,NEED_STUDY,none,UNTESTED,,2026-06-07,,,,,,,,,,,,,,
B_DOORWINDOW,DOORWINDOW,SEEDED,dimensions_library_fbx_bounds,,models/builder_structures/B_DOORWINDOW.fbx,source/control scale,5.375,3.373596,0.832764,-0.003906,1.686249,-0.008179,Right = normalize(Up cross At),Up = normalize(source.Up),At = normalize(source.At projected perpendicular to Up),NEED_STUDY,NEED_STUDY,none,UNTESTED,,2026-06-07,,,,,,,,,,,,,,
B_DOORWINM0,DOORWINM0,SEEDED,dimensions_library_fbx_bounds,,models/builder_structures/B_DOORWINM0.fbx,source/control scale,5.375,3.373596,0.832764,-0.003906,1.686249,-0.008179,Right = normalize(Up cross At),Up = normalize(source.Up),At = normalize(source.At projected perpendicular to Up),NEED_STUDY,NEED_STUDY,none,UNTESTED,,2026-06-07,,,,,,,,,,,,,,
B_DOORWINT0,DOORWINT0,SEEDED,dimensions_library_fbx_bounds,,models/builder_structures/B_DOORWINT0.fbx,source/control scale,5.375,3.373596,0.832764,-0.003906,1.686249,-0.008179,Right = normalize(Up cross At),Up = normalize(source.Up),At = normalize(source.At projected perpendicular to Up),NEED_STUDY,NEED_STUDY,none,UNTESTED,,2026-06-07,,,,,,,,,,,,,,
B_DOOR_H,DOOR,SEEDED,dimensions_library_fbx_bounds,,models/builder_structures/B_DOOR_H.fbx,source/control scale,3.038086,3.377071,0.832764,0.000488,1.684511,-0.008179,Right = normalize(Up cross At),Up = normalize(source.Up),At = normalize(source.At projected perpendicular to Up),NEED_STUDY,NEED_STUDY,none,UNTESTED,,2026-06-07,,,,,,,,,,,,,,
B_FLOOR,FLOOR,SEEDED,dimensions_library_fbx_bounds,,models/builder_structures/B_FLOOR.fbx,source/control scale,5.332031,0.319946,5.332031,0.0,-0.002747,0.0,Right = normalize(Up cross At),Up = normalize(source.Up),At = normalize(source.At projected perpendicular to Up),NEED_STUDY,NEED_STUDY,none,UNTESTED,,2026-06-07,,,,,,,,,,,,,,
B_FLOOR_Q,FLOOR,SEEDED,dimensions_library_fbx_bounds,,models/builder_structures/B_FLOOR_Q.fbx,source/control scale,2.666016,0.319946,2.666341,0.0,-0.007877,0.000163,Right = normalize(Up cross At),Up = normalize(source.Up),At = normalize(source.At projected perpendicular to Up),NEED_STUDY,NEED_STUDY,none,UNTESTED,,2026-06-07,,,,,,,,,,,,,,
B_GDOOR,GDOOR,SEEDED,dimensions_library_fbx_bounds,,models/builder_structures/B_GDOOR.fbx,source/control scale,5.429688,3.381699,1.995117,0.0,1.682198,-0.526855,Right = normalize(Up cross At),Up = normalize(source.Up),At = normalize(source.At projected perpendicular to Up),NEED_STUDY,NEED_STUDY,none,UNTESTED,,2026-06-07,,,,,,,,,,,,,,
B_GDOORB0,GDOORB0,SEEDED,dimensions_library_fbx_bounds,,models/builder_structures/B_GDOORB0.fbx,source/control scale,5.429688,3.381699,1.995117,0.0,1.682198,-0.526855,Right = normalize(Up cross At),Up = normalize(source.Up),At = normalize(source.At projected perpendicular to Up),NEED_STUDY,NEED_STUDY,none,UNTESTED,,2026-06-07,,,,,,,,,,,,,,
B_GDOORM0,GDOORM0,SEEDED,dimensions_library_fbx_bounds,,models/builder_structures/B_GDOORM0.fbx,source/control scale,5.429688,3.381699,1.995117,0.0,1.682198,-0.526855,Right = normalize(Up cross At),Up = normalize(source.Up),At = normalize(source.At projected perpendicular to Up),NEED_STUDY,NEED_STUDY,none,UNTESTED,,2026-06-07,,,,,,,,,,,,,,
B_GDOORT0,GDOORT0,SEEDED,dimensions_library_fbx_bounds,,models/builder_structures/B_GDOORT0.fbx,source/control scale,5.429688,3.381699,1.995117,0.0,1.682198,-0.526855,Right = normalize(Up cross At),Up = normalize(source.Up),At = normalize(source.At projected perpendicular to Up),NEED_STUDY,NEED_STUDY,none,UNTESTED,,2026-06-07,,,,,,,,,,,,,,
B_GEN_0,GEN_0,SEEDED,dimensions_library_fbx_bounds,,models/corvette/B_GEN_0.fbx,source/control scale,6.0,3.766022,6.0,0.0,1.92363,0.0,Right = normalize(Up cross At),Up = normalize(source.Up),At = normalize(source.At projected perpendicular to Up),NEED_STUDY,NEED_STUDY,none,UNTESTED,,2026-06-07,,,,,,,,,,,,,,
B_GEN_1,GEN_1,SEEDED,dimensions_library_fbx_bounds,,models/corvette/B_GEN_1.fbx,source/control scale,6.105469,3.36441,6.375,0.003906,1.642014,0.197266,Right = normalize(Up cross At),Up = normalize(source.Up),At = normalize(source.At projected perpendicular to Up),NEED_STUDY,NEED_STUDY,none,UNTESTED,,2026-06-07,,,,,,,,,,,,,,
B_GEN_2,GEN_2,SEEDED,dimensions_library_fbx_bounds,,models/corvette/B_GEN_2.fbx,source/control scale,6.089844,2.874077,5.652344,0.0,1.42429,0.0,Right = normalize(Up cross At),Up = normalize(source.Up),At = normalize(source.At projected perpendicular to Up),NEED_STUDY,NEED_STUDY,none,UNTESTED,,2026-06-07,,,,,,,,,,,,,,
B_GEN_3,GEN_3,SEEDED,dimensions_library_fbx_bounds,,models/corvette/B_GEN_3.fbx,source/control scale,5.808594,3.286812,11.919922,0.0,1.628078,3.032227,Right = normalize(Up cross At),Up = normalize(source.Up),At = normalize(source.At projected perpendicular to Up),NEED_STUDY,NEED_STUDY,none,UNTESTED,,2026-06-07,,,,,,,,,,,,,,
B_GFLOOR,GFLOOR,SEEDED,dimensions_library_fbx_bounds,,models/builder_structures/B_GFLOOR.fbx,source/control scale,5.332031,0.505371,5.332031,0.0,0.008301,0.0,Right = normalize(Up cross At),Up = normalize(source.Up),At = normalize(source.At projected perpendicular to Up),NEED_STUDY,NEED_STUDY,none,UNTESTED,,2026-06-07,,,,,,,,,,,,,,
B_HAB1_A,HAB1_A,SEEDED,dimensions_library_fbx_bounds,,models/corvette/B_HAB1_A.fbx,source/control scale,6.0,2.952515,6.001953,0.0,1.441711,-0.000977,Right = normalize(Up cross At),Up = normalize(source.Up),At = normalize(source.At projected perpendicular to Up),NEED_STUDY,NEED_STUDY,none,UNTESTED,,2026-06-07,,,,,,,,,,,,,,
B_HAB1_B,HAB1_B,SEEDED,dimensions_library_fbx_bounds,,models/corvette/B_HAB1_B.fbx,source/control scale,5.886719,2.931412,6.804688,0.0,1.4757,0.302734,Right = normalize(Up cross At),Up = normalize(source.Up),At = normalize(source.At projected perpendicular to Up),NEED_STUDY,NEED_STUDY,none,UNTESTED,,2026-06-07,,,,,,,,,,,,,,
B_HAB1_C,HAB1,SEEDED,dimensions_library_fbx_bounds,,models/corvette/B_HAB1_C.fbx,source/control scale,5.847656,3.015289,5.8125,0.0,1.492355,0.0,Right = normalize(Up cross At),Up = normalize(source.Up),At = normalize(source.At projected perpendicular to Up),NEED_STUDY,NEED_STUDY,none,UNTESTED,,2026-06-07,,,,,,,,,,,,,,
B_HAB_A,HAB_A,SEEDED,dimensions_library_fbx_bounds,,models/corvette/B_HAB_A.fbx,source/control scale,6.015625,2.952515,12.0,0.0,1.441711,0.0,Right = normalize(Up cross At),Up = normalize(source.Up),At = normalize(source.At projected perpendicular to Up),NEED_STUDY,NEED_STUDY,none,UNTESTED,,2026-06-07,,,,,,,,,,,,,,
B_HAB_B,HAB_B,SEEDED,dimensions_library_fbx_bounds,,models/corvette/B_HAB_B.fbx,source/control scale,5.074219,2.821899,11.007812,0.0,1.510925,0.0,Right = normalize(Up cross At),Up = normalize(source.Up),At = normalize(source.At projected perpendicular to Up),NEED_STUDY,NEED_STUDY,none,UNTESTED,,2026-06-07,,,,,,,,,,,,,,
B_HAB_C,HAB,SEEDED,dimensions_library_fbx_bounds,,models/corvette/B_HAB_C.fbx,source/control scale,5.847656,2.956696,11.820312,0.0,1.463058,0.0,Right = normalize(Up cross At),Up = normalize(source.Up),At = normalize(source.At projected perpendicular to Up),NEED_STUDY,NEED_STUDY,none,UNTESTED,,2026-06-07,,,,,,,,,,,,,,
B_LARGETRYE0,LARGETRYE0,SEEDED,dimensions_library_fbx_bounds,,models/decoration/B_LARGETRYE0.fbx,source/control scale,2.335938,0.695198,2.335938,0.0,0.359921,0.0,Right = normalize(Up cross At),Up = normalize(source.Up),At = normalize(source.At projected perpendicular to Up),NEED_STUDY,NEED_STUDY,none,UNTESTED,,2026-06-07,,,,,,,,,,,,,,
B_LND_A,LND_A,SEEDED,dimensions_library_fbx_bounds,,models/corvette/B_LND_A.fbx,source/control scale,5.589844,6.128489,5.589844,0.0,2.736119,0.001118,Right = normalize(Up cross At),Up = normalize(source.Up),At = normalize(source.At projected perpendicular to Up),NEED_STUDY,NEED_STUDY,none,UNTESTED,,2026-06-07,,,,,,,,,,,,,,
B_LND_B,LND_B,SEEDED,dimensions_library_fbx_bounds,,models/corvette/B_LND_B.fbx,source/control scale,5.054688,2.299438,6.019531,-0.007812,1.973938,0.0,Right = normalize(Up cross At),Up = normalize(source.Up),At = normalize(source.At projected perpendicular to Up),NEED_STUDY,NEED_STUDY,none,UNTESTED,,2026-06-07,,,,,,,,,,,,,,
B_LND_C,LND,SEEDED,dimensions_library_fbx_bounds,,models/corvette/B_LND_C.fbx,source/control scale,5.638672,8.062741,7.261204,0.000977,3.918893,-0.02076,Right = normalize(Up cross At),Up = normalize(source.Up),At = normalize(source.At projected perpendicular to Up),NEED_STUDY,NEED_STUDY,none,UNTESTED,,2026-06-07,,,,,,,,,,,,,,
B_PALLET_BRICK,PALLET_BRICK,SEEDED,dimensions_library_fbx_bounds,,models/decoration/B_PALLET_BRICK.fbx,source/control scale,2.353516,2.348742,1.668457,0.032227,1.173285,-0.004639,Right = normalize(Up cross At),Up = normalize(source.Up),At = normalize(source.At projected perpendicular to Up),NEED_STUDY,NEED_STUDY,none,UNTESTED,,2026-06-07,,,,,,,,,,,,,,
B_RAMP,STAIR_FULL_RAMP,USER_ACCEPTED_GENERAL_PLACEMENT,per_part_partmap,library/part_placement_maps/B_RAMP.partmap.json,models/builder_structures/B_RAMP.fbx,source/control scale unless explicitly parameterized,5.0625,3.415421,5.289062,0.0,1.72979,0.0,normalize(Up cross At),normalize(source.Up),normalize(source.At projected perpendicular to Up),USER_ACCEPTED_STAIR_LOCAL_FRAME_REPEAT,floor_to_stair_edge_start; local_frame_stair_chain; terminal_landing; switchback; stadium_side_bank; stadium_back_bank; five_lane_equal_step_u_corner,none,BLENDER_USER_CHECK,,2026-06-07,OBSERVED_FACT_OR_DERIVED_PENDING,unknown,"[,,]",unknown,unknown,unknown,,,,unknown,single_part_or_unknown,none,,
B_RAMP_H,RAMP,SEEDED,dimensions_library_fbx_bounds,,models/builder_structures/B_RAMP_H.fbx,source/control scale,2.666016,3.415421,5.289062,0.0,1.72979,0.0,Right = normalize(Up cross At),Up = normalize(source.Up),At = normalize(source.At projected perpendicular to Up),NEED_STUDY,NEED_STUDY,none,UNTESTED,,2026-06-07,,,,,,,,,,,,,,
B_RAMP_Q_TOP,RAMP_Q_TOP,SEEDED,dimensions_library_fbx_bounds,,models/builder_structures/B_RAMP_Q_TOP.fbx,source/control scale,2.666016,1.183594,2.666016,0.0,-0.43457,0.0,Right = normalize(Up cross At),Up = normalize(source.Up),At = normalize(source.At projected perpendicular to Up),NEED_STUDY,NEED_STUDY,none,UNTESTED,,2026-06-07,,,,,,,,,,,,,,
B_ROBOTARM,ROBOTARM,SEEDED,dimensions_library_fbx_bounds,,models/decoration/B_ROBOTARM.fbx,source/control scale,16.011719,17.976562,15.785156,2.298828,2.902344,-3.669922,Right = normalize(Up cross At),Up = normalize(source.Up),At = normalize(source.At projected perpendicular to Up),NEED_STUDY,NEED_STUDY,none,UNTESTED,,2026-06-07,,,,,,,,,,,,,,
B_ROOF0,ROOF0,SEEDED,dimensions_library_fbx_bounds,,models/builder_structures/B_ROOF0.fbx,source/control scale,6.488461,9.667946,6.488461,0.0,4.009777,0.0,Right = normalize(Up cross At),Up = normalize(source.Up),At = normalize(source.At projected perpendicular to Up),NEED_STUDY,NEED_STUDY,none,UNTESTED,,2026-06-07,,,,,,,,,,,,,,
B_ROOF1,ROOF1,SEEDED,dimensions_library_fbx_bounds,,models/builder_structures/B_ROOF1.fbx,source/control scale,6.097656,6.250391,6.097656,0.0,2.295239,0.0,Right = normalize(Up cross At),Up = normalize(source.Up),At = normalize(source.At projected perpendicular to Up),NEED_STUDY,NEED_STUDY,none,UNTESTED,,2026-06-07,,,,,,,,,,,,,,
B_ROOF2,ROOF2,SEEDED,dimensions_library_fbx_bounds,,models/builder_structures/B_ROOF2.fbx,source/control scale,6.488461,12.527321,6.488461,0.0,5.439465,0.0,Right = normalize(Up cross At),Up = normalize(source.Up),At = normalize(source.At projected perpendicular to Up),NEED_STUDY,NEED_STUDY,none,UNTESTED,,2026-06-07,,,,,,,,,,,,,,
B_ROOF3,ROOF3,SEEDED,dimensions_library_fbx_bounds,,models/builder_structures/B_ROOF3.fbx,source/control scale,6.488461,8.792946,6.488461,0.0,3.572277,0.0,Right = normalize(Up cross At),Up = normalize(source.Up),At = normalize(source.At projected perpendicular to Up),NEED_STUDY,NEED_STUDY,none,UNTESTED,,2026-06-07,,,,,,,,,,,,,,
B_ROOF4,ROOF4,SEEDED,dimensions_library_fbx_bounds,,models/builder_structures/B_ROOF4.fbx,source/control scale,7.900481,5.179665,6.791106,-0.70601,1.765636,-0.151322,Right = normalize(Up cross At),Up = normalize(source.Up),At = normalize(source.At projected perpendicular to Up),NEED_STUDY,NEED_STUDY,none,UNTESTED,,2026-06-07,,,,,,,,,,,,,,
B_ROOF5,ROOF5,SEEDED,dimensions_library_fbx_bounds,,models/builder_structures/B_ROOF5.fbx,source/control scale,6.488461,4.527321,6.488461,0.0,1.439465,0.0,Right = normalize(Up cross At),Up = normalize(source.Up),At = normalize(source.At projected perpendicular to Up),NEED_STUDY,NEED_STUDY,none,UNTESTED,,2026-06-07,,,,,,,,,,,,,,
B_ROOF6,ROOF6,SEEDED,dimensions_library_fbx_bounds,,models/builder_structures/B_ROOF6.fbx,source/control scale,6.716887,20.902321,7.759766,-0.114213,9.626965,-0.098633,Right = normalize(Up cross At),Up = normalize(source.Up),At = normalize(source.At projected perpendicular to Up),NEED_STUDY,NEED_STUDY,none,UNTESTED,,2026-06-07,,,,,,,,,,,,,,
B_ROOF7,ROOF7,SEEDED,dimensions_library_fbx_bounds,,models/builder_structures/B_ROOF7.fbx,source/control scale,8.09375,24.058571,6.996184,-0.433594,11.20509,0.253861,Right = normalize(Up cross At),Up = normalize(source.Up),At = normalize(source.At projected perpendicular to Up),NEED_STUDY,NEED_STUDY,none,UNTESTED,,2026-06-07,,,,,,,,,,,,,,
B_ROOF8,ROOF8,SEEDED,dimensions_library_fbx_bounds,,models/builder_structures/B_ROOF8.fbx,source/control scale,6.488461,14.699196,7.443449,0.0,6.525402,-0.477494,Right = normalize(Up cross At),Up = normalize(source.Up),At = normalize(source.At projected perpendicular to Up),NEED_STUDY,NEED_STUDY,none,UNTESTED,,2026-06-07,,,,,,,,,,,,,,
B_ROOF_C,ROOF,SEEDED,dimensions_library_fbx_bounds,,models/builder_structures/B_ROOF_C.fbx,source/control scale,5.332031,3.194946,5.333984,0.0,1.599792,0.00293,Right = normalize(Up cross At),Up = normalize(source.Up),At = normalize(source.At projected perpendicular to Up),NEED_STUDY,NEED_STUDY,none,UNTESTED,,2026-06-07,,,,,,,,,,,,,,
B_ROOF_E_CAP,ROOF_E_CAP,SEEDED,dimensions_library_fbx_bounds,,models/builder_structures/B_ROOF_E_CAP.fbx,source/control scale,1.073242,1.435693,6.085938,0.008789,0.7177,0.009766,Right = normalize(Up cross At),Up = normalize(source.Up),At = normalize(source.At projected perpendicular to Up),NEED_STUDY,NEED_STUDY,none,UNTESTED,,2026-06-07,,,,,,,,,,,,,,
B_ROOF_E_Q,ROOF_E,SEEDED,dimensions_library_fbx_bounds,,models/builder_structures/B_ROOF_E_Q.fbx,source/control scale,0.229126,3.535156,2.851562,0.008667,1.767578,-0.101562,Right = normalize(Up cross At),Up = normalize(source.Up),At = normalize(source.At projected perpendicular to Up),NEED_STUDY,NEED_STUDY,none,UNTESTED,,2026-06-07,,,,,,,,,,,,,,
B_ROOF_IC,ROOF,SEEDED,dimensions_library_fbx_bounds,,models/builder_structures/B_ROOF_IC.fbx,source/control scale,5.330078,3.194946,5.330078,0.000977,1.599792,-0.000977,Right = normalize(Up cross At),Up = normalize(source.Up),At = normalize(source.At projected perpendicular to Up),NEED_STUDY,NEED_STUDY,none,UNTESTED,,2026-06-07,,,,,,,,,,,,,,
B_ROOF_M,ROOF,SEEDED,dimensions_library_fbx_bounds,,models/builder_structures/B_ROOF_M.fbx,source/control scale,5.332031,3.194946,5.330078,-0.001953,1.599792,0.000977,Right = normalize(Up cross At),Up = normalize(source.Up),At = normalize(source.At projected perpendicular to Up),NEED_STUDY,NEED_STUDY,none,UNTESTED,,2026-06-07,,,,,,,,,,,,,,
B_ROOF_M_CAP,ROOF_M_CAP,SEEDED,dimensions_library_fbx_bounds,,models/builder_structures/B_ROOF_M_CAP.fbx,source/control scale,5.332031,2.565918,5.955078,0.0,1.230713,0.02832,Right = normalize(Up cross At),Up = normalize(source.Up),At = normalize(source.At projected perpendicular to Up),NEED_STUDY,NEED_STUDY,none,UNTESTED,,2026-06-07,,,,,,,,,,,,,,
B_ROOF_M_Q,ROOF_M,SEEDED,dimensions_library_fbx_bounds,,models/builder_structures/B_ROOF_M_Q.fbx,source/control scale,5.515625,3.535156,2.895508,-0.042969,1.767578,-0.07959,Right = normalize(Up cross At),Up = normalize(source.Up),At = normalize(source.At projected perpendicular to Up),NEED_STUDY,NEED_STUDY,none,UNTESTED,,2026-06-07,,,,,,,,,,,,,,
B_ROOF_M_WIN,ROOF_M_WIN,SEEDED,dimensions_library_fbx_bounds,,models/builder_structures/B_ROOF_M_WIN.fbx,source/control scale,5.287109,3.19117,5.314453,0.000977,1.60754,0.006836,Right = normalize(Up cross At),Up = normalize(source.Up),At = normalize(source.At projected perpendicular to Up),NEED_STUDY,NEED_STUDY,none,UNTESTED,,2026-06-07,,,,,,,,,,,,,,
B_SAIL0,SAIL0,SEEDED,dimensions_library_fbx_bounds,,models/decoration/B_SAIL0.fbx,source/control scale,2.218262,4.52832,2.064941,-0.218018,0.638184,0.881592,Right = normalize(Up cross At),Up = normalize(source.Up),At = normalize(source.At projected perpendicular to Up),NEED_STUDY,NEED_STUDY,none,UNTESTED,,2026-06-07,,,,,,,,,,,,,,
B_SAIL1,SAIL1,SEEDED,dimensions_library_fbx_bounds,,models/decoration/B_SAIL1.fbx,source/control scale,0.809726,4.265625,0.897708,0.000161,2.141042,0.335389,Right = normalize(Up cross At),Up = normalize(source.Up),At = normalize(source.At projected perpendicular to Up),NEED_STUDY,NEED_STUDY,none,UNTESTED,,2026-06-07,,,,,,,,,,,,,,
B_SAIL2,SAIL2,SEEDED,dimensions_library_fbx_bounds,,models/decoration/B_SAIL2.fbx,source/control scale,3.06543,6.110718,2.626953,0.369629,2.913391,0.956055,Right = normalize(Up cross At),Up = normalize(source.Up),At = normalize(source.At projected perpendicular to Up),NEED_STUDY,NEED_STUDY,none,UNTESTED,,2026-06-07,,,,,,,,,,,,,,
B_SAIL3,SAIL3,SEEDED,dimensions_library_fbx_bounds,,models/decoration/B_SAIL3.fbx,source/control scale,3.731445,5.732422,3.14502,-0.294434,1.625977,0.73999,Right = normalize(Up cross At),Up = normalize(source.Up),At = normalize(source.At projected perpendicular to Up),NEED_STUDY,NEED_STUDY,none,UNTESTED,,2026-06-07,,,,,,,,,,,,,,
B_SCISSORLIFT,SCISSORLIFT,SEEDED,dimensions_library_fbx_bounds,,models/decoration/B_SCISSORLIFT.fbx,source/control scale,3.498047,3.927498,2.036621,-0.013672,1.95422,-0.10376,Right = normalize(Up cross At),Up = normalize(source.Up),At = normalize(source.At projected perpendicular to Up),NEED_STUDY,NEED_STUDY,none,UNTESTED,,2026-06-07,,,,,,,,,,,,,,
B_SHL_A,SHL_A,SEEDED,dimensions_library_fbx_bounds,,models/corvette/B_SHL_A.fbx,source/control scale,3.101564,3.778916,3.101564,0.0,1.858589,0.0,Right = normalize(Up cross At),Up = normalize(source.Up),At = normalize(source.At projected perpendicular to Up),NEED_STUDY,NEED_STUDY,none,UNTESTED,,2026-06-07,,,,,,,,,,,,,,
B_SHL_B,SHL_B,SEEDED,dimensions_library_fbx_bounds,,models/corvette/B_SHL_B.fbx,source/control scale,3.637695,4.03653,2.369141,-0.001465,1.993454,0.004883,Right = normalize(Up cross At),Up = normalize(source.Up),At = normalize(source.At projected perpendicular to Up),NEED_STUDY,NEED_STUDY,none,UNTESTED,,2026-06-07,,,,,,,,,,,,,,
B_SHL_C,SHL,SEEDED,dimensions_library_fbx_bounds,,models/corvette/B_SHL_C.fbx,source/control scale,2.666016,2.909501,2.628907,0.00293,1.441735,0.0,Right = normalize(Up cross At),Up = normalize(source.Up),At = normalize(source.At projected perpendicular to Up),NEED_STUDY,NEED_STUDY,none,UNTESTED,,2026-06-07,,,,,,,,,,,,,,
B_SHL_D,CORVETTE_SHIELD_ANIMATED_EFFECT,DISCOVERED,per_part_partmap,library/part_placement_maps/B_SHL_D.partmap.json,,source/control scale unless explicitly parameterized,0.0,0.0,0.0,0.0,0.0,0.0,normalize(Up cross At),normalize(source.Up),normalize(source.At projected perpendicular to Up),NEED_STUDY,free_place_effect_decor_only; in_game_visual_review_required,none,UNTESTED,,2026-06-07,OBSERVED_FACT_OR_DERIVED_PENDING,unknown,"[,,]",unknown,unknown,unknown,,,,unknown,single_part_or_unknown,none,,
B_SHL_E,SHL_E,SEEDED,dimensions_library_fbx_bounds,,models/corvette/B_SHL_E.fbx,source/control scale,3.753906,1.463577,3.753906,0.0,0.703758,0.0,Right = normalize(Up cross At),Up = normalize(source.Up),At = normalize(source.At projected perpendicular to Up),NEED_STUDY,NEED_STUDY,none,UNTESTED,,2026-06-07,,,,,,,,,,,,,,
B_STAIRS0,STAIRS0,SEEDED,dimensions_library_fbx_bounds,,models/corvette/B_STAIRS0.fbx,source/control scale,0.819443,2.933899,2.204102,-0.440865,1.564301,0.077637,Right = normalize(Up cross At),Up = normalize(source.Up),At = normalize(source.At projected perpendicular to Up),NEED_STUDY,NEED_STUDY,none,UNTESTED,,2026-06-07,,,,,,,,,,,,,,
B_STREETLAMP0,STREETLAMP0,SEEDED,dimensions_library_fbx_bounds,,models/decoration/B_STREETLAMP0.fbx,source/control scale,1.970215,6.032196,1.758789,-0.001221,2.964371,-0.239746,Right = normalize(Up cross At),Up = normalize(source.Up),At = normalize(source.At projected perpendicular to Up),NEED_STUDY,NEED_STUDY,none,UNTESTED,,2026-06-07,,,,,,,,,,,,,,
B_STR_AA_E,STR_AA_E,SEEDED,dimensions_library_fbx_bounds,,models/corvette/B_STR_AA_E.fbx,source/control scale,8.946746,3.109632,6.310547,1.534439,1.552605,-0.000977,Right = normalize(Up cross At),Up = normalize(source.Up),At = normalize(source.At projected perpendicular to Up),NEED_STUDY,NEED_STUDY,none,UNTESTED,,2026-06-07,,,,,,,,,,,,,,
B_STR_AA_N,STR_AA_N,SEEDED,dimensions_library_fbx_bounds,,models/corvette/B_STR_AA_N.fbx,source/control scale,6.310547,3.109632,8.946747,0.000977,1.552605,1.534439,Right = normalize(Up cross At),Up = normalize(source.Up),At = normalize(source.At projected perpendicular to Up),NEED_STUDY,NEED_STUDY,none,UNTESTED,,2026-06-07,,,,,,,,,,,,,,
B_STR_AA_S,STR_AA_S,SEEDED,dimensions_library_fbx_bounds,,models/corvette/B_STR_AA_S.fbx,source/control scale,6.310547,3.109632,8.946746,-0.000977,1.552605,-1.534439,Right = normalize(Up cross At),Up = normalize(source.Up),At = normalize(source.At projected perpendicular to Up),NEED_STUDY,NEED_STUDY,none,UNTESTED,,2026-06-07,,,,,,,,,,,,,,
B_STR_AA_W,STR_AA_W,SEEDED,dimensions_library_fbx_bounds,,models/corvette/B_STR_AA_W.fbx,source/control scale,8.946747,3.109632,6.310547,-1.534439,1.552605,0.000977,Right = normalize(Up cross At),Up = normalize(source.Up),At = normalize(source.At projected perpendicular to Up),NEED_STUDY,NEED_STUDY,none,UNTESTED,,2026-06-07,,,,,,,,,,,,,,
B_STR_AA_Y_E,STR_AA_Y_E,SEEDED,dimensions_library_fbx_bounds,,models/corvette/B_STR_AA_Y_E.fbx,source/control scale,8.946746,3.109633,6.310547,1.534439,1.552606,-0.000978,Right = normalize(Up cross At),Up = normalize(source.Up),At = normalize(source.At projected perpendicular to Up),NEED_STUDY,NEED_STUDY,none,UNTESTED,,2026-06-07,,,,,,,,,,,,,,
B_STR_AA_Y_N,STR_AA_Y_N,SEEDED,dimensions_library_fbx_bounds,,models/corvette/B_STR_AA_Y_N.fbx,source/control scale,6.310547,3.109632,8.946746,-0.000977,1.552605,-1.534439,Right = normalize(Up cross At),Up = normalize(source.Up),At = normalize(source.At projected perpendicular to Up),NEED_STUDY,NEED_STUDY,none,UNTESTED,,2026-06-07,,,,,,,,,,,,,,
B_STR_AA_Y_S,STR_AA_Y_S,SEEDED,dimensions_library_fbx_bounds,,models/corvette/B_STR_AA_Y_S.fbx,source/control scale,6.310547,3.109633,8.946747,0.000977,1.552606,1.534439,Right = normalize(Up cross At),Up = normalize(source.Up),At = normalize(source.At projected perpendicular to Up),NEED_STUDY,NEED_STUDY,none,UNTESTED,,2026-06-07,,,,,,,,,,,,,,
B_STR_AA_Y_W,STR_AA_Y_W,SEEDED,dimensions_library_fbx_bounds,,models/corvette/B_STR_AA_Y_W.fbx,source/control scale,8.946747,3.109632,6.310547,-1.534439,1.552605,0.000977,Right = normalize(Up cross At),Up = normalize(source.Up),At = normalize(source.At projected perpendicular to Up),NEED_STUDY,NEED_STUDY,none,UNTESTED,,2026-06-07,,,,,,,,,,,,,,
B_STR_A_E,STR_A_E,SEEDED,dimensions_library_fbx_bounds,,models/corvette/B_STR_A_E.fbx,source/control scale,6.137429,3.00071,5.996094,-0.068005,1.499645,0.0,Right = normalize(Up cross At),Up = normalize(source.Up),At = normalize(source.At projected perpendicular to Up),NEED_STUDY,NEED_STUDY,none,UNTESTED,,2026-06-07,,,,,,,,,,,,,,
B_STR_A_N,STR_A_N,SEEDED,dimensions_library_fbx_bounds,,models/corvette/B_STR_A_N.fbx,source/control scale,5.996094,3.00071,6.137429,0.0,1.499645,0.068004,Right = normalize(Up cross At),Up = normalize(source.Up),At = normalize(source.At projected perpendicular to Up),NEED_STUDY,NEED_STUDY,none,UNTESTED,,2026-06-07,,,,,,,,,,,,,,
B_STR_A_NE,STR_A_NE,SEEDED,dimensions_library_fbx_bounds,,models/corvette/B_STR_A_NE.fbx,source/control scale,2.990483,2.990483,5.983386,1.505007,1.494992,-0.007318,Right = normalize(Up cross At),Up = normalize(source.Up),At = normalize(source.At projected perpendicular to Up),NEED_STUDY,NEED_STUDY,none,UNTESTED,,2026-06-07,,,,,,,,,,,,,,
B_STR_A_NE1,STR_A_NE1,SEEDED,dimensions_library_fbx_bounds,,models/corvette/B_STR_A_NE1.fbx,source/control scale,5.983386,2.990483,2.990484,-0.007318,1.494992,-1.505007,Right = normalize(Up cross At),Up = normalize(source.Up),At = normalize(source.At projected perpendicular to Up),NEED_STUDY,NEED_STUDY,none,UNTESTED,,2026-06-07,,,,,,,,,,,,,,
B_STR_A_NE2,STR_A_NE2,SEEDED,dimensions_library_fbx_bounds,,models/corvette/B_STR_A_NE2.fbx,source/control scale,2.990483,2.990483,5.983386,-1.505007,1.494992,0.007318,Right = normalize(Up cross At),Up = normalize(source.Up),At = normalize(source.At projected perpendicular to Up),NEED_STUDY,NEED_STUDY,none,UNTESTED,,2026-06-07,,,,,,,,,,,,,,
B_STR_A_NE3,STR_A_NE3,SEEDED,dimensions_library_fbx_bounds,,models/corvette/B_STR_A_NE3.fbx,source/control scale,5.983386,2.990483,2.990483,0.007318,1.494992,1.505007,Right = normalize(Up cross At),Up = normalize(source.Up),At = normalize(source.At projected perpendicular to Up),NEED_STUDY,NEED_STUDY,none,UNTESTED,,2026-06-07,,,,,,,,,,,,,,
B_STR_A_NW,STR_A_NW,SEEDED,dimensions_library_fbx_bounds,,models/corvette/B_STR_A_NW.fbx,source/control scale,2.990484,2.990483,5.983386,-1.505007,1.494992,-0.007318,Right = normalize(Up cross At),Up = normalize(source.Up),At = normalize(source.At projected perpendicular to Up),NEED_STUDY,NEED_STUDY,none,UNTESTED,,2026-06-07,,,,,,,,,,,,,,
B_STR_A_NW1,STR_A_NW1,SEEDED,dimensions_library_fbx_bounds,,models/corvette/B_STR_A_NW1.fbx,source/control scale,5.983386,2.990483,2.990483,-0.007318,1.494992,1.505007,Right = normalize(Up cross At),Up = normalize(source.Up),At = normalize(source.At projected perpendicular to Up),NEED_STUDY,NEED_STUDY,none,UNTESTED,,2026-06-07,,,,,,,,,,,,,,
B_STR_A_NW2,STR_A_NW2,SEEDED,dimensions_library_fbx_bounds,,models/corvette/B_STR_A_NW2.fbx,source/control scale,2.990483,2.990483,5.983386,1.505007,1.494992,0.007318,Right = normalize(Up cross At),Up = normalize(source.Up),At = normalize(source.At projected perpendicular to Up),NEED_STUDY,NEED_STUDY,none,UNTESTED,,2026-06-07,,,,,,,,,,,,,,
B_STR_A_NW3,STR_A_NW3,SEEDED,dimensions_library_fbx_bounds,,models/corvette/B_STR_A_NW3.fbx,source/control scale,5.983386,2.990483,2.990484,0.007318,1.494992,-1.505007,Right = normalize(Up cross At),Up = normalize(source.Up),At = normalize(source.At projected perpendicular to Up),NEED_STUDY,NEED_STUDY,none,UNTESTED,,2026-06-07,,,,,,,,,,,,,,
B_STR_A_S,STR_A_S,SEEDED,dimensions_library_fbx_bounds,,models/corvette/B_STR_A_S.fbx,source/control scale,5.996094,3.00071,6.137429,0.0,1.499645,-0.068004,Right = normalize(Up cross At),Up = normalize(source.Up),At = normalize(source.At projected perpendicular to Up),NEED_STUDY,NEED_STUDY,none,UNTESTED,,2026-06-07,,,,,,,,,,,,,,
B_STR_A_W,STR_A_W,SEEDED,dimensions_library_fbx_bounds,,models/corvette/B_STR_A_W.fbx,source/control scale,6.137429,3.00071,5.996094,0.068005,1.499645,0.0,Right = normalize(Up cross At),Up = normalize(source.Up),At = normalize(source.At projected perpendicular to Up),NEED_STUDY,NEED_STUDY,none,UNTESTED,,2026-06-07,,,,,,,,,,,,,,
B_STR_A_Y_E,STR_A_Y_E,SEEDED,dimensions_library_fbx_bounds,,models/corvette/B_STR_A_Y_E.fbx,source/control scale,6.137429,3.00071,5.996094,-0.068005,1.499645,0.0,Right = normalize(Up cross At),Up = normalize(source.Up),At = normalize(source.At projected perpendicular to Up),NEED_STUDY,NEED_STUDY,none,UNTESTED,,2026-06-07,,,,,,,,,,,,,,
B_STR_A_Y_N,STR_A_Y_N,SEEDED,dimensions_library_fbx_bounds,,models/corvette/B_STR_A_Y_N.fbx,source/control scale,5.996094,3.000709,6.137429,0.0,1.499645,0.068005,Right = normalize(Up cross At),Up = normalize(source.Up),At = normalize(source.At projected perpendicular to Up),NEED_STUDY,NEED_STUDY,none,UNTESTED,,2026-06-07,,,,,,,,,,,,,,
B_STR_A_Y_NE,STR_A_Y_NE,SEEDED,dimensions_library_fbx_bounds,,models/corvette/B_STR_A_Y_NE.fbx,source/control scale,2.990483,2.990483,5.983386,1.505007,1.494992,-0.007318,Right = normalize(Up cross At),Up = normalize(source.Up),At = normalize(source.At projected perpendicular to Up),NEED_STUDY,NEED_STUDY,none,UNTESTED,,2026-06-07,,,,,,,,,,,,,,
B_STR_A_Y_NE1,STR_A_Y_NE1,SEEDED,dimensions_library_fbx_bounds,,models/corvette/B_STR_A_Y_NE1.fbx,source/control scale,5.983386,2.990483,2.990484,-0.007318,1.494993,-1.505007,Right = normalize(Up cross At),Up = normalize(source.Up),At = normalize(source.At projected perpendicular to Up),NEED_STUDY,NEED_STUDY,none,UNTESTED,,2026-06-07,,,,,,,,,,,,,,
B_STR_A_Y_NE2,STR_A_Y_NE2,SEEDED,dimensions_library_fbx_bounds,,models/corvette/B_STR_A_Y_NE2.fbx,source/control scale,2.990483,2.990484,5.983386,-1.505007,1.494993,0.007318,Right = normalize(Up cross At),Up = normalize(source.Up),At = normalize(source.At projected perpendicular to Up),NEED_STUDY,NEED_STUDY,none,UNTESTED,,2026-06-07,,,,,,,,,,,,,,
B_STR_A_Y_NE3,STR_A_Y_NE3,SEEDED,dimensions_library_fbx_bounds,,models/corvette/B_STR_A_Y_NE3.fbx,source/control scale,5.983386,2.990484,2.990483,0.007318,1.494992,1.505008,Right = normalize(Up cross At),Up = normalize(source.Up),At = normalize(source.At projected perpendicular to Up),NEED_STUDY,NEED_STUDY,none,UNTESTED,,2026-06-07,,,,,,,,,,,,,,
B_STR_A_Y_NW,STR_A_Y_NW,SEEDED,dimensions_library_fbx_bounds,,models/corvette/B_STR_A_Y_NW.fbx,source/control scale,2.990484,2.990483,5.983386,-1.505007,1.494992,-0.007318,Right = normalize(Up cross At),Up = normalize(source.Up),At = normalize(source.At projected perpendicular to Up),NEED_STUDY,NEED_STUDY,none,UNTESTED,,2026-06-07,,,,,,,,,,,,,,
B_STR_A_Y_NW1,STR_A_Y_NW1,SEEDED,dimensions_library_fbx_bounds,,models/corvette/B_STR_A_Y_NW1.fbx,source/control scale,5.983386,2.990484,2.990483,-0.007318,1.494992,1.505008,Right = normalize(Up cross At),Up = normalize(source.Up),At = normalize(source.At projected perpendicular to Up),NEED_STUDY,NEED_STUDY,none,UNTESTED,,2026-06-07,,,,,,,,,,,,,,
B_STR_A_Y_NW2,STR_A_Y_NW2,SEEDED,dimensions_library_fbx_bounds,,models/corvette/B_STR_A_Y_NW2.fbx,source/control scale,2.990483,2.990484,5.983386,1.505007,1.494993,0.007318,Right = normalize(Up cross At),Up = normalize(source.Up),At = normalize(source.At projected perpendicular to Up),NEED_STUDY,NEED_STUDY,none,UNTESTED,,2026-06-07,,,,,,,,,,,,,,
B_STR_A_Y_NW3,STR_A_Y_NW3,SEEDED,dimensions_library_fbx_bounds,,models/corvette/B_STR_A_Y_NW3.fbx,source/control scale,5.983386,2.990483,2.990484,0.007318,1.494993,-1.505007,Right = normalize(Up cross At),Up = normalize(source.Up),At = normalize(source.At projected perpendicular to Up),NEED_STUDY,NEED_STUDY,none,UNTESTED,,2026-06-07,,,,,,,,,,,,,,
B_STR_A_Y_S,STR_A_Y_S,SEEDED,dimensions_library_fbx_bounds,,models/corvette/B_STR_A_Y_S.fbx,source/control scale,5.996094,3.00071,6.137429,0.0,1.499645,-0.068004,Right = normalize(Up cross At),Up = normalize(source.Up),At = normalize(source.At projected perpendicular to Up),NEED_STUDY,NEED_STUDY,none,UNTESTED,,2026-06-07,,,,,,,,,,,,,,
B_STR_A_Y_W,STR_A_Y_W,SEEDED,dimensions_library_fbx_bounds,,models/corvette/B_STR_A_Y_W.fbx,source/control scale,6.137429,3.00071,5.996094,0.068005,1.499645,0.0,Right = normalize(Up cross At),Up = normalize(source.Up),At = normalize(source.At projected perpendicular to Up),NEED_STUDY,NEED_STUDY,none,UNTESTED,,2026-06-07,,,,,,,,,,,,,,
B_STR_B_E,STR_B_E,SEEDED,dimensions_library_fbx_bounds,,models/corvette/B_STR_B_E.fbx,source/control scale,12.004257,3.022179,6.121094,-2.997871,1.498676,0.0,Right = normalize(Up cross At),Up = normalize(source.Up),At = normalize(source.At projected perpendicular to Up),NEED_STUDY,NEED_STUDY,none,UNTESTED,,2026-06-07,,,,,,,,,,,,,,
B_STR_B_N,STR_B_N,SEEDED,dimensions_library_fbx_bounds,,models/corvette/B_STR_B_N.fbx,source/control scale,6.121094,3.022179,12.004257,0.0,1.498676,2.997871,Right = normalize(Up cross At),Up = normalize(source.Up),At = normalize(source.At projected perpendicular to Up),NEED_STUDY,NEED_STUDY,none,UNTESTED,,2026-06-07,,,,,,,,,,,,,,
B_STR_B_NE,STR_B_NE,SEEDED,dimensions_library_fbx_bounds,,models/corvette/B_STR_B_NE.fbx,source/control scale,2.990236,2.99189,11.982357,1.504884,1.494289,2.993196,Right = normalize(Up cross At),Up = normalize(source.Up),At = normalize(source.At projected perpendicular to Up),NEED_STUDY,NEED_STUDY,none,UNTESTED,,2026-06-07,,,,,,,,,,,,,,
B_STR_B_NE1,STR_B_NE1,SEEDED,dimensions_library_fbx_bounds,,models/corvette/B_STR_B_NE1.fbx,source/control scale,11.982357,2.99189,2.990237,2.993196,1.494289,-1.504884,Right = normalize(Up cross At),Up = normalize(source.Up),At = normalize(source.At projected perpendicular to Up),NEED_STUDY,NEED_STUDY,none,UNTESTED,,2026-06-07,,,,,,,,,,,,,,
B_STR_B_NE2,STR_B_NE2,SEEDED,dimensions_library_fbx_bounds,,models/corvette/B_STR_B_NE2.fbx,source/control scale,2.990237,2.99189,11.982357,-1.504884,1.494289,-2.993196,Right = normalize(Up cross At),Up = normalize(source.Up),At = normalize(source.At projected perpendicular to Up),NEED_STUDY,NEED_STUDY,none,UNTESTED,,2026-06-07,,,,,,,,,,,,,,
B_STR_B_NE3,STR_B_NE3,SEEDED,dimensions_library_fbx_bounds,,models/corvette/B_STR_B_NE3.fbx,source/control scale,11.982357,2.99189,2.990236,-2.993196,1.494289,1.504884,Right = normalize(Up cross At),Up = normalize(source.Up),At = normalize(source.At projected perpendicular to Up),NEED_STUDY,NEED_STUDY,none,UNTESTED,,2026-06-07,,,,,,,,,,,,,,
B_STR_B_NW,STR_B_NW,SEEDED,dimensions_library_fbx_bounds,,models/corvette/B_STR_B_NW.fbx,source/control scale,2.990237,2.99189,11.982357,-1.504884,1.494289,2.993196,Right = normalize(Up cross At),Up = normalize(source.Up),At = normalize(source.At projected perpendicular to Up),NEED_STUDY,NEED_STUDY,none,UNTESTED,,2026-06-07,,,,,,,,,,,,,,
B_STR_B_NW1,STR_B_NW1,SEEDED,dimensions_library_fbx_bounds,,models/corvette/B_STR_B_NW1.fbx,source/control scale,11.982357,2.99189,2.990236,2.993196,1.494289,1.504884,Right = normalize(Up cross At),Up = normalize(source.Up),At = normalize(source.At projected perpendicular to Up),NEED_STUDY,NEED_STUDY,none,UNTESTED,,2026-06-07,,,,,,,,,,,,,,
B_STR_B_NW2,STR_B_NW2,SEEDED,dimensions_library_fbx_bounds,,models/corvette/B_STR_B_NW2.fbx,source/control scale,2.990237,2.99189,11.982357,1.504884,1.494289,-2.993196,Right = normalize(Up cross At),Up = normalize(source.Up),At = normalize(source.At projected perpendicular to Up),NEED_STUDY,NEED_STUDY,none,UNTESTED,,2026-06-07,,,,,,,,,,,,,,
B_STR_B_NW3,STR_B_NW3,SEEDED,dimensions_library_fbx_bounds,,models/corvette/B_STR_B_NW3.fbx,source/control scale,11.982357,2.99189,2.990237,-2.993196,1.494289,-1.504884,Right = normalize(Up cross At),Up = normalize(source.Up),At = normalize(source.At projected perpendicular to Up),NEED_STUDY,NEED_STUDY,none,UNTESTED,,2026-06-07,,,,,,,,,,,,,,
B_STR_B_S,STR_B_S,SEEDED,dimensions_library_fbx_bounds,,models/corvette/B_STR_B_S.fbx,source/control scale,6.121094,3.022179,12.004257,0.0,1.498676,-2.997871,Right = normalize(Up cross At),Up = normalize(source.Up),At = normalize(source.At projected perpendicular to Up),NEED_STUDY,NEED_STUDY,none,UNTESTED,,2026-06-07,,,,,,,,,,,,,,
B_STR_B_W,STR_B_W,SEEDED,dimensions_library_fbx_bounds,,models/corvette/B_STR_B_W.fbx,source/control scale,12.004257,3.022179,6.121094,2.997871,1.498676,0.0,Right = normalize(Up cross At),Up = normalize(source.Up),At = normalize(source.At projected perpendicular to Up),NEED_STUDY,NEED_STUDY,none,UNTESTED,,2026-06-07,,,,,,,,,,,,,,
B_STR_B_Y_E,STR_B_Y_E,SEEDED,dimensions_library_fbx_bounds,,models/corvette/B_STR_B_Y_E.fbx,source/control scale,12.004257,3.022179,6.121094,-2.997871,1.498676,0.0,Right = normalize(Up cross At),Up = normalize(source.Up),At = normalize(source.At projected perpendicular to Up),NEED_STUDY,NEED_STUDY,none,UNTESTED,,2026-06-07,,,,,,,,,,,,,,
B_STR_B_Y_N,STR_B_Y_N,SEEDED,dimensions_library_fbx_bounds,,models/corvette/B_STR_B_Y_N.fbx,source/control scale,6.121094,3.022178,12.004257,0.0,1.498676,2.997871,Right = normalize(Up cross At),Up = normalize(source.Up),At = normalize(source.At projected perpendicular to Up),NEED_STUDY,NEED_STUDY,none,UNTESTED,,2026-06-07,,,,,,,,,,,,,,
B_STR_B_Y_NE,STR_B_Y_NE,SEEDED,dimensions_library_fbx_bounds,,models/corvette/B_STR_B_Y_NE.fbx,source/control scale,2.990236,2.991889,11.982357,1.504884,1.494289,2.993196,Right = normalize(Up cross At),Up = normalize(source.Up),At = normalize(source.At projected perpendicular to Up),NEED_STUDY,NEED_STUDY,none,UNTESTED,,2026-06-07,,,,,,,,,,,,,,
B_STR_B_Y_NE1,STR_B_Y_NE1,SEEDED,dimensions_library_fbx_bounds,,models/corvette/B_STR_B_Y_NE1.fbx,source/control scale,11.982357,2.99189,2.990238,2.993196,1.494289,-1.504884,Right = normalize(Up cross At),Up = normalize(source.Up),At = normalize(source.At projected perpendicular to Up),NEED_STUDY,NEED_STUDY,none,UNTESTED,,2026-06-07,,,,,,,,,,,,,,
B_STR_B_Y_NE2,STR_B_Y_NE2,SEEDED,dimensions_library_fbx_bounds,,models/corvette/B_STR_B_Y_NE2.fbx,source/control scale,2.990237,2.991891,11.982357,-1.504884,1.494289,-2.993196,Right = normalize(Up cross At),Up = normalize(source.Up),At = normalize(source.At projected perpendicular to Up),NEED_STUDY,NEED_STUDY,none,UNTESTED,,2026-06-07,,,,,,,,,,,,,,
B_STR_B_Y_NE3,STR_B_Y_NE3,SEEDED,dimensions_library_fbx_bounds,,models/corvette/B_STR_B_Y_NE3.fbx,source/control scale,11.982357,2.99189,2.990236,-2.993196,1.494289,1.504884,Right = normalize(Up cross At),Up = normalize(source.Up),At = normalize(source.At projected perpendicular to Up),NEED_STUDY,NEED_STUDY,none,UNTESTED,,2026-06-07,,,,,,,,,,,,,,
B_STR_B_Y_NW,STR_B_Y_NW,SEEDED,dimensions_library_fbx_bounds,,models/corvette/B_STR_B_Y_NW.fbx,source/control scale,2.990237,2.991889,11.982357,-1.504884,1.494289,2.993196,Right = normalize(Up cross At),Up = normalize(source.Up),At = normalize(source.At projected perpendicular to Up),NEED_STUDY,NEED_STUDY,none,UNTESTED,,2026-06-07,,,,,,,,,,,,,,
B_STR_B_Y_NW1,STR_B_Y_NW1,SEEDED,dimensions_library_fbx_bounds,,models/corvette/B_STR_B_Y_NW1.fbx,source/control scale,11.982357,2.99189,2.990236,2.993196,1.494289,1.504884,Right = normalize(Up cross At),Up = normalize(source.Up),At = normalize(source.At projected perpendicular to Up),NEED_STUDY,NEED_STUDY,none,UNTESTED,,2026-06-07,,,,,,,,,,,,,,
B_STR_B_Y_NW2,STR_B_Y_NW2,SEEDED,dimensions_library_fbx_bounds,,models/corvette/B_STR_B_Y_NW2.fbx,source/control scale,2.990237,2.991891,11.982357,1.504884,1.494289,-2.993196,Right = normalize(Up cross At),Up = normalize(source.Up),At = normalize(source.At projected perpendicular to Up),NEED_STUDY,NEED_STUDY,none,UNTESTED,,2026-06-07,,,,,,,,,,,,,,
B_STR_B_Y_NW3,STR_B_Y_NW3,SEEDED,dimensions_library_fbx_bounds,,models/corvette/B_STR_B_Y_NW3.fbx,source/control scale,11.982357,2.99189,2.990238,-2.993196,1.494289,-1.504884,Right = normalize(Up cross At),Up = normalize(source.Up),At = normalize(source.At projected perpendicular to Up),NEED_STUDY,NEED_STUDY,none,UNTESTED,,2026-06-07,,,,,,,,,,,,,,
B_STR_B_Y_S,STR_B_Y_S,SEEDED,dimensions_library_fbx_bounds,,models/corvette/B_STR_B_Y_S.fbx,source/control scale,6.121094,3.02218,12.004257,0.0,1.498676,-2.997871,Right = normalize(Up cross At),Up = normalize(source.Up),At = normalize(source.At projected perpendicular to Up),NEED_STUDY,NEED_STUDY,none,UNTESTED,,2026-06-07,,,,,,,,,,,,,,
B_STR_B_Y_W,STR_B_Y_W,SEEDED,dimensions_library_fbx_bounds,,models/corvette/B_STR_B_Y_W.fbx,source/control scale,12.004257,3.022179,6.121094,2.997871,1.498676,0.0,Right = normalize(Up cross At),Up = normalize(source.Up),At = normalize(source.At projected perpendicular to Up),NEED_STUDY,NEED_STUDY,none,UNTESTED,,2026-06-07,,,,,,,,,,,,,,
B_STR_C_E,STR_C_E,SEEDED,dimensions_library_fbx_bounds,,models/corvette/B_STR_C_E.fbx,source/control scale,5.121088,2.999999,6.0,0.443357,1.5,0.0,Right = normalize(Up cross At),Up = normalize(source.Up),At = normalize(source.At projected perpendicular to Up),NEED_STUDY,NEED_STUDY,none,UNTESTED,,2026-06-07,,,,,,,,,,,,,,
B_STR_C_N,STR_C_N,SEEDED,dimensions_library_fbx_bounds,,models/corvette/B_STR_C_N.fbx,source/control scale,6.0,2.999999,5.121088,0.0,1.5,-0.443356,Right = normalize(Up cross At),Up = normalize(source.Up),At = normalize(source.At projected perpendicular to Up),NEED_STUDY,NEED_STUDY,none,UNTESTED,,2026-06-07,,,,,,,,,,,,,,
B_STR_C_NE,STR_C_NE,SEEDED,dimensions_library_fbx_bounds,,models/corvette/B_STR_C_NE.fbx,source/control scale,5.968913,2.990234,5.996096,0.015707,1.495117,-0.001954,Right = normalize(Up cross At),Up = normalize(source.Up),At = normalize(source.At projected perpendicular to Up),NEED_STUDY,NEED_STUDY,none,UNTESTED,,2026-06-07,,,,,,,,,,,,,,
B_STR_C_NE1,STR_C_NE1,SEEDED,dimensions_library_fbx_bounds,,models/corvette/B_STR_C_NE1.fbx,source/control scale,5.996096,2.990234,5.968913,-0.001954,1.495117,-0.015706,Right = normalize(Up cross At),Up = normalize(source.Up),At = normalize(source.At projected perpendicular to Up),NEED_STUDY,NEED_STUDY,none,UNTESTED,,2026-06-07,,,,,,,,,,,,,,
B_STR_C_NE2,STR_C_NE2,SEEDED,dimensions_library_fbx_bounds,,models/corvette/B_STR_C_NE2.fbx,source/control scale,5.968913,2.990234,5.996096,-0.015707,1.495117,0.001954,Right = normalize(Up cross At),Up = normalize(source.Up),At = normalize(source.At projected perpendicular to Up),NEED_STUDY,NEED_STUDY,none,UNTESTED,,2026-06-07,,,,,,,,,,,,,,
B_STR_C_NE3,STR_C_NE3,SEEDED,dimensions_library_fbx_bounds,,models/corvette/B_STR_C_NE3.fbx,source/control scale,5.996097,2.990234,5.968913,0.001954,1.495117,0.015707,Right = normalize(Up cross At),Up = normalize(source.Up),At = normalize(source.At projected perpendicular to Up),NEED_STUDY,NEED_STUDY,none,UNTESTED,,2026-06-07,,,,,,,,,,,,,,
B_STR_C_NW,STR_C_NW,SEEDED,dimensions_library_fbx_bounds,,models/corvette/B_STR_C_NW.fbx,source/control scale,5.968913,2.990234,5.996095,-0.015707,1.495117,-0.001954,Right = normalize(Up cross At),Up = normalize(source.Up),At = normalize(source.At projected perpendicular to Up),NEED_STUDY,NEED_STUDY,none,UNTESTED,,2026-06-07,,,,,,,,,,,,,,
B_STR_C_NW1,STR_C_NW1,SEEDED,dimensions_library_fbx_bounds,,models/corvette/B_STR_C_NW1.fbx,source/control scale,5.996097,2.990234,5.968913,-0.001954,1.495117,0.015707,Right = normalize(Up cross At),Up = normalize(source.Up),At = normalize(source.At projected perpendicular to Up),NEED_STUDY,NEED_STUDY,none,UNTESTED,,2026-06-07,,,,,,,,,,,,,,
B_STR_C_NW2,STR_C_NW2,SEEDED,dimensions_library_fbx_bounds,,models/corvette/B_STR_C_NW2.fbx,source/control scale,5.968913,2.990234,5.996096,0.015707,1.495117,0.001954,Right = normalize(Up cross At),Up = normalize(source.Up),At = normalize(source.At projected perpendicular to Up),NEED_STUDY,NEED_STUDY,none,UNTESTED,,2026-06-07,,,,,,,,,,,,,,
B_STR_C_NW3,STR_C_NW3,SEEDED,dimensions_library_fbx_bounds,,models/corvette/B_STR_C_NW3.fbx,source/control scale,5.996096,2.990234,5.968913,0.001954,1.495117,-0.015706,Right = normalize(Up cross At),Up = normalize(source.Up),At = normalize(source.At projected perpendicular to Up),NEED_STUDY,NEED_STUDY,none,UNTESTED,,2026-06-07,,,,,,,,,,,,,,
B_STR_C_S,STR_C_S,SEEDED,dimensions_library_fbx_bounds,,models/corvette/B_STR_C_S.fbx,source/control scale,6.0,2.999999,5.121088,0.0,1.5,0.443357,Right = normalize(Up cross At),Up = normalize(source.Up),At = normalize(source.At projected perpendicular to Up),NEED_STUDY,NEED_STUDY,none,UNTESTED,,2026-06-07,,,,,,,,,,,,,,
B_STR_C_W,STR_C_W,SEEDED,dimensions_library_fbx_bounds,,models/corvette/B_STR_C_W.fbx,source/control scale,5.121088,2.999999,6.0,-0.443357,1.5,0.0,Right = normalize(Up cross At),Up = normalize(source.Up),At = normalize(source.At projected perpendicular to Up),NEED_STUDY,NEED_STUDY,none,UNTESTED,,2026-06-07,,,,,,,,,,,,,,
B_STR_C_Y_E,STR_C_Y_E,SEEDED,dimensions_library_fbx_bounds,,models/corvette/B_STR_C_Y_E.fbx,source/control scale,5.121088,3.0,6.0,0.443357,1.5,0.0,Right = normalize(Up cross At),Up = normalize(source.Up),At = normalize(source.At projected perpendicular to Up),NEED_STUDY,NEED_STUDY,none,UNTESTED,,2026-06-07,,,,,,,,,,,,,,
B_STR_C_Y_N,STR_C_Y_N,SEEDED,dimensions_library_fbx_bounds,,models/corvette/B_STR_C_Y_N.fbx,source/control scale,6.0,3.0,5.121088,0.0,1.5,-0.443356,Right = normalize(Up cross At),Up = normalize(source.Up),At = normalize(source.At projected perpendicular to Up),NEED_STUDY,NEED_STUDY,none,UNTESTED,,2026-06-07,,,,,,,,,,,,,,
B_STR_C_Y_NE,STR_C_Y_NE,SEEDED,dimensions_library_fbx_bounds,,models/corvette/B_STR_C_Y_NE.fbx,source/control scale,5.968913,2.990234,5.996096,0.015707,1.495117,-0.001954,Right = normalize(Up cross At),Up = normalize(source.Up),At = normalize(source.At projected perpendicular to Up),NEED_STUDY,NEED_STUDY,none,UNTESTED,,2026-06-07,,,,,,,,,,,,,,
B_STR_C_Y_NE1,STR_C_Y_NE1,SEEDED,dimensions_library_fbx_bounds,,models/corvette/B_STR_C_Y_NE1.fbx,source/control scale,5.996096,2.990234,5.968914,-0.001954,1.495117,-0.015706,Right = normalize(Up cross At),Up = normalize(source.Up),At = normalize(source.At projected perpendicular to Up),NEED_STUDY,NEED_STUDY,none,UNTESTED,,2026-06-07,,,,,,,,,,,,,,
B_STR_C_Y_NE2,STR_C_Y_NE2,SEEDED,dimensions_library_fbx_bounds,,models/corvette/B_STR_C_Y_NE2.fbx,source/control scale,5.968913,2.990235,5.996096,-0.015707,1.495117,0.001954,Right = normalize(Up cross At),Up = normalize(source.Up),At = normalize(source.At projected perpendicular to Up),NEED_STUDY,NEED_STUDY,none,UNTESTED,,2026-06-07,,,,,,,,,,,,,,
B_STR_C_Y_NE3,STR_C_Y_NE3,SEEDED,dimensions_library_fbx_bounds,,models/corvette/B_STR_C_Y_NE3.fbx,source/control scale,5.996097,2.990235,5.968913,0.001954,1.495117,0.015707,Right = normalize(Up cross At),Up = normalize(source.Up),At = normalize(source.At projected perpendicular to Up),NEED_STUDY,NEED_STUDY,none,UNTESTED,,2026-06-07,,,,,,,,,,,,,,
B_STR_C_Y_NW,STR_C_Y_NW,SEEDED,dimensions_library_fbx_bounds,,models/corvette/B_STR_C_Y_NW.fbx,source/control scale,5.968913,2.990234,5.996095,-0.015707,1.495117,-0.001954,Right = normalize(Up cross At),Up = normalize(source.Up),At = normalize(source.At projected perpendicular to Up),NEED_STUDY,NEED_STUDY,none,UNTESTED,,2026-06-07,,,,,,,,,,,,,,
B_STR_C_Y_NW1,STR_C_Y_NW1,SEEDED,dimensions_library_fbx_bounds,,models/corvette/B_STR_C_Y_NW1.fbx,source/control scale,5.996097,2.990235,5.968913,-0.001954,1.495117,0.015707,Right = normalize(Up cross At),Up = normalize(source.Up),At = normalize(source.At projected perpendicular to Up),NEED_STUDY,NEED_STUDY,none,UNTESTED,,2026-06-07,,,,,,,,,,,,,,
B_STR_C_Y_NW2,STR_C_Y_NW2,SEEDED,dimensions_library_fbx_bounds,,models/corvette/B_STR_C_Y_NW2.fbx,source/control scale,5.968913,2.990235,5.996096,0.015707,1.495117,0.001954,Right = normalize(Up cross At),Up = normalize(source.Up),At = normalize(source.At projected perpendicular to Up),NEED_STUDY,NEED_STUDY,none,UNTESTED,,2026-06-07,,,,,,,,,,,,,,
B_STR_C_Y_NW3,STR_C_Y_NW3,SEEDED,dimensions_library_fbx_bounds,,models/corvette/B_STR_C_Y_NW3.fbx,source/control scale,5.996096,2.990234,5.968914,0.001954,1.495117,-0.015706,Right = normalize(Up cross At),Up = normalize(source.Up),At = normalize(source.At projected perpendicular to Up),NEED_STUDY,NEED_STUDY,none,UNTESTED,,2026-06-07,,,,,,,,,,,,,,
B_STR_C_Y_S,STR_C_Y_S,SEEDED,dimensions_library_fbx_bounds,,models/corvette/B_STR_C_Y_S.fbx,source/control scale,6.0,3.0,5.121088,0.0,1.5,0.443357,Right = normalize(Up cross At),Up = normalize(source.Up),At = normalize(source.At projected perpendicular to Up),NEED_STUDY,NEED_STUDY,none,UNTESTED,,2026-06-07,,,,,,,,,,,,,,
B_STR_C_Y_W,STR_C_Y_W,SEEDED,dimensions_library_fbx_bounds,,models/corvette/B_STR_C_Y_W.fbx,source/control scale,5.121088,3.0,6.0,-0.443357,1.5,0.0,Right = normalize(Up cross At),Up = normalize(source.Up),At = normalize(source.At projected perpendicular to Up),NEED_STUDY,NEED_STUDY,none,UNTESTED,,2026-06-07,,,,,,,,,,,,,,
B_STR_D_E,STR_D_E,SEEDED,dimensions_library_fbx_bounds,,models/corvette/B_STR_D_E.fbx,source/control scale,11.921875,3.044982,6.097656,-2.960938,1.522431,0.0,Right = normalize(Up cross At),Up = normalize(source.Up),At = normalize(source.At projected perpendicular to Up),NEED_STUDY,NEED_STUDY,none,UNTESTED,,2026-06-07,,,,,,,,,,,,,,
B_STR_D_N,STR_D_N,SEEDED,dimensions_library_fbx_bounds,,models/corvette/B_STR_D_N.fbx,source/control scale,6.097656,3.044982,11.921875,0.0,1.522431,2.960937,Right = normalize(Up cross At),Up = normalize(source.Up),At = normalize(source.At projected perpendicular to Up),NEED_STUDY,NEED_STUDY,none,UNTESTED,,2026-06-07,,,,,,,,,,,,,,
B_STR_D_NE,STR_D_NE,SEEDED,dimensions_library_fbx_bounds,,models/corvette/B_STR_D_NE.fbx,source/control scale,5.96912,3.03421,11.996872,0.01581,1.473129,2.993752,Right = normalize(Up cross At),Up = normalize(source.Up),At = normalize(source.At projected perpendicular to Up),NEED_STUDY,NEED_STUDY,none,UNTESTED,,2026-06-07,,,,,,,,,,,,,,
B_STR_D_NE1,STR_D_NE1,SEEDED,dimensions_library_fbx_bounds,,models/corvette/B_STR_D_NE1.fbx,source/control scale,11.996872,3.03421,5.969122,2.993752,1.473129,-0.015811,Right = normalize(Up cross At),Up = normalize(source.Up),At = normalize(source.At projected perpendicular to Up),NEED_STUDY,NEED_STUDY,none,UNTESTED,,2026-06-07,,,,,,,,,,,,,,
B_STR_D_NE2,STR_D_NE2,SEEDED,dimensions_library_fbx_bounds,,models/corvette/B_STR_D_NE2.fbx,source/control scale,5.969121,3.03421,11.996872,-0.01581,1.473129,-2.993752,Right = normalize(Up cross At),Up = normalize(source.Up),At = normalize(source.At projected perpendicular to Up),NEED_STUDY,NEED_STUDY,none,UNTESTED,,2026-06-07,,,,,,,,,,,,,,
B_STR_D_NE3,STR_D_NE3,SEEDED,dimensions_library_fbx_bounds,,models/corvette/B_STR_D_NE3.fbx,source/control scale,11.996872,3.03421,5.96912,-2.993752,1.473129,0.01581,Right = normalize(Up cross At),Up = normalize(source.Up),At = normalize(source.At projected perpendicular to Up),NEED_STUDY,NEED_STUDY,none,UNTESTED,,2026-06-07,,,,,,,,,,,,,,
B_STR_D_NW,STR_D_NW,SEEDED,dimensions_library_fbx_bounds,,models/corvette/B_STR_D_NW.fbx,source/control scale,5.969122,3.03421,11.996872,-0.01581,1.473129,2.993752,Right = normalize(Up cross At),Up = normalize(source.Up),At = normalize(source.At projected perpendicular to Up),NEED_STUDY,NEED_STUDY,none,UNTESTED,,2026-06-07,,,,,,,,,,,,,,
B_STR_D_NW1,STR_D_NW1,SEEDED,dimensions_library_fbx_bounds,,models/corvette/B_STR_D_NW1.fbx,source/control scale,11.996872,3.03421,5.96912,2.993752,1.473129,0.01581,Right = normalize(Up cross At),Up = normalize(source.Up),At = normalize(source.At projected perpendicular to Up),NEED_STUDY,NEED_STUDY,none,UNTESTED,,2026-06-07,,,,,,,,,,,,,,
B_STR_D_NW2,STR_D_NW2,SEEDED,dimensions_library_fbx_bounds,,models/corvette/B_STR_D_NW2.fbx,source/control scale,5.969121,3.03421,11.996872,0.01581,1.473129,-2.993752,Right = normalize(Up cross At),Up = normalize(source.Up),At = normalize(source.At projected perpendicular to Up),NEED_STUDY,NEED_STUDY,none,UNTESTED,,2026-06-07,,,,,,,,,,,,,,
B_STR_D_NW3,STR_D_NW3,SEEDED,dimensions_library_fbx_bounds,,models/corvette/B_STR_D_NW3.fbx,source/control scale,11.996872,3.03421,5.969122,-2.993752,1.473129,-0.015811,Right = normalize(Up cross At),Up = normalize(source.Up),At = normalize(source.At projected perpendicular to Up),NEED_STUDY,NEED_STUDY,none,UNTESTED,,2026-06-07,,,,,,,,,,,,,,
B_STR_D_S,STR_D_S,SEEDED,dimensions_library_fbx_bounds,,models/corvette/B_STR_D_S.fbx,source/control scale,6.097656,3.044982,11.921875,0.0,1.522431,-2.960938,Right = normalize(Up cross At),Up = normalize(source.Up),At = normalize(source.At projected perpendicular to Up),NEED_STUDY,NEED_STUDY,none,UNTESTED,,2026-06-07,,,,,,,,,,,,,,
B_STR_D_W,STR_D_W,SEEDED,dimensions_library_fbx_bounds,,models/corvette/B_STR_D_W.fbx,source/control scale,11.921875,3.044982,6.097656,2.960938,1.522431,0.0,Right = normalize(Up cross At),Up = normalize(source.Up),At = normalize(source.At projected perpendicular to Up),NEED_STUDY,NEED_STUDY,none,UNTESTED,,2026-06-07,,,,,,,,,,,,,,
B_STR_D_Y_E,STR_D_Y_E,SEEDED,dimensions_library_fbx_bounds,,models/corvette/B_STR_D_Y_E.fbx,source/control scale,11.921875,3.044982,6.097656,-2.960938,1.522431,0.0,Right = normalize(Up cross At),Up = normalize(source.Up),At = normalize(source.At projected perpendicular to Up),NEED_STUDY,NEED_STUDY,none,UNTESTED,,2026-06-07,,,,,,,,,,,,,,
B_STR_D_Y_N,STR_D_Y_N,SEEDED,dimensions_library_fbx_bounds,,models/corvette/B_STR_D_Y_N.fbx,source/control scale,6.097656,3.044982,11.921875,0.0,1.52243,2.960937,Right = normalize(Up cross At),Up = normalize(source.Up),At = normalize(source.At projected perpendicular to Up),NEED_STUDY,NEED_STUDY,none,UNTESTED,,2026-06-07,,,,,,,,,,,,,,
B_STR_D_Y_NE,STR_D_Y_NE,SEEDED,dimensions_library_fbx_bounds,,models/corvette/B_STR_D_Y_NE.fbx,source/control scale,5.96912,3.03421,11.996872,0.01581,1.473129,2.993752,Right = normalize(Up cross At),Up = normalize(source.Up),At = normalize(source.At projected perpendicular to Up),NEED_STUDY,NEED_STUDY,none,UNTESTED,,2026-06-07,,,,,,,,,,,,,,
B_STR_D_Y_NE1,STR_D_Y_NE1,SEEDED,dimensions_library_fbx_bounds,,models/corvette/B_STR_D_Y_NE1.fbx,source/control scale,11.996872,3.03421,5.969122,2.993752,1.473129,-0.01581,Right = normalize(Up cross At),Up = normalize(source.Up),At = normalize(source.At projected perpendicular to Up),NEED_STUDY,NEED_STUDY,none,UNTESTED,,2026-06-07,,,,,,,,,,,,,,
B_STR_D_Y_NE2,STR_D_Y_NE2,SEEDED,dimensions_library_fbx_bounds,,models/corvette/B_STR_D_Y_NE2.fbx,source/control scale,5.969121,3.034211,11.996872,-0.01581,1.473129,-2.993752,Right = normalize(Up cross At),Up = normalize(source.Up),At = normalize(source.At projected perpendicular to Up),NEED_STUDY,NEED_STUDY,none,UNTESTED,,2026-06-07,,,,,,,,,,,,,,
B_STR_D_Y_NE3,STR_D_Y_NE3,SEEDED,dimensions_library_fbx_bounds,,models/corvette/B_STR_D_Y_NE3.fbx,source/control scale,11.996872,3.034211,5.96912,-2.993752,1.473129,0.015811,Right = normalize(Up cross At),Up = normalize(source.Up),At = normalize(source.At projected perpendicular to Up),NEED_STUDY,NEED_STUDY,none,UNTESTED,,2026-06-07,,,,,,,,,,,,,,
B_STR_D_Y_NW,STR_D_Y_NW,SEEDED,dimensions_library_fbx_bounds,,models/corvette/B_STR_D_Y_NW.fbx,source/control scale,5.969122,3.03421,11.996872,-0.01581,1.473129,2.993752,Right = normalize(Up cross At),Up = normalize(source.Up),At = normalize(source.At projected perpendicular to Up),NEED_STUDY,NEED_STUDY,none,UNTESTED,,2026-06-07,,,,,,,,,,,,,,
B_STR_D_Y_NW1,STR_D_Y_NW1,SEEDED,dimensions_library_fbx_bounds,,models/corvette/B_STR_D_Y_NW1.fbx,source/control scale,11.996872,3.034211,5.96912,2.993752,1.473129,0.015811,Right = normalize(Up cross At),Up = normalize(source.Up),At = normalize(source.At projected perpendicular to Up),NEED_STUDY,NEED_STUDY,none,UNTESTED,,2026-06-07,,,,,,,,,,,,,,
B_STR_D_Y_NW2,STR_D_Y_NW2,SEEDED,dimensions_library_fbx_bounds,,models/corvette/B_STR_D_Y_NW2.fbx,source/control scale,5.969121,3.034211,11.996872,0.01581,1.473129,-2.993752,Right = normalize(Up cross At),Up = normalize(source.Up),At = normalize(source.At projected perpendicular to Up),NEED_STUDY,NEED_STUDY,none,UNTESTED,,2026-06-07,,,,,,,,,,,,,,
B_STR_D_Y_NW3,STR_D_Y_NW3,SEEDED,dimensions_library_fbx_bounds,,models/corvette/B_STR_D_Y_NW3.fbx,source/control scale,11.996872,3.03421,5.969122,-2.993752,1.473129,-0.01581,Right = normalize(Up cross At),Up = normalize(source.Up),At = normalize(source.At projected perpendicular to Up),NEED_STUDY,NEED_STUDY,none,UNTESTED,,2026-06-07,,,,,,,,,,,,,,
B_STR_D_Y_S,STR_D_Y_S,SEEDED,dimensions_library_fbx_bounds,,models/corvette/B_STR_D_Y_S.fbx,source/control scale,6.097656,3.044983,11.921875,0.0,1.522431,-2.960938,Right = normalize(Up cross At),Up = normalize(source.Up),At = normalize(source.At projected perpendicular to Up),NEED_STUDY,NEED_STUDY,none,UNTESTED,,2026-06-07,,,,,,,,,,,,,,
B_STR_D_Y_W,STR_D_Y_W,SEEDED,dimensions_library_fbx_bounds,,models/corvette/B_STR_D_Y_W.fbx,source/control scale,11.921875,3.044982,6.097656,2.960938,1.522431,0.0,Right = normalize(Up cross At),Up = normalize(source.Up),At = normalize(source.At projected perpendicular to Up),NEED_STUDY,NEED_STUDY,none,UNTESTED,,2026-06-07,,,,,,,,,,,,,,
B_STR_E_E,STR_E_E,SEEDED,dimensions_library_fbx_bounds,,models/corvette/B_STR_E_E.fbx,source/control scale,6.0,3.0,6.0,0.0,1.5,0.0,Right = normalize(Up cross At),Up = normalize(source.Up),At = normalize(source.At projected perpendicular to Up),NEED_STUDY,NEED_STUDY,none,UNTESTED,,2026-06-07,,,,,,,,,,,,,,
B_STR_E_N,STR_E_N,SEEDED,dimensions_library_fbx_bounds,,models/corvette/B_STR_E_N.fbx,source/control scale,6.0,3.0,6.0,0.0,1.5,0.0,Right = normalize(Up cross At),Up = normalize(source.Up),At = normalize(source.At projected perpendicular to Up),NEED_STUDY,NEED_STUDY,none,UNTESTED,,2026-06-07,,,,,,,,,,,,,,
B_STR_E_NE,STR_E_NE,SEEDED,dimensions_library_fbx_bounds,,models/corvette/B_STR_E_NE.fbx,source/control scale,5.96919,2.999999,5.121113,0.015845,1.5,-0.443369,Right = normalize(Up cross At),Up = normalize(source.Up),At = normalize(source.At projected perpendicular to Up),NEED_STUDY,NEED_STUDY,none,UNTESTED,,2026-06-07,,,,,,,,,,,,,,
B_STR_E_NE1,STR_E_NE1,SEEDED,dimensions_library_fbx_bounds,,models/corvette/B_STR_E_NE1.fbx,source/control scale,5.121113,2.999999,5.96919,-0.443369,1.5,-0.015845,Right = normalize(Up cross At),Up = normalize(source.Up),At = normalize(source.At projected perpendicular to Up),NEED_STUDY,NEED_STUDY,none,UNTESTED,,2026-06-07,,,,,,,,,,,,,,
B_STR_E_NE2,STR_E_NE2,SEEDED,dimensions_library_fbx_bounds,,models/corvette/B_STR_E_NE2.fbx,source/control scale,5.96919,2.999999,5.121113,-0.015845,1.5,0.443369,Right = normalize(Up cross At),Up = normalize(source.Up),At = normalize(source.At projected perpendicular to Up),NEED_STUDY,NEED_STUDY,none,UNTESTED,,2026-06-07,,,,,,,,,,,,,,
B_STR_E_NE3,STR_E_NE3,SEEDED,dimensions_library_fbx_bounds,,models/corvette/B_STR_E_NE3.fbx,source/control scale,5.121113,2.999999,5.969189,0.443369,1.5,0.015845,Right = normalize(Up cross At),Up = normalize(source.Up),At = normalize(source.At projected perpendicular to Up),NEED_STUDY,NEED_STUDY,none,UNTESTED,,2026-06-07,,,,,,,,,,,,,,
B_STR_E_NW,STR_E_NW,SEEDED,dimensions_library_fbx_bounds,,models/corvette/B_STR_E_NW.fbx,source/control scale,5.96919,2.999999,5.121113,-0.015845,1.5,-0.443369,Right = normalize(Up cross At),Up = normalize(source.Up),At = normalize(source.At projected perpendicular to Up),NEED_STUDY,NEED_STUDY,none,UNTESTED,,2026-06-07,,,,,,,,,,,,,,
B_STR_E_NW1,STR_E_NW1,SEEDED,dimensions_library_fbx_bounds,,models/corvette/B_STR_E_NW1.fbx,source/control scale,5.121113,2.999999,5.969189,-0.443369,1.5,0.015845,Right = normalize(Up cross At),Up = normalize(source.Up),At = normalize(source.At projected perpendicular to Up),NEED_STUDY,NEED_STUDY,none,UNTESTED,,2026-06-07,,,,,,,,,,,,,,
B_STR_E_NW2,STR_E_NW2,SEEDED,dimensions_library_fbx_bounds,,models/corvette/B_STR_E_NW2.fbx,source/control scale,5.96919,2.999999,5.121113,0.015845,1.5,0.443369,Right = normalize(Up cross At),Up = normalize(source.Up),At = normalize(source.At projected perpendicular to Up),NEED_STUDY,NEED_STUDY,none,UNTESTED,,2026-06-07,,,,,,,,,,,,,,
B_STR_E_NW3,STR_E_NW3,SEEDED,dimensions_library_fbx_bounds,,models/corvette/B_STR_E_NW3.fbx,source/control scale,5.121113,2.999999,5.96919,0.443369,1.5,-0.015845,Right = normalize(Up cross At),Up = normalize(source.Up),At = normalize(source.At projected perpendicular to Up),NEED_STUDY,NEED_STUDY,none,UNTESTED,,2026-06-07,,,,,,,,,,,,,,
B_STR_E_S,STR_E_S,SEEDED,dimensions_library_fbx_bounds,,models/corvette/B_STR_E_S.fbx,source/control scale,6.0,3.0,6.0,0.0,1.5,0.0,Right = normalize(Up cross At),Up = normalize(source.Up),At = normalize(source.At projected perpendicular to Up),NEED_STUDY,NEED_STUDY,none,UNTESTED,,2026-06-07,,,,,,,,,,,,,,
B_STR_E_W,STR_E_W,SEEDED,dimensions_library_fbx_bounds,,models/corvette/B_STR_E_W.fbx,source/control scale,6.0,3.0,6.0,0.0,1.5,0.0,Right = normalize(Up cross At),Up = normalize(source.Up),At = normalize(source.At projected perpendicular to Up),NEED_STUDY,NEED_STUDY,none,UNTESTED,,2026-06-07,,,,,,,,,,,,,,
B_STR_E_Y_E,STR_E_Y_E,SEEDED,dimensions_library_fbx_bounds,,models/corvette/B_STR_E_Y_E.fbx,source/control scale,6.0,3.0,6.0,0.0,1.5,0.0,Right = normalize(Up cross At),Up = normalize(source.Up),At = normalize(source.At projected perpendicular to Up),NEED_STUDY,NEED_STUDY,none,UNTESTED,,2026-06-07,,,,,,,,,,,,,,
B_STR_E_Y_N,STR_E_Y_N,SEEDED,dimensions_library_fbx_bounds,,models/corvette/B_STR_E_Y_N.fbx,source/control scale,6.0,3.0,6.000001,0.0,1.5,0.0,Right = normalize(Up cross At),Up = normalize(source.Up),At = normalize(source.At projected perpendicular to Up),NEED_STUDY,NEED_STUDY,none,UNTESTED,,2026-06-07,,,,,,,,,,,,,,
B_STR_E_Y_NE,STR_E_Y_NE,SEEDED,dimensions_library_fbx_bounds,,models/corvette/B_STR_E_Y_NE.fbx,source/control scale,5.96919,3.0,5.121113,0.015845,1.5,-0.443369,Right = normalize(Up cross At),Up = normalize(source.Up),At = normalize(source.At projected perpendicular to Up),NEED_STUDY,NEED_STUDY,none,UNTESTED,,2026-06-07,,,,,,,,,,,,,,
B_STR_E_Y_NE1,STR_E_Y_NE1,SEEDED,dimensions_library_fbx_bounds,,models/corvette/B_STR_E_Y_NE1.fbx,source/control scale,5.121113,3.0,5.96919,-0.443369,1.5,-0.015844,Right = normalize(Up cross At),Up = normalize(source.Up),At = normalize(source.At projected perpendicular to Up),NEED_STUDY,NEED_STUDY,none,UNTESTED,,2026-06-07,,,,,,,,,,,,,,
B_STR_E_Y_NE2,STR_E_Y_NE2,SEEDED,dimensions_library_fbx_bounds,,models/corvette/B_STR_E_Y_NE2.fbx,source/control scale,5.96919,3.0,5.121113,-0.015845,1.5,0.443369,Right = normalize(Up cross At),Up = normalize(source.Up),At = normalize(source.At projected perpendicular to Up),NEED_STUDY,NEED_STUDY,none,UNTESTED,,2026-06-07,,,,,,,,,,,,,,
B_STR_E_Y_NE3,STR_E_Y_NE3,SEEDED,dimensions_library_fbx_bounds,,models/corvette/B_STR_E_Y_NE3.fbx,source/control scale,5.121113,2.999999,5.969189,0.443369,1.5,0.015845,Right = normalize(Up cross At),Up = normalize(source.Up),At = normalize(source.At projected perpendicular to Up),NEED_STUDY,NEED_STUDY,none,UNTESTED,,2026-06-07,,,,,,,,,,,,,,
B_STR_E_Y_NW,STR_E_Y_NW,SEEDED,dimensions_library_fbx_bounds,,models/corvette/B_STR_E_Y_NW.fbx,source/control scale,5.96919,3.0,5.121113,-0.015845,1.5,-0.443368,Right = normalize(Up cross At),Up = normalize(source.Up),At = normalize(source.At projected perpendicular to Up),NEED_STUDY,NEED_STUDY,none,UNTESTED,,2026-06-07,,,,,,,,,,,,,,
B_STR_E_Y_NW1,STR_E_Y_NW1,SEEDED,dimensions_library_fbx_bounds,,models/corvette/B_STR_E_Y_NW1.fbx,source/control scale,5.121113,2.999999,5.969189,-0.443369,1.5,0.015845,Right = normalize(Up cross At),Up = normalize(source.Up),At = normalize(source.At projected perpendicular to Up),NEED_STUDY,NEED_STUDY,none,UNTESTED,,2026-06-07,,,,,,,,,,,,,,
B_STR_E_Y_NW2,STR_E_Y_NW2,SEEDED,dimensions_library_fbx_bounds,,models/corvette/B_STR_E_Y_NW2.fbx,source/control scale,5.96919,3.0,5.121113,0.015845,1.5,0.443369,Right = normalize(Up cross At),Up = normalize(source.Up),At = normalize(source.At projected perpendicular to Up),NEED_STUDY,NEED_STUDY,none,UNTESTED,,2026-06-07,,,,,,,,,,,,,,
B_STR_E_Y_NW3,STR_E_Y_NW3,SEEDED,dimensions_library_fbx_bounds,,models/corvette/B_STR_E_Y_NW3.fbx,source/control scale,5.121113,3.0,5.96919,0.443369,1.5,-0.015844,Right = normalize(Up cross At),Up = normalize(source.Up),At = normalize(source.At projected perpendicular to Up),NEED_STUDY,NEED_STUDY,none,UNTESTED,,2026-06-07,,,,,,,,,,,,,,
B_STR_E_Y_S,STR_E_Y_S,SEEDED,dimensions_library_fbx_bounds,,models/corvette/B_STR_E_Y_S.fbx,source/control scale,6.0,3.000001,6.0,0.0,1.5,0.0,Right = normalize(Up cross At),Up = normalize(source.Up),At = normalize(source.At projected perpendicular to Up),NEED_STUDY,NEED_STUDY,none,UNTESTED,,2026-06-07,,,,,,,,,,,,,,
B_STR_E_Y_W,STR_E_Y_W,SEEDED,dimensions_library_fbx_bounds,,models/corvette/B_STR_E_Y_W.fbx,source/control scale,6.0,3.0,6.0,0.0,1.5,0.0,Right = normalize(Up cross At),Up = normalize(source.Up),At = normalize(source.At projected perpendicular to Up),NEED_STUDY,NEED_STUDY,none,UNTESTED,,2026-06-07,,,,,,,,,,,,,,
B_STR_F_E,STR_F_E,SEEDED,dimensions_library_fbx_bounds,,models/corvette/B_STR_F_E.fbx,source/control scale,12.105114,3.006138,6.070312,-3.056818,1.496931,0.0,Right = normalize(Up cross At),Up = normalize(source.Up),At = normalize(source.At projected perpendicular to Up),NEED_STUDY,NEED_STUDY,none,UNTESTED,,2026-06-07,,,,,,,,,,,,,,
B_STR_F_N,STR_F_N,SEEDED,dimensions_library_fbx_bounds,,models/corvette/B_STR_F_N.fbx,source/control scale,6.070312,3.006138,12.105114,0.0,1.496931,3.056818,Right = normalize(Up cross At),Up = normalize(source.Up),At = normalize(source.At projected perpendicular to Up),NEED_STUDY,NEED_STUDY,none,UNTESTED,,2026-06-07,,,,,,,,,,,,,,
B_STR_F_NE,STR_F_NE,SEEDED,dimensions_library_fbx_bounds,,models/corvette/B_STR_F_NE.fbx,source/control scale,5.905197,2.916019,11.089855,0.050255,1.458006,2.54101,Right = normalize(Up cross At),Up = normalize(source.Up),At = normalize(source.At projected perpendicular to Up),NEED_STUDY,NEED_STUDY,none,UNTESTED,,2026-06-07,,,,,,,,,,,,,,
B_STR_F_NE1,STR_F_NE1,SEEDED,dimensions_library_fbx_bounds,,models/corvette/B_STR_F_NE1.fbx,source/control scale,11.089855,2.916019,5.905197,2.54101,1.458006,-0.050255,Right = normalize(Up cross At),Up = normalize(source.Up),At = normalize(source.At projected perpendicular to Up),NEED_STUDY,NEED_STUDY,none,UNTESTED,,2026-06-07,,,,,,,,,,,,,,
B_STR_F_NE2,STR_F_NE2,SEEDED,dimensions_library_fbx_bounds,,models/corvette/B_STR_F_NE2.fbx,source/control scale,5.905197,2.916019,11.089855,-0.050255,1.458006,-2.54101,Right = normalize(Up cross At),Up = normalize(source.Up),At = normalize(source.At projected perpendicular to Up),NEED_STUDY,NEED_STUDY,none,UNTESTED,,2026-06-07,,,,,,,,,,,,,,
B_STR_F_NE3,STR_F_NE3,SEEDED,dimensions_library_fbx_bounds,,models/corvette/B_STR_F_NE3.fbx,source/control scale,11.089855,2.916019,5.905197,-2.54101,1.458006,0.050255,Right = normalize(Up cross At),Up = normalize(source.Up),At = normalize(source.At projected perpendicular to Up),NEED_STUDY,NEED_STUDY,none,UNTESTED,,2026-06-07,,,,,,,,,,,,,,
B_STR_F_NW,STR_F_NW,SEEDED,dimensions_library_fbx_bounds,,models/corvette/B_STR_F_NW.fbx,source/control scale,5.905197,2.916019,11.089855,-0.050255,1.458006,2.54101,Right = normalize(Up cross At),Up = normalize(source.Up),At = normalize(source.At projected perpendicular to Up),NEED_STUDY,NEED_STUDY,none,UNTESTED,,2026-06-07,,,,,,,,,,,,,,
B_STR_F_NW1,STR_F_NW1,SEEDED,dimensions_library_fbx_bounds,,models/corvette/B_STR_F_NW1.fbx,source/control scale,11.089855,2.916019,5.905197,2.54101,1.458006,0.050255,Right = normalize(Up cross At),Up = normalize(source.Up),At = normalize(source.At projected perpendicular to Up),NEED_STUDY,NEED_STUDY,none,UNTESTED,,2026-06-07,,,,,,,,,,,,,,
B_STR_F_NW2,STR_F_NW2,SEEDED,dimensions_library_fbx_bounds,,models/corvette/B_STR_F_NW2.fbx,source/control scale,5.905197,2.916019,11.089855,0.050255,1.458006,-2.54101,Right = normalize(Up cross At),Up = normalize(source.Up),At = normalize(source.At projected perpendicular to Up),NEED_STUDY,NEED_STUDY,none,UNTESTED,,2026-06-07,,,,,,,,,,,,,,
B_STR_F_NW3,STR_F_NW3,SEEDED,dimensions_library_fbx_bounds,,models/corvette/B_STR_F_NW3.fbx,source/control scale,11.089855,2.916019,5.905197,-2.54101,1.458006,-0.050255,Right = normalize(Up cross At),Up = normalize(source.Up),At = normalize(source.At projected perpendicular to Up),NEED_STUDY,NEED_STUDY,none,UNTESTED,,2026-06-07,,,,,,,,,,,,,,
B_STR_F_S,STR_F_S,SEEDED,dimensions_library_fbx_bounds,,models/corvette/B_STR_F_S.fbx,source/control scale,6.070312,3.006138,12.105114,0.0,1.496931,-3.056818,Right = normalize(Up cross At),Up = normalize(source.Up),At = normalize(source.At projected perpendicular to Up),NEED_STUDY,NEED_STUDY,none,UNTESTED,,2026-06-07,,,,,,,,,,,,,,
B_STR_F_W,STR_F_W,SEEDED,dimensions_library_fbx_bounds,,models/corvette/B_STR_F_W.fbx,source/control scale,12.105114,3.006138,6.070312,3.056818,1.496931,0.0,Right = normalize(Up cross At),Up = normalize(source.Up),At = normalize(source.At projected perpendicular to Up),NEED_STUDY,NEED_STUDY,none,UNTESTED,,2026-06-07,,,,,,,,,,,,,,
B_STR_F_Y_E,STR_F_Y_E,SEEDED,dimensions_library_fbx_bounds,,models/corvette/B_STR_F_Y_E.fbx,source/control scale,12.105114,3.006138,6.070312,-3.056818,1.496931,0.0,Right = normalize(Up cross At),Up = normalize(source.Up),At = normalize(source.At projected perpendicular to Up),NEED_STUDY,NEED_STUDY,none,UNTESTED,,2026-06-07,,,,,,,,,,,,,,
B_STR_F_Y_N,STR_F_Y_N,SEEDED,dimensions_library_fbx_bounds,,models/corvette/B_STR_F_Y_N.fbx,source/control scale,6.070312,3.006138,12.105114,0.0,1.496931,3.056818,Right = normalize(Up cross At),Up = normalize(source.Up),At = normalize(source.At projected perpendicular to Up),NEED_STUDY,NEED_STUDY,none,UNTESTED,,2026-06-07,,,,,,,,,,,,,,
B_STR_F_Y_NE,STR_F_Y_NE,SEEDED,dimensions_library_fbx_bounds,,models/corvette/B_STR_F_Y_NE.fbx,source/control scale,5.905197,2.916018,11.089855,0.050255,1.458006,2.54101,Right = normalize(Up cross At),Up = normalize(source.Up),At = normalize(source.At projected perpendicular to Up),NEED_STUDY,NEED_STUDY,none,UNTESTED,,2026-06-07,,,,,,,,,,,,,,
B_STR_F_Y_NE1,STR_F_Y_NE1,SEEDED,dimensions_library_fbx_bounds,,models/corvette/B_STR_F_Y_NE1.fbx,source/control scale,11.089855,2.916019,5.905198,2.54101,1.458006,-0.050255,Right = normalize(Up cross At),Up = normalize(source.Up),At = normalize(source.At projected perpendicular to Up),NEED_STUDY,NEED_STUDY,none,UNTESTED,,2026-06-07,,,,,,,,,,,,,,
B_STR_F_Y_NE2,STR_F_Y_NE2,SEEDED,dimensions_library_fbx_bounds,,models/corvette/B_STR_F_Y_NE2.fbx,source/control scale,5.905197,2.916019,11.089855,-0.050255,1.458006,-2.54101,Right = normalize(Up cross At),Up = normalize(source.Up),At = normalize(source.At projected perpendicular to Up),NEED_STUDY,NEED_STUDY,none,UNTESTED,,2026-06-07,,,,,,,,,,,,,,
B_STR_F_Y_NE3,STR_F_Y_NE3,SEEDED,dimensions_library_fbx_bounds,,models/corvette/B_STR_F_Y_NE3.fbx,source/control scale,11.089855,2.916018,5.905197,-2.54101,1.458006,0.050255,Right = normalize(Up cross At),Up = normalize(source.Up),At = normalize(source.At projected perpendicular to Up),NEED_STUDY,NEED_STUDY,none,UNTESTED,,2026-06-07,,,,,,,,,,,,,,
B_STR_F_Y_NW,STR_F_Y_NW,SEEDED,dimensions_library_fbx_bounds,,models/corvette/B_STR_F_Y_NW.fbx,source/control scale,5.905197,2.916018,11.089855,-0.050255,1.458006,2.54101,Right = normalize(Up cross At),Up = normalize(source.Up),At = normalize(source.At projected perpendicular to Up),NEED_STUDY,NEED_STUDY,none,UNTESTED,,2026-06-07,,,,,,,,,,,,,,
B_STR_F_Y_NW1,STR_F_Y_NW1,SEEDED,dimensions_library_fbx_bounds,,models/corvette/B_STR_F_Y_NW1.fbx,source/control scale,11.089855,2.916018,5.905197,2.54101,1.458006,0.050255,Right = normalize(Up cross At),Up = normalize(source.Up),At = normalize(source.At projected perpendicular to Up),NEED_STUDY,NEED_STUDY,none,UNTESTED,,2026-06-07,,,,,,,,,,,,,,
B_STR_F_Y_NW2,STR_F_Y_NW2,SEEDED,dimensions_library_fbx_bounds,,models/corvette/B_STR_F_Y_NW2.fbx,source/control scale,5.905197,2.916019,11.089855,0.050255,1.458006,-2.54101,Right = normalize(Up cross At),Up = normalize(source.Up),At = normalize(source.At projected perpendicular to Up),NEED_STUDY,NEED_STUDY,none,UNTESTED,,2026-06-07,,,,,,,,,,,,,,
B_STR_F_Y_NW3,STR_F_Y_NW3,SEEDED,dimensions_library_fbx_bounds,,models/corvette/B_STR_F_Y_NW3.fbx,source/control scale,11.089855,2.916019,5.905198,-2.54101,1.458006,-0.050255,Right = normalize(Up cross At),Up = normalize(source.Up),At = normalize(source.At projected perpendicular to Up),NEED_STUDY,NEED_STUDY,none,UNTESTED,,2026-06-07,,,,,,,,,,,,,,
B_STR_F_Y_S,STR_F_Y_S,SEEDED,dimensions_library_fbx_bounds,,models/corvette/B_STR_F_Y_S.fbx,source/control scale,6.070312,3.006138,12.105114,0.0,1.496931,-3.056818,Right = normalize(Up cross At),Up = normalize(source.Up),At = normalize(source.At projected perpendicular to Up),NEED_STUDY,NEED_STUDY,none,UNTESTED,,2026-06-07,,,,,,,,,,,,,,
B_STR_F_Y_W,STR_F_Y_W,SEEDED,dimensions_library_fbx_bounds,,models/corvette/B_STR_F_Y_W.fbx,source/control scale,12.105114,3.006138,6.070312,3.056818,1.496931,0.0,Right = normalize(Up cross At),Up = normalize(source.Up),At = normalize(source.At projected perpendicular to Up),NEED_STUDY,NEED_STUDY,none,UNTESTED,,2026-06-07,,,,,,,,,,,,,,
B_STR_G_E,STR_G_E,SEEDED,dimensions_library_fbx_bounds,,models/corvette/B_STR_G_E.fbx,source/control scale,5.988282,3.0,6.0,0.005859,1.5,0.0,Right = normalize(Up cross At),Up = normalize(source.Up),At = normalize(source.At projected perpendicular to Up),NEED_STUDY,NEED_STUDY,none,UNTESTED,,2026-06-07,,,,,,,,,,,,,,
B_STR_G_N,STR_G_N,SEEDED,dimensions_library_fbx_bounds,,models/corvette/B_STR_G_N.fbx,source/control scale,6.0,3.0,5.988282,0.0,1.5,-0.005859,Right = normalize(Up cross At),Up = normalize(source.Up),At = normalize(source.At projected perpendicular to Up),NEED_STUDY,NEED_STUDY,none,UNTESTED,,2026-06-07,,,,,,,,,,,,,,
B_STR_G_NE,STR_G_NE,SEEDED,dimensions_library_fbx_bounds,,models/corvette/B_STR_G_NE.fbx,source/control scale,2.981984,2.980469,5.406367,1.50857,1.490234,-0.296933,Right = normalize(Up cross At),Up = normalize(source.Up),At = normalize(source.At projected perpendicular to Up),NEED_STUDY,NEED_STUDY,none,UNTESTED,,2026-06-07,,,,,,,,,,,,,,
B_STR_G_NE1,STR_G_NE1,SEEDED,dimensions_library_fbx_bounds,,models/corvette/B_STR_G_NE1.fbx,source/control scale,5.406367,2.980469,2.981984,-0.296934,1.490234,-1.50857,Right = normalize(Up cross At),Up = normalize(source.Up),At = normalize(source.At projected perpendicular to Up),NEED_STUDY,NEED_STUDY,none,UNTESTED,,2026-06-07,,,,,,,,,,,,,,
B_STR_G_NE2,STR_G_NE2,SEEDED,dimensions_library_fbx_bounds,,models/corvette/B_STR_G_NE2.fbx,source/control scale,2.981984,2.980469,5.406367,-1.50857,1.490234,0.296934,Right = normalize(Up cross At),Up = normalize(source.Up),At = normalize(source.At projected perpendicular to Up),NEED_STUDY,NEED_STUDY,none,UNTESTED,,2026-06-07,,,,,,,,,,,,,,
B_STR_G_NE3,STR_G_NE3,SEEDED,dimensions_library_fbx_bounds,,models/corvette/B_STR_G_NE3.fbx,source/control scale,5.406367,2.980469,2.981984,0.296933,1.490234,1.50857,Right = normalize(Up cross At),Up = normalize(source.Up),At = normalize(source.At projected perpendicular to Up),NEED_STUDY,NEED_STUDY,none,UNTESTED,,2026-06-07,,,,,,,,,,,,,,
B_STR_G_NW,STR_G_NW,SEEDED,dimensions_library_fbx_bounds,,models/corvette/B_STR_G_NW.fbx,source/control scale,2.981984,2.980469,5.406367,-1.50857,1.490234,-0.296934,Right = normalize(Up cross At),Up = normalize(source.Up),At = normalize(source.At projected perpendicular to Up),NEED_STUDY,NEED_STUDY,none,UNTESTED,,2026-06-07,,,,,,,,,,,,,,
B_STR_G_NW1,STR_G_NW1,SEEDED,dimensions_library_fbx_bounds,,models/corvette/B_STR_G_NW1.fbx,source/control scale,5.406367,2.980469,2.981984,-0.296933,1.490234,1.50857,Right = normalize(Up cross At),Up = normalize(source.Up),At = normalize(source.At projected perpendicular to Up),NEED_STUDY,NEED_STUDY,none,UNTESTED,,2026-06-07,,,,,,,,,,,,,,
B_STR_G_NW2,STR_G_NW2,SEEDED,dimensions_library_fbx_bounds,,models/corvette/B_STR_G_NW2.fbx,source/control scale,2.981984,2.980469,5.406367,1.50857,1.490234,0.296934,Right = normalize(Up cross At),Up = normalize(source.Up),At = normalize(source.At projected perpendicular to Up),NEED_STUDY,NEED_STUDY,none,UNTESTED,,2026-06-07,,,,,,,,,,,,,,
B_STR_G_NW3,STR_G_NW3,SEEDED,dimensions_library_fbx_bounds,,models/corvette/B_STR_G_NW3.fbx,source/control scale,5.406367,2.980469,2.981984,0.296934,1.490234,-1.50857,Right = normalize(Up cross At),Up = normalize(source.Up),At = normalize(source.At projected perpendicular to Up),NEED_STUDY,NEED_STUDY,none,UNTESTED,,2026-06-07,,,,,,,,,,,,,,
B_STR_G_S,STR_G_S,SEEDED,dimensions_library_fbx_bounds,,models/corvette/B_STR_G_S.fbx,source/control scale,6.0,3.0,5.988281,0.0,1.5,0.005859,Right = normalize(Up cross At),Up = normalize(source.Up),At = normalize(source.At projected perpendicular to Up),NEED_STUDY,NEED_STUDY,none,UNTESTED,,2026-06-07,,,,,,,,,,,,,,
B_STR_G_W,STR_G_W,SEEDED,dimensions_library_fbx_bounds,,models/corvette/B_STR_G_W.fbx,source/control scale,5.988282,3.0,6.0,-0.005859,1.5,0.0,Right = normalize(Up cross At),Up = normalize(source.Up),At = normalize(source.At projected perpendicular to Up),NEED_STUDY,NEED_STUDY,none,UNTESTED,,2026-06-07,,,,,,,,,,,,,,
B_STR_G_Y_E,STR_G_Y_E,SEEDED,dimensions_library_fbx_bounds,,models/corvette/B_STR_G_Y_E.fbx,source/control scale,5.988282,3.0,6.0,0.005859,1.5,0.0,Right = normalize(Up cross At),Up = normalize(source.Up),At = normalize(source.At projected perpendicular to Up),NEED_STUDY,NEED_STUDY,none,UNTESTED,,2026-06-07,,,,,,,,,,,,,,
B_STR_G_Y_N,STR_G_Y_N,SEEDED,dimensions_library_fbx_bounds,,models/corvette/B_STR_G_Y_N.fbx,source/control scale,6.0,3.0,5.988282,0.0,1.5,-0.005859,Right = normalize(Up cross At),Up = normalize(source.Up),At = normalize(source.At projected perpendicular to Up),NEED_STUDY,NEED_STUDY,none,UNTESTED,,2026-06-07,,,,,,,,,,,,,,
B_STR_G_Y_NE,STR_G_Y_NE,SEEDED,dimensions_library_fbx_bounds,,models/corvette/B_STR_G_Y_NE.fbx,source/control scale,2.981984,2.980469,5.406367,1.50857,1.490234,-0.296933,Right = normalize(Up cross At),Up = normalize(source.Up),At = normalize(source.At projected perpendicular to Up),NEED_STUDY,NEED_STUDY,none,UNTESTED,,2026-06-07,,,,,,,,,,,,,,
B_STR_G_Y_NE1,STR_G_Y_NE1,SEEDED,dimensions_library_fbx_bounds,,models/corvette/B_STR_G_Y_NE1.fbx,source/control scale,5.406367,2.980469,2.981984,-0.296934,1.490234,-1.50857,Right = normalize(Up cross At),Up = normalize(source.Up),At = normalize(source.At projected perpendicular to Up),NEED_STUDY,NEED_STUDY,none,UNTESTED,,2026-06-07,,,,,,,,,,,,,,
B_STR_G_Y_NE2,STR_G_Y_NE2,SEEDED,dimensions_library_fbx_bounds,,models/corvette/B_STR_G_Y_NE2.fbx,source/control scale,2.981984,2.980469,5.406368,-1.50857,1.490234,0.296934,Right = normalize(Up cross At),Up = normalize(source.Up),At = normalize(source.At projected perpendicular to Up),NEED_STUDY,NEED_STUDY,none,UNTESTED,,2026-06-07,,,,,,,,,,,,,,
B_STR_G_Y_NE3,STR_G_Y_NE3,SEEDED,dimensions_library_fbx_bounds,,models/corvette/B_STR_G_Y_NE3.fbx,source/control scale,5.406367,2.980469,2.981984,0.296933,1.490234,1.50857,Right = normalize(Up cross At),Up = normalize(source.Up),At = normalize(source.At projected perpendicular to Up),NEED_STUDY,NEED_STUDY,none,UNTESTED,,2026-06-07,,,,,,,,,,,,,,
B_STR_G_Y_NW,STR_G_Y_NW,SEEDED,dimensions_library_fbx_bounds,,models/corvette/B_STR_G_Y_NW.fbx,source/control scale,2.981984,2.980469,5.406367,-1.50857,1.490234,-0.296934,Right = normalize(Up cross At),Up = normalize(source.Up),At = normalize(source.At projected perpendicular to Up),NEED_STUDY,NEED_STUDY,none,UNTESTED,,2026-06-07,,,,,,,,,,,,,,
B_STR_G_Y_NW1,STR_G_Y_NW1,SEEDED,dimensions_library_fbx_bounds,,models/corvette/B_STR_G_Y_NW1.fbx,source/control scale,5.406367,2.980469,2.981984,-0.296933,1.490234,1.50857,Right = normalize(Up cross At),Up = normalize(source.Up),At = normalize(source.At projected perpendicular to Up),NEED_STUDY,NEED_STUDY,none,UNTESTED,,2026-06-07,,,,,,,,,,,,,,
B_STR_G_Y_NW2,STR_G_Y_NW2,SEEDED,dimensions_library_fbx_bounds,,models/corvette/B_STR_G_Y_NW2.fbx,source/control scale,2.981984,2.980469,5.406368,1.50857,1.490234,0.296934,Right = normalize(Up cross At),Up = normalize(source.Up),At = normalize(source.At projected perpendicular to Up),NEED_STUDY,NEED_STUDY,none,UNTESTED,,2026-06-07,,,,,,,,,,,,,,
B_STR_G_Y_NW3,STR_G_Y_NW3,SEEDED,dimensions_library_fbx_bounds,,models/corvette/B_STR_G_Y_NW3.fbx,source/control scale,5.406367,2.980469,2.981984,0.296934,1.490234,-1.50857,Right = normalize(Up cross At),Up = normalize(source.Up),At = normalize(source.At projected perpendicular to Up),NEED_STUDY,NEED_STUDY,none,UNTESTED,,2026-06-07,,,,,,,,,,,,,,
B_STR_G_Y_S,STR_G_Y_S,SEEDED,dimensions_library_fbx_bounds,,models/corvette/B_STR_G_Y_S.fbx,source/control scale,6.0,3.000001,5.988281,0.0,1.5,0.00586,Right = normalize(Up cross At),Up = normalize(source.Up),At = normalize(source.At projected perpendicular to Up),NEED_STUDY,NEED_STUDY,none,UNTESTED,,2026-06-07,,,,,,,,,,,,,,
B_STR_G_Y_W,STR_G_Y_W,SEEDED,dimensions_library_fbx_bounds,,models/corvette/B_STR_G_Y_W.fbx,source/control scale,5.988282,3.0,6.0,-0.005859,1.5,0.0,Right = normalize(Up cross At),Up = normalize(source.Up),At = normalize(source.At projected perpendicular to Up),NEED_STUDY,NEED_STUDY,none,UNTESTED,,2026-06-07,,,,,,,,,,,,,,
B_STR_H_E,STR_H_E,SEEDED,dimensions_library_fbx_bounds,,models/corvette/B_STR_H_E.fbx,source/control scale,11.406357,3.070679,6.054688,-2.703071,1.486145,0.0,Right = normalize(Up cross At),Up = normalize(source.Up),At = normalize(source.At projected perpendicular to Up),NEED_STUDY,NEED_STUDY,none,UNTESTED,,2026-06-07,,,,,,,,,,,,,,
B_STR_H_N,STR_H_N,SEEDED,dimensions_library_fbx_bounds,,models/corvette/B_STR_H_N.fbx,source/control scale,6.054688,3.070679,11.406357,0.0,1.486145,2.703071,Right = normalize(Up cross At),Up = normalize(source.Up),At = normalize(source.At projected perpendicular to Up),NEED_STUDY,NEED_STUDY,none,UNTESTED,,2026-06-07,,,,,,,,,,,,,,
B_STR_H_NE,STR_H_NE,SEEDED,dimensions_library_fbx_bounds,,models/corvette/B_STR_H_NE.fbx,source/control scale,2.989731,2.989136,10.703117,1.514397,1.485901,2.351566,Right = normalize(Up cross At),Up = normalize(source.Up),At = normalize(source.At projected perpendicular to Up),NEED_STUDY,NEED_STUDY,none,UNTESTED,,2026-06-07,,,,,,,,,,,,,,
B_STR_H_NE1,STR_H_NE1,SEEDED,dimensions_library_fbx_bounds,,models/corvette/B_STR_H_NE1.fbx,source/control scale,10.703118,2.989136,2.989731,2.351566,1.485901,-1.514397,Right = normalize(Up cross At),Up = normalize(source.Up),At = normalize(source.At projected perpendicular to Up),NEED_STUDY,NEED_STUDY,none,UNTESTED,,2026-06-07,,,,,,,,,,,,,,
B_STR_H_NE2,STR_H_NE2,SEEDED,dimensions_library_fbx_bounds,,models/corvette/B_STR_H_NE2.fbx,source/control scale,2.989731,2.989136,10.703118,-1.514397,1.485901,-2.351566,Right = normalize(Up cross At),Up = normalize(source.Up),At = normalize(source.At projected perpendicular to Up),NEED_STUDY,NEED_STUDY,none,UNTESTED,,2026-06-07,,,,,,,,,,,,,,
B_STR_H_NE3,STR_H_NE3,SEEDED,dimensions_library_fbx_bounds,,models/corvette/B_STR_H_NE3.fbx,source/control scale,10.703117,2.989136,2.989731,-2.351566,1.485901,1.514397,Right = normalize(Up cross At),Up = normalize(source.Up),At = normalize(source.At projected perpendicular to Up),NEED_STUDY,NEED_STUDY,none,UNTESTED,,2026-06-07,,,,,,,,,,,,,,
B_STR_H_NW,STR_H_NW,SEEDED,dimensions_library_fbx_bounds,,models/corvette/B_STR_H_NW.fbx,source/control scale,2.989731,2.989136,10.703118,-1.514396,1.485901,2.351566,Right = normalize(Up cross At),Up = normalize(source.Up),At = normalize(source.At projected perpendicular to Up),NEED_STUDY,NEED_STUDY,none,UNTESTED,,2026-06-07,,,,,,,,,,,,,,
B_STR_H_NW1,STR_H_NW1,SEEDED,dimensions_library_fbx_bounds,,models/corvette/B_STR_H_NW1.fbx,source/control scale,10.703117,2.989136,2.989731,2.351566,1.485901,1.514397,Right = normalize(Up cross At),Up = normalize(source.Up),At = normalize(source.At projected perpendicular to Up),NEED_STUDY,NEED_STUDY,none,UNTESTED,,2026-06-07,,,,,,,,,,,,,,
B_STR_H_NW2,STR_H_NW2,SEEDED,dimensions_library_fbx_bounds,,models/corvette/B_STR_H_NW2.fbx,source/control scale,2.989731,2.989136,10.703118,1.514397,1.485901,-2.351566,Right = normalize(Up cross At),Up = normalize(source.Up),At = normalize(source.At projected perpendicular to Up),NEED_STUDY,NEED_STUDY,none,UNTESTED,,2026-06-07,,,,,,,,,,,,,,
B_STR_H_NW3,STR_H_NW3,SEEDED,dimensions_library_fbx_bounds,,models/corvette/B_STR_H_NW3.fbx,source/control scale,10.703118,2.989136,2.989731,-2.351566,1.485901,-1.514397,Right = normalize(Up cross At),Up = normalize(source.Up),At = normalize(source.At projected perpendicular to Up),NEED_STUDY,NEED_STUDY,none,UNTESTED,,2026-06-07,,,,,,,,,,,,,,
B_STR_H_S,STR_H_S,SEEDED,dimensions_library_fbx_bounds,,models/corvette/B_STR_H_S.fbx,source/control scale,6.054688,3.070679,11.406357,0.0,1.486145,-2.703071,Right = normalize(Up cross At),Up = normalize(source.Up),At = normalize(source.At projected perpendicular to Up),NEED_STUDY,NEED_STUDY,none,UNTESTED,,2026-06-07,,,,,,,,,,,,,,
B_STR_H_W,STR_H_W,SEEDED,dimensions_library_fbx_bounds,,models/corvette/B_STR_H_W.fbx,source/control scale,11.406357,3.070679,6.054688,2.703071,1.486145,0.0,Right = normalize(Up cross At),Up = normalize(source.Up),At = normalize(source.At projected perpendicular to Up),NEED_STUDY,NEED_STUDY,none,UNTESTED,,2026-06-07,,,,,,,,,,,,,,
B_STR_H_Y_E,STR_H_Y_E,SEEDED,dimensions_library_fbx_bounds,,models/corvette/B_STR_H_Y_E.fbx,source/control scale,11.406357,3.070679,6.054688,-2.703071,1.486145,0.0,Right = normalize(Up cross At),Up = normalize(source.Up),At = normalize(source.At projected perpendicular to Up),NEED_STUDY,NEED_STUDY,none,UNTESTED,,2026-06-07,,,,,,,,,,,,,,
B_STR_H_Y_N,STR_H_Y_N,SEEDED,dimensions_library_fbx_bounds,,models/corvette/B_STR_H_Y_N.fbx,source/control scale,6.054688,3.070678,11.406357,0.0,1.486145,2.703071,Right = normalize(Up cross At),Up = normalize(source.Up),At = normalize(source.At projected perpendicular to Up),NEED_STUDY,NEED_STUDY,none,UNTESTED,,2026-06-07,,,,,,,,,,,,,,
B_STR_H_Y_NE,STR_H_Y_NE,SEEDED,dimensions_library_fbx_bounds,,models/corvette/B_STR_H_Y_NE.fbx,source/control scale,2.989731,2.989136,10.703117,1.514397,1.485901,2.351566,Right = normalize(Up cross At),Up = normalize(source.Up),At = normalize(source.At projected perpendicular to Up),NEED_STUDY,NEED_STUDY,none,UNTESTED,,2026-06-07,,,,,,,,,,,,,,
B_STR_H_Y_NE1,STR_H_Y_NE1,SEEDED,dimensions_library_fbx_bounds,,models/corvette/B_STR_H_Y_NE1.fbx,source/control scale,10.703118,2.989136,2.989731,2.351566,1.485901,-1.514396,Right = normalize(Up cross At),Up = normalize(source.Up),At = normalize(source.At projected perpendicular to Up),NEED_STUDY,NEED_STUDY,none,UNTESTED,,2026-06-07,,,,,,,,,,,,,,
B_STR_H_Y_NE2,STR_H_Y_NE2,SEEDED,dimensions_library_fbx_bounds,,models/corvette/B_STR_H_Y_NE2.fbx,source/control scale,2.989731,2.989136,10.703118,-1.514397,1.485901,-2.351566,Right = normalize(Up cross At),Up = normalize(source.Up),At = normalize(source.At projected perpendicular to Up),NEED_STUDY,NEED_STUDY,none,UNTESTED,,2026-06-07,,,,,,,,,,,,,,
B_STR_H_Y_NE3,STR_H_Y_NE3,SEEDED,dimensions_library_fbx_bounds,,models/corvette/B_STR_H_Y_NE3.fbx,source/control scale,10.703117,2.989136,2.989731,-2.351566,1.485901,1.514397,Right = normalize(Up cross At),Up = normalize(source.Up),At = normalize(source.At projected perpendicular to Up),NEED_STUDY,NEED_STUDY,none,UNTESTED,,2026-06-07,,,,,,,,,,,,,,
B_STR_H_Y_NW,STR_H_Y_NW,SEEDED,dimensions_library_fbx_bounds,,models/corvette/B_STR_H_Y_NW.fbx,source/control scale,2.989731,2.989136,10.703118,-1.514396,1.485901,2.351566,Right = normalize(Up cross At),Up = normalize(source.Up),At = normalize(source.At projected perpendicular to Up),NEED_STUDY,NEED_STUDY,none,UNTESTED,,2026-06-07,,,,,,,,,,,,,,
B_STR_H_Y_NW1,STR_H_Y_NW1,SEEDED,dimensions_library_fbx_bounds,,models/corvette/B_STR_H_Y_NW1.fbx,source/control scale,10.703117,2.989136,2.989731,2.351566,1.485901,1.514397,Right = normalize(Up cross At),Up = normalize(source.Up),At = normalize(source.At projected perpendicular to Up),NEED_STUDY,NEED_STUDY,none,UNTESTED,,2026-06-07,,,,,,,,,,,,,,
B_STR_H_Y_NW2,STR_H_Y_NW2,SEEDED,dimensions_library_fbx_bounds,,models/corvette/B_STR_H_Y_NW2.fbx,source/control scale,2.989731,2.989136,10.703118,1.514397,1.485901,-2.351566,Right = normalize(Up cross At),Up = normalize(source.Up),At = normalize(source.At projected perpendicular to Up),NEED_STUDY,NEED_STUDY,none,UNTESTED,,2026-06-07,,,,,,,,,,,,,,
B_STR_H_Y_NW3,STR_H_Y_NW3,SEEDED,dimensions_library_fbx_bounds,,models/corvette/B_STR_H_Y_NW3.fbx,source/control scale,10.703118,2.989136,2.989731,-2.351566,1.485901,-1.514396,Right = normalize(Up cross At),Up = normalize(source.Up),At = normalize(source.At projected perpendicular to Up),NEED_STUDY,NEED_STUDY,none,UNTESTED,,2026-06-07,,,,,,,,,,,,,,
B_STR_H_Y_S,STR_H_Y_S,SEEDED,dimensions_library_fbx_bounds,,models/corvette/B_STR_H_Y_S.fbx,source/control scale,6.054688,3.07068,11.406357,0.0,1.486145,-2.703071,Right = normalize(Up cross At),Up = normalize(source.Up),At = normalize(source.At projected perpendicular to Up),NEED_STUDY,NEED_STUDY,none,UNTESTED,,2026-06-07,,,,,,,,,,,,,,
B_STR_H_Y_W,STR_H_Y_W,SEEDED,dimensions_library_fbx_bounds,,models/corvette/B_STR_H_Y_W.fbx,source/control scale,11.406357,3.070679,6.054688,2.703071,1.486145,0.0,Right = normalize(Up cross At),Up = normalize(source.Up),At = normalize(source.At projected perpendicular to Up),NEED_STUDY,NEED_STUDY,none,UNTESTED,,2026-06-07,,,,,,,,,,,,,,
B_STR_I_E,STR_I_E,SEEDED,dimensions_library_fbx_bounds,,models/corvette/B_STR_I_E.fbx,source/control scale,2.992188,2.992188,5.996094,1.503906,1.496094,0.0,Right = normalize(Up cross At),Up = normalize(source.Up),At = normalize(source.At projected perpendicular to Up),NEED_STUDY,NEED_STUDY,none,UNTESTED,,2026-06-07,,,,,,,,,,,,,,
B_STR_I_N,STR_I_N,SEEDED,dimensions_library_fbx_bounds,,models/corvette/B_STR_I_N.fbx,source/control scale,5.996094,2.992188,2.992188,0.0,1.496094,-1.503906,Right = normalize(Up cross At),Up = normalize(source.Up),At = normalize(source.At projected perpendicular to Up),NEED_STUDY,NEED_STUDY,none,UNTESTED,,2026-06-07,,,,,,,,,,,,,,
B_STR_I_NE,STR_I_NE,SEEDED,dimensions_library_fbx_bounds,,models/corvette/B_STR_I_NE.fbx,source/control scale,5.808691,2.490234,5.808699,0.095752,1.245117,-0.095755,Right = normalize(Up cross At),Up = normalize(source.Up),At = normalize(source.At projected perpendicular to Up),NEED_STUDY,NEED_STUDY,none,UNTESTED,,2026-06-07,,,,,,,,,,,,,,
B_STR_I_NE1,STR_I_NE1,SEEDED,dimensions_library_fbx_bounds,,models/corvette/B_STR_I_NE1.fbx,source/control scale,5.808699,2.490234,5.808692,-0.095756,1.245117,-0.095752,Right = normalize(Up cross At),Up = normalize(source.Up),At = normalize(source.At projected perpendicular to Up),NEED_STUDY,NEED_STUDY,none,UNTESTED,,2026-06-07,,,,,,,,,,,,,,
B_STR_I_NE2,STR_I_NE2,SEEDED,dimensions_library_fbx_bounds,,models/corvette/B_STR_I_NE2.fbx,source/control scale,5.808692,2.490234,5.808699,-0.095752,1.245117,0.095756,Right = normalize(Up cross At),Up = normalize(source.Up),At = normalize(source.At projected perpendicular to Up),NEED_STUDY,NEED_STUDY,none,UNTESTED,,2026-06-07,,,,,,,,,,,,,,
B_STR_I_NE3,STR_I_NE3,SEEDED,dimensions_library_fbx_bounds,,models/corvette/B_STR_I_NE3.fbx,source/control scale,5.808699,2.490234,5.808692,0.095756,1.245117,0.095752,Right = normalize(Up cross At),Up = normalize(source.Up),At = normalize(source.At projected perpendicular to Up),NEED_STUDY,NEED_STUDY,none,UNTESTED,,2026-06-07,,,,,,,,,,,,,,
B_STR_I_NW,STR_I_NW,SEEDED,dimensions_library_fbx_bounds,,models/corvette/B_STR_I_NW.fbx,source/control scale,5.808692,2.490234,5.808698,-0.095752,1.245117,-0.095756,Right = normalize(Up cross At),Up = normalize(source.Up),At = normalize(source.At projected perpendicular to Up),NEED_STUDY,NEED_STUDY,none,UNTESTED,,2026-06-07,,,,,,,,,,,,,,
B_STR_I_NW1,STR_I_NW1,SEEDED,dimensions_library_fbx_bounds,,models/corvette/B_STR_I_NW1.fbx,source/control scale,5.808699,2.490234,5.808692,-0.095756,1.245117,0.095752,Right = normalize(Up cross At),Up = normalize(source.Up),At = normalize(source.At projected perpendicular to Up),NEED_STUDY,NEED_STUDY,none,UNTESTED,,2026-06-07,,,,,,,,,,,,,,
B_STR_I_NW2,STR_I_NW2,SEEDED,dimensions_library_fbx_bounds,,models/corvette/B_STR_I_NW2.fbx,source/control scale,5.808692,2.490234,5.808699,0.095752,1.245117,0.095756,Right = normalize(Up cross At),Up = normalize(source.Up),At = normalize(source.At projected perpendicular to Up),NEED_STUDY,NEED_STUDY,none,UNTESTED,,2026-06-07,,,,,,,,,,,,,,
B_STR_I_NW3,STR_I_NW3,SEEDED,dimensions_library_fbx_bounds,,models/corvette/B_STR_I_NW3.fbx,source/control scale,5.808699,2.490234,5.808692,0.095756,1.245117,-0.095752,Right = normalize(Up cross At),Up = normalize(source.Up),At = normalize(source.At projected perpendicular to Up),NEED_STUDY,NEED_STUDY,none,UNTESTED,,2026-06-07,,,,,,,,,,,,,,
B_STR_I_S,STR_I_S,SEEDED,dimensions_library_fbx_bounds,,models/corvette/B_STR_I_S.fbx,source/control scale,5.996094,2.992188,2.992188,0.0,1.496094,1.503906,Right = normalize(Up cross At),Up = normalize(source.Up),At = normalize(source.At projected perpendicular to Up),NEED_STUDY,NEED_STUDY,none,UNTESTED,,2026-06-07,,,,,,,,,,,,,,
B_STR_I_W,STR_I_W,SEEDED,dimensions_library_fbx_bounds,,models/corvette/B_STR_I_W.fbx,source/control scale,2.992188,2.992188,5.996094,-1.503906,1.496094,0.0,Right = normalize(Up cross At),Up = normalize(source.Up),At = normalize(source.At projected perpendicular to Up),NEED_STUDY,NEED_STUDY,none,UNTESTED,,2026-06-07,,,,,,,,,,,,,,
B_STR_I_Y_E,STR_I_Y_E,SEEDED,dimensions_library_fbx_bounds,,models/corvette/B_STR_I_Y_E.fbx,source/control scale,2.992188,2.992188,5.996094,1.503906,1.496093,0.0,Right = normalize(Up cross At),Up = normalize(source.Up),At = normalize(source.At projected perpendicular to Up),NEED_STUDY,NEED_STUDY,none,UNTESTED,,2026-06-07,,,,,,,,,,,,,,
B_STR_I_Y_N,STR_I_Y_N,SEEDED,dimensions_library_fbx_bounds,,models/corvette/B_STR_I_Y_N.fbx,source/control scale,5.996094,2.992188,2.992188,0.0,1.496094,-1.503906,Right = normalize(Up cross At),Up = normalize(source.Up),At = normalize(source.At projected perpendicular to Up),NEED_STUDY,NEED_STUDY,none,UNTESTED,,2026-06-07,,,,,,,,,,,,,,
B_STR_I_Y_NE,STR_I_Y_NE,SEEDED,dimensions_library_fbx_bounds,,models/corvette/B_STR_I_Y_NE.fbx,source/control scale,5.808691,2.490235,5.808699,0.095752,1.245117,-0.095755,Right = normalize(Up cross At),Up = normalize(source.Up),At = normalize(source.At projected perpendicular to Up),NEED_STUDY,NEED_STUDY,none,UNTESTED,,2026-06-07,,,,,,,,,,,,,,
B_STR_I_Y_NE1,STR_I_Y_NE1,SEEDED,dimensions_library_fbx_bounds,,models/corvette/B_STR_I_Y_NE1.fbx,source/control scale,5.808699,2.490235,5.808692,-0.095756,1.245117,-0.095752,Right = normalize(Up cross At),Up = normalize(source.Up),At = normalize(source.At projected perpendicular to Up),NEED_STUDY,NEED_STUDY,none,UNTESTED,,2026-06-07,,,,,,,,,,,,,,
B_STR_I_Y_NE2,STR_I_Y_NE2,SEEDED,dimensions_library_fbx_bounds,,models/corvette/B_STR_I_Y_NE2.fbx,source/control scale,5.808692,2.490234,5.808699,-0.095752,1.245117,0.095756,Right = normalize(Up cross At),Up = normalize(source.Up),At = normalize(source.At projected perpendicular to Up),NEED_STUDY,NEED_STUDY,none,UNTESTED,,2026-06-07,,,,,,,,,,,,,,
B_STR_I_Y_NE3,STR_I_Y_NE3,SEEDED,dimensions_library_fbx_bounds,,models/corvette/B_STR_I_Y_NE3.fbx,source/control scale,5.808699,2.490234,5.808692,0.095756,1.245117,0.095752,Right = normalize(Up cross At),Up = normalize(source.Up),At = normalize(source.At projected perpendicular to Up),NEED_STUDY,NEED_STUDY,none,UNTESTED,,2026-06-07,,,,,,,,,,,,,,
B_STR_I_Y_NW,STR_I_Y_NW,SEEDED,dimensions_library_fbx_bounds,,models/corvette/B_STR_I_Y_NW.fbx,source/control scale,5.808692,2.490235,5.808699,-0.095752,1.245117,-0.095756,Right = normalize(Up cross At),Up = normalize(source.Up),At = normalize(source.At projected perpendicular to Up),NEED_STUDY,NEED_STUDY,none,UNTESTED,,2026-06-07,,,,,,,,,,,,,,
B_STR_I_Y_NW1,STR_I_Y_NW1,SEEDED,dimensions_library_fbx_bounds,,models/corvette/B_STR_I_Y_NW1.fbx,source/control scale,5.808699,2.490234,5.808692,-0.095756,1.245117,0.095752,Right = normalize(Up cross At),Up = normalize(source.Up),At = normalize(source.At projected perpendicular to Up),NEED_STUDY,NEED_STUDY,none,UNTESTED,,2026-06-07,,,,,,,,,,,,,,
B_STR_I_Y_NW2,STR_I_Y_NW2,SEEDED,dimensions_library_fbx_bounds,,models/corvette/B_STR_I_Y_NW2.fbx,source/control scale,5.808692,2.490234,5.808699,0.095752,1.245117,0.095756,Right = normalize(Up cross At),Up = normalize(source.Up),At = normalize(source.At projected perpendicular to Up),NEED_STUDY,NEED_STUDY,none,UNTESTED,,2026-06-07,,,,,,,,,,,,,,
B_STR_I_Y_NW3,STR_I_Y_NW3,SEEDED,dimensions_library_fbx_bounds,,models/corvette/B_STR_I_Y_NW3.fbx,source/control scale,5.808699,2.490235,5.808692,0.095756,1.245117,-0.095752,Right = normalize(Up cross At),Up = normalize(source.Up),At = normalize(source.At projected perpendicular to Up),NEED_STUDY,NEED_STUDY,none,UNTESTED,,2026-06-07,,,,,,,,,,,,,,
B_STR_I_Y_S,STR_I_Y_S,SEEDED,dimensions_library_fbx_bounds,,models/corvette/B_STR_I_Y_S.fbx,source/control scale,5.996094,2.992188,2.992188,0.0,1.496094,1.503906,Right = normalize(Up cross At),Up = normalize(source.Up),At = normalize(source.At projected perpendicular to Up),NEED_STUDY,NEED_STUDY,none,UNTESTED,,2026-06-07,,,,,,,,,,,,,,
B_STR_I_Y_W,STR_I_Y_W,SEEDED,dimensions_library_fbx_bounds,,models/corvette/B_STR_I_Y_W.fbx,source/control scale,2.992188,2.992188,5.996094,-1.503906,1.496093,0.0,Right = normalize(Up cross At),Up = normalize(source.Up),At = normalize(source.At projected perpendicular to Up),NEED_STUDY,NEED_STUDY,none,UNTESTED,,2026-06-07,,,,,,,,,,,,,,
B_STR_J_E,STR_J_E,SEEDED,dimensions_library_fbx_bounds,,models/corvette/B_STR_J_E.fbx,source/control scale,2.919983,2.919922,6.027344,1.504913,1.459961,0.0,Right = normalize(Up cross At),Up = normalize(source.Up),At = normalize(source.At projected perpendicular to Up),NEED_STUDY,NEED_STUDY,none,UNTESTED,,2026-06-07,,,,,,,,,,,,,,
B_STR_J_N,STR_J_N,SEEDED,dimensions_library_fbx_bounds,,models/corvette/B_STR_J_N.fbx,source/control scale,6.027344,2.919922,2.919983,0.0,1.459961,-1.504913,Right = normalize(Up cross At),Up = normalize(source.Up),At = normalize(source.At projected perpendicular to Up),NEED_STUDY,NEED_STUDY,none,UNTESTED,,2026-06-07,,,,,,,,,,,,,,
B_STR_J_NE,STR_J_NE,SEEDED,dimensions_library_fbx_bounds,,models/corvette/B_STR_J_NE.fbx,source/control scale,6.007819,2.92469,11.969458,-0.003903,1.457577,2.984021,Right = normalize(Up cross At),Up = normalize(source.Up),At = normalize(source.At projected perpendicular to Up),NEED_STUDY,NEED_STUDY,none,UNTESTED,,2026-06-07,,,,,,,,,,,,,,
B_STR_J_NE1,STR_J_NE1,SEEDED,dimensions_library_fbx_bounds,,models/corvette/B_STR_J_NE1.fbx,source/control scale,11.969458,2.92469,6.00782,2.984021,1.457577,0.003903,Right = normalize(Up cross At),Up = normalize(source.Up),At = normalize(source.At projected perpendicular to Up),NEED_STUDY,NEED_STUDY,none,UNTESTED,,2026-06-07,,,,,,,,,,,,,,
B_STR_J_NE2,STR_J_NE2,SEEDED,dimensions_library_fbx_bounds,,models/corvette/B_STR_J_NE2.fbx,source/control scale,6.00782,2.92469,11.969458,0.003903,1.457577,-2.984021,Right = normalize(Up cross At),Up = normalize(source.Up),At = normalize(source.At projected perpendicular to Up),NEED_STUDY,NEED_STUDY,none,UNTESTED,,2026-06-07,,,,,,,,,,,,,,
B_STR_J_NE3,STR_J_NE3,SEEDED,dimensions_library_fbx_bounds,,models/corvette/B_STR_J_NE3.fbx,source/control scale,11.969458,2.92469,6.007819,-2.984021,1.457577,-0.003903,Right = normalize(Up cross At),Up = normalize(source.Up),At = normalize(source.At projected perpendicular to Up),NEED_STUDY,NEED_STUDY,none,UNTESTED,,2026-06-07,,,,,,,,,,,,,,
B_STR_J_NW,STR_J_NW,SEEDED,dimensions_library_fbx_bounds,,models/corvette/B_STR_J_NW.fbx,source/control scale,6.00782,2.92469,11.969458,0.003902,1.457577,2.984021,Right = normalize(Up cross At),Up = normalize(source.Up),At = normalize(source.At projected perpendicular to Up),NEED_STUDY,NEED_STUDY,none,UNTESTED,,2026-06-07,,,,,,,,,,,,,,
B_STR_J_NW1,STR_J_NW1,SEEDED,dimensions_library_fbx_bounds,,models/corvette/B_STR_J_NW1.fbx,source/control scale,11.969458,2.92469,6.007819,2.984021,1.457577,-0.003903,Right = normalize(Up cross At),Up = normalize(source.Up),At = normalize(source.At projected perpendicular to Up),NEED_STUDY,NEED_STUDY,none,UNTESTED,,2026-06-07,,,,,,,,,,,,,,
B_STR_J_NW2,STR_J_NW2,SEEDED,dimensions_library_fbx_bounds,,models/corvette/B_STR_J_NW2.fbx,source/control scale,6.00782,2.92469,11.969458,-0.003903,1.457577,-2.984021,Right = normalize(Up cross At),Up = normalize(source.Up),At = normalize(source.At projected perpendicular to Up),NEED_STUDY,NEED_STUDY,none,UNTESTED,,2026-06-07,,,,,,,,,,,,,,
B_STR_J_NW3,STR_J_NW3,SEEDED,dimensions_library_fbx_bounds,,models/corvette/B_STR_J_NW3.fbx,source/control scale,11.969458,2.92469,6.00782,-2.984021,1.457577,0.003903,Right = normalize(Up cross At),Up = normalize(source.Up),At = normalize(source.At projected perpendicular to Up),NEED_STUDY,NEED_STUDY,none,UNTESTED,,2026-06-07,,,,,,,,,,,,,,
B_STR_J_S,STR_J_S,SEEDED,dimensions_library_fbx_bounds,,models/corvette/B_STR_J_S.fbx,source/control scale,6.027344,2.919922,2.919983,0.0,1.459961,1.504913,Right = normalize(Up cross At),Up = normalize(source.Up),At = normalize(source.At projected perpendicular to Up),NEED_STUDY,NEED_STUDY,none,UNTESTED,,2026-06-07,,,,,,,,,,,,,,
B_STR_J_W,STR_J_W,SEEDED,dimensions_library_fbx_bounds,,models/corvette/B_STR_J_W.fbx,source/control scale,2.919983,2.919922,6.027344,-1.504913,1.459961,0.0,Right = normalize(Up cross At),Up = normalize(source.Up),At = normalize(source.At projected perpendicular to Up),NEED_STUDY,NEED_STUDY,none,UNTESTED,,2026-06-07,,,,,,,,,,,,,,
B_STR_J_Y_E,STR_J_Y_E,SEEDED,dimensions_library_fbx_bounds,,models/corvette/B_STR_J_Y_E.fbx,source/control scale,2.919983,2.919923,6.027344,1.504913,1.459961,0.0,Right = normalize(Up cross At),Up = normalize(source.Up),At = normalize(source.At projected perpendicular to Up),NEED_STUDY,NEED_STUDY,none,UNTESTED,,2026-06-07,,,,,,,,,,,,,,
B_STR_J_Y_N,STR_J_Y_N,SEEDED,dimensions_library_fbx_bounds,,models/corvette/B_STR_J_Y_N.fbx,source/control scale,6.027344,2.919922,2.919984,0.0,1.459961,-1.504913,Right = normalize(Up cross At),Up = normalize(source.Up),At = normalize(source.At projected perpendicular to Up),NEED_STUDY,NEED_STUDY,none,UNTESTED,,2026-06-07,,,,,,,,,,,,,,
B_STR_J_Y_NE,STR_J_Y_NE,SEEDED,dimensions_library_fbx_bounds,,models/corvette/B_STR_J_Y_NE.fbx,source/control scale,6.007819,2.92469,11.969458,-0.003903,1.457577,2.984021,Right = normalize(Up cross At),Up = normalize(source.Up),At = normalize(source.At projected perpendicular to Up),NEED_STUDY,NEED_STUDY,none,UNTESTED,,2026-06-07,,,,,,,,,,,,,,
B_STR_J_Y_NE1,STR_J_Y_NE1,SEEDED,dimensions_library_fbx_bounds,,models/corvette/B_STR_J_Y_NE1.fbx,source/control scale,11.969458,2.92469,6.00782,2.984021,1.457577,0.003903,Right = normalize(Up cross At),Up = normalize(source.Up),At = normalize(source.At projected perpendicular to Up),NEED_STUDY,NEED_STUDY,none,UNTESTED,,2026-06-07,,,,,,,,,,,,,,
B_STR_J_Y_NE2,STR_J_Y_NE2,SEEDED,dimensions_library_fbx_bounds,,models/corvette/B_STR_J_Y_NE2.fbx,source/control scale,6.00782,2.924691,11.969458,0.003903,1.457576,-2.984021,Right = normalize(Up cross At),Up = normalize(source.Up),At = normalize(source.At projected perpendicular to Up),NEED_STUDY,NEED_STUDY,none,UNTESTED,,2026-06-07,,,,,,,,,,,,,,
B_STR_J_Y_NE3,STR_J_Y_NE3,SEEDED,dimensions_library_fbx_bounds,,models/corvette/B_STR_J_Y_NE3.fbx,source/control scale,11.969458,2.924691,6.007819,-2.984021,1.457576,-0.003903,Right = normalize(Up cross At),Up = normalize(source.Up),At = normalize(source.At projected perpendicular to Up),NEED_STUDY,NEED_STUDY,none,UNTESTED,,2026-06-07,,,,,,,,,,,,,,
B_STR_J_Y_NW,STR_J_Y_NW,SEEDED,dimensions_library_fbx_bounds,,models/corvette/B_STR_J_Y_NW.fbx,source/control scale,6.00782,2.92469,11.969458,0.003902,1.457577,2.984021,Right = normalize(Up cross At),Up = normalize(source.Up),At = normalize(source.At projected perpendicular to Up),NEED_STUDY,NEED_STUDY,none,UNTESTED,,2026-06-07,,,,,,,,,,,,,,
B_STR_J_Y_NW1,STR_J_Y_NW1,SEEDED,dimensions_library_fbx_bounds,,models/corvette/B_STR_J_Y_NW1.fbx,source/control scale,11.969458,2.924691,6.007819,2.984021,1.457576,-0.003903,Right = normalize(Up cross At),Up = normalize(source.Up),At = normalize(source.At projected perpendicular to Up),NEED_STUDY,NEED_STUDY,none,UNTESTED,,2026-06-07,,,,,,,,,,,,,,
B_STR_J_Y_NW2,STR_J_Y_NW2,SEEDED,dimensions_library_fbx_bounds,,models/corvette/B_STR_J_Y_NW2.fbx,source/control scale,6.00782,2.924691,11.969458,-0.003903,1.457576,-2.984021,Right = normalize(Up cross At),Up = normalize(source.Up),At = normalize(source.At projected perpendicular to Up),NEED_STUDY,NEED_STUDY,none,UNTESTED,,2026-06-07,,,,,,,,,,,,,,
B_STR_J_Y_NW3,STR_J_Y_NW3,SEEDED,dimensions_library_fbx_bounds,,models/corvette/B_STR_J_Y_NW3.fbx,source/control scale,11.969458,2.92469,6.00782,-2.984021,1.457577,0.003903,Right = normalize(Up cross At),Up = normalize(source.Up),At = normalize(source.At projected perpendicular to Up),NEED_STUDY,NEED_STUDY,none,UNTESTED,,2026-06-07,,,,,,,,,,,,,,
B_STR_J_Y_S,STR_J_Y_S,SEEDED,dimensions_library_fbx_bounds,,models/corvette/B_STR_J_Y_S.fbx,source/control scale,6.027344,2.919922,2.919983,0.0,1.459961,1.504913,Right = normalize(Up cross At),Up = normalize(source.Up),At = normalize(source.At projected perpendicular to Up),NEED_STUDY,NEED_STUDY,none,UNTESTED,,2026-06-07,,,,,,,,,,,,,,
B_STR_J_Y_W,STR_J_Y_W,SEEDED,dimensions_library_fbx_bounds,,models/corvette/B_STR_J_Y_W.fbx,source/control scale,2.919983,2.919923,6.027344,-1.504913,1.459961,0.0,Right = normalize(Up cross At),Up = normalize(source.Up),At = normalize(source.At projected perpendicular to Up),NEED_STUDY,NEED_STUDY,none,UNTESTED,,2026-06-07,,,,,,,,,,,,,,
B_STR_K_E,STR_K_E,SEEDED,dimensions_library_fbx_bounds,,models/corvette/B_STR_K_E.fbx,source/control scale,6.128907,3.027344,6.0,-0.064453,1.513672,0.0,Right = normalize(Up cross At),Up = normalize(source.Up),At = normalize(source.At projected perpendicular to Up),NEED_STUDY,NEED_STUDY,none,UNTESTED,,2026-06-07,,,,,,,,,,,,,,
B_STR_K_N,STR_K_N,SEEDED,dimensions_library_fbx_bounds,,models/corvette/B_STR_K_N.fbx,source/control scale,6.0,3.027344,6.128907,0.0,1.513672,0.064453,Right = normalize(Up cross At),Up = normalize(source.Up),At = normalize(source.At projected perpendicular to Up),NEED_STUDY,NEED_STUDY,none,UNTESTED,,2026-06-07,,,,,,,,,,,,,,
B_STR_K_NE,STR_K_NE,SEEDED,dimensions_library_fbx_bounds,,models/corvette/B_STR_K_NE.fbx,source/control scale,5.473436,2.722656,11.523491,0.264062,1.361328,2.761692,Right = normalize(Up cross At),Up = normalize(source.Up),At = normalize(source.At projected perpendicular to Up),NEED_STUDY,NEED_STUDY,none,UNTESTED,,2026-06-07,,,,,,,,,,,,,,
B_STR_K_NE1,STR_K_NE1,SEEDED,dimensions_library_fbx_bounds,,models/corvette/B_STR_K_NE1.fbx,source/control scale,11.523491,2.722656,5.473438,2.761692,1.361328,-0.264063,Right = normalize(Up cross At),Up = normalize(source.Up),At = normalize(source.At projected perpendicular to Up),NEED_STUDY,NEED_STUDY,none,UNTESTED,,2026-06-07,,,,,,,,,,,,,,
B_STR_K_NE2,STR_K_NE2,SEEDED,dimensions_library_fbx_bounds,,models/corvette/B_STR_K_NE2.fbx,source/control scale,5.473437,2.722656,11.523491,-0.264062,1.361328,-2.761692,Right = normalize(Up cross At),Up = normalize(source.Up),At = normalize(source.At projected perpendicular to Up),NEED_STUDY,NEED_STUDY,none,UNTESTED,,2026-06-07,,,,,,,,,,,,,,
B_STR_K_NE3,STR_K_NE3,SEEDED,dimensions_library_fbx_bounds,,models/corvette/B_STR_K_NE3.fbx,source/control scale,11.523491,2.722656,5.473436,-2.761692,1.361328,0.264062,Right = normalize(Up cross At),Up = normalize(source.Up),At = normalize(source.At projected perpendicular to Up),NEED_STUDY,NEED_STUDY,none,UNTESTED,,2026-06-07,,,,,,,,,,,,,,
B_STR_K_NW,STR_K_NW,SEEDED,dimensions_library_fbx_bounds,,models/corvette/B_STR_K_NW.fbx,source/control scale,5.473438,2.722656,11.523491,-0.264063,1.361328,2.761692,Right = normalize(Up cross At),Up = normalize(source.Up),At = normalize(source.At projected perpendicular to Up),NEED_STUDY,NEED_STUDY,none,UNTESTED,,2026-06-07,,,,,,,,,,,,,,
B_STR_K_NW1,STR_K_NW1,SEEDED,dimensions_library_fbx_bounds,,models/corvette/B_STR_K_NW1.fbx,source/control scale,11.523491,2.722656,5.473436,2.761692,1.361328,0.264062,Right = normalize(Up cross At),Up = normalize(source.Up),At = normalize(source.At projected perpendicular to Up),NEED_STUDY,NEED_STUDY,none,UNTESTED,,2026-06-07,,,,,,,,,,,,,,
B_STR_K_NW2,STR_K_NW2,SEEDED,dimensions_library_fbx_bounds,,models/corvette/B_STR_K_NW2.fbx,source/control scale,5.473437,2.722656,11.523491,0.264062,1.361328,-2.761692,Right = normalize(Up cross At),Up = normalize(source.Up),At = normalize(source.At projected perpendicular to Up),NEED_STUDY,NEED_STUDY,none,UNTESTED,,2026-06-07,,,,,,,,,,,,,,
B_STR_K_NW3,STR_K_NW3,SEEDED,dimensions_library_fbx_bounds,,models/corvette/B_STR_K_NW3.fbx,source/control scale,11.523491,2.722656,5.473438,-2.761692,1.361328,-0.264063,Right = normalize(Up cross At),Up = normalize(source.Up),At = normalize(source.At projected perpendicular to Up),NEED_STUDY,NEED_STUDY,none,UNTESTED,,2026-06-07,,,,,,,,,,,,,,
B_STR_K_S,STR_K_S,SEEDED,dimensions_library_fbx_bounds,,models/corvette/B_STR_K_S.fbx,source/control scale,6.0,3.027344,6.128906,0.0,1.513672,-0.064453,Right = normalize(Up cross At),Up = normalize(source.Up),At = normalize(source.At projected perpendicular to Up),NEED_STUDY,NEED_STUDY,none,UNTESTED,,2026-06-07,,,,,,,,,,,,,,
B_STR_K_W,STR_K_W,SEEDED,dimensions_library_fbx_bounds,,models/corvette/B_STR_K_W.fbx,source/control scale,6.128907,3.027344,6.0,0.064453,1.513672,0.0,Right = normalize(Up cross At),Up = normalize(source.Up),At = normalize(source.At projected perpendicular to Up),NEED_STUDY,NEED_STUDY,none,UNTESTED,,2026-06-07,,,,,,,,,,,,,,
B_STR_K_Y_E,STR_K_Y_E,SEEDED,dimensions_library_fbx_bounds,,models/corvette/B_STR_K_Y_E.fbx,source/control scale,6.128907,3.027344,6.0,-0.064453,1.513672,0.0,Right = normalize(Up cross At),Up = normalize(source.Up),At = normalize(source.At projected perpendicular to Up),NEED_STUDY,NEED_STUDY,none,UNTESTED,,2026-06-07,,,,,,,,,,,,,,
B_STR_K_Y_N,STR_K_Y_N,SEEDED,dimensions_library_fbx_bounds,,models/corvette/B_STR_K_Y_N.fbx,source/control scale,6.0,3.027344,6.128907,0.0,1.513672,0.064453,Right = normalize(Up cross At),Up = normalize(source.Up),At = normalize(source.At projected perpendicular to Up),NEED_STUDY,NEED_STUDY,none,UNTESTED,,2026-06-07,,,,,,,,,,,,,,
B_STR_K_Y_NE,STR_K_Y_NE,SEEDED,dimensions_library_fbx_bounds,,models/corvette/B_STR_K_Y_NE.fbx,source/control scale,5.473436,2.722656,11.523491,0.264062,1.361328,2.761692,Right = normalize(Up cross At),Up = normalize(source.Up),At = normalize(source.At projected perpendicular to Up),NEED_STUDY,NEED_STUDY,none,UNTESTED,,2026-06-07,,,,,,,,,,,,,,
B_STR_K_Y_NE1,STR_K_Y_NE1,SEEDED,dimensions_library_fbx_bounds,,models/corvette/B_STR_K_Y_NE1.fbx,source/control scale,11.523491,2.722656,5.473439,2.761692,1.361328,-0.264063,Right = normalize(Up cross At),Up = normalize(source.Up),At = normalize(source.At projected perpendicular to Up),NEED_STUDY,NEED_STUDY,none,UNTESTED,,2026-06-07,,,,,,,,,,,,,,
B_STR_K_Y_NE2,STR_K_Y_NE2,SEEDED,dimensions_library_fbx_bounds,,models/corvette/B_STR_K_Y_NE2.fbx,source/control scale,5.473437,2.722657,11.523491,-0.264062,1.361328,-2.761692,Right = normalize(Up cross At),Up = normalize(source.Up),At = normalize(source.At projected perpendicular to Up),NEED_STUDY,NEED_STUDY,none,UNTESTED,,2026-06-07,,,,,,,,,,,,,,
B_STR_K_Y_NE3,STR_K_Y_NE3,SEEDED,dimensions_library_fbx_bounds,,models/corvette/B_STR_K_Y_NE3.fbx,source/control scale,11.523491,2.722657,5.473436,-2.761692,1.361328,0.264062,Right = normalize(Up cross At),Up = normalize(source.Up),At = normalize(source.At projected perpendicular to Up),NEED_STUDY,NEED_STUDY,none,UNTESTED,,2026-06-07,,,,,,,,,,,,,,
B_STR_K_Y_NW,STR_K_Y_NW,SEEDED,dimensions_library_fbx_bounds,,models/corvette/B_STR_K_Y_NW.fbx,source/control scale,5.473438,2.722656,11.523491,-0.264063,1.361328,2.761692,Right = normalize(Up cross At),Up = normalize(source.Up),At = normalize(source.At projected perpendicular to Up),NEED_STUDY,NEED_STUDY,none,UNTESTED,,2026-06-07,,,,,,,,,,,,,,
B_STR_K_Y_NW1,STR_K_Y_NW1,SEEDED,dimensions_library_fbx_bounds,,models/corvette/B_STR_K_Y_NW1.fbx,source/control scale,11.523491,2.722657,5.473436,2.761692,1.361328,0.264062,Right = normalize(Up cross At),Up = normalize(source.Up),At = normalize(source.At projected perpendicular to Up),NEED_STUDY,NEED_STUDY,none,UNTESTED,,2026-06-07,,,,,,,,,,,,,,
B_STR_K_Y_NW2,STR_K_Y_NW2,SEEDED,dimensions_library_fbx_bounds,,models/corvette/B_STR_K_Y_NW2.fbx,source/control scale,5.473437,2.722657,11.523491,0.264062,1.361328,-2.761692,Right = normalize(Up cross At),Up = normalize(source.Up),At = normalize(source.At projected perpendicular to Up),NEED_STUDY,NEED_STUDY,none,UNTESTED,,2026-06-07,,,,,,,,,,,,,,
B_STR_K_Y_NW3,STR_K_Y_NW3,SEEDED,dimensions_library_fbx_bounds,,models/corvette/B_STR_K_Y_NW3.fbx,source/control scale,11.523491,2.722656,5.473439,-2.761692,1.361328,-0.264063,Right = normalize(Up cross At),Up = normalize(source.Up),At = normalize(source.At projected perpendicular to Up),NEED_STUDY,NEED_STUDY,none,UNTESTED,,2026-06-07,,,,,,,,,,,,,,
B_STR_K_Y_S,STR_K_Y_S,SEEDED,dimensions_library_fbx_bounds,,models/corvette/B_STR_K_Y_S.fbx,source/control scale,6.0,3.027344,6.128906,0.0,1.513672,-0.064453,Right = normalize(Up cross At),Up = normalize(source.Up),At = normalize(source.At projected perpendicular to Up),NEED_STUDY,NEED_STUDY,none,UNTESTED,,2026-06-07,,,,,,,,,,,,,,
B_STR_K_Y_W,STR_K_Y_W,SEEDED,dimensions_library_fbx_bounds,,models/corvette/B_STR_K_Y_W.fbx,source/control scale,6.128907,3.027344,6.0,0.064453,1.513672,0.0,Right = normalize(Up cross At),Up = normalize(source.Up),At = normalize(source.At projected perpendicular to Up),NEED_STUDY,NEED_STUDY,none,UNTESTED,,2026-06-07,,,,,,,,,,,,,,
B_STR_L_E,STR_L_E,SEEDED,dimensions_library_fbx_bounds,,models/corvette/B_STR_L_E.fbx,source/control scale,5.988282,2.998047,6.0,0.005859,1.499023,0.0,Right = normalize(Up cross At),Up = normalize(source.Up),At = normalize(source.At projected perpendicular to Up),NEED_STUDY,NEED_STUDY,none,UNTESTED,,2026-06-07,,,,,,,,,,,,,,
B_STR_L_N,STR_L_N,SEEDED,dimensions_library_fbx_bounds,,models/corvette/B_STR_L_N.fbx,source/control scale,6.0,2.998047,5.988282,0.0,1.499023,-0.005859,Right = normalize(Up cross At),Up = normalize(source.Up),At = normalize(source.At projected perpendicular to Up),NEED_STUDY,NEED_STUDY,none,UNTESTED,,2026-06-07,,,,,,,,,,,,,,
B_STR_L_NE,STR_L_NE,SEEDED,dimensions_library_fbx_bounds,,models/corvette/B_STR_L_NE.fbx,source/control scale,6.230468,2.99222,9.820332,-0.115234,1.496077,1.910147,Right = normalize(Up cross At),Up = normalize(source.Up),At = normalize(source.At projected perpendicular to Up),NEED_STUDY,NEED_STUDY,none,UNTESTED,,2026-06-07,,,,,,,,,,,,,,
B_STR_L_NE1,STR_L_NE1,SEEDED,dimensions_library_fbx_bounds,,models/corvette/B_STR_L_NE1.fbx,source/control scale,9.820333,2.99222,6.230469,1.910146,1.496077,0.115234,Right = normalize(Up cross At),Up = normalize(source.Up),At = normalize(source.At projected perpendicular to Up),NEED_STUDY,NEED_STUDY,none,UNTESTED,,2026-06-07,,,,,,,,,,,,,,
B_STR_L_NE2,STR_L_NE2,SEEDED,dimensions_library_fbx_bounds,,models/corvette/B_STR_L_NE2.fbx,source/control scale,6.230469,2.99222,9.820332,0.115234,1.496077,-1.910146,Right = normalize(Up cross At),Up = normalize(source.Up),At = normalize(source.At projected perpendicular to Up),NEED_STUDY,NEED_STUDY,none,UNTESTED,,2026-06-07,,,,,,,,,,,,,,
B_STR_L_NE3,STR_L_NE3,SEEDED,dimensions_library_fbx_bounds,,models/corvette/B_STR_L_NE3.fbx,source/control scale,9.820332,2.99222,6.230468,-1.910147,1.496077,-0.115234,Right = normalize(Up cross At),Up = normalize(source.Up),At = normalize(source.At projected perpendicular to Up),NEED_STUDY,NEED_STUDY,none,UNTESTED,,2026-06-07,,,,,,,,,,,,,,
B_STR_L_NW,STR_L_NW,SEEDED,dimensions_library_fbx_bounds,,models/corvette/B_STR_L_NW.fbx,source/control scale,6.23047,2.99222,9.820332,0.115234,1.496077,1.910146,Right = normalize(Up cross At),Up = normalize(source.Up),At = normalize(source.At projected perpendicular to Up),NEED_STUDY,NEED_STUDY,none,UNTESTED,,2026-06-07,,,,,,,,,,,,,,
B_STR_L_NW1,STR_L_NW1,SEEDED,dimensions_library_fbx_bounds,,models/corvette/B_STR_L_NW1.fbx,source/control scale,9.820332,2.99222,6.230468,1.910147,1.496077,-0.115234,Right = normalize(Up cross At),Up = normalize(source.Up),At = normalize(source.At projected perpendicular to Up),NEED_STUDY,NEED_STUDY,none,UNTESTED,,2026-06-07,,,,,,,,,,,,,,
B_STR_L_NW2,STR_L_NW2,SEEDED,dimensions_library_fbx_bounds,,models/corvette/B_STR_L_NW2.fbx,source/control scale,6.230469,2.99222,9.820332,-0.115234,1.496077,-1.910146,Right = normalize(Up cross At),Up = normalize(source.Up),At = normalize(source.At projected perpendicular to Up),NEED_STUDY,NEED_STUDY,none,UNTESTED,,2026-06-07,,,,,,,,,,,,,,
B_STR_L_NW3,STR_L_NW3,SEEDED,dimensions_library_fbx_bounds,,models/corvette/B_STR_L_NW3.fbx,source/control scale,9.820333,2.99222,6.230469,-1.910146,1.496077,0.115234,Right = normalize(Up cross At),Up = normalize(source.Up),At = normalize(source.At projected perpendicular to Up),NEED_STUDY,NEED_STUDY,none,UNTESTED,,2026-06-07,,,,,,,,,,,,,,
B_STR_L_S,STR_L_S,SEEDED,dimensions_library_fbx_bounds,,models/corvette/B_STR_L_S.fbx,source/control scale,6.0,2.998047,5.988281,0.0,1.499023,0.005859,Right = normalize(Up cross At),Up = normalize(source.Up),At = normalize(source.At projected perpendicular to Up),NEED_STUDY,NEED_STUDY,none,UNTESTED,,2026-06-07,,,,,,,,,,,,,,
B_STR_L_W,STR_L_W,SEEDED,dimensions_library_fbx_bounds,,models/corvette/B_STR_L_W.fbx,source/control scale,5.988282,2.998047,6.0,-0.005859,1.499023,0.0,Right = normalize(Up cross At),Up = normalize(source.Up),At = normalize(source.At projected perpendicular to Up),NEED_STUDY,NEED_STUDY,none,UNTESTED,,2026-06-07,,,,,,,,,,,,,,
B_STR_L_Y_E,STR_L_Y_E,SEEDED,dimensions_library_fbx_bounds,,models/corvette/B_STR_L_Y_E.fbx,source/control scale,5.988282,2.998047,6.0,0.005859,1.499023,0.0,Right = normalize(Up cross At),Up = normalize(source.Up),At = normalize(source.At projected perpendicular to Up),NEED_STUDY,NEED_STUDY,none,UNTESTED,,2026-06-07,,,,,,,,,,,,,,
B_STR_L_Y_N,STR_L_Y_N,SEEDED,dimensions_library_fbx_bounds,,models/corvette/B_STR_L_Y_N.fbx,source/control scale,6.0,2.998047,5.988282,0.0,1.499023,-0.005859,Right = normalize(Up cross At),Up = normalize(source.Up),At = normalize(source.At projected perpendicular to Up),NEED_STUDY,NEED_STUDY,none,UNTESTED,,2026-06-07,,,,,,,,,,,,,,
B_STR_L_Y_NE,STR_L_Y_NE,SEEDED,dimensions_library_fbx_bounds,,models/corvette/B_STR_L_Y_NE.fbx,source/control scale,6.230468,2.99222,9.820332,-0.115234,1.496077,1.910147,Right = normalize(Up cross At),Up = normalize(source.Up),At = normalize(source.At projected perpendicular to Up),NEED_STUDY,NEED_STUDY,none,UNTESTED,,2026-06-07,,,,,,,,,,,,,,
B_STR_L_Y_NE1,STR_L_Y_NE1,SEEDED,dimensions_library_fbx_bounds,,models/corvette/B_STR_L_Y_NE1.fbx,source/control scale,9.820333,2.99222,6.230469,1.910146,1.496077,0.115234,Right = normalize(Up cross At),Up = normalize(source.Up),At = normalize(source.At projected perpendicular to Up),NEED_STUDY,NEED_STUDY,none,UNTESTED,,2026-06-07,,,,,,,,,,,,,,
B_STR_L_Y_NE2,STR_L_Y_NE2,SEEDED,dimensions_library_fbx_bounds,,models/corvette/B_STR_L_Y_NE2.fbx,source/control scale,6.230469,2.992221,9.820332,0.115234,1.496077,-1.910146,Right = normalize(Up cross At),Up = normalize(source.Up),At = normalize(source.At projected perpendicular to Up),NEED_STUDY,NEED_STUDY,none,UNTESTED,,2026-06-07,,,,,,,,,,,,,,
B_STR_L_Y_NE3,STR_L_Y_NE3,SEEDED,dimensions_library_fbx_bounds,,models/corvette/B_STR_L_Y_NE3.fbx,source/control scale,9.820332,2.992221,6.230468,-1.910147,1.496077,-0.115234,Right = normalize(Up cross At),Up = normalize(source.Up),At = normalize(source.At projected perpendicular to Up),NEED_STUDY,NEED_STUDY,none,UNTESTED,,2026-06-07,,,,,,,,,,,,,,
B_STR_L_Y_NW,STR_L_Y_NW,SEEDED,dimensions_library_fbx_bounds,,models/corvette/B_STR_L_Y_NW.fbx,source/control scale,6.23047,2.99222,9.820332,0.115234,1.496077,1.910146,Right = normalize(Up cross At),Up = normalize(source.Up),At = normalize(source.At projected perpendicular to Up),NEED_STUDY,NEED_STUDY,none,UNTESTED,,2026-06-07,,,,,,,,,,,,,,
B_STR_L_Y_NW1,STR_L_Y_NW1,SEEDED,dimensions_library_fbx_bounds,,models/corvette/B_STR_L_Y_NW1.fbx,source/control scale,9.820332,2.992221,6.230468,1.910147,1.496077,-0.115234,Right = normalize(Up cross At),Up = normalize(source.Up),At = normalize(source.At projected perpendicular to Up),NEED_STUDY,NEED_STUDY,none,UNTESTED,,2026-06-07,,,,,,,,,,,,,,
B_STR_L_Y_NW2,STR_L_Y_NW2,SEEDED,dimensions_library_fbx_bounds,,models/corvette/B_STR_L_Y_NW2.fbx,source/control scale,6.230469,2.992221,9.820332,-0.115234,1.496077,-1.910146,Right = normalize(Up cross At),Up = normalize(source.Up),At = normalize(source.At projected perpendicular to Up),NEED_STUDY,NEED_STUDY,none,UNTESTED,,2026-06-07,,,,,,,,,,,,,,
B_STR_L_Y_NW3,STR_L_Y_NW3,SEEDED,dimensions_library_fbx_bounds,,models/corvette/B_STR_L_Y_NW3.fbx,source/control scale,9.820333,2.99222,6.230469,-1.910146,1.496077,0.115234,Right = normalize(Up cross At),Up = normalize(source.Up),At = normalize(source.At projected perpendicular to Up),NEED_STUDY,NEED_STUDY,none,UNTESTED,,2026-06-07,,,,,,,,,,,,,,
B_STR_L_Y_S,STR_L_Y_S,SEEDED,dimensions_library_fbx_bounds,,models/corvette/B_STR_L_Y_S.fbx,source/control scale,6.0,2.998048,5.988281,0.0,1.499023,0.00586,Right = normalize(Up cross At),Up = normalize(source.Up),At = normalize(source.At projected perpendicular to Up),NEED_STUDY,NEED_STUDY,none,UNTESTED,,2026-06-07,,,,,,,,,,,,,,
B_STR_L_Y_W,STR_L_Y_W,SEEDED,dimensions_library_fbx_bounds,,models/corvette/B_STR_L_Y_W.fbx,source/control scale,5.988282,2.998047,6.0,-0.005859,1.499023,0.0,Right = normalize(Up cross At),Up = normalize(source.Up),At = normalize(source.At projected perpendicular to Up),NEED_STUDY,NEED_STUDY,none,UNTESTED,,2026-06-07,,,,,,,,,,,,,,
B_STR_M_E,STR_M_E,SEEDED,dimensions_library_fbx_bounds,,models/corvette/B_STR_M_E.fbx,source/control scale,11.081736,2.912109,6.003906,-2.537257,1.456055,0.0,Right = normalize(Up cross At),Up = normalize(source.Up),At = normalize(source.At projected perpendicular to Up),NEED_STUDY,NEED_STUDY,none,UNTESTED,,2026-06-07,,,,,,,,,,,,,,
B_STR_M_N,STR_M_N,SEEDED,dimensions_library_fbx_bounds,,models/corvette/B_STR_M_N.fbx,source/control scale,6.003906,2.912109,11.081736,0.0,1.456055,2.537257,Right = normalize(Up cross At),Up = normalize(source.Up),At = normalize(source.At projected perpendicular to Up),NEED_STUDY,NEED_STUDY,none,UNTESTED,,2026-06-07,,,,,,,,,,,,,,
B_STR_M_NE,STR_M_NE,SEEDED,dimensions_library_fbx_bounds,,models/corvette/B_STR_M_NE.fbx,source/control scale,3.010856,2.980286,11.983589,1.505428,1.457123,2.976955,Right = normalize(Up cross At),Up = normalize(source.Up),At = normalize(source.At projected perpendicular to Up),NEED_STUDY,NEED_STUDY,none,UNTESTED,,2026-06-07,,,,,,,,,,,,,,
B_STR_M_NE1,STR_M_NE1,SEEDED,dimensions_library_fbx_bounds,,models/corvette/B_STR_M_NE1.fbx,source/control scale,11.983589,2.980286,3.010857,2.976955,1.457123,-1.505428,Right = normalize(Up cross At),Up = normalize(source.Up),At = normalize(source.At projected perpendicular to Up),NEED_STUDY,NEED_STUDY,none,UNTESTED,,2026-06-07,,,,,,,,,,,,,,
B_STR_M_NE2,STR_M_NE2,SEEDED,dimensions_library_fbx_bounds,,models/corvette/B_STR_M_NE2.fbx,source/control scale,3.010857,2.980286,11.983589,-1.505428,1.457123,-2.976955,Right = normalize(Up cross At),Up = normalize(source.Up),At = normalize(source.At projected perpendicular to Up),NEED_STUDY,NEED_STUDY,none,UNTESTED,,2026-06-07,,,,,,,,,,,,,,
B_STR_M_NE3,STR_M_NE3,SEEDED,dimensions_library_fbx_bounds,,models/corvette/B_STR_M_NE3.fbx,source/control scale,11.983589,2.980286,3.010856,-2.976955,1.457123,1.505428,Right = normalize(Up cross At),Up = normalize(source.Up),At = normalize(source.At projected perpendicular to Up),NEED_STUDY,NEED_STUDY,none,UNTESTED,,2026-06-07,,,,,,,,,,,,,,
B_STR_M_NW,STR_M_NW,SEEDED,dimensions_library_fbx_bounds,,models/corvette/B_STR_M_NW.fbx,source/control scale,3.010857,2.980286,11.983589,-1.505428,1.457123,2.976955,Right = normalize(Up cross At),Up = normalize(source.Up),At = normalize(source.At projected perpendicular to Up),NEED_STUDY,NEED_STUDY,none,UNTESTED,,2026-06-07,,,,,,,,,,,,,,
B_STR_M_NW1,STR_M_NW1,SEEDED,dimensions_library_fbx_bounds,,models/corvette/B_STR_M_NW1.fbx,source/control scale,11.983589,2.980286,3.010856,2.976955,1.457123,1.505428,Right = normalize(Up cross At),Up = normalize(source.Up),At = normalize(source.At projected perpendicular to Up),NEED_STUDY,NEED_STUDY,none,UNTESTED,,2026-06-07,,,,,,,,,,,,,,
B_STR_M_NW2,STR_M_NW2,SEEDED,dimensions_library_fbx_bounds,,models/corvette/B_STR_M_NW2.fbx,source/control scale,3.010857,2.980286,11.983589,1.505428,1.457123,-2.976955,Right = normalize(Up cross At),Up = normalize(source.Up),At = normalize(source.At projected perpendicular to Up),NEED_STUDY,NEED_STUDY,none,UNTESTED,,2026-06-07,,,,,,,,,,,,,,
B_STR_M_NW3,STR_M_NW3,SEEDED,dimensions_library_fbx_bounds,,models/corvette/B_STR_M_NW3.fbx,source/control scale,11.983589,2.980286,3.010857,-2.976955,1.457123,-1.505428,Right = normalize(Up cross At),Up = normalize(source.Up),At = normalize(source.At projected perpendicular to Up),NEED_STUDY,NEED_STUDY,none,UNTESTED,,2026-06-07,,,,,,,,,,,,,,
B_STR_M_S,STR_M_S,SEEDED,dimensions_library_fbx_bounds,,models/corvette/B_STR_M_S.fbx,source/control scale,6.003906,2.912109,11.081736,0.0,1.456055,-2.537257,Right = normalize(Up cross At),Up = normalize(source.Up),At = normalize(source.At projected perpendicular to Up),NEED_STUDY,NEED_STUDY,none,UNTESTED,,2026-06-07,,,,,,,,,,,,,,
B_STR_M_W,STR_M_W,SEEDED,dimensions_library_fbx_bounds,,models/corvette/B_STR_M_W.fbx,source/control scale,11.081736,2.912109,6.003906,2.537257,1.456055,0.0,Right = normalize(Up cross At),Up = normalize(source.Up),At = normalize(source.At projected perpendicular to Up),NEED_STUDY,NEED_STUDY,none,UNTESTED,,2026-06-07,,,,,,,,,,,,,,
B_STR_M_Y_E,STR_M_Y_E,SEEDED,dimensions_library_fbx_bounds,,models/corvette/B_STR_M_Y_E.fbx,source/control scale,11.081736,2.91211,6.003906,-2.537257,1.456055,0.0,Right = normalize(Up cross At),Up = normalize(source.Up),At = normalize(source.At projected perpendicular to Up),NEED_STUDY,NEED_STUDY,none,UNTESTED,,2026-06-07,,,,,,,,,,,,,,
B_STR_M_Y_N,STR_M_Y_N,SEEDED,dimensions_library_fbx_bounds,,models/corvette/B_STR_M_Y_N.fbx,source/control scale,6.003906,2.912109,11.081736,0.0,1.456054,2.537257,Right = normalize(Up cross At),Up = normalize(source.Up),At = normalize(source.At projected perpendicular to Up),NEED_STUDY,NEED_STUDY,none,UNTESTED,,2026-06-07,,,,,,,,,,,,,,
B_STR_M_Y_NE,STR_M_Y_NE,SEEDED,dimensions_library_fbx_bounds,,models/corvette/B_STR_M_Y_NE.fbx,source/control scale,3.010856,2.980286,11.983589,1.505428,1.457123,2.976955,Right = normalize(Up cross At),Up = normalize(source.Up),At = normalize(source.At projected perpendicular to Up),NEED_STUDY,NEED_STUDY,none,UNTESTED,,2026-06-07,,,,,,,,,,,,,,
B_STR_M_Y_NE1,STR_M_Y_NE1,SEEDED,dimensions_library_fbx_bounds,,models/corvette/B_STR_M_Y_NE1.fbx,source/control scale,11.983589,2.980285,3.010857,2.976955,1.457123,-1.505428,Right = normalize(Up cross At),Up = normalize(source.Up),At = normalize(source.At projected perpendicular to Up),NEED_STUDY,NEED_STUDY,none,UNTESTED,,2026-06-07,,,,,,,,,,,,,,
B_STR_M_Y_NE2,STR_M_Y_NE2,SEEDED,dimensions_library_fbx_bounds,,models/corvette/B_STR_M_Y_NE2.fbx,source/control scale,3.010857,2.980286,11.983589,-1.505428,1.457123,-2.976955,Right = normalize(Up cross At),Up = normalize(source.Up),At = normalize(source.At projected perpendicular to Up),NEED_STUDY,NEED_STUDY,none,UNTESTED,,2026-06-07,,,,,,,,,,,,,,
B_STR_M_Y_NE3,STR_M_Y_NE3,SEEDED,dimensions_library_fbx_bounds,,models/corvette/B_STR_M_Y_NE3.fbx,source/control scale,11.983589,2.980286,3.010857,-2.976955,1.457123,1.505428,Right = normalize(Up cross At),Up = normalize(source.Up),At = normalize(source.At projected perpendicular to Up),NEED_STUDY,NEED_STUDY,none,UNTESTED,,2026-06-07,,,,,,,,,,,,,,
B_STR_M_Y_NW,STR_M_Y_NW,SEEDED,dimensions_library_fbx_bounds,,models/corvette/B_STR_M_Y_NW.fbx,source/control scale,3.010857,2.980286,11.983589,-1.505428,1.457123,2.976955,Right = normalize(Up cross At),Up = normalize(source.Up),At = normalize(source.At projected perpendicular to Up),NEED_STUDY,NEED_STUDY,none,UNTESTED,,2026-06-07,,,,,,,,,,,,,,
B_STR_M_Y_NW1,STR_M_Y_NW1,SEEDED,dimensions_library_fbx_bounds,,models/corvette/B_STR_M_Y_NW1.fbx,source/control scale,11.983589,2.980286,3.010857,2.976955,1.457123,1.505428,Right = normalize(Up cross At),Up = normalize(source.Up),At = normalize(source.At projected perpendicular to Up),NEED_STUDY,NEED_STUDY,none,UNTESTED,,2026-06-07,,,,,,,,,,,,,,
B_STR_M_Y_NW2,STR_M_Y_NW2,SEEDED,dimensions_library_fbx_bounds,,models/corvette/B_STR_M_Y_NW2.fbx,source/control scale,3.010857,2.980286,11.983589,1.505428,1.457123,-2.976955,Right = normalize(Up cross At),Up = normalize(source.Up),At = normalize(source.At projected perpendicular to Up),NEED_STUDY,NEED_STUDY,none,UNTESTED,,2026-06-07,,,,,,,,,,,,,,
B_STR_M_Y_NW3,STR_M_Y_NW3,SEEDED,dimensions_library_fbx_bounds,,models/corvette/B_STR_M_Y_NW3.fbx,source/control scale,11.983589,2.980285,3.010857,-2.976955,1.457123,-1.505428,Right = normalize(Up cross At),Up = normalize(source.Up),At = normalize(source.At projected perpendicular to Up),NEED_STUDY,NEED_STUDY,none,UNTESTED,,2026-06-07,,,,,,,,,,,,,,
B_STR_M_Y_S,STR_M_Y_S,SEEDED,dimensions_library_fbx_bounds,,models/corvette/B_STR_M_Y_S.fbx,source/control scale,6.003906,2.912111,11.081736,0.0,1.456055,-2.537257,Right = normalize(Up cross At),Up = normalize(source.Up),At = normalize(source.At projected perpendicular to Up),NEED_STUDY,NEED_STUDY,none,UNTESTED,,2026-06-07,,,,,,,,,,,,,,
B_STR_M_Y_W,STR_M_Y_W,SEEDED,dimensions_library_fbx_bounds,,models/corvette/B_STR_M_Y_W.fbx,source/control scale,11.081736,2.91211,6.003906,2.537257,1.456055,0.0,Right = normalize(Up cross At),Up = normalize(source.Up),At = normalize(source.At projected perpendicular to Up),NEED_STUDY,NEED_STUDY,none,UNTESTED,,2026-06-07,,,,,,,,,,,,,,
B_STR_N_E,STR_N_E,SEEDED,dimensions_library_fbx_bounds,,models/corvette/B_STR_N_E.fbx,source/control scale,4.078125,1.927411,6.0,0.960938,0.963052,0.0,Right = normalize(Up cross At),Up = normalize(source.Up),At = normalize(source.At projected perpendicular to Up),NEED_STUDY,NEED_STUDY,none,UNTESTED,,2026-06-07,,,,,,,,,,,,,,
B_STR_N_N,STR_N_N,SEEDED,dimensions_library_fbx_bounds,,models/corvette/B_STR_N_N.fbx,source/control scale,6.0,1.927411,4.078125,0.0,0.963052,-0.960937,Right = normalize(Up cross At),Up = normalize(source.Up),At = normalize(source.At projected perpendicular to Up),NEED_STUDY,NEED_STUDY,none,UNTESTED,,2026-06-07,,,,,,,,,,,,,,
B_STR_N_NE,STR_N_NE,SEEDED,dimensions_library_fbx_bounds,,models/corvette/B_STR_N_NE.fbx,source/control scale,2.917969,2.917969,5.477619,1.541016,1.458984,-0.266153,Right = normalize(Up cross At),Up = normalize(source.Up),At = normalize(source.At projected perpendicular to Up),NEED_STUDY,NEED_STUDY,none,UNTESTED,,2026-06-07,,,,,,,,,,,,,,
B_STR_N_NE1,STR_N_NE1,SEEDED,dimensions_library_fbx_bounds,,models/corvette/B_STR_N_NE1.fbx,source/control scale,5.477619,2.917969,2.917969,-0.266153,1.458984,-1.541016,Right = normalize(Up cross At),Up = normalize(source.Up),At = normalize(source.At projected perpendicular to Up),NEED_STUDY,NEED_STUDY,none,UNTESTED,,2026-06-07,,,,,,,,,,,,,,
B_STR_N_NE2,STR_N_NE2,SEEDED,dimensions_library_fbx_bounds,,models/corvette/B_STR_N_NE2.fbx,source/control scale,2.917969,2.917969,5.477619,-1.541016,1.458984,0.266153,Right = normalize(Up cross At),Up = normalize(source.Up),At = normalize(source.At projected perpendicular to Up),NEED_STUDY,NEED_STUDY,none,UNTESTED,,2026-06-07,,,,,,,,,,,,,,
B_STR_N_NE3,STR_N_NE3,SEEDED,dimensions_library_fbx_bounds,,models/corvette/B_STR_N_NE3.fbx,source/control scale,5.477619,2.917969,2.917969,0.266153,1.458984,1.541016,Right = normalize(Up cross At),Up = normalize(source.Up),At = normalize(source.At projected perpendicular to Up),NEED_STUDY,NEED_STUDY,none,UNTESTED,,2026-06-07,,,,,,,,,,,,,,
B_STR_N_NW,STR_N_NW,SEEDED,dimensions_library_fbx_bounds,,models/corvette/B_STR_N_NW.fbx,source/control scale,2.917969,2.917969,5.477619,-1.541016,1.458984,-0.266153,Right = normalize(Up cross At),Up = normalize(source.Up),At = normalize(source.At projected perpendicular to Up),NEED_STUDY,NEED_STUDY,none,UNTESTED,,2026-06-07,,,,,,,,,,,,,,
B_STR_N_NW1,STR_N_NW1,SEEDED,dimensions_library_fbx_bounds,,models/corvette/B_STR_N_NW1.fbx,source/control scale,5.477619,2.917969,2.917969,-0.266153,1.458984,1.541016,Right = normalize(Up cross At),Up = normalize(source.Up),At = normalize(source.At projected perpendicular to Up),NEED_STUDY,NEED_STUDY,none,UNTESTED,,2026-06-07,,,,,,,,,,,,,,
B_STR_N_NW2,STR_N_NW2,SEEDED,dimensions_library_fbx_bounds,,models/corvette/B_STR_N_NW2.fbx,source/control scale,2.917969,2.917969,5.477619,1.541016,1.458984,0.266153,Right = normalize(Up cross At),Up = normalize(source.Up),At = normalize(source.At projected perpendicular to Up),NEED_STUDY,NEED_STUDY,none,UNTESTED,,2026-06-07,,,,,,,,,,,,,,
B_STR_N_NW3,STR_N_NW3,SEEDED,dimensions_library_fbx_bounds,,models/corvette/B_STR_N_NW3.fbx,source/control scale,5.477619,2.917969,2.917969,0.266153,1.458984,-1.541016,Right = normalize(Up cross At),Up = normalize(source.Up),At = normalize(source.At projected perpendicular to Up),NEED_STUDY,NEED_STUDY,none,UNTESTED,,2026-06-07,,,,,,,,,,,,,,
B_STR_N_S,STR_N_S,SEEDED,dimensions_library_fbx_bounds,,models/corvette/B_STR_N_S.fbx,source/control scale,6.0,1.927411,4.078125,0.0,0.963052,0.960938,Right = normalize(Up cross At),Up = normalize(source.Up),At = normalize(source.At projected perpendicular to Up),NEED_STUDY,NEED_STUDY,none,UNTESTED,,2026-06-07,,,,,,,,,,,,,,
B_STR_N_W,STR_N_W,SEEDED,dimensions_library_fbx_bounds,,models/corvette/B_STR_N_W.fbx,source/control scale,4.078125,1.927411,6.0,-0.960938,0.963052,0.0,Right = normalize(Up cross At),Up = normalize(source.Up),At = normalize(source.At projected perpendicular to Up),NEED_STUDY,NEED_STUDY,none,UNTESTED,,2026-06-07,,,,,,,,,,,,,,
B_STR_N_Y_E,STR_N_Y_E,SEEDED,dimensions_library_fbx_bounds,,models/corvette/B_STR_N_Y_E.fbx,source/control scale,4.078125,1.927411,6.0,0.960938,0.963052,0.0,Right = normalize(Up cross At),Up = normalize(source.Up),At = normalize(source.At projected perpendicular to Up),NEED_STUDY,NEED_STUDY,none,UNTESTED,,2026-06-07,,,,,,,,,,,,,,
B_STR_N_Y_N,STR_N_Y_N,SEEDED,dimensions_library_fbx_bounds,,models/corvette/B_STR_N_Y_N.fbx,source/control scale,6.0,1.927411,4.078125,0.0,0.963052,-0.960938,Right = normalize(Up cross At),Up = normalize(source.Up),At = normalize(source.At projected perpendicular to Up),NEED_STUDY,NEED_STUDY,none,UNTESTED,,2026-06-07,,,,,,,,,,,,,,
B_STR_N_Y_NE,STR_N_Y_NE,SEEDED,dimensions_library_fbx_bounds,,models/corvette/B_STR_N_Y_NE.fbx,source/control scale,2.917969,2.917969,5.47762,1.541016,1.458984,-0.266153,Right = normalize(Up cross At),Up = normalize(source.Up),At = normalize(source.At projected perpendicular to Up),NEED_STUDY,NEED_STUDY,none,UNTESTED,,2026-06-07,,,,,,,,,,,,,,
B_STR_N_Y_NE1,STR_N_Y_NE1,SEEDED,dimensions_library_fbx_bounds,,models/corvette/B_STR_N_Y_NE1.fbx,source/control scale,5.477619,2.917969,2.917969,-0.266153,1.458984,-1.541016,Right = normalize(Up cross At),Up = normalize(source.Up),At = normalize(source.At projected perpendicular to Up),NEED_STUDY,NEED_STUDY,none,UNTESTED,,2026-06-07,,,,,,,,,,,,,,
B_STR_N_Y_NE2,STR_N_Y_NE2,SEEDED,dimensions_library_fbx_bounds,,models/corvette/B_STR_N_Y_NE2.fbx,source/control scale,2.917969,2.917969,5.477619,-1.541016,1.458984,0.266153,Right = normalize(Up cross At),Up = normalize(source.Up),At = normalize(source.At projected perpendicular to Up),NEED_STUDY,NEED_STUDY,none,UNTESTED,,2026-06-07,,,,,,,,,,,,,,
B_STR_N_Y_NE3,STR_N_Y_NE3,SEEDED,dimensions_library_fbx_bounds,,models/corvette/B_STR_N_Y_NE3.fbx,source/control scale,5.477619,2.917969,2.917968,0.266153,1.458984,1.541016,Right = normalize(Up cross At),Up = normalize(source.Up),At = normalize(source.At projected perpendicular to Up),NEED_STUDY,NEED_STUDY,none,UNTESTED,,2026-06-07,,,,,,,,,,,,,,
B_STR_N_Y_NW,STR_N_Y_NW,SEEDED,dimensions_library_fbx_bounds,,models/corvette/B_STR_N_Y_NW.fbx,source/control scale,2.917969,2.917969,5.477619,-1.541016,1.458984,-0.266153,Right = normalize(Up cross At),Up = normalize(source.Up),At = normalize(source.At projected perpendicular to Up),NEED_STUDY,NEED_STUDY,none,UNTESTED,,2026-06-07,,,,,,,,,,,,,,
B_STR_N_Y_NW1,STR_N_Y_NW1,SEEDED,dimensions_library_fbx_bounds,,models/corvette/B_STR_N_Y_NW1.fbx,source/control scale,5.477619,2.917969,2.917968,-0.266153,1.458984,1.541016,Right = normalize(Up cross At),Up = normalize(source.Up),At = normalize(source.At projected perpendicular to Up),NEED_STUDY,NEED_STUDY,none,UNTESTED,,2026-06-07,,,,,,,,,,,,,,
B_STR_N_Y_NW2,STR_N_Y_NW2,SEEDED,dimensions_library_fbx_bounds,,models/corvette/B_STR_N_Y_NW2.fbx,source/control scale,2.917969,2.917969,5.477619,1.541016,1.458984,0.266153,Right = normalize(Up cross At),Up = normalize(source.Up),At = normalize(source.At projected perpendicular to Up),NEED_STUDY,NEED_STUDY,none,UNTESTED,,2026-06-07,,,,,,,,,,,,,,
B_STR_N_Y_NW3,STR_N_Y_NW3,SEEDED,dimensions_library_fbx_bounds,,models/corvette/B_STR_N_Y_NW3.fbx,source/control scale,5.477619,2.917969,2.917969,0.266153,1.458984,-1.541016,Right = normalize(Up cross At),Up = normalize(source.Up),At = normalize(source.At projected perpendicular to Up),NEED_STUDY,NEED_STUDY,none,UNTESTED,,2026-06-07,,,,,,,,,,,,,,
B_STR_N_Y_S,STR_N_Y_S,SEEDED,dimensions_library_fbx_bounds,,models/corvette/B_STR_N_Y_S.fbx,source/control scale,6.0,1.927412,4.078125,0.0,0.963052,0.960938,Right = normalize(Up cross At),Up = normalize(source.Up),At = normalize(source.At projected perpendicular to Up),NEED_STUDY,NEED_STUDY,none,UNTESTED,,2026-06-07,,,,,,,,,,,,,,
B_STR_N_Y_W,STR_N_Y_W,SEEDED,dimensions_library_fbx_bounds,,models/corvette/B_STR_N_Y_W.fbx,source/control scale,4.078125,1.927411,6.0,-0.960938,0.963052,0.0,Right = normalize(Up cross At),Up = normalize(source.Up),At = normalize(source.At projected perpendicular to Up),NEED_STUDY,NEED_STUDY,none,UNTESTED,,2026-06-07,,,,,,,,,,,,,,
B_STR_O_E,STR_O_E,SEEDED,dimensions_library_fbx_bounds,,models/corvette/B_STR_O_E.fbx,source/control scale,5.75391,3.021889,6.0,0.126955,1.498821,0.0,Right = normalize(Up cross At),Up = normalize(source.Up),At = normalize(source.At projected perpendicular to Up),NEED_STUDY,NEED_STUDY,none,UNTESTED,,2026-06-07,,,,,,,,,,,,,,
B_STR_O_N,STR_O_N,SEEDED,dimensions_library_fbx_bounds,,models/corvette/B_STR_O_N.fbx,source/control scale,6.0,3.021889,5.75391,0.0,1.498821,-0.126955,Right = normalize(Up cross At),Up = normalize(source.Up),At = normalize(source.At projected perpendicular to Up),NEED_STUDY,NEED_STUDY,none,UNTESTED,,2026-06-07,,,,,,,,,,,,,,
B_STR_O_S,STR_O_S,SEEDED,dimensions_library_fbx_bounds,,models/corvette/B_STR_O_S.fbx,source/control scale,6.0,3.021889,5.75391,0.0,1.498821,0.126955,Right = normalize(Up cross At),Up = normalize(source.Up),At = normalize(source.At projected perpendicular to Up),NEED_STUDY,NEED_STUDY,none,UNTESTED,,2026-06-07,,,,,,,,,,,,,,
B_STR_O_W,STR_O_W,SEEDED,dimensions_library_fbx_bounds,,models/corvette/B_STR_O_W.fbx,source/control scale,5.75391,3.021889,6.0,-0.126955,1.498821,0.0,Right = normalize(Up cross At),Up = normalize(source.Up),At = normalize(source.At projected perpendicular to Up),NEED_STUDY,NEED_STUDY,none,UNTESTED,,2026-06-07,,,,,,,,,,,,,,
B_STR_O_Y_E,STR_O_Y_E,SEEDED,dimensions_library_fbx_bounds,,models/corvette/B_STR_O_Y_E.fbx,source/control scale,5.75391,3.021889,6.0,0.126955,1.498821,0.0,Right = normalize(Up cross At),Up = normalize(source.Up),At = normalize(source.At projected perpendicular to Up),NEED_STUDY,NEED_STUDY,none,UNTESTED,,2026-06-07,,,,,,,,,,,,,,
B_STR_O_Y_N,STR_O_Y_N,SEEDED,dimensions_library_fbx_bounds,,models/corvette/B_STR_O_Y_N.fbx,source/control scale,6.0,3.021888,5.75391,0.0,1.498821,-0.126955,Right = normalize(Up cross At),Up = normalize(source.Up),At = normalize(source.At projected perpendicular to Up),NEED_STUDY,NEED_STUDY,none,UNTESTED,,2026-06-07,,,,,,,,,,,,,,
B_STR_O_Y_S,STR_O_Y_S,SEEDED,dimensions_library_fbx_bounds,,models/corvette/B_STR_O_Y_S.fbx,source/control scale,6.0,3.021889,5.753911,0.0,1.498821,0.126955,Right = normalize(Up cross At),Up = normalize(source.Up),At = normalize(source.At projected perpendicular to Up),NEED_STUDY,NEED_STUDY,none,UNTESTED,,2026-06-07,,,,,,,,,,,,,,
B_STR_O_Y_W,STR_O_Y_W,SEEDED,dimensions_library_fbx_bounds,,models/corvette/B_STR_O_Y_W.fbx,source/control scale,5.75391,3.021889,6.0,-0.126955,1.498821,0.0,Right = normalize(Up cross At),Up = normalize(source.Up),At = normalize(source.At projected perpendicular to Up),NEED_STUDY,NEED_STUDY,none,UNTESTED,,2026-06-07,,,,,,,,,,,,,,
B_STR_P_E,STR_P_E,SEEDED,dimensions_library_fbx_bounds,,models/corvette/B_STR_P_E.fbx,source/control scale,3.266236,3.0,6.0,1.500305,1.5,0.0,Right = normalize(Up cross At),Up = normalize(source.Up),At = normalize(source.At projected perpendicular to Up),NEED_STUDY,NEED_STUDY,none,UNTESTED,,2026-06-07,,,,,,,,,,,,,,
B_STR_P_N,STR_P_N,SEEDED,dimensions_library_fbx_bounds,,models/corvette/B_STR_P_N.fbx,source/control scale,6.0,3.0,3.266236,0.0,1.5,-1.500305,Right = normalize(Up cross At),Up = normalize(source.Up),At = normalize(source.At projected perpendicular to Up),NEED_STUDY,NEED_STUDY,none,UNTESTED,,2026-06-07,,,,,,,,,,,,,,
B_STR_P_S,STR_P_S,SEEDED,dimensions_library_fbx_bounds,,models/corvette/B_STR_P_S.fbx,source/control scale,6.0,3.0,3.266235,0.0,1.5,1.500305,Right = normalize(Up cross At),Up = normalize(source.Up),At = normalize(source.At projected perpendicular to Up),NEED_STUDY,NEED_STUDY,none,UNTESTED,,2026-06-07,,,,,,,,,,,,,,
B_STR_P_W,STR_P_W,SEEDED,dimensions_library_fbx_bounds,,models/corvette/B_STR_P_W.fbx,source/control scale,3.266236,3.0,6.0,-1.500305,1.5,0.0,Right = normalize(Up cross At),Up = normalize(source.Up),At = normalize(source.At projected perpendicular to Up),NEED_STUDY,NEED_STUDY,none,UNTESTED,,2026-06-07,,,,,,,,,,,,,,
B_STR_P_Y_E,STR_P_Y_E,SEEDED,dimensions_library_fbx_bounds,,models/corvette/B_STR_P_Y_E.fbx,source/control scale,3.266236,3.0,6.0,1.500305,1.5,0.0,Right = normalize(Up cross At),Up = normalize(source.Up),At = normalize(source.At projected perpendicular to Up),NEED_STUDY,NEED_STUDY,none,UNTESTED,,2026-06-07,,,,,,,,,,,,,,
B_STR_P_Y_N,STR_P_Y_N,SEEDED,dimensions_library_fbx_bounds,,models/corvette/B_STR_P_Y_N.fbx,source/control scale,6.0,3.0,3.266236,0.0,1.5,-1.500305,Right = normalize(Up cross At),Up = normalize(source.Up),At = normalize(source.At projected perpendicular to Up),NEED_STUDY,NEED_STUDY,none,UNTESTED,,2026-06-07,,,,,,,,,,,,,,
B_STR_P_Y_S,STR_P_Y_S,SEEDED,dimensions_library_fbx_bounds,,models/corvette/B_STR_P_Y_S.fbx,source/control scale,6.0,3.0,3.266235,0.0,1.5,1.500305,Right = normalize(Up cross At),Up = normalize(source.Up),At = normalize(source.At projected perpendicular to Up),NEED_STUDY,NEED_STUDY,none,UNTESTED,,2026-06-07,,,,,,,,,,,,,,
B_STR_P_Y_W,STR_P_Y_W,SEEDED,dimensions_library_fbx_bounds,,models/corvette/B_STR_P_Y_W.fbx,source/control scale,3.266236,3.0,6.0,-1.500305,1.5,0.0,Right = normalize(Up cross At),Up = normalize(source.Up),At = normalize(source.At projected perpendicular to Up),NEED_STUDY,NEED_STUDY,none,UNTESTED,,2026-06-07,,,,,,,,,,,,,,
B_STR_Q_E,STR_Q_E,SEEDED,dimensions_library_fbx_bounds,,models/corvette/B_STR_Q_E.fbx,source/control scale,2.980249,2.98025,6.0,1.509656,1.490344,0.0,Right = normalize(Up cross At),Up = normalize(source.Up),At = normalize(source.At projected perpendicular to Up),NEED_STUDY,NEED_STUDY,none,UNTESTED,,2026-06-07,,,,,,,,,,,,,,
B_STR_Q_N,STR_Q_N,SEEDED,dimensions_library_fbx_bounds,,models/corvette/B_STR_Q_N.fbx,source/control scale,6.0,2.98025,2.980249,0.0,1.490344,-1.509656,Right = normalize(Up cross At),Up = normalize(source.Up),At = normalize(source.At projected perpendicular to Up),NEED_STUDY,NEED_STUDY,none,UNTESTED,,2026-06-07,,,,,,,,,,,,,,
B_STR_Q_S,STR_Q_S,SEEDED,dimensions_library_fbx_bounds,,models/corvette/B_STR_Q_S.fbx,source/control scale,6.0,2.98025,2.980249,0.0,1.490344,1.509656,Right = normalize(Up cross At),Up = normalize(source.Up),At = normalize(source.At projected perpendicular to Up),NEED_STUDY,NEED_STUDY,none,UNTESTED,,2026-06-07,,,,,,,,,,,,,,
B_STR_Q_W,STR_Q_W,SEEDED,dimensions_library_fbx_bounds,,models/corvette/B_STR_Q_W.fbx,source/control scale,2.980249,2.98025,6.0,-1.509656,1.490344,0.0,Right = normalize(Up cross At),Up = normalize(source.Up),At = normalize(source.At projected perpendicular to Up),NEED_STUDY,NEED_STUDY,none,UNTESTED,,2026-06-07,,,,,,,,,,,,,,
B_STR_Q_Y_E,STR_Q_Y_E,SEEDED,dimensions_library_fbx_bounds,,models/corvette/B_STR_Q_Y_E.fbx,source/control scale,2.980249,2.98025,6.0,1.509656,1.490344,0.0,Right = normalize(Up cross At),Up = normalize(source.Up),At = normalize(source.At projected perpendicular to Up),NEED_STUDY,NEED_STUDY,none,UNTESTED,,2026-06-07,,,,,,,,,,,,,,
B_STR_Q_Y_N,STR_Q_Y_N,SEEDED,dimensions_library_fbx_bounds,,models/corvette/B_STR_Q_Y_N.fbx,source/control scale,6.0,2.98025,2.980249,0.0,1.490344,-1.509655,Right = normalize(Up cross At),Up = normalize(source.Up),At = normalize(source.At projected perpendicular to Up),NEED_STUDY,NEED_STUDY,none,UNTESTED,,2026-06-07,,,,,,,,,,,,,,
B_STR_Q_Y_S,STR_Q_Y_S,SEEDED,dimensions_library_fbx_bounds,,models/corvette/B_STR_Q_Y_S.fbx,source/control scale,6.0,2.98025,2.980249,0.0,1.490343,1.509656,Right = normalize(Up cross At),Up = normalize(source.Up),At = normalize(source.At projected perpendicular to Up),NEED_STUDY,NEED_STUDY,none,UNTESTED,,2026-06-07,,,,,,,,,,,,,,
B_STR_Q_Y_W,STR_Q_Y_W,SEEDED,dimensions_library_fbx_bounds,,models/corvette/B_STR_Q_Y_W.fbx,source/control scale,2.980249,2.98025,6.0,-1.509656,1.490344,0.0,Right = normalize(Up cross At),Up = normalize(source.Up),At = normalize(source.At projected perpendicular to Up),NEED_STUDY,NEED_STUDY,none,UNTESTED,,2026-06-07,,,,,,,,,,,,,,
B_STR_R_E,STR_R_E,SEEDED,dimensions_library_fbx_bounds,,models/corvette/B_STR_R_E.fbx,source/control scale,5.90625,2.919922,6.0,0.046875,1.459961,0.0,Right = normalize(Up cross At),Up = normalize(source.Up),At = normalize(source.At projected perpendicular to Up),NEED_STUDY,NEED_STUDY,none,UNTESTED,,2026-06-07,,,,,,,,,,,,,,
B_STR_R_N,STR_R_N,SEEDED,dimensions_library_fbx_bounds,,models/corvette/B_STR_R_N.fbx,source/control scale,6.0,2.919922,5.90625,0.0,1.459961,-0.046875,Right = normalize(Up cross At),Up = normalize(source.Up),At = normalize(source.At projected perpendicular to Up),NEED_STUDY,NEED_STUDY,none,UNTESTED,,2026-06-07,,,,,,,,,,,,,,
B_STR_R_S,STR_R_S,SEEDED,dimensions_library_fbx_bounds,,models/corvette/B_STR_R_S.fbx,source/control scale,6.0,2.919922,5.90625,0.0,1.459961,0.046875,Right = normalize(Up cross At),Up = normalize(source.Up),At = normalize(source.At projected perpendicular to Up),NEED_STUDY,NEED_STUDY,none,UNTESTED,,2026-06-07,,,,,,,,,,,,,,
B_STR_R_W,STR_R_W,SEEDED,dimensions_library_fbx_bounds,,models/corvette/B_STR_R_W.fbx,source/control scale,5.90625,2.919922,6.0,-0.046875,1.459961,0.0,Right = normalize(Up cross At),Up = normalize(source.Up),At = normalize(source.At projected perpendicular to Up),NEED_STUDY,NEED_STUDY,none,UNTESTED,,2026-06-07,,,,,,,,,,,,,,
B_STR_R_Y_E,STR_R_Y_E,SEEDED,dimensions_library_fbx_bounds,,models/corvette/B_STR_R_Y_E.fbx,source/control scale,5.90625,2.919922,6.0,0.046875,1.459961,0.0,Right = normalize(Up cross At),Up = normalize(source.Up),At = normalize(source.At projected perpendicular to Up),NEED_STUDY,NEED_STUDY,none,UNTESTED,,2026-06-07,,,,,,,,,,,,,,
B_STR_R_Y_N,STR_R_Y_N,SEEDED,dimensions_library_fbx_bounds,,models/corvette/B_STR_R_Y_N.fbx,source/control scale,6.0,2.919922,5.906251,0.0,1.459961,-0.046875,Right = normalize(Up cross At),Up = normalize(source.Up),At = normalize(source.At projected perpendicular to Up),NEED_STUDY,NEED_STUDY,none,UNTESTED,,2026-06-07,,,,,,,,,,,,,,
B_STR_R_Y_S,STR_R_Y_S,SEEDED,dimensions_library_fbx_bounds,,models/corvette/B_STR_R_Y_S.fbx,source/control scale,6.0,2.919923,5.90625,0.0,1.459961,0.046875,Right = normalize(Up cross At),Up = normalize(source.Up),At = normalize(source.At projected perpendicular to Up),NEED_STUDY,NEED_STUDY,none,UNTESTED,,2026-06-07,,,,,,,,,,,,,,
B_STR_R_Y_W,STR_R_Y_W,SEEDED,dimensions_library_fbx_bounds,,models/corvette/B_STR_R_Y_W.fbx,source/control scale,5.90625,2.919922,6.0,-0.046875,1.459961,0.0,Right = normalize(Up cross At),Up = normalize(source.Up),At = normalize(source.At projected perpendicular to Up),NEED_STUDY,NEED_STUDY,none,UNTESTED,,2026-06-07,,,,,,,,,,,,,,
B_STR_S_E,STR_S_E,SEEDED,dimensions_library_fbx_bounds,,models/corvette/B_STR_S_E.fbx,source/control scale,11.71875,2.999999,6.085938,-2.859375,1.5,0.0,Right = normalize(Up cross At),Up = normalize(source.Up),At = normalize(source.At projected perpendicular to Up),NEED_STUDY,NEED_STUDY,none,UNTESTED,,2026-06-07,,,,,,,,,,,,,,
B_STR_S_N,STR_S_N,SEEDED,dimensions_library_fbx_bounds,,models/corvette/B_STR_S_N.fbx,source/control scale,6.085938,2.999999,11.71875,0.0,1.5,2.859375,Right = normalize(Up cross At),Up = normalize(source.Up),At = normalize(source.At projected perpendicular to Up),NEED_STUDY,NEED_STUDY,none,UNTESTED,,2026-06-07,,,,,,,,,,,,,,
B_STR_S_S,STR_S_S,SEEDED,dimensions_library_fbx_bounds,,models/corvette/B_STR_S_S.fbx,source/control scale,6.085938,2.999999,11.71875,0.0,1.5,-2.859375,Right = normalize(Up cross At),Up = normalize(source.Up),At = normalize(source.At projected perpendicular to Up),NEED_STUDY,NEED_STUDY,none,UNTESTED,,2026-06-07,,,,,,,,,,,,,,
B_STR_S_W,STR_S_W,SEEDED,dimensions_library_fbx_bounds,,models/corvette/B_STR_S_W.fbx,source/control scale,11.71875,2.999999,6.085938,2.859375,1.5,0.0,Right = normalize(Up cross At),Up = normalize(source.Up),At = normalize(source.At projected perpendicular to Up),NEED_STUDY,NEED_STUDY,none,UNTESTED,,2026-06-07,,,,,,,,,,,,,,
B_STR_S_Y_E,STR_S_Y_E,SEEDED,dimensions_library_fbx_bounds,,models/corvette/B_STR_S_Y_E.fbx,source/control scale,11.71875,3.0,6.085938,-2.859375,1.5,0.0,Right = normalize(Up cross At),Up = normalize(source.Up),At = normalize(source.At projected perpendicular to Up),NEED_STUDY,NEED_STUDY,none,UNTESTED,,2026-06-07,,,,,,,,,,,,,,
B_STR_S_Y_N,STR_S_Y_N,SEEDED,dimensions_library_fbx_bounds,,models/corvette/B_STR_S_Y_N.fbx,source/control scale,6.085938,2.999999,11.71875,0.0,1.5,2.859375,Right = normalize(Up cross At),Up = normalize(source.Up),At = normalize(source.At projected perpendicular to Up),NEED_STUDY,NEED_STUDY,none,UNTESTED,,2026-06-07,,,,,,,,,,,,,,
B_STR_S_Y_S,STR_S_Y_S,SEEDED,dimensions_library_fbx_bounds,,models/corvette/B_STR_S_Y_S.fbx,source/control scale,6.085938,3.0,11.71875,0.0,1.5,-2.859375,Right = normalize(Up cross At),Up = normalize(source.Up),At = normalize(source.At projected perpendicular to Up),NEED_STUDY,NEED_STUDY,none,UNTESTED,,2026-06-07,,,,,,,,,,,,,,
B_STR_S_Y_W,STR_S_Y_W,SEEDED,dimensions_library_fbx_bounds,,models/corvette/B_STR_S_Y_W.fbx,source/control scale,11.71875,3.0,6.085938,2.859375,1.5,0.0,Right = normalize(Up cross At),Up = normalize(source.Up),At = normalize(source.At projected perpendicular to Up),NEED_STUDY,NEED_STUDY,none,UNTESTED,,2026-06-07,,,,,,,,,,,,,,
B_STR_T_NETB,STR_T_NETB,SEEDED,dimensions_library_fbx_bounds,,models/corvette/B_STR_T_NETB.fbx,source/control scale,3.0,3.000219,5.523438,1.5,1.49989,-0.238281,Right = normalize(Up cross At),Up = normalize(source.Up),At = normalize(source.At projected perpendicular to Up),NEED_STUDY,NEED_STUDY,none,UNTESTED,,2026-06-07,,,,,,,,,,,,,,
B_STR_T_NETB1,STR_T_NETB1,SEEDED,dimensions_library_fbx_bounds,,models/corvette/B_STR_T_NETB1.fbx,source/control scale,5.523438,3.000219,3.0,-0.238281,1.49989,-1.5,Right = normalize(Up cross At),Up = normalize(source.Up),At = normalize(source.At projected perpendicular to Up),NEED_STUDY,NEED_STUDY,none,UNTESTED,,2026-06-07,,,,,,,,,,,,,,
B_STR_T_NETB2,STR_T_NETB2,SEEDED,dimensions_library_fbx_bounds,,models/corvette/B_STR_T_NETB2.fbx,source/control scale,3.0,3.000219,5.523438,-1.5,1.49989,0.238281,Right = normalize(Up cross At),Up = normalize(source.Up),At = normalize(source.At projected perpendicular to Up),NEED_STUDY,NEED_STUDY,none,UNTESTED,,2026-06-07,,,,,,,,,,,,,,
B_STR_T_NETB3,STR_T_NETB3,SEEDED,dimensions_library_fbx_bounds,,models/corvette/B_STR_T_NETB3.fbx,source/control scale,5.523438,3.000219,3.0,0.238281,1.49989,1.5,Right = normalize(Up cross At),Up = normalize(source.Up),At = normalize(source.At projected perpendicular to Up),NEED_STUDY,NEED_STUDY,none,UNTESTED,,2026-06-07,,,,,,,,,,,,,,
B_STR_T_NWTB,STR_T_NWTB,SEEDED,dimensions_library_fbx_bounds,,models/corvette/B_STR_T_NWTB.fbx,source/control scale,3.0,3.000219,5.523438,1.5,1.49989,-0.238281,Right = normalize(Up cross At),Up = normalize(source.Up),At = normalize(source.At projected perpendicular to Up),NEED_STUDY,NEED_STUDY,none,UNTESTED,,2026-06-07,,,,,,,,,,,,,,
B_STR_T_NWTB1,STR_T_NWTB1,SEEDED,dimensions_library_fbx_bounds,,models/corvette/B_STR_T_NWTB1.fbx,source/control scale,5.523438,3.000219,3.0,-0.238281,1.49989,-1.5,Right = normalize(Up cross At),Up = normalize(source.Up),At = normalize(source.At projected perpendicular to Up),NEED_STUDY,NEED_STUDY,none,UNTESTED,,2026-06-07,,,,,,,,,,,,,,
B_STR_T_NWTB2,STR_T_NWTB2,SEEDED,dimensions_library_fbx_bounds,,models/corvette/B_STR_T_NWTB2.fbx,source/control scale,3.0,3.000219,5.523438,-1.5,1.49989,0.238281,Right = normalize(Up cross At),Up = normalize(source.Up),At = normalize(source.At projected perpendicular to Up),NEED_STUDY,NEED_STUDY,none,UNTESTED,,2026-06-07,,,,,,,,,,,,,,
B_STR_T_NWTB3,STR_T_NWTB3,SEEDED,dimensions_library_fbx_bounds,,models/corvette/B_STR_T_NWTB3.fbx,source/control scale,5.523438,3.000219,3.0,0.238281,1.49989,1.5,Right = normalize(Up cross At),Up = normalize(source.Up),At = normalize(source.At projected perpendicular to Up),NEED_STUDY,NEED_STUDY,none,UNTESTED,,2026-06-07,,,,,,,,,,,,,,
B_STR_U_NETB,STR_U_NETB,SEEDED,dimensions_library_fbx_bounds,,models/corvette/B_STR_U_NETB.fbx,source/control scale,3.0,3.0,10.9375,1.5,1.5,2.46875,Right = normalize(Up cross At),Up = normalize(source.Up),At = normalize(source.At projected perpendicular to Up),NEED_STUDY,NEED_STUDY,none,UNTESTED,,2026-06-07,,,,,,,,,,,,,,
B_STR_U_NETB1,STR_U_NETB1,SEEDED,dimensions_library_fbx_bounds,,models/corvette/B_STR_U_NETB1.fbx,source/control scale,10.9375,3.0,3.0,2.46875,1.5,-1.5,Right = normalize(Up cross At),Up = normalize(source.Up),At = normalize(source.At projected perpendicular to Up),NEED_STUDY,NEED_STUDY,none,UNTESTED,,2026-06-07,,,,,,,,,,,,,,
B_STR_U_NETB2,STR_U_NETB2,SEEDED,dimensions_library_fbx_bounds,,models/corvette/B_STR_U_NETB2.fbx,source/control scale,3.0,3.0,10.9375,-1.5,1.5,-2.46875,Right = normalize(Up cross At),Up = normalize(source.Up),At = normalize(source.At projected perpendicular to Up),NEED_STUDY,NEED_STUDY,none,UNTESTED,,2026-06-07,,,,,,,,,,,,,,
B_STR_U_NETB3,STR_U_NETB3,SEEDED,dimensions_library_fbx_bounds,,models/corvette/B_STR_U_NETB3.fbx,source/control scale,10.9375,3.0,3.0,-2.46875,1.5,1.5,Right = normalize(Up cross At),Up = normalize(source.Up),At = normalize(source.At projected perpendicular to Up),NEED_STUDY,NEED_STUDY,none,UNTESTED,,2026-06-07,,,,,,,,,,,,,,
B_STR_U_NWTB,STR_U_NWTB,SEEDED,dimensions_library_fbx_bounds,,models/corvette/B_STR_U_NWTB.fbx,source/control scale,3.000001,3.0,10.9375,-1.5,1.5,2.46875,Right = normalize(Up cross At),Up = normalize(source.Up),At = normalize(source.At projected perpendicular to Up),NEED_STUDY,NEED_STUDY,none,UNTESTED,,2026-06-07,,,,,,,,,,,,,,
B_STR_U_NWTB1,STR_U_NWTB1,SEEDED,dimensions_library_fbx_bounds,,models/corvette/B_STR_U_NWTB1.fbx,source/control scale,10.9375,3.0,3.0,2.46875,1.5,1.5,Right = normalize(Up cross At),Up = normalize(source.Up),At = normalize(source.At projected perpendicular to Up),NEED_STUDY,NEED_STUDY,none,UNTESTED,,2026-06-07,,,,,,,,,,,,,,
B_STR_U_NWTB2,STR_U_NWTB2,SEEDED,dimensions_library_fbx_bounds,,models/corvette/B_STR_U_NWTB2.fbx,source/control scale,3.0,3.0,10.9375,1.5,1.5,-2.46875,Right = normalize(Up cross At),Up = normalize(source.Up),At = normalize(source.At projected perpendicular to Up),NEED_STUDY,NEED_STUDY,none,UNTESTED,,2026-06-07,,,,,,,,,,,,,,
B_STR_U_NWTB3,STR_U_NWTB3,SEEDED,dimensions_library_fbx_bounds,,models/corvette/B_STR_U_NWTB3.fbx,source/control scale,10.9375,3.0,3.0,-2.46875,1.5,-1.5,Right = normalize(Up cross At),Up = normalize(source.Up),At = normalize(source.At projected perpendicular to Up),NEED_STUDY,NEED_STUDY,none,UNTESTED,,2026-06-07,,,,,,,,,,,,,,
B_STR_V_NETB,STR_V_NETB,SEEDED,dimensions_library_fbx_bounds,,models/corvette/B_STR_V_NETB.fbx,source/control scale,6.000449,3.005135,6.001598,0.000225,1.499386,-0.000799,Right = normalize(Up cross At),Up = normalize(source.Up),At = normalize(source.At projected perpendicular to Up),NEED_STUDY,NEED_STUDY,none,UNTESTED,,2026-06-07,,,,,,,,,,,,,,
B_STR_V_NETB1,STR_V_NETB1,SEEDED,dimensions_library_fbx_bounds,,models/corvette/B_STR_V_NETB1.fbx,source/control scale,6.001597,3.005135,6.00045,-0.000799,1.499386,-0.000225,Right = normalize(Up cross At),Up = normalize(source.Up),At = normalize(source.At projected perpendicular to Up),NEED_STUDY,NEED_STUDY,none,UNTESTED,,2026-06-07,,,,,,,,,,,,,,
B_STR_V_NETB2,STR_V_NETB2,SEEDED,dimensions_library_fbx_bounds,,models/corvette/B_STR_V_NETB2.fbx,source/control scale,6.000449,3.005135,6.001597,-0.000225,1.499386,0.000799,Right = normalize(Up cross At),Up = normalize(source.Up),At = normalize(source.At projected perpendicular to Up),NEED_STUDY,NEED_STUDY,none,UNTESTED,,2026-06-07,,,,,,,,,,,,,,
B_STR_V_NETB3,STR_V_NETB3,SEEDED,dimensions_library_fbx_bounds,,models/corvette/B_STR_V_NETB3.fbx,source/control scale,6.001597,3.005135,6.000449,0.000799,1.499386,0.000225,Right = normalize(Up cross At),Up = normalize(source.Up),At = normalize(source.At projected perpendicular to Up),NEED_STUDY,NEED_STUDY,none,UNTESTED,,2026-06-07,,,,,,,,,,,,,,
B_STR_V_NWTB,STR_V_NWTB,SEEDED,dimensions_library_fbx_bounds,,models/corvette/B_STR_V_NWTB.fbx,source/control scale,6.000449,3.005135,6.001598,0.000225,1.499386,-0.000799,Right = normalize(Up cross At),Up = normalize(source.Up),At = normalize(source.At projected perpendicular to Up),NEED_STUDY,NEED_STUDY,none,UNTESTED,,2026-06-07,,,,,,,,,,,,,,
B_STR_V_NWTB1,STR_V_NWTB1,SEEDED,dimensions_library_fbx_bounds,,models/corvette/B_STR_V_NWTB1.fbx,source/control scale,6.001597,3.005135,6.00045,-0.000799,1.499386,-0.000225,Right = normalize(Up cross At),Up = normalize(source.Up),At = normalize(source.At projected perpendicular to Up),NEED_STUDY,NEED_STUDY,none,UNTESTED,,2026-06-07,,,,,,,,,,,,,,
B_STR_V_NWTB2,STR_V_NWTB2,SEEDED,dimensions_library_fbx_bounds,,models/corvette/B_STR_V_NWTB2.fbx,source/control scale,6.000449,3.005135,6.001597,-0.000225,1.499386,0.000799,Right = normalize(Up cross At),Up = normalize(source.Up),At = normalize(source.At projected perpendicular to Up),NEED_STUDY,NEED_STUDY,none,UNTESTED,,2026-06-07,,,,,,,,,,,,,,
B_STR_V_NWTB3,STR_V_NWTB3,SEEDED,dimensions_library_fbx_bounds,,models/corvette/B_STR_V_NWTB3.fbx,source/control scale,6.001597,3.005135,6.000449,0.000799,1.499386,0.000225,Right = normalize(Up cross At),Up = normalize(source.Up),At = normalize(source.At projected perpendicular to Up),NEED_STUDY,NEED_STUDY,none,UNTESTED,,2026-06-07,,,,,,,,,,,,,,
B_STR_W_NETB,STR_W_NETB,SEEDED,dimensions_library_fbx_bounds,,models/corvette/B_STR_W_NETB.fbx,source/control scale,6.000448,3.005135,12.001597,0.000224,1.499386,2.999201,Right = normalize(Up cross At),Up = normalize(source.Up),At = normalize(source.At projected perpendicular to Up),NEED_STUDY,NEED_STUDY,none,UNTESTED,,2026-06-07,,,,,,,,,,,,,,
B_STR_W_NETB1,STR_W_NETB1,SEEDED,dimensions_library_fbx_bounds,,models/corvette/B_STR_W_NETB1.fbx,source/control scale,12.001597,3.005135,6.00045,2.999201,1.499386,-0.000225,Right = normalize(Up cross At),Up = normalize(source.Up),At = normalize(source.At projected perpendicular to Up),NEED_STUDY,NEED_STUDY,none,UNTESTED,,2026-06-07,,,,,,,,,,,,,,
B_STR_W_NETB2,STR_W_NETB2,SEEDED,dimensions_library_fbx_bounds,,models/corvette/B_STR_W_NETB2.fbx,source/control scale,6.000449,3.005135,12.001597,-0.000225,1.499386,-2.999201,Right = normalize(Up cross At),Up = normalize(source.Up),At = normalize(source.At projected perpendicular to Up),NEED_STUDY,NEED_STUDY,none,UNTESTED,,2026-06-07,,,,,,,,,,,,,,
B_STR_W_NETB3,STR_W_NETB3,SEEDED,dimensions_library_fbx_bounds,,models/corvette/B_STR_W_NETB3.fbx,source/control scale,12.001597,3.005135,6.000448,-2.999201,1.499386,0.000224,Right = normalize(Up cross At),Up = normalize(source.Up),At = normalize(source.At projected perpendicular to Up),NEED_STUDY,NEED_STUDY,none,UNTESTED,,2026-06-07,,,,,,,,,,,,,,
B_STR_W_NWTB,STR_W_NWTB,SEEDED,dimensions_library_fbx_bounds,,models/corvette/B_STR_W_NWTB.fbx,source/control scale,6.000448,3.005135,12.001597,0.000224,1.499386,2.999201,Right = normalize(Up cross At),Up = normalize(source.Up),At = normalize(source.At projected perpendicular to Up),NEED_STUDY,NEED_STUDY,none,UNTESTED,,2026-06-07,,,,,,,,,,,,,,
B_STR_W_NWTB1,STR_W_NWTB1,SEEDED,dimensions_library_fbx_bounds,,models/corvette/B_STR_W_NWTB1.fbx,source/control scale,12.001597,3.005135,6.00045,2.999201,1.499386,-0.000225,Right = normalize(Up cross At),Up = normalize(source.Up),At = normalize(source.At projected perpendicular to Up),NEED_STUDY,NEED_STUDY,none,UNTESTED,,2026-06-07,,,,,,,,,,,,,,
B_STR_W_NWTB2,STR_W_NWTB2,SEEDED,dimensions_library_fbx_bounds,,models/corvette/B_STR_W_NWTB2.fbx,source/control scale,6.000449,3.005135,12.001597,-0.000225,1.499386,-2.999201,Right = normalize(Up cross At),Up = normalize(source.Up),At = normalize(source.At projected perpendicular to Up),NEED_STUDY,NEED_STUDY,none,UNTESTED,,2026-06-07,,,,,,,,,,,,,,
B_STR_W_NWTB3,STR_W_NWTB3,SEEDED,dimensions_library_fbx_bounds,,models/corvette/B_STR_W_NWTB3.fbx,source/control scale,12.001597,3.005135,6.000448,-2.999201,1.499386,0.000224,Right = normalize(Up cross At),Up = normalize(source.Up),At = normalize(source.At projected perpendicular to Up),NEED_STUDY,NEED_STUDY,none,UNTESTED,,2026-06-07,,,,,,,,,,,,,,
B_STR_X_NETB,STR_X_NETB,SEEDED,dimensions_library_fbx_bounds,,models/corvette/B_STR_X_NETB.fbx,source/control scale,6.006313,3.000036,6.006314,0.003157,1.499982,-0.003157,Right = normalize(Up cross At),Up = normalize(source.Up),At = normalize(source.At projected perpendicular to Up),NEED_STUDY,NEED_STUDY,none,UNTESTED,,2026-06-07,,,,,,,,,,,,,,
B_STR_X_NETB1,STR_X_NETB1,SEEDED,dimensions_library_fbx_bounds,,models/corvette/B_STR_X_NETB1.fbx,source/control scale,6.006313,3.000036,6.006314,-0.003157,1.499982,-0.003157,Right = normalize(Up cross At),Up = normalize(source.Up),At = normalize(source.At projected perpendicular to Up),NEED_STUDY,NEED_STUDY,none,UNTESTED,,2026-06-07,,,,,,,,,,,,,,
B_STR_X_NETB2,STR_X_NETB2,SEEDED,dimensions_library_fbx_bounds,,models/corvette/B_STR_X_NETB2.fbx,source/control scale,6.006313,3.000036,6.006313,-0.003157,1.499982,0.003157,Right = normalize(Up cross At),Up = normalize(source.Up),At = normalize(source.At projected perpendicular to Up),NEED_STUDY,NEED_STUDY,none,UNTESTED,,2026-06-07,,,,,,,,,,,,,,
B_STR_X_NETB3,STR_X_NETB3,SEEDED,dimensions_library_fbx_bounds,,models/corvette/B_STR_X_NETB3.fbx,source/control scale,6.006314,3.000036,6.006313,0.003157,1.499982,0.003157,Right = normalize(Up cross At),Up = normalize(source.Up),At = normalize(source.At projected perpendicular to Up),NEED_STUDY,NEED_STUDY,none,UNTESTED,,2026-06-07,,,,,,,,,,,,,,
B_STR_X_NWTB,STR_X_NWTB,SEEDED,dimensions_library_fbx_bounds,,models/corvette/B_STR_X_NWTB.fbx,source/control scale,6.006313,3.000036,6.006314,0.003157,1.499982,-0.003157,Right = normalize(Up cross At),Up = normalize(source.Up),At = normalize(source.At projected perpendicular to Up),NEED_STUDY,NEED_STUDY,none,UNTESTED,,2026-06-07,,,,,,,,,,,,,,
B_STR_X_NWTB1,STR_X_NWTB1,SEEDED,dimensions_library_fbx_bounds,,models/corvette/B_STR_X_NWTB1.fbx,source/control scale,6.006313,3.000036,6.006314,-0.003157,1.499982,-0.003157,Right = normalize(Up cross At),Up = normalize(source.Up),At = normalize(source.At projected perpendicular to Up),NEED_STUDY,NEED_STUDY,none,UNTESTED,,2026-06-07,,,,,,,,,,,,,,
B_STR_X_NWTB2,STR_X_NWTB2,SEEDED,dimensions_library_fbx_bounds,,models/corvette/B_STR_X_NWTB2.fbx,source/control scale,6.006313,3.000036,6.006313,-0.003157,1.499982,0.003157,Right = normalize(Up cross At),Up = normalize(source.Up),At = normalize(source.At projected perpendicular to Up),NEED_STUDY,NEED_STUDY,none,UNTESTED,,2026-06-07,,,,,,,,,,,,,,
B_STR_X_NWTB3,STR_X_NWTB3,SEEDED,dimensions_library_fbx_bounds,,models/corvette/B_STR_X_NWTB3.fbx,source/control scale,6.006314,3.000036,6.006313,0.003157,1.499982,0.003157,Right = normalize(Up cross At),Up = normalize(source.Up),At = normalize(source.At projected perpendicular to Up),NEED_STUDY,NEED_STUDY,none,UNTESTED,,2026-06-07,,,,,,,,,,,,,,
B_STR_Y_NETB,STR_Y_NETB,SEEDED,dimensions_library_fbx_bounds,,models/corvette/B_STR_Y_NETB.fbx,source/control scale,6.028702,3.000001,12.014313,0.002632,1.5,2.992844,Right = normalize(Up cross At),Up = normalize(source.Up),At = normalize(source.At projected perpendicular to Up),NEED_STUDY,NEED_STUDY,none,UNTESTED,,2026-06-07,,,,,,,,,,,,,,
B_STR_Y_NETB1,STR_Y_NETB1,SEEDED,dimensions_library_fbx_bounds,,models/corvette/B_STR_Y_NETB1.fbx,source/control scale,12.014313,3.000001,6.028702,2.992844,1.5,-0.002632,Right = normalize(Up cross At),Up = normalize(source.Up),At = normalize(source.At projected perpendicular to Up),NEED_STUDY,NEED_STUDY,none,UNTESTED,,2026-06-07,,,,,,,,,,,,,,
B_STR_Y_NETB2,STR_Y_NETB2,SEEDED,dimensions_library_fbx_bounds,,models/corvette/B_STR_Y_NETB2.fbx,source/control scale,6.028702,3.000001,12.014313,-0.002632,1.5,-2.992844,Right = normalize(Up cross At),Up = normalize(source.Up),At = normalize(source.At projected perpendicular to Up),NEED_STUDY,NEED_STUDY,none,UNTESTED,,2026-06-07,,,,,,,,,,,,,,
B_STR_Y_NETB3,STR_Y_NETB3,SEEDED,dimensions_library_fbx_bounds,,models/corvette/B_STR_Y_NETB3.fbx,source/control scale,12.014313,3.000001,6.028702,-2.992844,1.5,0.002632,Right = normalize(Up cross At),Up = normalize(source.Up),At = normalize(source.At projected perpendicular to Up),NEED_STUDY,NEED_STUDY,none,UNTESTED,,2026-06-07,,,,,,,,,,,,,,
B_STR_Y_NWTB,STR_Y_NWTB,SEEDED,dimensions_library_fbx_bounds,,models/corvette/B_STR_Y_NWTB.fbx,source/control scale,6.028702,3.0,12.014313,0.002632,1.5,2.992844,Right = normalize(Up cross At),Up = normalize(source.Up),At = normalize(source.At projected perpendicular to Up),NEED_STUDY,NEED_STUDY,none,UNTESTED,,2026-06-07,,,,,,,,,,,,,,
B_STR_Y_NWTB1,STR_Y_NWTB1,SEEDED,dimensions_library_fbx_bounds,,models/corvette/B_STR_Y_NWTB1.fbx,source/control scale,12.014313,3.0,6.028702,2.992844,1.5,-0.002632,Right = normalize(Up cross At),Up = normalize(source.Up),At = normalize(source.At projected perpendicular to Up),NEED_STUDY,NEED_STUDY,none,UNTESTED,,2026-06-07,,,,,,,,,,,,,,
B_STR_Y_NWTB2,STR_Y_NWTB2,SEEDED,dimensions_library_fbx_bounds,,models/corvette/B_STR_Y_NWTB2.fbx,source/control scale,6.028702,3.0,12.014313,-0.002632,1.5,-2.992844,Right = normalize(Up cross At),Up = normalize(source.Up),At = normalize(source.At projected perpendicular to Up),NEED_STUDY,NEED_STUDY,none,UNTESTED,,2026-06-07,,,,,,,,,,,,,,
B_STR_Y_NWTB3,STR_Y_NWTB3,SEEDED,dimensions_library_fbx_bounds,,models/corvette/B_STR_Y_NWTB3.fbx,source/control scale,12.014313,3.0,6.028702,-2.992844,1.5,0.002632,Right = normalize(Up cross At),Up = normalize(source.Up),At = normalize(source.At projected perpendicular to Up),NEED_STUDY,NEED_STUDY,none,UNTESTED,,2026-06-07,,,,,,,,,,,,,,
B_STR_Z_NETB,STR_Z_NETB,SEEDED,dimensions_library_fbx_bounds,,models/corvette/B_STR_Z_NETB.fbx,source/control scale,6.235458,3.034439,9.83844,-0.11274,1.508171,1.901093,Right = normalize(Up cross At),Up = normalize(source.Up),At = normalize(source.At projected perpendicular to Up),NEED_STUDY,NEED_STUDY,none,UNTESTED,,2026-06-07,,,,,,,,,,,,,,
B_STR_Z_NETB1,STR_Z_NETB1,SEEDED,dimensions_library_fbx_bounds,,models/corvette/B_STR_Z_NETB1.fbx,source/control scale,9.83844,3.034439,6.235459,1.901093,1.508171,0.11274,Right = normalize(Up cross At),Up = normalize(source.Up),At = normalize(source.At projected perpendicular to Up),NEED_STUDY,NEED_STUDY,none,UNTESTED,,2026-06-07,,,,,,,,,,,,,,
B_STR_Z_NETB2,STR_Z_NETB2,SEEDED,dimensions_library_fbx_bounds,,models/corvette/B_STR_Z_NETB2.fbx,source/control scale,6.235458,3.034439,9.83844,0.11274,1.508171,-1.901093,Right = normalize(Up cross At),Up = normalize(source.Up),At = normalize(source.At projected perpendicular to Up),NEED_STUDY,NEED_STUDY,none,UNTESTED,,2026-06-07,,,,,,,,,,,,,,
B_STR_Z_NETB3,STR_Z_NETB3,SEEDED,dimensions_library_fbx_bounds,,models/corvette/B_STR_Z_NETB3.fbx,source/control scale,9.83844,3.034439,6.235458,-1.901093,1.508171,-0.112739,Right = normalize(Up cross At),Up = normalize(source.Up),At = normalize(source.At projected perpendicular to Up),NEED_STUDY,NEED_STUDY,none,UNTESTED,,2026-06-07,,,,,,,,,,,,,,
B_STR_Z_NWTB,STR_Z_NWTB,SEEDED,dimensions_library_fbx_bounds,,models/corvette/B_STR_Z_NWTB.fbx,source/control scale,6.235459,3.034439,9.83844,-0.112739,1.508171,1.901093,Right = normalize(Up cross At),Up = normalize(source.Up),At = normalize(source.At projected perpendicular to Up),NEED_STUDY,NEED_STUDY,none,UNTESTED,,2026-06-07,,,,,,,,,,,,,,
B_STR_Z_NWTB1,STR_Z_NWTB1,SEEDED,dimensions_library_fbx_bounds,,models/corvette/B_STR_Z_NWTB1.fbx,source/control scale,9.83844,3.034439,6.235459,1.901093,1.508171,0.11274,Right = normalize(Up cross At),Up = normalize(source.Up),At = normalize(source.At projected perpendicular to Up),NEED_STUDY,NEED_STUDY,none,UNTESTED,,2026-06-07,,,,,,,,,,,,,,
B_STR_Z_NWTB2,STR_Z_NWTB2,SEEDED,dimensions_library_fbx_bounds,,models/corvette/B_STR_Z_NWTB2.fbx,source/control scale,6.235458,3.034439,9.83844,0.11274,1.508171,-1.901093,Right = normalize(Up cross At),Up = normalize(source.Up),At = normalize(source.At projected perpendicular to Up),NEED_STUDY,NEED_STUDY,none,UNTESTED,,2026-06-07,,,,,,,,,,,,,,
B_STR_Z_NWTB3,STR_Z_NWTB3,SEEDED,dimensions_library_fbx_bounds,,models/corvette/B_STR_Z_NWTB3.fbx,source/control scale,9.83844,3.034439,6.235458,-1.901093,1.508171,-0.112739,Right = normalize(Up cross At),Up = normalize(source.Up),At = normalize(source.At projected perpendicular to Up),NEED_STUDY,NEED_STUDY,none,UNTESTED,,2026-06-07,,,,,,,,,,,,,,
B_TOWER,TOWER,SEEDED,dimensions_library_fbx_bounds,,models/decoration/B_TOWER.fbx,source/control scale,8.859375,20.09314,8.867188,0.0,9.89093,0.0,Right = normalize(Up cross At),Up = normalize(source.Up),At = normalize(source.At projected perpendicular to Up),NEED_STUDY,NEED_STUDY,none,UNTESTED,,2026-06-07,,,,,,,,,,,,,,
B_TOWER_B,TOWER_B,SEEDED,dimensions_library_fbx_bounds,,models/decoration/B_TOWER_B.fbx,source/control scale,15.316406,34.121277,15.3125,0.001953,16.970612,0.0,Right = normalize(Up cross At),Up = normalize(source.Up),At = normalize(source.At projected perpendicular to Up),NEED_STUDY,NEED_STUDY,none,UNTESTED,,2026-06-07,,,,,,,,,,,,,,
B_TOWER_C,TOWER,SEEDED,dimensions_library_fbx_bounds,,models/decoration/B_TOWER_C.fbx,source/control scale,4.024414,5.734375,3.374023,0.347168,21.976562,-0.009277,Right = normalize(Up cross At),Up = normalize(source.Up),At = normalize(source.At projected perpendicular to Up),NEED_STUDY,NEED_STUDY,none,UNTESTED,,2026-06-07,,,,,,,,,,,,,,
B_TRIFLOOR,TRIFLOOR,SEEDED,dimensions_library_fbx_bounds,,models/builder_structures/B_TRIFLOOR.fbx,source/control scale,4.619371,0.325562,5.34375,-0.76867,-6.1e-05,0.003906,Right = normalize(Up cross At),Up = normalize(source.Up),At = normalize(source.At projected perpendicular to Up),NEED_STUDY,NEED_STUDY,none,UNTESTED,,2026-06-07,,,,,,,,,,,,,,
B_TRIFLOOR_Q,TRIFLOOR,SEEDED,dimensions_library_fbx_bounds,,models/builder_structures/B_TRIFLOOR_Q.fbx,source/control scale,2.317383,0.331787,2.667969,-0.38916,0.000732,0.0,Right = normalize(Up cross At),Up = normalize(source.Up),At = normalize(source.At projected perpendicular to Up),NEED_STUDY,NEED_STUDY,none,UNTESTED,,2026-06-07,,,,,,,,,,,,,,
B_TRU_A,TRU_A,SEEDED,dimensions_library_fbx_bounds,,models/corvette/B_TRU_A.fbx,source/control scale,5.855469,2.999023,3.762573,0.0,-0.000488,-1.870667,Right = normalize(Up cross At),Up = normalize(source.Up),At = normalize(source.At projected perpendicular to Up),NEED_STUDY,NEED_STUDY,none,UNTESTED,,2026-06-07,,,,,,,,,,,,,,
B_TRU_B,TRU_B,SEEDED,dimensions_library_fbx_bounds,,models/corvette/B_TRU_B.fbx,source/control scale,6.039062,2.910156,5.945312,0.0,0.0,-2.972656,Right = normalize(Up cross At),Up = normalize(source.Up),At = normalize(source.At projected perpendicular to Up),NEED_STUDY,NEED_STUDY,none,UNTESTED,,2026-06-07,,,,,,,,,,,,,,
B_TRU_C,TRU,SEEDED,dimensions_library_fbx_bounds,,models/corvette/B_TRU_C.fbx,source/control scale,6.859375,6.859375,4.856274,0.0,0.0,-2.427332,Right = normalize(Up cross At),Up = normalize(source.Up),At = normalize(source.At projected perpendicular to Up),NEED_STUDY,NEED_STUDY,none,UNTESTED,,2026-06-07,,,,,,,,,,,,,,
B_TRU_D,TRU_D,SEEDED,dimensions_library_fbx_bounds,,models/corvette/B_TRU_D.fbx,source/control scale,5.839844,3.0,5.842651,0.007812,0.0,-2.910706,Right = normalize(Up cross At),Up = normalize(source.Up),At = normalize(source.At projected perpendicular to Up),NEED_STUDY,NEED_STUDY,none,UNTESTED,,2026-06-07,,,,,,,,,,,,,,
B_TRU_E,TRU_E,SEEDED,dimensions_library_fbx_bounds,,models/corvette/B_TRU_E.fbx,source/control scale,5.855469,2.999023,2.692261,0.0,-0.000488,-1.33551,Right = normalize(Up cross At),Up = normalize(source.Up),At = normalize(source.At projected perpendicular to Up),NEED_STUDY,NEED_STUDY,none,UNTESTED,,2026-06-07,,,,,,,,,,,,,,
B_TRU_F,TRU_F,SEEDED,dimensions_library_fbx_bounds,,models/corvette/B_TRU_F.fbx,source/control scale,5.855469,3.0,3.694214,0.0,0.0,-1.836487,Right = normalize(Up cross At),Up = normalize(source.Up),At = normalize(source.At projected perpendicular to Up),NEED_STUDY,NEED_STUDY,none,UNTESTED,,2026-06-07,,,,,,,,,,,,,,
B_TRU_G,TRU_G,SEEDED,dimensions_library_fbx_bounds,,models/corvette/B_TRU_G.fbx,source/control scale,5.855469,2.991211,5.600464,0.0,-0.015137,-2.789612,Right = normalize(Up cross At),Up = normalize(source.Up),At = normalize(source.At projected perpendicular to Up),NEED_STUDY,NEED_STUDY,none,UNTESTED,,2026-06-07,,,,,,,,,,,,,,
B_TRU_H,TRU,SEEDED,dimensions_library_fbx_bounds,,models/corvette/B_TRU_H.fbx,source/control scale,6.066406,3.037109,5.9515,0.0,0.0,-2.969563,Right = normalize(Up cross At),Up = normalize(source.Up),At = normalize(source.At projected perpendicular to Up),NEED_STUDY,NEED_STUDY,none,UNTESTED,,2026-06-07,,,,,,,,,,,,,,
B_TUR_A,TUR_A,SEEDED,dimensions_library_fbx_bounds,,models/corvette/B_TUR_A.fbx,source/control scale,3.378906,2.175049,4.15625,0.0,0.959351,0.474609,Right = normalize(Up cross At),Up = normalize(source.Up),At = normalize(source.At projected perpendicular to Up),NEED_STUDY,NEED_STUDY,none,UNTESTED,,2026-06-07,,,,,,,,,,,,,,
B_TUR_B,TUR_B,SEEDED,dimensions_library_fbx_bounds,,models/corvette/B_TUR_B.fbx,source/control scale,2.827294,3.832152,5.072688,0.003837,1.686848,0.619248,Right = normalize(Up cross At),Up = normalize(source.Up),At = normalize(source.At projected perpendicular to Up),NEED_STUDY,NEED_STUDY,none,UNTESTED,,2026-06-07,,,,,,,,,,,,,,
B_TUR_C,TUR,SEEDED,dimensions_library_fbx_bounds,,models/corvette/B_TUR_C.fbx,source/control scale,3.720703,2.489502,5.0625,0.021484,1.569702,0.164062,Right = normalize(Up cross At),Up = normalize(source.Up),At = normalize(source.At projected perpendicular to Up),NEED_STUDY,NEED_STUDY,none,UNTESTED,,2026-06-07,,,,,,,,,,,,,,
B_TUR_D,TUR_D,SEEDED,dimensions_library_fbx_bounds,,models/corvette/B_TUR_D.fbx,source/control scale,1.862793,2.82959,5.357422,0.003174,1.903564,0.213867,Right = normalize(Up cross At),Up = normalize(source.Up),At = normalize(source.At projected perpendicular to Up),NEED_STUDY,NEED_STUDY,none,UNTESTED,,2026-06-07,,,,,,,,,,,,,,
B_TUR_E,TUR_E,SEEDED,dimensions_library_fbx_bounds,,models/corvette/B_TUR_E.fbx,source/control scale,3.283203,1.712402,3.771484,0.0,1.114502,0.657227,Right = normalize(Up cross At),Up = normalize(source.Up),At = normalize(source.At projected perpendicular to Up),NEED_STUDY,NEED_STUDY,none,UNTESTED,,2026-06-07,,,,,,,,,,,,,,
B_TUR_F,TUR_F,SEEDED,dimensions_library_fbx_bounds,,models/corvette/B_TUR_F.fbx,source/control scale,5.925781,5.227978,13.765625,0.0,2.620386,-1.242188,Right = normalize(Up cross At),Up = normalize(source.Up),At = normalize(source.At projected perpendicular to Up),NEED_STUDY,NEED_STUDY,none,UNTESTED,,2026-06-07,,,,,,,,,,,,,,
B_WALL,WALL,SEEDED,dimensions_library_fbx_bounds,,models/builder_structures/B_WALL.fbx,source/control scale,5.429688,3.373596,0.753662,0.0,1.686249,0.000122,Right = normalize(Up cross At),Up = normalize(source.Up),At = normalize(source.At projected perpendicular to Up),NEED_STUDY,NEED_STUDY,none,UNTESTED,,2026-06-07,,,,,,,,,,,,,,
B_WALLB,WALLB,SEEDED,dimensions_library_fbx_bounds,,models/builder_structures/B_WALLB.fbx,source/control scale,5.429688,3.373596,0.753662,0.0,1.686249,0.000122,Right = normalize(Up cross At),Up = normalize(source.Up),At = normalize(source.At projected perpendicular to Up),NEED_STUDY,NEED_STUDY,none,UNTESTED,,2026-06-07,,,,,,,,,,,,,,
B_WALLB_DIAGONA,WALLB_DIAGONA,SEEDED,dimensions_library_fbx_bounds,,models/builder_structures/B_WALLB_DIAGONA.fbx,source/control scale,5.996094,3.427759,0.826904,0.248047,1.713855,-0.009399,Right = normalize(Up cross At),Up = normalize(source.Up),At = normalize(source.At projected perpendicular to Up),NEED_STUDY,NEED_STUDY,none,UNTESTED,,2026-06-07,,,,,,,,,,,,,,
B_WALLB_H,WALLB,SEEDED,dimensions_library_fbx_bounds,,models/builder_structures/B_WALLB_H.fbx,source/control scale,3.038086,3.377071,0.566895,0.000488,1.684511,0.0,Right = normalize(Up cross At),Up = normalize(source.Up),At = normalize(source.At projected perpendicular to Up),NEED_STUDY,NEED_STUDY,none,UNTESTED,,2026-06-07,,,,,,,,,,,,,,
B_WALLB_WIN0,WALLB_WIN0,SEEDED,dimensions_library_fbx_bounds,,models/builder_structures/B_WALLB_WIN0.fbx,source/control scale,5.429688,3.373596,0.753662,0.0,1.686249,0.000122,Right = normalize(Up cross At),Up = normalize(source.Up),At = normalize(source.At projected perpendicular to Up),NEED_STUDY,NEED_STUDY,none,UNTESTED,,2026-06-07,,,,,,,,,,,,,,
B_WALLB_WIN1,WALLB_WIN1,SEEDED,dimensions_library_fbx_bounds,,models/builder_structures/B_WALLB_WIN1.fbx,source/control scale,5.429688,3.373596,0.753662,0.0,1.686249,0.000122,Right = normalize(Up cross At),Up = normalize(source.Up),At = normalize(source.At projected perpendicular to Up),NEED_STUDY,NEED_STUDY,none,UNTESTED,,2026-06-07,,,,,,,,,,,,,,
B_WALLB_WIN2,WALLB_WIN2,SEEDED,dimensions_library_fbx_bounds,,models/builder_structures/B_WALLB_WIN2.fbx,source/control scale,5.429688,3.373596,0.753662,0.0,1.686249,0.000122,Right = normalize(Up cross At),Up = normalize(source.Up),At = normalize(source.At projected perpendicular to Up),NEED_STUDY,NEED_STUDY,none,UNTESTED,,2026-06-07,,,,,,,,,,,,,,
B_WALLB_WIN3,WALLB_WIN3,SEEDED,dimensions_library_fbx_bounds,,models/builder_structures/B_WALLB_WIN3.fbx,source/control scale,5.429688,3.373596,0.753662,0.0,1.686249,0.000122,Right = normalize(Up cross At),Up = normalize(source.Up),At = normalize(source.At projected perpendicular to Up),NEED_STUDY,NEED_STUDY,none,UNTESTED,,2026-06-07,,,,,,,,,,,,,,
B_WALLDIAGONAL,WALLDIAGONAL,SEEDED,dimensions_library_fbx_bounds,,models/builder_structures/B_WALLDIAGONAL.fbx,source/control scale,5.996094,3.427759,0.826904,0.248047,1.713855,-0.009399,Right = normalize(Up cross At),Up = normalize(source.Up),At = normalize(source.At projected perpendicular to Up),NEED_STUDY,NEED_STUDY,none,UNTESTED,,2026-06-07,,,,,,,,,,,,,,
B_WALLHANGING1,WALLHANGING1,SEEDED,dimensions_library_fbx_bounds,,models/decoration/B_WALLHANGING1.fbx,source/control scale,3.236328,0.285486,2.888672,0.0,0.142657,0.725586,Right = normalize(Up cross At),Up = normalize(source.Up),At = normalize(source.At projected perpendicular to Up),NEED_STUDY,NEED_STUDY,none,UNTESTED,,2026-06-07,,,,,,,,,,,,,,
B_WALLHANGING2,WALLHANGING2,SEEDED,dimensions_library_fbx_bounds,,models/decoration/B_WALLHANGING2.fbx,source/control scale,3.236328,0.178697,1.679199,0.0,0.083003,0.12085,Right = normalize(Up cross At),Up = normalize(source.Up),At = normalize(source.At projected perpendicular to Up),NEED_STUDY,NEED_STUDY,none,UNTESTED,,2026-06-07,,,,,,,,,,,,,,
B_WALLHANGING3,WALLHANGING3,SEEDED,dimensions_library_fbx_bounds,,models/decoration/B_WALLHANGING3.fbx,source/control scale,3.236328,0.146326,0.984956,0.0,0.073077,-0.226272,Right = normalize(Up cross At),Up = normalize(source.Up),At = normalize(source.At projected perpendicular to Up),NEED_STUDY,NEED_STUDY,none,UNTESTED,,2026-06-07,,,,,,,,,,,,,,
B_WALLM,WALLM,SEEDED,dimensions_library_fbx_bounds,,models/builder_structures/B_WALLM.fbx,source/control scale,5.429688,3.377071,0.572266,0.0,1.684511,0.0,Right = normalize(Up cross At),Up = normalize(source.Up),At = normalize(source.At projected perpendicular to Up),NEED_STUDY,NEED_STUDY,none,UNTESTED,,2026-06-07,,,,,,,,,,,,,,
B_WALLM_DIAGONA,WALLM_DIAGONA,SEEDED,dimensions_library_fbx_bounds,,models/builder_structures/B_WALLM_DIAGONA.fbx,source/control scale,5.738281,3.427759,0.808105,0.119141,1.713855,0.0,Right = normalize(Up cross At),Up = normalize(source.Up),At = normalize(source.At projected perpendicular to Up),NEED_STUDY,NEED_STUDY,none,UNTESTED,,2026-06-07,,,,,,,,,,,,,,
B_WALLM_H,WALLM,SEEDED,dimensions_library_fbx_bounds,,models/builder_structures/B_WALLM_H.fbx,source/control scale,3.038086,3.377071,0.566895,0.000488,1.684511,0.0,Right = normalize(Up cross At),Up = normalize(source.Up),At = normalize(source.At projected perpendicular to Up),NEED_STUDY,NEED_STUDY,none,UNTESTED,,2026-06-07,,,,,,,,,,,,,,
B_WALLM_WIN0,WALLM_WIN0,SEEDED,dimensions_library_fbx_bounds,,models/builder_structures/B_WALLM_WIN0.fbx,source/control scale,5.429688,3.60754,1.140625,0.0,1.799746,-0.025391,Right = normalize(Up cross At),Up = normalize(source.Up),At = normalize(source.At projected perpendicular to Up),NEED_STUDY,NEED_STUDY,none,UNTESTED,,2026-06-07,,,,,,,,,,,,,,
B_WALLM_WIN1,WALLM_WIN1,SEEDED,dimensions_library_fbx_bounds,,models/builder_structures/B_WALLM_WIN1.fbx,source/control scale,5.429688,3.60754,1.140625,0.0,1.799746,-0.025391,Right = normalize(Up cross At),Up = normalize(source.Up),At = normalize(source.At projected perpendicular to Up),NEED_STUDY,NEED_STUDY,none,UNTESTED,,2026-06-07,,,,,,,,,,,,,,
B_WALLM_WIN2,WALLM_WIN2,SEEDED,dimensions_library_fbx_bounds,,models/builder_structures/B_WALLM_WIN2.fbx,source/control scale,5.429688,3.60754,1.140625,0.0,1.799746,-0.025391,Right = normalize(Up cross At),Up = normalize(source.Up),At = normalize(source.At projected perpendicular to Up),NEED_STUDY,NEED_STUDY,none,UNTESTED,,2026-06-07,,,,,,,,,,,,,,
B_WALLM_WIN3,WALLM_WIN3,SEEDED,dimensions_library_fbx_bounds,,models/builder_structures/B_WALLM_WIN3.fbx,source/control scale,5.429688,3.60754,1.140625,0.0,1.799746,-0.025391,Right = normalize(Up cross At),Up = normalize(source.Up),At = normalize(source.At projected perpendicular to Up),NEED_STUDY,NEED_STUDY,none,UNTESTED,,2026-06-07,,,,,,,,,,,,,,
B_WALLT,WALLT,SEEDED,dimensions_library_fbx_bounds,,models/builder_structures/B_WALLT.fbx,source/control scale,5.429688,3.377071,0.572266,0.0,1.684511,0.0,Right = normalize(Up cross At),Up = normalize(source.Up),At = normalize(source.At projected perpendicular to Up),NEED_STUDY,NEED_STUDY,none,UNTESTED,,2026-06-07,,,,,,,,,,,,,,
B_WALLT_DIAGONA,WALLT_DIAGONA,SEEDED,dimensions_library_fbx_bounds,,models/builder_structures/B_WALLT_DIAGONA.fbx,source/control scale,5.738281,3.427759,0.808105,0.119141,1.713855,0.0,Right = normalize(Up cross At),Up = normalize(source.Up),At = normalize(source.At projected perpendicular to Up),NEED_STUDY,NEED_STUDY,none,UNTESTED,,2026-06-07,,,,,,,,,,,,,,
B_WALLT_H,WALLT,SEEDED,dimensions_library_fbx_bounds,,models/builder_structures/B_WALLT_H.fbx,source/control scale,3.038086,3.377071,0.684082,0.000488,1.684511,0.0,Right = normalize(Up cross At),Up = normalize(source.Up),At = normalize(source.At projected perpendicular to Up),NEED_STUDY,NEED_STUDY,none,UNTESTED,,2026-06-07,,,,,,,,,,,,,,
B_WALLT_WIN0,WALLT_WIN0,SEEDED,dimensions_library_fbx_bounds,,models/builder_structures/B_WALLT_WIN0.fbx,source/control scale,5.429688,6.004025,3.145996,0.0,2.997988,-1.040283,Right = normalize(Up cross At),Up = normalize(source.Up),At = normalize(source.At projected perpendicular to Up),NEED_STUDY,NEED_STUDY,none,UNTESTED,,2026-06-07,,,,,,,,,,,,,,
B_WALLT_WIN1,WALLT_WIN1,SEEDED,dimensions_library_fbx_bounds,,models/builder_structures/B_WALLT_WIN1.fbx,source/control scale,5.429688,6.418087,2.626465,0.0,3.205019,-0.85083,Right = normalize(Up cross At),Up = normalize(source.Up),At = normalize(source.At projected perpendicular to Up),NEED_STUDY,NEED_STUDY,none,UNTESTED,,2026-06-07,,,,,,,,,,,,,,
B_WALLT_WIN2,WALLT_WIN2,SEEDED,dimensions_library_fbx_bounds,,models/builder_structures/B_WALLT_WIN2.fbx,source/control scale,5.830078,5.976681,2.235352,-0.200195,2.984316,-0.831543,Right = normalize(Up cross At),Up = normalize(source.Up),At = normalize(source.At projected perpendicular to Up),NEED_STUDY,NEED_STUDY,none,UNTESTED,,2026-06-07,,,,,,,,,,,,,,
B_WALLT_WIN3,WALLT_WIN3,SEEDED,dimensions_library_fbx_bounds,,models/builder_structures/B_WALLT_WIN3.fbx,source/control scale,5.429688,3.377071,1.119629,0.0,1.684511,-0.273682,Right = normalize(Up cross At),Up = normalize(source.Up),At = normalize(source.At projected perpendicular to Up),NEED_STUDY,NEED_STUDY,none,UNTESTED,,2026-06-07,,,,,,,,,,,,,,
B_WALL_BUNK0,WALL_BUNK0,SEEDED,dimensions_library_fbx_bounds,,models/corvette/B_WALL_BUNK0.fbx,source/control scale,3.000976,2.798462,0.578433,0.000488,1.498735,0.193514,Right = normalize(Up cross At),Up = normalize(source.Up),At = normalize(source.At projected perpendicular to Up),NEED_STUDY,NEED_STUDY,none,UNTESTED,,2026-06-07,,,,,,,,,,,,,,
B_WALL_CARG0,WALL_CARG0,SEEDED,dimensions_library_fbx_bounds,,models/corvette/B_WALL_CARG0.fbx,source/control scale,6.027344,2.871216,2.135559,0.0,1.533142,1.158783,Right = normalize(Up cross At),Up = normalize(source.Up),At = normalize(source.At projected perpendicular to Up),NEED_STUDY,NEED_STUDY,none,UNTESTED,,2026-06-07,,,,,,,,,,,,,,
B_WALL_CARG1,WALL_CARG1,SEEDED,dimensions_library_fbx_bounds,,models/corvette/B_WALL_CARG1.fbx,source/control scale,6.015625,2.871216,2.186646,0.005859,1.533142,1.148865,Right = normalize(Up cross At),Up = normalize(source.Up),At = normalize(source.At projected perpendicular to Up),NEED_STUDY,NEED_STUDY,none,UNTESTED,,2026-06-07,,,,,,,,,,,,,,
B_WALL_CARG2,WALL_CARG2,SEEDED,dimensions_library_fbx_bounds,,models/corvette/B_WALL_CARG2.fbx,source/control scale,6.015625,2.871216,2.186646,0.005859,1.533142,1.148865,Right = normalize(Up cross At),Up = normalize(source.Up),At = normalize(source.At projected perpendicular to Up),NEED_STUDY,NEED_STUDY,none,UNTESTED,,2026-06-07,,,,,,,,,,,,,,
B_WALL_CARG3,WALL_CARG3,SEEDED,dimensions_library_fbx_bounds,,models/corvette/B_WALL_CARG3.fbx,source/control scale,6.015625,2.871216,2.186646,0.005859,1.533142,1.148865,Right = normalize(Up cross At),Up = normalize(source.Up),At = normalize(source.At projected perpendicular to Up),NEED_STUDY,NEED_STUDY,none,UNTESTED,,2026-06-07,,,,,,,,,,,,,,
B_WALL_CARG4,WALL_CARG4,SEEDED,dimensions_library_fbx_bounds,,models/corvette/B_WALL_CARG4.fbx,source/control scale,6.015625,2.871216,2.186646,0.005859,1.533142,1.148865,Right = normalize(Up cross At),Up = normalize(source.Up),At = normalize(source.At projected perpendicular to Up),NEED_STUDY,NEED_STUDY,none,UNTESTED,,2026-06-07,,,,,,,,,,,,,,
B_WALL_CARG5,WALL_CARG5,SEEDED,dimensions_library_fbx_bounds,,models/corvette/B_WALL_CARG5.fbx,source/control scale,6.015625,2.871216,2.186646,0.005859,1.533142,1.148865,Right = normalize(Up cross At),Up = normalize(source.Up),At = normalize(source.At projected perpendicular to Up),NEED_STUDY,NEED_STUDY,none,UNTESTED,,2026-06-07,,,,,,,,,,,,,,
B_WALL_CARG6,WALL_CARG6,SEEDED,dimensions_library_fbx_bounds,,models/corvette/B_WALL_CARG6.fbx,source/control scale,6.015625,2.871216,2.186646,0.005859,1.533142,1.148865,Right = normalize(Up cross At),Up = normalize(source.Up),At = normalize(source.At projected perpendicular to Up),NEED_STUDY,NEED_STUDY,none,UNTESTED,,2026-06-07,,,,,,,,,,,,,,
B_WALL_CARG7,WALL_CARG7,SEEDED,dimensions_library_fbx_bounds,,models/corvette/B_WALL_CARG7.fbx,source/control scale,6.015625,2.871216,2.186646,0.005859,1.533142,1.148865,Right = normalize(Up cross At),Up = normalize(source.Up),At = normalize(source.At projected perpendicular to Up),NEED_STUDY,NEED_STUDY,none,UNTESTED,,2026-06-07,,,,,,,,,,,,,,
B_WALL_CARG8,WALL_CARG8,SEEDED,dimensions_library_fbx_bounds,,models/corvette/B_WALL_CARG8.fbx,source/control scale,6.015625,2.871216,2.186646,0.005859,1.533142,1.148865,Right = normalize(Up cross At),Up = normalize(source.Up),At = normalize(source.At projected perpendicular to Up),NEED_STUDY,NEED_STUDY,none,UNTESTED,,2026-06-07,,,,,,,,,,,,,,
B_WALL_CARG9,WALL_CARG9,SEEDED,dimensions_library_fbx_bounds,,models/corvette/B_WALL_CARG9.fbx,source/control scale,6.015625,2.871216,2.186646,0.005859,1.533142,1.148865,Right = normalize(Up cross At),Up = normalize(source.Up),At = normalize(source.At projected perpendicular to Up),NEED_STUDY,NEED_STUDY,none,UNTESTED,,2026-06-07,,,,,,,,,,,,,,
B_WALL_H,WALL,SEEDED,dimensions_library_fbx_bounds,,models/builder_structures/B_WALL_H.fbx,source/control scale,3.038086,3.377071,0.566895,0.000488,1.684511,0.0,Right = normalize(Up cross At),Up = normalize(source.Up),At = normalize(source.At projected perpendicular to Up),NEED_STUDY,NEED_STUDY,none,UNTESTED,,2026-06-07,,,,,,,,,,,,,,
B_WALL_KITC0,WALL_KITC0,SEEDED,dimensions_library_fbx_bounds,,models/corvette/B_WALL_KITC0.fbx,source/control scale,3.000976,2.798462,0.578433,0.000488,1.498735,0.193514,Right = normalize(Up cross At),Up = normalize(source.Up),At = normalize(source.At projected perpendicular to Up),NEED_STUDY,NEED_STUDY,none,UNTESTED,,2026-06-07,,,,,,,,,,,,,,
B_WALL_MED0,WALL_MED0,SEEDED,dimensions_library_fbx_bounds,,models/corvette/B_WALL_MED0.fbx,source/control scale,3.000976,2.798462,0.578433,0.000488,1.498735,0.193514,Right = normalize(Up cross At),Up = normalize(source.Up),At = normalize(source.At projected perpendicular to Up),NEED_STUDY,NEED_STUDY,none,UNTESTED,,2026-06-07,,,,,,,,,,,,,,
B_WALL_PLAN0,WALL_PLAN0,SEEDED,dimensions_library_fbx_bounds,,models/corvette/B_WALL_PLAN0.fbx,source/control scale,3.009766,2.806946,0.72052,0.007812,1.502777,0.472748,Right = normalize(Up cross At),Up = normalize(source.Up),At = normalize(source.At projected perpendicular to Up),NEED_STUDY,NEED_STUDY,none,UNTESTED,,2026-06-07,,,,,,,,,,,,,,
B_WALL_Q,WALL,SEEDED,dimensions_library_fbx_bounds,,models/builder_structures/B_WALL_Q.fbx,source/control scale,5.425781,0.917114,0.758789,0.013672,0.47699,0.014648,Right = normalize(Up cross At),Up = normalize(source.Up),At = normalize(source.At projected perpendicular to Up),NEED_STUDY,NEED_STUDY,none,UNTESTED,,2026-06-07,,,,,,,,,,,,,,
B_WALL_Q1,WALL_Q1,SEEDED,dimensions_library_fbx_bounds,,models/builder_structures/B_WALL_Q1.fbx,source/control scale,5.458984,0.919235,1.238281,-0.02832,0.457375,-0.005859,Right = normalize(Up cross At),Up = normalize(source.Up),At = normalize(source.At projected perpendicular to Up),NEED_STUDY,NEED_STUDY,none,UNTESTED,,2026-06-07,,,,,,,,,,,,,,
B_WALL_Q_H,WALL_Q,SEEDED,dimensions_library_fbx_bounds,,models/builder_structures/B_WALL_Q_H.fbx,source/control scale,2.808594,0.9208,0.665039,-0.044922,0.471241,0.002686,Right = normalize(Up cross At),Up = normalize(source.Up),At = normalize(source.At projected perpendicular to Up),NEED_STUDY,NEED_STUDY,none,UNTESTED,,2026-06-07,,,,,,,,,,,,,,
B_WALL_Q_H1,WALL_Q,SEEDED,dimensions_library_fbx_bounds,,models/builder_structures/B_WALL_Q_H1.fbx,source/control scale,2.662015,0.847486,0.488892,-0.007765,0.434584,-0.000305,Right = normalize(Up cross At),Up = normalize(source.Up),At = normalize(source.At projected perpendicular to Up),NEED_STUDY,NEED_STUDY,none,UNTESTED,,2026-06-07,,,,,,,,,,,,,,
B_WALL_SUPPORTS,WALL_SUPPORTS,SEEDED,dimensions_library_fbx_bounds,,models/builder_structures/B_WALL_SUPPORTS.fbx,source/control scale,0.94873,2.199217,0.762253,0.012614,1.09961,-0.175302,Right = normalize(Up cross At),Up = normalize(source.Up),At = normalize(source.At projected perpendicular to Up),NEED_STUDY,NEED_STUDY,none,UNTESTED,,2026-06-07,,,,,,,,,,,,,,
B_WALL_TECH0,WALL_TECH0,SEEDED,dimensions_library_fbx_bounds,,models/corvette/B_WALL_TECH0.fbx,source/control scale,3.000976,2.798462,0.578433,0.000488,1.498735,0.193514,Right = normalize(Up cross At),Up = normalize(source.Up),At = normalize(source.At projected perpendicular to Up),NEED_STUDY,NEED_STUDY,none,UNTESTED,,2026-06-07,,,,,,,,,,,,,,
B_WALL_TECH1,WALL_TECH1,SEEDED,dimensions_library_fbx_bounds,,models/corvette/B_WALL_TECH1.fbx,source/control scale,3.000976,2.798462,0.578433,0.000488,1.498735,0.193514,Right = normalize(Up cross At),Up = normalize(source.Up),At = normalize(source.At projected perpendicular to Up),NEED_STUDY,NEED_STUDY,none,UNTESTED,,2026-06-07,,,,,,,,,,,,,,
B_WALL_TOIL0,WALL_TOIL0,SEEDED,dimensions_library_fbx_bounds,,models/corvette/B_WALL_TOIL0.fbx,source/control scale,3.000976,2.798462,0.578433,0.000488,1.498735,0.193514,Right = normalize(Up cross At),Up = normalize(source.Up),At = normalize(source.At projected perpendicular to Up),NEED_STUDY,NEED_STUDY,none,UNTESTED,,2026-06-07,,,,,,,,,,,,,,
B_WALL_WIN1,WALL_WIN1,SEEDED,dimensions_library_fbx_bounds,,models/builder_structures/B_WALL_WIN1.fbx,source/control scale,5.429688,3.373596,0.753662,0.0,1.686249,0.000122,Right = normalize(Up cross At),Up = normalize(source.Up),At = normalize(source.At projected perpendicular to Up),NEED_STUDY,NEED_STUDY,none,UNTESTED,,2026-06-07,,,,,,,,,,,,,,
B_WALL_WIN2,WALL_WIN2,SEEDED,dimensions_library_fbx_bounds,,models/builder_structures/B_WALL_WIN2.fbx,source/control scale,5.429688,3.373596,0.753662,0.0,1.686249,0.000122,Right = normalize(Up cross At),Up = normalize(source.Up),At = normalize(source.At projected perpendicular to Up),NEED_STUDY,NEED_STUDY,none,UNTESTED,,2026-06-07,,,,,,,,,,,,,,
B_WALL_WIN3,WALL_WIN3,SEEDED,dimensions_library_fbx_bounds,,models/builder_structures/B_WALL_WIN3.fbx,source/control scale,5.429688,3.373596,0.753662,0.0,1.686249,0.000122,Right = normalize(Up cross At),Up = normalize(source.Up),At = normalize(source.At projected perpendicular to Up),NEED_STUDY,NEED_STUDY,none,UNTESTED,,2026-06-07,,,,,,,,,,,,,,
B_WALL_WIND0,WALL_WIND0,SEEDED,dimensions_library_fbx_bounds,,models/corvette/B_WALL_WIND0.fbx,source/control scale,6.300781,2.904297,1.479736,0.0,1.452148,0.577515,Right = normalize(Up cross At),Up = normalize(source.Up),At = normalize(source.At projected perpendicular to Up),NEED_STUDY,NEED_STUDY,none,UNTESTED,,2026-06-07,,,,,,,,,,,,,,
B_WALL_WIND1,WALL_WIND1,SEEDED,dimensions_library_fbx_bounds,,models/corvette/B_WALL_WIND1.fbx,source/control scale,6.300781,2.911774,1.463135,0.0,1.495285,0.569214,Right = normalize(Up cross At),Up = normalize(source.Up),At = normalize(source.At projected perpendicular to Up),NEED_STUDY,NEED_STUDY,none,UNTESTED,,2026-06-07,,,,,,,,,,,,,,
B_WALL_WIND2,WALL_WIND2,SEEDED,dimensions_library_fbx_bounds,,models/corvette/B_WALL_WIND2.fbx,source/control scale,6.0,2.790283,2.044922,0.0,1.46228,0.231445,Right = normalize(Up cross At),Up = normalize(source.Up),At = normalize(source.At projected perpendicular to Up),NEED_STUDY,NEED_STUDY,none,UNTESTED,,2026-06-07,,,,,,,,,,,,,,
B_WALL_WINDOW,WALL_WINDOW,SEEDED,dimensions_library_fbx_bounds,,models/builder_structures/B_WALL_WINDOW.fbx,source/control scale,5.429688,3.373596,0.753662,0.0,1.686249,0.000122,Right = normalize(Up cross At),Up = normalize(source.Up),At = normalize(source.At projected perpendicular to Up),NEED_STUDY,NEED_STUDY,none,UNTESTED,,2026-06-07,,,,,,,,,,,,,,
B_WATERTOWER,WATERTOWER,SEEDED,dimensions_library_fbx_bounds,,models/decoration/B_WATERTOWER.fbx,source/control scale,3.8125,5.373581,4.574219,-0.294922,2.680397,0.0,Right = normalize(Up cross At),Up = normalize(source.Up),At = normalize(source.At projected perpendicular to Up),NEED_STUDY,NEED_STUDY,none,UNTESTED,,2026-06-07,,,,,,,,,,,,,,
B_WNG_A,WNG_A,SEEDED,dimensions_library_fbx_bounds,,models/corvette/B_WNG_A.fbx,source/control scale,5.98761,6.956055,20.335938,2.947601,2.463379,-1.675781,Right = normalize(Up cross At),Up = normalize(source.Up),At = normalize(source.At projected perpendicular to Up),NEED_STUDY,NEED_STUDY,none,UNTESTED,,2026-06-07,,,,,,,,,,,,,,
B_WNG_A_R,WNG_A_R,SEEDED,dimensions_library_fbx_bounds,,models/corvette/B_WNG_A_R.fbx,source/control scale,5.98761,6.956055,20.335938,-2.947601,2.463379,-1.675781,Right = normalize(Up cross At),Up = normalize(source.Up),At = normalize(source.At projected perpendicular to Up),NEED_STUDY,NEED_STUDY,none,UNTESTED,,2026-06-07,,,,,,,,,,,,,,
B_WNG_B,WNG_B,SEEDED,dimensions_library_fbx_bounds,,models/corvette/B_WNG_B.fbx,source/control scale,4.105104,7.037109,11.765625,1.824402,3.549805,0.0,Right = normalize(Up cross At),Up = normalize(source.Up),At = normalize(source.At projected perpendicular to Up),NEED_STUDY,NEED_STUDY,none,UNTESTED,,2026-06-07,,,,,,,,,,,,,,
B_WNG_B_R,WNG_B_R,SEEDED,dimensions_library_fbx_bounds,,models/corvette/B_WNG_B_R.fbx,source/control scale,4.105103,7.037109,11.765625,-1.824401,3.549805,0.0,Right = normalize(Up cross At),Up = normalize(source.Up),At = normalize(source.At projected perpendicular to Up),NEED_STUDY,NEED_STUDY,none,UNTESTED,,2026-06-07,,,,,,,,,,,,,,
B_WNG_C,WNG,SEEDED,dimensions_library_fbx_bounds,,models/corvette/B_WNG_C.fbx,source/control scale,9.960938,5.445312,22.6875,4.980469,0.640625,2.320312,Right = normalize(Up cross At),Up = normalize(source.Up),At = normalize(source.At projected perpendicular to Up),NEED_STUDY,NEED_STUDY,none,UNTESTED,,2026-06-07,,,,,,,,,,,,,,
B_WNG_C_R,WNG_C_R,SEEDED,dimensions_library_fbx_bounds,,models/corvette/B_WNG_C_R.fbx,source/control scale,9.960938,5.445312,22.6875,-4.980469,0.640625,2.320312,Right = normalize(Up cross At),Up = normalize(source.Up),At = normalize(source.At projected perpendicular to Up),NEED_STUDY,NEED_STUDY,none,UNTESTED,,2026-06-07,,,,,,,,,,,,,,
B_WNG_D,WNG_D,SEEDED,dimensions_library_fbx_bounds,,models/corvette/B_WNG_D.fbx,source/control scale,8.710938,6.064453,16.308594,4.355469,0.59668,-0.251953,Right = normalize(Up cross At),Up = normalize(source.Up),At = normalize(source.At projected perpendicular to Up),NEED_STUDY,NEED_STUDY,none,UNTESTED,,2026-06-07,,,,,,,,,,,,,,
B_WNG_D_R,WNG_D_R,SEEDED,dimensions_library_fbx_bounds,,models/corvette/B_WNG_D_R.fbx,source/control scale,8.710938,6.064453,16.308594,-4.355469,0.59668,-0.251953,Right = normalize(Up cross At),Up = normalize(source.Up),At = normalize(source.At projected perpendicular to Up),NEED_STUDY,NEED_STUDY,none,UNTESTED,,2026-06-07,,,,,,,,,,,,,,
B_WNG_E,WNG_E,SEEDED,dimensions_library_fbx_bounds,,models/corvette/B_WNG_E.fbx,source/control scale,6.0,3.0,11.296875,3.0,0.0,0.0,Right = normalize(Up cross At),Up = normalize(source.Up),At = normalize(source.At projected perpendicular to Up),NEED_STUDY,NEED_STUDY,none,UNTESTED,,2026-06-07,,,,,,,,,,,,,,
B_WNG_E_R,WNG_E_R,SEEDED,dimensions_library_fbx_bounds,,models/corvette/B_WNG_E_R.fbx,source/control scale,6.0,3.0,11.296875,-3.0,0.0,0.0,Right = normalize(Up cross At),Up = normalize(source.Up),At = normalize(source.At projected perpendicular to Up),NEED_STUDY,NEED_STUDY,none,UNTESTED,,2026-06-07,,,,,,,,,,,,,,
B_WNG_F,WNG_F,SEEDED,dimensions_library_fbx_bounds,,models/corvette/B_WNG_F.fbx,source/control scale,5.8125,5.189941,14.121094,2.90625,2.135498,0.900391,Right = normalize(Up cross At),Up = normalize(source.Up),At = normalize(source.At projected perpendicular to Up),NEED_STUDY,NEED_STUDY,none,UNTESTED,,2026-06-07,,,,,,,,,,,,,,
B_WNG_F_R,WNG_F_R,SEEDED,dimensions_library_fbx_bounds,,models/corvette/B_WNG_F_R.fbx,source/control scale,5.8125,5.189941,14.121094,-2.90625,2.135498,0.900391,Right = normalize(Up cross At),Up = normalize(source.Up),At = normalize(source.At projected perpendicular to Up),NEED_STUDY,NEED_STUDY,none,UNTESTED,,2026-06-07,,,,,,,,,,,,,,
B_WNG_G,WNG_G,SEEDED,dimensions_library_fbx_bounds,,models/corvette/B_WNG_G.fbx,source/control scale,6.0,3.013672,11.40625,3.0,0.0,0.0,Right = normalize(Up cross At),Up = normalize(source.Up),At = normalize(source.At projected perpendicular to Up),NEED_STUDY,NEED_STUDY,none,UNTESTED,,2026-06-07,,,,,,,,,,,,,,
B_WNG_G_R,WNG_G_R,SEEDED,dimensions_library_fbx_bounds,,models/corvette/B_WNG_G_R.fbx,source/control scale,6.0,3.013672,11.406251,-3.0,0.0,0.0,Right = normalize(Up cross At),Up = normalize(source.Up),At = normalize(source.At projected perpendicular to Up),NEED_STUDY,NEED_STUDY,none,UNTESTED,,2026-06-07,,,,,,,,,,,,,,
B_WNG_H,WNG,SEEDED,dimensions_library_fbx_bounds,,models/corvette/B_WNG_H.fbx,source/control scale,6.0,2.992188,9.626953,3.0,0.0,0.881836,Right = normalize(Up cross At),Up = normalize(source.Up),At = normalize(source.At projected perpendicular to Up),NEED_STUDY,NEED_STUDY,none,UNTESTED,,2026-06-07,,,,,,,,,,,,,,
B_WNG_H_R,WNG_H_R,SEEDED,dimensions_library_fbx_bounds,,models/corvette/B_WNG_H_R.fbx,source/control scale,6.0,2.992188,9.626953,-3.0,0.0,0.881836,Right = normalize(Up cross At),Up = normalize(source.Up),At = normalize(source.At projected perpendicular to Up),NEED_STUDY,NEED_STUDY,none,UNTESTED,,2026-06-07,,,,,,,,,,,,,,
B_WNG_I,WNG_I,SEEDED,dimensions_library_fbx_bounds,,models/corvette/B_WNG_I.fbx,source/control scale,5.639784,4.981445,10.597656,2.816827,1.407715,-0.630859,Right = normalize(Up cross At),Up = normalize(source.Up),At = normalize(source.At projected perpendicular to Up),NEED_STUDY,NEED_STUDY,none,UNTESTED,,2026-06-07,,,,,,,,,,,,,,
B_WNG_I_R,WNG_I_R,SEEDED,dimensions_library_fbx_bounds,,models/corvette/B_WNG_I_R.fbx,source/control scale,5.639784,4.981445,10.597656,-2.816827,1.407715,-0.630859,Right = normalize(Up cross At),Up = normalize(source.Up),At = normalize(source.At projected perpendicular to Up),NEED_STUDY,NEED_STUDY,none,UNTESTED,,2026-06-07,,,,,,,,,,,,,,
B_WNG_J,WNG_J,SEEDED,dimensions_library_fbx_bounds,,models/corvette/B_WNG_J.fbx,source/control scale,6.59374,5.265625,16.902344,3.29688,0.0,-1.501953,Right = normalize(Up cross At),Up = normalize(source.Up),At = normalize(source.At projected perpendicular to Up),NEED_STUDY,NEED_STUDY,none,UNTESTED,,2026-06-07,,,,,,,,,,,,,,
B_WNG_J_R,WNG_J_R,SEEDED,dimensions_library_fbx_bounds,,models/corvette/B_WNG_J_R.fbx,source/control scale,6.59374,5.265625,16.902344,-3.29688,0.0,-1.501953,Right = normalize(Up cross At),Up = normalize(source.Up),At = normalize(source.At projected perpendicular to Up),NEED_STUDY,NEED_STUDY,none,UNTESTED,,2026-06-07,,,,,,,,,,,,,,
B_WNG_K,WNG_K,SEEDED,dimensions_library_fbx_bounds,,models/corvette/B_WNG_K.fbx,source/control scale,3.972656,6.320312,12.398438,1.986328,0.0,0.0,Right = normalize(Up cross At),Up = normalize(source.Up),At = normalize(source.At projected perpendicular to Up),NEED_STUDY,NEED_STUDY,none,UNTESTED,,2026-06-07,,,,,,,,,,,,,,
B_WNG_K_R,WNG_K_R,SEEDED,dimensions_library_fbx_bounds,,models/corvette/B_WNG_K_R.fbx,source/control scale,3.972656,6.320312,12.398438,-1.986328,0.0,0.0,Right = normalize(Up cross At),Up = normalize(source.Up),At = normalize(source.At projected perpendicular to Up),NEED_STUDY,NEED_STUDY,none,UNTESTED,,2026-06-07,,,,,,,,,,,,,,
B_WNG_L,WNG_L,SEEDED,dimensions_library_fbx_bounds,,models/corvette/B_WNG_L.fbx,source/control scale,7.205414,4.675781,10.871094,3.651199,0.902344,-4.041016,Right = normalize(Up cross At),Up = normalize(source.Up),At = normalize(source.At projected perpendicular to Up),NEED_STUDY,NEED_STUDY,none,UNTESTED,,2026-06-07,,,,,,,,,,,,,,
B_WNG_L_R,WNG_L_R,SEEDED,dimensions_library_fbx_bounds,,models/corvette/B_WNG_L_R.fbx,source/control scale,7.205414,4.675781,10.871094,-3.651199,0.902344,-4.041016,Right = normalize(Up cross At),Up = normalize(source.Up),At = normalize(source.At projected perpendicular to Up),NEED_STUDY,NEED_STUDY,none,UNTESTED,,2026-06-07,,,,,,,,,,,,,,
B_WNG_M,WNG,SEEDED,dimensions_library_fbx_bounds,,models/corvette/B_WNG_M.fbx,source/control scale,4.333496,4.398438,8.517578,1.938721,0.494141,0.288086,Right = normalize(Up cross At),Up = normalize(source.Up),At = normalize(source.At projected perpendicular to Up),NEED_STUDY,NEED_STUDY,none,UNTESTED,,2026-06-07,,,,,,,,,,,,,,
B_WNG_M_R,WNG_M_R,SEEDED,dimensions_library_fbx_bounds,,models/corvette/B_WNG_M_R.fbx,source/control scale,4.333496,4.398438,8.517578,-1.938721,0.494141,0.288086,Right = normalize(Up cross At),Up = normalize(source.Up),At = normalize(source.At projected perpendicular to Up),NEED_STUDY,NEED_STUDY,none,UNTESTED,,2026-06-07,,,,,,,,,,,,,,
B_WNG_N,WNG_N,SEEDED,dimensions_library_fbx_bounds,,models/corvette/B_WNG_N.fbx,source/control scale,5.324081,8.667969,18.15625,2.650459,0.001953,3.078125,Right = normalize(Up cross At),Up = normalize(source.Up),At = normalize(source.At projected perpendicular to Up),NEED_STUDY,NEED_STUDY,none,UNTESTED,,2026-06-07,,,,,,,,,,,,,,
B_WNG_N_R,WNG_N_R,SEEDED,dimensions_library_fbx_bounds,,models/corvette/B_WNG_N_R.fbx,source/control scale,5.324081,8.65625,18.152344,-2.650459,0.0,3.080078,Right = normalize(Up cross At),Up = normalize(source.Up),At = normalize(source.At projected perpendicular to Up),NEED_STUDY,NEED_STUDY,none,UNTESTED,,2026-06-07,,,,,,,,,,,,,,
B_WNG_O_0,WNG_O_0,SEEDED,dimensions_library_fbx_bounds,,models/corvette/B_WNG_O_0.fbx,source/control scale,8.437813,5.020508,12.300781,4.226406,-1.026855,0.048828,Right = normalize(Up cross At),Up = normalize(source.Up),At = normalize(source.At projected perpendicular to Up),NEED_STUDY,NEED_STUDY,none,UNTESTED,,2026-06-07,,,,,,,,,,,,,,
B_WNG_O_0_R,WNG_O_0_R,SEEDED,dimensions_library_fbx_bounds,,models/corvette/B_WNG_O_0_R.fbx,source/control scale,8.438171,5.016602,12.300781,-4.226227,-1.024902,0.048828,Right = normalize(Up cross At),Up = normalize(source.Up),At = normalize(source.At projected perpendicular to Up),NEED_STUDY,NEED_STUDY,none,UNTESTED,,2026-06-07,,,,,,,,,,,,,,
B_WNG_O_1,WNG_O_1,SEEDED,dimensions_library_fbx_bounds,,models/corvette/B_WNG_O_1.fbx,source/control scale,8.438725,4.955078,6.222656,4.22595,-1.055664,0.0,Right = normalize(Up cross At),Up = normalize(source.Up),At = normalize(source.At projected perpendicular to Up),NEED_STUDY,NEED_STUDY,none,UNTESTED,,2026-06-07,,,,,,,,,,,,,,
B_WNG_O_1_R,WNG_O_1_R,SEEDED,dimensions_library_fbx_bounds,,models/corvette/B_WNG_O_1_R.fbx,source/control scale,8.437447,4.955078,6.222656,-4.226589,-1.055664,0.0,Right = normalize(Up cross At),Up = normalize(source.Up),At = normalize(source.At projected perpendicular to Up),NEED_STUDY,NEED_STUDY,none,UNTESTED,,2026-06-07,,,,,,,,,,,,,,
B_WNG_O_2,WNG_O_2,SEEDED,dimensions_library_fbx_bounds,,models/corvette/B_WNG_O_2.fbx,source/control scale,5.633953,3.518555,6.378906,2.823648,-0.275879,-0.085938,Right = normalize(Up cross At),Up = normalize(source.Up),At = normalize(source.At projected perpendicular to Up),NEED_STUDY,NEED_STUDY,none,UNTESTED,,2026-06-07,,,,,,,,,,,,,,
B_WNG_O_2_R,WNG_O_2_R,SEEDED,dimensions_library_fbx_bounds,,models/corvette/B_WNG_O_2_R.fbx,source/control scale,5.633953,3.518555,6.378906,-2.823648,-0.275879,-0.085938,Right = normalize(Up cross At),Up = normalize(source.Up),At = normalize(source.At projected perpendicular to Up),NEED_STUDY,NEED_STUDY,none,UNTESTED,,2026-06-07,,,,,,,,,,,,,,
B_WNG_P,WNG_P,SEEDED,dimensions_library_fbx_bounds,,models/corvette/B_WNG_P.fbx,source/control scale,5.107971,5.867188,13.777344,2.582733,0.0,-4.697266,Right = normalize(Up cross At),Up = normalize(source.Up),At = normalize(source.At projected perpendicular to Up),NEED_STUDY,NEED_STUDY,none,UNTESTED,,2026-06-07,,,,,,,,,,,,,,
B_WNG_P_B,WNG_P_B,SEEDED,dimensions_library_fbx_bounds,,models/corvette/B_WNG_P_B.fbx,source/control scale,5.867188,5.107971,13.777344,0.0,-2.582733,-4.697266,Right = normalize(Up cross At),Up = normalize(source.Up),At = normalize(source.At projected perpendicular to Up),NEED_STUDY,NEED_STUDY,none,UNTESTED,,2026-06-07,,,,,,,,,,,,,,
B_WNG_P_R,WNG_P_R,SEEDED,dimensions_library_fbx_bounds,,models/corvette/B_WNG_P_R.fbx,source/control scale,5.107971,5.867188,13.777344,-2.582733,0.0,-4.697266,Right = normalize(Up cross At),Up = normalize(source.Up),At = normalize(source.At projected perpendicular to Up),NEED_STUDY,NEED_STUDY,none,UNTESTED,,2026-06-07,,,,,,,,,,,,,,
B_WNG_P_T,WNG_P_T,SEEDED,dimensions_library_fbx_bounds,,models/corvette/B_WNG_P_T.fbx,source/control scale,5.867188,5.107971,13.777344,0.0,2.582733,-4.697266,Right = normalize(Up cross At),Up = normalize(source.Up),At = normalize(source.At projected perpendicular to Up),NEED_STUDY,NEED_STUDY,none,UNTESTED,,2026-06-07,,,,,,,,,,,,,,
B_WNG_Q,WNG,SEEDED,dimensions_library_fbx_bounds,,models/corvette/B_WNG_Q.fbx,source/control scale,13.268021,9.0625,25.984375,6.655052,0.0,0.765625,Right = normalize(Up cross At),Up = normalize(source.Up),At = normalize(source.At projected perpendicular to Up),NEED_STUDY,NEED_STUDY,none,UNTESTED,,2026-06-07,,,,,,,,,,,,,,
B_WNG_Q_R,WNG_Q_R,SEEDED,dimensions_library_fbx_bounds,,models/corvette/B_WNG_Q_R.fbx,source/control scale,13.276321,9.0625,25.984375,-6.658714,0.0,0.765625,Right = normalize(Up cross At),Up = normalize(source.Up),At = normalize(source.At projected perpendicular to Up),NEED_STUDY,NEED_STUDY,none,UNTESTED,,2026-06-07,,,,,,,,,,,,,,
B_WNG_R,WNG_R,SEEDED,dimensions_library_fbx_bounds,,models/corvette/B_WNG_R.fbx,source/control scale,7.796421,2.495117,27.164062,3.890852,0.169434,0.738281,Right = normalize(Up cross At),Up = normalize(source.Up),At = normalize(source.At projected perpendicular to Up),NEED_STUDY,NEED_STUDY,none,UNTESTED,,2026-06-07,,,,,,,,,,,,,,
B_WNG_R_B,WNG_R_B,SEEDED,dimensions_library_fbx_bounds,,models/corvette/B_WNG_R_B.fbx,source/control scale,2.495117,7.796421,27.164062,0.229004,-3.890852,0.738281,Right = normalize(Up cross At),Up = normalize(source.Up),At = normalize(source.At projected perpendicular to Up),NEED_STUDY,NEED_STUDY,none,UNTESTED,,2026-06-07,,,,,,,,,,,,,,
B_WNG_R_R,WNG_R_R,SEEDED,dimensions_library_fbx_bounds,,models/corvette/B_WNG_R_R.fbx,source/control scale,7.796421,2.495117,27.164062,-3.890852,0.169434,0.738281,Right = normalize(Up cross At),Up = normalize(source.Up),At = normalize(source.At projected perpendicular to Up),NEED_STUDY,NEED_STUDY,none,UNTESTED,,2026-06-07,,,,,,,,,,,,,,
B_WNG_R_T,WNG_R_T,SEEDED,dimensions_library_fbx_bounds,,models/corvette/B_WNG_R_T.fbx,source/control scale,2.495117,7.796421,27.164062,0.229004,-3.890852,0.738281,Right = normalize(Up cross At),Up = normalize(source.Up),At = normalize(source.At projected perpendicular to Up),NEED_STUDY,NEED_STUDY,none,UNTESTED,,2026-06-07,,,,,,,,,,,,,,
CARBONPLANTER,CARBONPLANTER,SEEDED,dimensions_library_fbx_bounds,,models/legacy_structures/CARBONPLANTER.fbx,source/control scale,1.827014,2.620745,0.906063,0.0,1.316115,-0.567995,Right = normalize(Up cross At),Up = normalize(source.Up),At = normalize(source.At projected perpendicular to Up),NEED_STUDY,NEED_STUDY,none,UNTESTED,,2026-06-07,,,,,,,,,,,,,,
CEILINGLIGHT,CEILINGLIGHT,SEEDED,dimensions_library_fbx_bounds,,models/lights/CEILINGLIGHT.fbx,source/control scale,3.725623,0.770448,3.725624,-1e-06,0.225456,0.0,Right = normalize(Up cross At),Up = normalize(source.Up),At = normalize(source.At projected perpendicular to Up),NEED_STUDY,NEED_STUDY,none,UNTESTED,,2026-06-07,,,,,,,,,,,,,,
CONTAINER0,CONTAINER0,SEEDED,dimensions_library_fbx_bounds,,models/storage/CONTAINER0.fbx,source/control scale,4.011648,4.011648,4.421503,0.0,2.009108,0.204927,Right = normalize(Up cross At),Up = normalize(source.Up),At = normalize(source.At projected perpendicular to Up),NEED_STUDY,NEED_STUDY,none,UNTESTED,,2026-06-07,,,,,,,,,,,,,,
CONTAINER1,CONTAINER1,SEEDED,dimensions_library_fbx_bounds,,models/storage/CONTAINER1.fbx,source/control scale,4.011648,4.011648,4.421503,0.0,2.009108,0.204927,Right = normalize(Up cross At),Up = normalize(source.Up),At = normalize(source.At projected perpendicular to Up),NEED_STUDY,NEED_STUDY,none,UNTESTED,,2026-06-07,,,,,,,,,,,,,,
CONTAINER2,CONTAINER2,SEEDED,dimensions_library_fbx_bounds,,models/storage/CONTAINER2.fbx,source/control scale,4.011648,4.011648,4.421503,0.0,2.009108,0.204927,Right = normalize(Up cross At),Up = normalize(source.Up),At = normalize(source.At projected perpendicular to Up),NEED_STUDY,NEED_STUDY,none,UNTESTED,,2026-06-07,,,,,,,,,,,,,,
CONTAINER3,CONTAINER3,SEEDED,dimensions_library_fbx_bounds,,models/storage/CONTAINER3.fbx,source/control scale,4.011648,4.011648,4.421503,0.0,2.009108,0.204927,Right = normalize(Up cross At),Up = normalize(source.Up),At = normalize(source.At projected perpendicular to Up),NEED_STUDY,NEED_STUDY,none,UNTESTED,,2026-06-07,,,,,,,,,,,,,,
CONTAINER4,CONTAINER4,SEEDED,dimensions_library_fbx_bounds,,models/storage/CONTAINER4.fbx,source/control scale,4.011648,4.011648,4.421503,0.0,2.009108,0.204927,Right = normalize(Up cross At),Up = normalize(source.Up),At = normalize(source.At projected perpendicular to Up),NEED_STUDY,NEED_STUDY,none,UNTESTED,,2026-06-07,,,,,,,,,,,,,,
CONTAINER5,CONTAINER5,SEEDED,dimensions_library_fbx_bounds,,models/storage/CONTAINER5.fbx,source/control scale,4.011648,4.011648,4.421503,0.0,2.009108,0.204927,Right = normalize(Up cross At),Up = normalize(source.Up),At = normalize(source.At projected perpendicular to Up),NEED_STUDY,NEED_STUDY,none,UNTESTED,,2026-06-07,,,,,,,,,,,,,,
CONTAINER6,CONTAINER6,SEEDED,dimensions_library_fbx_bounds,,models/storage/CONTAINER6.fbx,source/control scale,4.011648,4.011648,4.421503,0.0,2.009108,0.204927,Right = normalize(Up cross At),Up = normalize(source.Up),At = normalize(source.At projected perpendicular to Up),NEED_STUDY,NEED_STUDY,none,UNTESTED,,2026-06-07,,,,,,,,,,,,,,
CONTAINER7,CONTAINER7,SEEDED,dimensions_library_fbx_bounds,,models/storage/CONTAINER7.fbx,source/control scale,4.011648,4.011648,4.421503,0.0,2.009108,0.204927,Right = normalize(Up cross At),Up = normalize(source.Up),At = normalize(source.At projected perpendicular to Up),NEED_STUDY,NEED_STUDY,none,UNTESTED,,2026-06-07,,,,,,,,,,,,,,
CONTAINER8,CONTAINER8,SEEDED,dimensions_library_fbx_bounds,,models/storage/CONTAINER8.fbx,source/control scale,4.011648,4.011648,4.421503,0.0,2.009108,0.204927,Right = normalize(Up cross At),Up = normalize(source.Up),At = normalize(source.At projected perpendicular to Up),NEED_STUDY,NEED_STUDY,none,UNTESTED,,2026-06-07,,,,,,,,,,,,,,
CONTAINER9,CONTAINER9,SEEDED,dimensions_library_fbx_bounds,,models/storage/CONTAINER9.fbx,source/control scale,4.011648,4.011648,4.421503,0.0,2.009108,0.204927,Right = normalize(Up cross At),Up = normalize(source.Up),At = normalize(source.At projected perpendicular to Up),NEED_STUDY,NEED_STUDY,none,UNTESTED,,2026-06-07,,,,,,,,,,,,,,
CONT_S,CONT_S,SEEDED,dimensions_library_fbx_bounds,,models/decoration/CONT_S.fbx,source/control scale,0.605225,1.10498,0.580811,-0.002075,0.546278,-0.00061,Right = normalize(Up cross At),Up = normalize(source.Up),At = normalize(source.At projected perpendicular to Up),NEED_STUDY,NEED_STUDY,none,UNTESTED,,2026-06-07,,,,,,,,,,,,,,
COOKER,COOKER,SEEDED,dimensions_library_fbx_bounds,,models/deployable_technology/COOKER.fbx,source/control scale,3.330553,2.147403,1.691653,0.016864,1.073702,0.198084,Right = normalize(Up cross At),Up = normalize(source.Up),At = normalize(source.At projected perpendicular to Up),NEED_STUDY,NEED_STUDY,none,UNTESTED,,2026-06-07,,,,,,,,,,,,,,
CORNERPOST,CORNERPOST,SEEDED,dimensions_library_fbx_bounds,,models/legacy_structures/CORNERPOST.fbx,source/control scale,0.42,1.21,0.42,0.0,0.605,0.0,Right = normalize(Up cross At),Up = normalize(source.Up),At = normalize(source.At projected perpendicular to Up),NEED_STUDY,NEED_STUDY,none,UNTESTED,,2026-06-07,,,,,,,,,,,,,,
CORRIDOR,CORRIDOR,SEEDED,dimensions_library_fbx_bounds,,models/large_structures/CORRIDOR.fbx,source/control scale,4.0,3.353973,2.868374,0.0,1.630717,0.0,Right = normalize(Up cross At),Up = normalize(source.Up),At = normalize(source.At projected perpendicular to Up),NEED_STUDY,NEED_STUDY,none,UNTESTED,,2026-06-07,,,,,,,,,,,,,,
CORRIDORC,CORRIDORC,SEEDED,dimensions_library_fbx_bounds,,models/large_structures/CORRIDORC.fbx,source/control scale,7.415444,3.353973,7.415444,0.283028,1.630717,0.283028,Right = normalize(Up cross At),Up = normalize(source.Up),At = normalize(source.At projected perpendicular to Up),NEED_STUDY,NEED_STUDY,none,UNTESTED,,2026-06-07,,,,,,,,,,,,,,
CORRIDORL,CORRIDORL,SEEDED,dimensions_library_fbx_bounds,,models/large_structures/CORRIDORL.fbx,source/control scale,3.434187,3.353973,3.434187,-0.282906,1.630717,-0.282906,Right = normalize(Up cross At),Up = normalize(source.Up),At = normalize(source.At projected perpendicular to Up),NEED_STUDY,NEED_STUDY,none,UNTESTED,,2026-06-07,,,,,,,,,,,,,,
CORRIDORL_SPACE,CORRIDORL,SEEDED,dimensions_library_fbx_bounds,,models/freighter/CORRIDORL_SPACE.fbx,source/control scale,7.242561,3.353973,7.242561,-1.62128,1.630717,-0.378719,Right = normalize(Up cross At),Up = normalize(source.Up),At = normalize(source.At projected perpendicular to Up),NEED_STUDY,NEED_STUDY,none,UNTESTED,,2026-06-07,,,,,,,,,,,,,,
CORRIDORL_WATER,CORRIDORL_WATER,SEEDED,dimensions_library_fbx_bounds,,models/large_structures/CORRIDORL_WATER.fbx,source/control scale,3.702672,3.637129,3.702672,-0.148664,1.655847,-0.148664,Right = normalize(Up cross At),Up = normalize(source.Up),At = normalize(source.At projected perpendicular to Up),NEED_STUDY,NEED_STUDY,none,UNTESTED,,2026-06-07,,,,,,,,,,,,,,
CORRIDORT,CORRIDORT,SEEDED,dimensions_library_fbx_bounds,,models/large_structures/CORRIDORT.fbx,source/control scale,3.434187,3.353973,4.0,-0.282906,1.630717,0.0,Right = normalize(Up cross At),Up = normalize(source.Up),At = normalize(source.At projected perpendicular to Up),NEED_STUDY,NEED_STUDY,none,UNTESTED,,2026-06-07,,,,,,,,,,,,,,
CORRIDORT_SPACE,CORRIDORT,SEEDED,dimensions_library_fbx_bounds,,models/freighter/CORRIDORT_SPACE.fbx,source/control scale,8.0,3.353973,7.198859,0.0,1.630717,3.597623,Right = normalize(Up cross At),Up = normalize(source.Up),At = normalize(source.At projected perpendicular to Up),NEED_STUDY,NEED_STUDY,none,UNTESTED,,2026-06-07,,,,,,,,,,,,,,
CORRIDORT_WATER,CORRIDORT_WATER,SEEDED,dimensions_library_fbx_bounds,,models/large_structures/CORRIDORT_WATER.fbx,source/control scale,3.702672,3.637129,4.0,-0.148664,1.655847,0.0,Right = normalize(Up cross At),Up = normalize(source.Up),At = normalize(source.At projected perpendicular to Up),NEED_STUDY,NEED_STUDY,none,UNTESTED,,2026-06-07,,,,,,,,,,,,,,
CORRIDORV_WATER,CORRIDORV_WATER,SEEDED,dimensions_library_fbx_bounds,,models/large_structures/CORRIDORV_WATER.fbx,source/control scale,3.618825,4.0,3.405345,-0.009153,2.0,0.0,Right = normalize(Up cross At),Up = normalize(source.Up),At = normalize(source.At projected perpendicular to Up),NEED_STUDY,NEED_STUDY,none,UNTESTED,,2026-06-07,,,,,,,,,,,,,,
CORRIDORX,CORRIDORX,SEEDED,dimensions_library_fbx_bounds,,models/large_structures/CORRIDORX.fbx,source/control scale,4.0,3.353973,4.0,0.0,1.630717,0.0,Right = normalize(Up cross At),Up = normalize(source.Up),At = normalize(source.At projected perpendicular to Up),NEED_STUDY,NEED_STUDY,none,UNTESTED,,2026-06-07,,,,,,,,,,,,,,
CORRIDORX_SPACE,CORRIDORX,SEEDED,dimensions_library_fbx_bounds,,models/freighter/CORRIDORX_SPACE.fbx,source/control scale,8.0,3.353973,8.003614,0.0,1.630717,0.0,Right = normalize(Up cross At),Up = normalize(source.Up),At = normalize(source.At projected perpendicular to Up),NEED_STUDY,NEED_STUDY,none,UNTESTED,,2026-06-07,,,,,,,,,,,,,,
CORRIDORX_WATER,CORRIDORX_WATER,SEEDED,dimensions_library_fbx_bounds,,models/large_structures/CORRIDORX_WATER.fbx,source/control scale,4.0,3.637129,4.0,0.0,1.655847,0.0,Right = normalize(Up cross At),Up = normalize(source.Up),At = normalize(source.At projected perpendicular to Up),NEED_STUDY,NEED_STUDY,none,UNTESTED,,2026-06-07,,,,,,,,,,,,,,
CORRIDOR_S,CORRIDOR_S,SEEDED,dimensions_library_fbx_bounds,,models/freighter/CORRIDOR_S.fbx,source/control scale,6.882812,7.94922,8.0,0.0,1.975467,0.0,Right = normalize(Up cross At),Up = normalize(source.Up),At = normalize(source.At projected perpendicular to Up),NEED_STUDY,NEED_STUDY,none,UNTESTED,,2026-06-07,,,,,,,,,,,,,,
CORRIDOR_SPACE,CORRIDOR,SEEDED,dimensions_library_fbx_bounds,,models/freighter/CORRIDOR_SPACE.fbx,source/control scale,8.278533,3.353973,6.485122,0.038733,1.630717,0.0,Right = normalize(Up cross At),Up = normalize(source.Up),At = normalize(source.At projected perpendicular to Up),NEED_STUDY,NEED_STUDY,none,UNTESTED,,2026-06-07,,,,,,,,,,,,,,
CORRIDOR_WATER,CORRIDOR_WATER,SEEDED,dimensions_library_fbx_bounds,,models/large_structures/CORRIDOR_WATER.fbx,source/control scale,4.0,3.637129,3.405345,0.0,1.655847,0.0,Right = normalize(Up cross At),Up = normalize(source.Up),At = normalize(source.At projected perpendicular to Up),NEED_STUDY,NEED_STUDY,none,UNTESTED,,2026-06-07,,,,,,,,,,,,,,
CORRIDOR_WINDOW,CORRIDOR_WINDOW,SEEDED,dimensions_library_fbx_bounds,,models/freighter/CORRIDOR_WINDOW.fbx,source/control scale,6.882812,7.94922,8.0,0.0,1.975467,0.0,Right = normalize(Up cross At),Up = normalize(source.Up),At = normalize(source.At projected perpendicular to Up),NEED_STUDY,NEED_STUDY,none,UNTESTED,,2026-06-07,,,,,,,,,,,,,,
CORSTAIRS_SPACE,CORSTAIRS,SEEDED,dimensions_library_fbx_bounds,,models/freighter/CORSTAIRS_SPACE.fbx,source/control scale,8.0,7.347016,6.485122,0.0,3.627238,0.0,Right = normalize(Up cross At),Up = normalize(source.Up),At = normalize(source.At projected perpendicular to Up),NEED_STUDY,NEED_STUDY,none,UNTESTED,,2026-06-07,,,,,,,,,,,,,,
CRATEFRAME,CRATEFRAME,SEEDED,dimensions_library_fbx_bounds,,models/decoration/CRATEFRAME.fbx,source/control scale,2.371094,1.255966,1.402832,0.0,0.62397,-0.001709,Right = normalize(Up cross At),Up = normalize(source.Up),At = normalize(source.At projected perpendicular to Up),NEED_STUDY,NEED_STUDY,none,UNTESTED,,2026-06-07,,,,,,,,,,,,,,
CRATELCYLINDER,CRATELCYLINDER,SEEDED,dimensions_library_fbx_bounds,,models/furnishings/CRATELCYLINDER.fbx,source/control scale,0.818532,1.872079,0.938987,0.0,0.92501,-0.006546,Right = normalize(Up cross At),Up = normalize(source.Up),At = normalize(source.At projected perpendicular to Up),NEED_STUDY,NEED_STUDY,none,UNTESTED,,2026-06-07,,,,,,,,,,,,,,
CRATELRARE,CRATELRARE,SEEDED,dimensions_library_fbx_bounds,,models/furnishings/CRATELRARE.fbx,source/control scale,1.187858,0.753861,2.003804,-0.002291,0.371776,0.006733,Right = normalize(Up cross At),Up = normalize(source.Up),At = normalize(source.At projected perpendicular to Up),NEED_STUDY,NEED_STUDY,none,UNTESTED,,2026-06-07,,,,,,,,,,,,,,
CREATHOLOGRAM,CREATHOLOGRAM,SEEDED,dimensions_library_fbx_bounds,,models/furnishings/CREATHOLOGRAM.fbx,source/control scale,0.418701,0.423639,0.421753,0.002568,0.210418,-0.000988,Right = normalize(Up cross At),Up = normalize(source.Up),At = normalize(source.At projected perpendicular to Up),NEED_STUDY,NEED_STUDY,none,UNTESTED,,2026-06-07,,,,,,,,,,,,,,
CREATUREPLANT,CREATUREPLANT,SEEDED,dimensions_library_fbx_bounds,,models/farming/CREATUREPLANT.fbx,source/control scale,1.333088,1.638091,1.269721,0.132884,0.553963,-0.032946,Right = normalize(Up cross At),Up = normalize(source.Up),At = normalize(source.At projected perpendicular to Up),NEED_STUDY,NEED_STUDY,none,UNTESTED,,2026-06-07,,,,,,,,,,,,,,
CREATURE_FARM,CREATURE_FARM,SEEDED,dimensions_library_fbx_bounds,,models/farming/CREATURE_FARM.fbx,source/control scale,1.23,3.591406,4.159787,0.0,1.859358,0.520564,Right = normalize(Up cross At),Up = normalize(source.Up),At = normalize(source.At projected perpendicular to Up),NEED_STUDY,NEED_STUDY,none,UNTESTED,,2026-06-07,,,,,,,,,,,,,,
CREATURE_FEED,CREATURE_FEED,SEEDED,dimensions_library_fbx_bounds,,models/farming/CREATURE_FEED.fbx,source/control scale,2.53736,3.70205,2.512259,0.0,1.851025,0.014051,Right = normalize(Up cross At),Up = normalize(source.Up),At = normalize(source.At projected perpendicular to Up),NEED_STUDY,NEED_STUDY,none,UNTESTED,,2026-06-07,,,,,,,,,,,,,,
CUBEFLOOR,CUBEFLOOR,SEEDED,dimensions_library_fbx_bounds,,models/large_structures/CUBEFLOOR.fbx,source/control scale,4.0,0.413731,4.0,0.0,-0.038483,0.0,Right = normalize(Up cross At),Up = normalize(source.Up),At = normalize(source.At projected perpendicular to Up),NEED_STUDY,NEED_STUDY,none,UNTESTED,,2026-06-07,,,,,,,,,,,,,,
CUBEFOUND,CUBEFOUND,SEEDED,dimensions_library_fbx_bounds,,models/decoration/CUBEFOUND.fbx,source/control scale,3.81,1.632095,3.81,0.0,-0.065477,0.0,Right = normalize(Up cross At),Up = normalize(source.Up),At = normalize(source.At projected perpendicular to Up),NEED_STUDY,NEED_STUDY,none,UNTESTED,,2026-06-07,,,,,,,,,,,,,,
CUBEFOUND4,CUBEFOUND4,SEEDED,dimensions_library_fbx_bounds,,models/decoration/CUBEFOUND4.fbx,source/control scale,4.055908,1.632095,4.05163,0.0,-0.065477,0.002139,Right = normalize(Up cross At),Up = normalize(source.Up),At = normalize(source.At projected perpendicular to Up),NEED_STUDY,NEED_STUDY,none,UNTESTED,,2026-06-07,,,,,,,,,,,,,,
CUBEFRAME,CUBEFRAME,SEEDED,dimensions_library_fbx_bounds,,models/large_structures/CUBEFRAME.fbx,source/control scale,4.03325,4.58873,4.03325,0.0,1.985574,0.0,Right = normalize(Up cross At),Up = normalize(source.Up),At = normalize(source.At projected perpendicular to Up),NEED_STUDY,NEED_STUDY,none,UNTESTED,,2026-06-07,,,,,,,,,,,,,,
CUBEGLASS,CUBEGLASS,SEEDED,dimensions_library_fbx_bounds,,models/large_structures/CUBEGLASS.fbx,source/control scale,4.0,4.339941,4.0,0.0,2.169971,0.0,Right = normalize(Up cross At),Up = normalize(source.Up),At = normalize(source.At projected perpendicular to Up),NEED_STUDY,NEED_STUDY,none,UNTESTED,,2026-06-07,,,,,,,,,,,,,,
CUBEINNERDOOR,CUBEINNERDOOR,SEEDED,dimensions_library_fbx_bounds,,models/large_structures/CUBEINNERDOOR.fbx,source/control scale,4.003942,4.00393,0.29361,0.0,2.014063,0.0,Right = normalize(Up cross At),Up = normalize(source.Up),At = normalize(source.At projected perpendicular to Up),NEED_STUDY,NEED_STUDY,none,UNTESTED,,2026-06-07,,,,,,,,,,,,,,
CUBEROOF,CUBEROOF,SEEDED,dimensions_library_fbx_bounds,,models/large_structures/CUBEROOF.fbx,source/control scale,3.435518,1.393606,3.435518,0.0,0.707386,0.0,Right = normalize(Up cross At),Up = normalize(source.Up),At = normalize(source.At projected perpendicular to Up),NEED_STUDY,NEED_STUDY,none,UNTESTED,,2026-06-07,,,,,,,,,,,,,,
CUBEROOM,CUBEROOM,SEEDED,dimensions_library_fbx_bounds,,models/large_structures/CUBEROOM.fbx,source/control scale,5.519768,4.264283,5.519768,0.0,2.132142,0.0,Right = normalize(Up cross At),Up = normalize(source.Up),At = normalize(source.At projected perpendicular to Up),NEED_STUDY,NEED_STUDY,none,UNTESTED,,2026-06-07,,,,,,,,,,,,,,
CUBEROOMB_SPACE,CUBEROOMB,SEEDED,dimensions_library_fbx_bounds,,models/freighter/CUBEROOMB_SPACE.fbx,source/control scale,8.199792,4.0,8.199792,0.0,2.0,0.0,Right = normalize(Up cross At),Up = normalize(source.Up),At = normalize(source.At projected perpendicular to Up),NEED_STUDY,NEED_STUDY,none,UNTESTED,,2026-06-07,,,,,,,,,,,,,,
CUBEROOMCURVED,CUBEROOMCURVED,SEEDED,dimensions_library_fbx_bounds,,models/large_structures/CUBEROOMCURVED.fbx,source/control scale,4.0,4.0,4.0,0.0,2.0,0.0,Right = normalize(Up cross At),Up = normalize(source.Up),At = normalize(source.At projected perpendicular to Up),NEED_STUDY,NEED_STUDY,none,UNTESTED,,2026-06-07,,,,,,,,,,,,,,
CUBEROOMC_SPACE,CUBEROOMC,SEEDED,dimensions_library_fbx_bounds,,models/freighter/CUBEROOMC_SPACE.fbx,source/control scale,8.199792,4.0,8.199792,0.0,2.0,0.0,Right = normalize(Up cross At),Up = normalize(source.Up),At = normalize(source.At projected perpendicular to Up),NEED_STUDY,NEED_STUDY,none,UNTESTED,,2026-06-07,,,,,,,,,,,,,,
CUBEROOM_SPACE,CUBEROOM,SEEDED,dimensions_library_fbx_bounds,,models/freighter/CUBEROOM_SPACE.fbx,source/control scale,8.199792,4.0,8.199792,0.0,2.0,0.0,Right = normalize(Up cross At),Up = normalize(source.Up),At = normalize(source.At projected perpendicular to Up),NEED_STUDY,NEED_STUDY,none,UNTESTED,,2026-06-07,,,,,,,,,,,,,,
CUBESHAPE,CUBESHAPE,SEEDED,dimensions_library_fbx_bounds,,models/decoration/CUBESHAPE.fbx,source/control scale,2.115486,2.115486,2.115486,0.0,1.0,0.0,Right = normalize(Up cross At),Up = normalize(source.Up),At = normalize(source.At projected perpendicular to Up),NEED_STUDY,NEED_STUDY,none,UNTESTED,,2026-06-07,,,,,,,,,,,,,,
CUBESOLID,CUBESOLID,SEEDED,dimensions_library_fbx_bounds,,models/large_structures/CUBESOLID.fbx,source/control scale,4.0,4.264283,4.0,0.0,2.132142,0.0,Right = normalize(Up cross At),Up = normalize(source.Up),At = normalize(source.At projected perpendicular to Up),NEED_STUDY,NEED_STUDY,none,UNTESTED,,2026-06-07,,,,,,,,,,,,,,
CUBESTAIRS,CUBESTAIRS,SEEDED,dimensions_library_fbx_bounds,,models/large_structures/CUBESTAIRS.fbx,source/control scale,2.997438,3.956758,4.03125,0.0,1.978379,0.015625,Right = normalize(Up cross At),Up = normalize(source.Up),At = normalize(source.At projected perpendicular to Up),NEED_STUDY,NEED_STUDY,none,UNTESTED,,2026-06-07,,,,,,,,,,,,,,
CUBEWALL,CUBEWALL,SEEDED,dimensions_library_fbx_bounds,,models/large_structures/CUBEWALL.fbx,source/control scale,4.003942,4.003941,0.335608,0.0,2.003567,0.0,Right = normalize(Up cross At),Up = normalize(source.Up),At = normalize(source.At projected perpendicular to Up),NEED_STUDY,NEED_STUDY,none,UNTESTED,,2026-06-07,,,,,,,,,,,,,,
CUBEWALL_SPACE,CUBEWALL,SEEDED,dimensions_library_fbx_bounds,,models/large_structures/CUBEWALL.fbx,source/control scale,4.003942,4.003941,0.335608,0.0,2.003567,0.0,Right = normalize(Up cross At),Up = normalize(source.Up),At = normalize(source.At projected perpendicular to Up),NEED_STUDY,NEED_STUDY,none,UNTESTED,,2026-06-07,,,,,,,,,,,,,,
CUBEWINDOW,CUBEWINDOW,SEEDED,dimensions_library_fbx_bounds,,models/large_structures/CUBEWINDOW.fbx,source/control scale,3.21936,3.219337,0.149851,0.0,1.994318,3.5e-05,Right = normalize(Up cross At),Up = normalize(source.Up),At = normalize(source.At projected perpendicular to Up),NEED_STUDY,NEED_STUDY,none,UNTESTED,,2026-06-07,,,,,,,,,,,,,,
CUBEWINDOWOVAL,CUBEWINDOWOVAL,SEEDED,dimensions_library_fbx_bounds,,models/large_structures/CUBEWINDOWOVAL.fbx,source/control scale,2.92,2.92,0.2428,0.0,2.153594,0.084186,Right = normalize(Up cross At),Up = normalize(source.Up),At = normalize(source.At projected perpendicular to Up),NEED_STUDY,NEED_STUDY,none,UNTESTED,,2026-06-07,,,,,,,,,,,,,,
CUBEWINDOWSMALL,CUBEWINDOWSMALL,SEEDED,dimensions_library_fbx_bounds,,models/large_structures/CUBEWINDOWSMALL.fbx,source/control scale,2.192031,2.192031,0.302986,-1e-06,2.142882,0.088293,Right = normalize(Up cross At),Up = normalize(source.Up),At = normalize(source.At projected perpendicular to Up),NEED_STUDY,NEED_STUDY,none,UNTESTED,,2026-06-07,,,,,,,,,,,,,,
CURVEDCUBEROOF,CURVEDCUBEROOF,SEEDED,dimensions_library_fbx_bounds,,models/large_structures/CURVEDCUBEROOF.fbx,source/control scale,5.519768,4.146408,5.519768,0.0,2.073204,0.0,Right = normalize(Up cross At),Up = normalize(source.Up),At = normalize(source.At projected perpendicular to Up),NEED_STUDY,NEED_STUDY,none,UNTESTED,,2026-06-07,,,,,,,,,,,,,,
CURVEDDESK,CURVEDDESK,SEEDED,dimensions_library_fbx_bounds,,models/furnishings/CURVEDDESK.fbx,source/control scale,2.997523,1.094796,1.564618,-0.003102,0.547371,0.169096,Right = normalize(Up cross At),Up = normalize(source.Up),At = normalize(source.At projected perpendicular to Up),NEED_STUDY,NEED_STUDY,none,UNTESTED,,2026-06-07,,,,,,,,,,,,,,
CURVEPIPESHAPE,CURVEPIPESHAPE,SEEDED,dimensions_library_fbx_bounds,,models/decoration/CURVEPIPESHAPE.fbx,source/control scale,1.474369,1.48784,0.964812,-0.254893,0.740038,0.0,Right = normalize(Up cross At),Up = normalize(source.Up),At = normalize(source.At projected perpendicular to Up),NEED_STUDY,NEED_STUDY,none,UNTESTED,,2026-06-07,,,,,,,,,,,,,,
CYLINDERSHAPE,CYLINDERSHAPE,SEEDED,dimensions_library_fbx_bounds,,models/decoration/CYLINDERSHAPE.fbx,source/control scale,2.0,2.0,2.0,0.0,1.0,0.0,Right = normalize(Up cross At),Up = normalize(source.Up),At = normalize(source.At projected perpendicular to Up),NEED_STUDY,NEED_STUDY,none,UNTESTED,,2026-06-07,,,,,,,,,,,,,,
C_ARCH,ARCH,SEEDED,dimensions_library_fbx_bounds,,models/legacy_structures/C_ARCH.fbx,source/control scale,5.657782,3.332744,0.397372,0.0,1.669417,0.0,Right = normalize(Up cross At),Up = normalize(source.Up),At = normalize(source.At projected perpendicular to Up),NEED_STUDY,NEED_STUDY,none,UNTESTED,,2026-06-07,,,,,,,,,,,,,,
C_ARCH_H,ARCH,SEEDED,dimensions_library_fbx_bounds,,models/legacy_structures/C_ARCH_H.fbx,source/control scale,2.828891,3.332744,0.397372,-0.068361,1.669417,0.0,Right = normalize(Up cross At),Up = normalize(source.Up),At = normalize(source.At projected perpendicular to Up),NEED_STUDY,NEED_STUDY,none,UNTESTED,,2026-06-07,,,,,,,,,,,,,,
C_DOOR,DOOR,SEEDED,dimensions_library_fbx_bounds,,models/legacy_structures/C_DOOR.fbx,source/control scale,5.682076,3.329664,0.394648,-0.000345,1.665093,0.0,Right = normalize(Up cross At),Up = normalize(source.Up),At = normalize(source.At projected perpendicular to Up),NEED_STUDY,NEED_STUDY,none,UNTESTED,,2026-06-07,,,,,,,,,,,,,,
C_DOORWINDOW,DOORWINDOW,SEEDED,dimensions_library_fbx_bounds,,models/legacy_structures/C_DOORWINDOW.fbx,source/control scale,5.682076,3.329664,0.394648,-0.000345,1.665093,0.0,Right = normalize(Up cross At),Up = normalize(source.Up),At = normalize(source.At projected perpendicular to Up),NEED_STUDY,NEED_STUDY,none,UNTESTED,,2026-06-07,,,,,,,,,,,,,,
C_DOOR_H,DOOR,SEEDED,dimensions_library_fbx_bounds,,models/legacy_structures/C_DOOR_H.fbx,source/control scale,3.010806,3.329664,0.394648,0.005404,1.665093,0.0,Right = normalize(Up cross At),Up = normalize(source.Up),At = normalize(source.At projected perpendicular to Up),NEED_STUDY,NEED_STUDY,none,UNTESTED,,2026-06-07,,,,,,,,,,,,,,
C_FLOOR,FLOOR,SEEDED,dimensions_library_fbx_bounds,,models/legacy_structures/C_FLOOR.fbx,source/control scale,5.4394,0.291666,5.437448,-0.053684,0.0,0.062474,Right = normalize(Up cross At),Up = normalize(source.Up),At = normalize(source.At projected perpendicular to Up),NEED_STUDY,NEED_STUDY,none,UNTESTED,,2026-06-07,,,,,,,,,,,,,,
C_FLOOR_Q,FLOOR,SEEDED,dimensions_library_fbx_bounds,,models/legacy_structures/C_FLOOR_Q.fbx,source/control scale,2.653056,0.396786,2.670615,-0.003358,0.006577,-0.003152,Right = normalize(Up cross At),Up = normalize(source.Up),At = normalize(source.At projected perpendicular to Up),NEED_STUDY,NEED_STUDY,none,UNTESTED,,2026-06-07,,,,,,,,,,,,,,
C_GDOOR,GDOOR,SEEDED,dimensions_library_fbx_bounds,,models/legacy_structures/C_GDOOR.fbx,source/control scale,5.671977,3.329666,2.055296,0.004704,1.665092,-0.602744,Right = normalize(Up cross At),Up = normalize(source.Up),At = normalize(source.At projected perpendicular to Up),NEED_STUDY,NEED_STUDY,none,UNTESTED,,2026-06-07,,,,,,,,,,,,,,
C_GFLOOR,GFLOOR,SEEDED,dimensions_library_fbx_bounds,,models/legacy_structures/C_GFLOOR.fbx,source/control scale,5.330001,0.455096,5.330007,0.008736,0.0,4e-06,Right = normalize(Up cross At),Up = normalize(source.Up),At = normalize(source.At projected perpendicular to Up),NEED_STUDY,NEED_STUDY,none,UNTESTED,,2026-06-07,,,,,,,,,,,,,,
C_RAMP,STAIR_FULL_RAMP,USER_ACCEPTED_GENERAL_PLACEMENT,per_part_partmap,library/part_placement_maps/C_RAMP.partmap.json,models/legacy_structures/C_RAMP.fbx,source/control scale unless explicitly parameterized,4.833932,3.806864,5.595291,0.0,1.535044,0.148896,normalize(Up cross At),normalize(source.Up),normalize(source.At projected perpendicular to Up),USER_ACCEPTED_STAIR_LOCAL_FRAME_REPEAT,floor_to_stair_edge_start; local_frame_stair_chain; terminal_landing; switchback; stadium_side_bank; stadium_back_bank; five_lane_equal_step_u_corner,none,BLENDER_USER_CHECK,,2026-06-07,OBSERVED_FACT_OR_DERIVED_PENDING,unknown,"[,,]",unknown,unknown,unknown,,,,unknown,single_part_or_unknown,none,,
C_RAMP_H,RAMP,SEEDED,dimensions_library_fbx_bounds,,models/legacy_structures/C_RAMP_H.fbx,source/control scale,2.271712,3.806864,5.595291,0.011291,1.535044,0.148896,Right = normalize(Up cross At),Up = normalize(source.Up),At = normalize(source.At projected perpendicular to Up),NEED_STUDY,NEED_STUDY,none,UNTESTED,,2026-06-07,,,,,,,,,,,,,,
C_ROOF,ROOF,SEEDED,dimensions_library_fbx_bounds,,models/legacy_structures/C_ROOF.fbx,source/control scale,5.330001,1.974116,5.330007,0.008736,0.987057,4e-06,Right = normalize(Up cross At),Up = normalize(source.Up),At = normalize(source.At projected perpendicular to Up),NEED_STUDY,NEED_STUDY,none,UNTESTED,,2026-06-07,,,,,,,,,,,,,,
C_ROOF_C,ROOF,SEEDED,dimensions_library_fbx_bounds,,models/legacy_structures/C_ROOF_C.fbx,source/control scale,5.68862,3.29635,5.68862,0.098838,1.649422,-0.098838,Right = normalize(Up cross At),Up = normalize(source.Up),At = normalize(source.At projected perpendicular to Up),NEED_STUDY,NEED_STUDY,none,UNTESTED,,2026-06-07,,,,,,,,,,,,,,
C_ROOF_IC,ROOF,SEEDED,dimensions_library_fbx_bounds,,models/legacy_structures/C_ROOF_IC.fbx,source/control scale,5.68862,3.29635,5.688621,0.098838,1.646541,-0.098839,Right = normalize(Up cross At),Up = normalize(source.Up),At = normalize(source.At projected perpendicular to Up),NEED_STUDY,NEED_STUDY,none,UNTESTED,,2026-06-07,,,,,,,,,,,,,,
C_ROOF_M,ROOF,SEEDED,dimensions_library_fbx_bounds,,models/legacy_structures/C_ROOF_M.fbx,source/control scale,5.490944,3.29635,5.681622,0.0,1.649422,-0.102337,Right = normalize(Up cross At),Up = normalize(source.Up),At = normalize(source.At projected perpendicular to Up),NEED_STUDY,NEED_STUDY,none,UNTESTED,,2026-06-07,,,,,,,,,,,,,,
C_TRIFLOOR,TRIFLOOR,PLACEMENT_VALIDATED,reports/TRIFLOOR_C_TRIFLOOR_CAPABILITY_STUDY_2.12.00.md,library/part_placement_maps/C_TRIFLOOR.partmap.json,models/legacy_structures/C_TRIFLOOR.fbx,source/control scale unless explicitly parameterized,4.571969,0.491647,5.27854,-0.746485,-0.001235,-0.000357,normalize(Up cross At),normalize(source.Up),normalize(source.At projected perpendicular to Up),primary lattice pitch 3.07884779402489; VALIDATED_FOR_PHASE_RESOLVED_GEOMETRIC_SUBDIVISION,registered triangular lattice surface paneling; phase-resolved geometric face subdivision; closed equilateral triangular solid tiling,3x3 diamond/floor patch; tetrahedron / triangular pyramid; octahedron / diamond solid; triangular bipyramid with equilateral faces; icosahedron-style closed solid,BLENDER_USER_CHECK,corner/primary triangles use Phase A toward neighbor/center; center/inverted triangles use Phase B toward a corner/reference neighbor,2026-06-07,OBSERVED_FACT_OR_DERIVED_PENDING,visual_centroid_anchor_for_phase_resolved_face_placement,"[0.0,0.0,0.0] validated_for_centroid_based_face_tiling",builder_default_requires source/control derivation; do not assume generic global angles,resolved by Up/At vectors and phase rule,centroid-based placement validated for C_TRIFLOOR advanced shapes,corner/primary triangles use Phase A toward neighbor/center; center/inverted triangles use Phase B toward a corner/reference neighbor,150.0014,30.001369,validated through Up magnitude,SELF_VALIDATED_SINGLE_PART,3x3 diamond/floor patch; tetrahedron / triangular pyramid; octahedron / diamond solid; triangular bipyramid with equilateral faces; icosahedron-style closed solid,C_TRIFLOOR_PHASE_RESOLVED_GEOMETRIC_SUBDIVISION_V23,family_equivalence_check_for_C_TRIFLOOR_Q_F_TRIFLOOR_F_TRIFLOOR_Q
C_TRIFLOOR_Q,TRIFLOOR,DISCOVERED_DISTINCT_GEOMETRY_UNVALIDATED,reports/triangle_part_behavior_signature_v1.json,library/part_placement_maps/C_TRIFLOOR_Q.partmap.json,models/legacy_structures/C_TRIFLOOR_Q.fbx,source/control scale unless explicitly parameterized,2.262719,0.430213,2.612763,-0.36161,0.000769,0.0,normalize(Up cross At),normalize(source.Up),normalize(source.At projected perpendicular to Up),primary lattice pitch 3.079196; DISCOVERED_PARTIAL,candidate boundary/filler triangle-family role; unvalidated,none,UNTESTED,,2026-06-07,OBSERVED_FACT_OR_DERIVED_PENDING,unknown,"[,,]",unknown,unknown,unknown,,,,unknown,NOT_VALIDATED_DISTINCT_GEOMETRY,none,,C_TRIFLOOR_Q_BOUNDARY_FILLER_SINGLE_PART_VALIDATION
C_WALL,WALL,SEEDED,dimensions_library_fbx_bounds,,models/legacy_structures/C_WALL.fbx,source/control scale,5.671977,3.329666,0.394648,0.004704,1.665092,0.0,Right = normalize(Up cross At),Up = normalize(source.Up),At = normalize(source.At projected perpendicular to Up),NEED_STUDY,NEED_STUDY,none,UNTESTED,,2026-06-07,,,,,,,,,,,,,,
C_WALLDIAGONAL,WALLDIAGONAL,SEEDED,dimensions_library_fbx_bounds,,models/legacy_structures/C_WALLDIAGONAL.fbx,source/control scale,5.666951,3.329666,0.394648,0.007218,1.665092,0.0,Right = normalize(Up cross At),Up = normalize(source.Up),At = normalize(source.At projected perpendicular to Up),NEED_STUDY,NEED_STUDY,none,UNTESTED,,2026-06-07,,,,,,,,,,,,,,
C_WALL_H,WALL,SEEDED,dimensions_library_fbx_bounds,,models/legacy_structures/C_WALL_H.fbx,source/control scale,3.007874,3.329666,0.394648,0.003241,1.665092,0.0,Right = normalize(Up cross At),Up = normalize(source.Up),At = normalize(source.At projected perpendicular to Up),NEED_STUDY,NEED_STUDY,none,UNTESTED,,2026-06-07,,,,,,,,,,,,,,
C_WALL_Q,WALL,SEEDED,dimensions_library_fbx_bounds,,models/legacy_structures/C_WALL_Q.fbx,source/control scale,5.671977,0.838964,0.394648,0.004704,0.419741,0.0,Right = normalize(Up cross At),Up = normalize(source.Up),At = normalize(source.At projected perpendicular to Up),NEED_STUDY,NEED_STUDY,none,UNTESTED,,2026-06-07,,,,,,,,,,,,,,
C_WALL_Q_H,WALL_Q,SEEDED,dimensions_library_fbx_bounds,,models/legacy_structures/C_WALL_Q_H.fbx,source/control scale,2.835989,0.838964,0.394648,0.004704,0.419741,0.0,Right = normalize(Up cross At),Up = normalize(source.Up),At = normalize(source.At projected perpendicular to Up),NEED_STUDY,NEED_STUDY,none,UNTESTED,,2026-06-07,,,,,,,,,,,,,,
C_WALL_WINDOW,WALL_WINDOW,SEEDED,dimensions_library_fbx_bounds,,models/legacy_structures/C_WALL_WINDOW.fbx,source/control scale,5.671977,3.329666,0.394648,0.004704,1.665092,0.0,Right = normalize(Up cross At),Up = normalize(source.Up),At = normalize(source.At projected perpendicular to Up),NEED_STUDY,NEED_STUDY,none,UNTESTED,,2026-06-07,,,,,,,,,,,,,,
DECAL_AF,DECAL_AF,SEEDED,dimensions_library_fbx_bounds,,models/wall_art/DECAL_AF.fbx,source/control scale,2.0,0.331312,2.0,0.0,0.0,0.0,Right = normalize(Up cross At),Up = normalize(source.Up),At = normalize(source.At projected perpendicular to Up),NEED_STUDY,NEED_STUDY,none,UNTESTED,,2026-06-07,,,,,,,,,,,,,,
DECAL_AGT,DECAL_AGT,SEEDED,dimensions_library_fbx_bounds,,models/wall_art/DECAL_AGT.fbx,source/control scale,2.0,0.081469,2.0,0.0,0.040734,0.0,Right = normalize(Up cross At),Up = normalize(source.Up),At = normalize(source.At projected perpendicular to Up),NEED_STUDY,NEED_STUDY,none,UNTESTED,,2026-06-07,,,,,,,,,,,,,,
DECAL_AMINO,DECAL_AMINO,SEEDED,dimensions_library_fbx_bounds,,models/wall_art/DECAL_AMINO.fbx,source/control scale,2.0,0.081469,2.0,0.0,0.040734,0.0,Right = normalize(Up cross At),Up = normalize(source.Up),At = normalize(source.At projected perpendicular to Up),NEED_STUDY,NEED_STUDY,none,UNTESTED,,2026-06-07,,,,,,,,,,,,,,
DECAL_BIOME3,DECAL_BIOME3,SEEDED,dimensions_library_fbx_bounds,,models/wall_art/DECAL_BIOME3.fbx,source/control scale,2.0,0.081469,2.0,0.0,0.040734,0.0,Right = normalize(Up cross At),Up = normalize(source.Up),At = normalize(source.At projected perpendicular to Up),NEED_STUDY,NEED_STUDY,none,UNTESTED,,2026-06-07,,,,,,,,,,,,,,
DECAL_BLUESYS,DECAL_BLUESYS,SEEDED,dimensions_library_fbx_bounds,,models/wall_art/DECAL_BLUESYS.fbx,source/control scale,2.0,0.331312,2.0,0.0,0.0,0.0,Right = normalize(Up cross At),Up = normalize(source.Up),At = normalize(source.At projected perpendicular to Up),NEED_STUDY,NEED_STUDY,none,UNTESTED,,2026-06-07,,,,,,,,,,,,,,
DECAL_BONEJUDGE,DECAL_BONEJUDGE,SEEDED,dimensions_library_fbx_bounds,,models/wall_art/DECAL_BONEJUDGE.fbx,source/control scale,2.0,0.236114,2.0,0.0,0.0,0.0,Right = normalize(Up cross At),Up = normalize(source.Up),At = normalize(source.At projected perpendicular to Up),NEED_STUDY,NEED_STUDY,none,UNTESTED,,2026-06-07,,,,,,,,,,,,,,
DECAL_BONESOUP,DECAL_BONESOUP,SEEDED,dimensions_library_fbx_bounds,,models/wall_art/DECAL_BONESOUP.fbx,source/control scale,2.0,0.236114,2.0,0.0,0.0,0.0,Right = normalize(Up cross At),Up = normalize(source.Up),At = normalize(source.At projected perpendicular to Up),NEED_STUDY,NEED_STUDY,none,UNTESTED,,2026-06-07,,,,,,,,,,,,,,
DECAL_CAFE,DECAL_CAFE,SEEDED,dimensions_library_fbx_bounds,,models/wall_art/DECAL_CAFE.fbx,source/control scale,2.0,0.081469,2.0,0.0,0.040734,0.0,Right = normalize(Up cross At),Up = normalize(source.Up),At = normalize(source.At projected perpendicular to Up),NEED_STUDY,NEED_STUDY,none,UNTESTED,,2026-06-07,,,,,,,,,,,,,,
DECAL_CPLANET1,DECAL_CPLANET1,SEEDED,dimensions_library_fbx_bounds,,models/wall_art/DECAL_CPLANET1.fbx,source/control scale,1.754936,0.081469,2.0,-0.011443,0.040734,0.0,Right = normalize(Up cross At),Up = normalize(source.Up),At = normalize(source.At projected perpendicular to Up),NEED_STUDY,NEED_STUDY,none,UNTESTED,,2026-06-07,,,,,,,,,,,,,,
DECAL_CREBEETLE,DECAL_CREBEETLE,SEEDED,dimensions_library_fbx_bounds,,models/wall_art/DECAL_CREBEETLE.fbx,source/control scale,2.0,0.331312,2.0,0.0,0.0,0.0,Right = normalize(Up cross At),Up = normalize(source.Up),At = normalize(source.At projected perpendicular to Up),NEED_STUDY,NEED_STUDY,none,UNTESTED,,2026-06-07,,,,,,,,,,,,,,
DECAL_CREFLY,DECAL_CREFLY,SEEDED,dimensions_library_fbx_bounds,,models/wall_art/DECAL_CREFLY.fbx,source/control scale,2.0,0.331312,2.0,0.0,0.0,0.0,Right = normalize(Up cross At),Up = normalize(source.Up),At = normalize(source.At projected perpendicular to Up),NEED_STUDY,NEED_STUDY,none,UNTESTED,,2026-06-07,,,,,,,,,,,,,,
DECAL_CREPAWS,DECAL_CREPAWS,SEEDED,dimensions_library_fbx_bounds,,models/wall_art/DECAL_CREPAWS.fbx,source/control scale,2.0,0.331312,2.0,0.0,0.0,0.0,Right = normalize(Up cross At),Up = normalize(source.Up),At = normalize(source.At projected perpendicular to Up),NEED_STUDY,NEED_STUDY,none,UNTESTED,,2026-06-07,,,,,,,,,,,,,,
DECAL_EXTINCT,DECAL_EXTINCT,SEEDED,dimensions_library_fbx_bounds,,models/wall_art/DECAL_EXTINCT.fbx,source/control scale,2.0,0.236114,2.0,0.0,0.0,0.0,Right = normalize(Up cross At),Up = normalize(source.Up),At = normalize(source.At projected perpendicular to Up),NEED_STUDY,NEED_STUDY,none,UNTESTED,,2026-06-07,,,,,,,,,,,,,,
DECAL_FPLANET2,DECAL_FPLANET2,SEEDED,dimensions_library_fbx_bounds,,models/wall_art/DECAL_FPLANET2.fbx,source/control scale,2.0,0.331312,2.0,0.0,0.0,0.0,Right = normalize(Up cross At),Up = normalize(source.Up),At = normalize(source.At projected perpendicular to Up),NEED_STUDY,NEED_STUDY,none,UNTESTED,,2026-06-07,,,,,,,,,,,,,,
DECAL_GALCORE,DECAL_GALCORE,SEEDED,dimensions_library_fbx_bounds,,models/wall_art/DECAL_GALCORE.fbx,source/control scale,2.0,0.081469,2.0,0.0,0.040734,0.0,Right = normalize(Up cross At),Up = normalize(source.Up),At = normalize(source.At projected perpendicular to Up),NEED_STUDY,NEED_STUDY,none,UNTESTED,,2026-06-07,,,,,,,,,,,,,,
DECAL_HAZARD,DECAL_HAZARD,SEEDED,dimensions_library_fbx_bounds,,models/wall_art/DECAL_HAZARD.fbx,source/control scale,1.327552,0.236114,1.327552,0.0,0.0,0.0,Right = normalize(Up cross At),Up = normalize(source.Up),At = normalize(source.At projected perpendicular to Up),NEED_STUDY,NEED_STUDY,none,UNTESTED,,2026-06-07,,,,,,,,,,,,,,
DECAL_HORROR,DECAL_HORROR,SEEDED,dimensions_library_fbx_bounds,,models/wall_art/DECAL_HORROR.fbx,source/control scale,1.327552,0.236114,1.327552,0.0,0.0,0.0,Right = normalize(Up cross At),Up = normalize(source.Up),At = normalize(source.At projected perpendicular to Up),NEED_STUDY,NEED_STUDY,none,UNTESTED,,2026-06-07,,,,,,,,,,,,,,
DECAL_JELLY,DECAL_JELLY,SEEDED,dimensions_library_fbx_bounds,,models/wall_art/DECAL_JELLY.fbx,source/control scale,1.327552,0.236114,1.327552,0.0,0.0,0.0,Right = normalize(Up cross At),Up = normalize(source.Up),At = normalize(source.At projected perpendicular to Up),NEED_STUDY,NEED_STUDY,none,UNTESTED,,2026-06-07,,,,,,,,,,,,,,
DECAL_NEXUSM,DECAL_NEXUSM,SEEDED,dimensions_library_fbx_bounds,,models/wall_art/DECAL_NEXUSM.fbx,source/control scale,1.540982,0.081469,2.0,0.0,0.040734,0.0,Right = normalize(Up cross At),Up = normalize(source.Up),At = normalize(source.At projected perpendicular to Up),NEED_STUDY,NEED_STUDY,none,UNTESTED,,2026-06-07,,,,,,,,,,,,,,
DECAL_NMSCORD,DECAL_NMSCORD,SEEDED,dimensions_library_fbx_bounds,,models/wall_art/DECAL_NMSCORD.fbx,source/control scale,2.0,0.331312,2.0,0.0,0.0,0.0,Right = normalize(Up cross At),Up = normalize(source.Up),At = normalize(source.At projected perpendicular to Up),NEED_STUDY,NEED_STUDY,none,UNTESTED,,2026-06-07,,,,,,,,,,,,,,
DECAL_NMS_FR,DECAL_NMS_FR,SEEDED,dimensions_library_fbx_bounds,,models/wall_art/DECAL_NMS_FR.fbx,source/control scale,2.0,0.331312,2.0,0.0,0.0,0.0,Right = normalize(Up cross At),Up = normalize(source.Up),At = normalize(source.At projected perpendicular to Up),NEED_STUDY,NEED_STUDY,none,UNTESTED,,2026-06-07,,,,,,,,,,,,,,
DECAL_PEEP,DECAL_PEEP,SEEDED,dimensions_library_fbx_bounds,,models/wall_art/DECAL_PEEP.fbx,source/control scale,2.0,0.331312,2.0,0.0,0.0,0.0,Right = normalize(Up cross At),Up = normalize(source.Up),At = normalize(source.At projected perpendicular to Up),NEED_STUDY,NEED_STUDY,none,UNTESTED,,2026-06-07,,,,,,,,,,,,,,
DECAL_PIRATESYS,DECAL_PIRATESYS,SEEDED,dimensions_library_fbx_bounds,,models/wall_art/DECAL_PIRATESYS.fbx,source/control scale,2.0,0.331312,2.0,0.0,0.0,0.0,Right = normalize(Up cross At),Up = normalize(source.Up),At = normalize(source.At projected perpendicular to Up),NEED_STUDY,NEED_STUDY,none,UNTESTED,,2026-06-07,,,,,,,,,,,,,,
DECAL_QIT,DECAL_QIT,SEEDED,dimensions_library_fbx_bounds,,models/wall_art/DECAL_QIT.fbx,source/control scale,2.0,0.081469,2.0,0.0,0.040734,0.0,Right = normalize(Up cross At),Up = normalize(source.Up),At = normalize(source.At projected perpendicular to Up),NEED_STUDY,NEED_STUDY,none,UNTESTED,,2026-06-07,,,,,,,,,,,,,,
DECAL_RUINMECH,DECAL_RUINMECH,SEEDED,dimensions_library_fbx_bounds,,models/wall_art/DECAL_RUINMECH.fbx,source/control scale,2.0,0.236114,2.0,0.0,0.0,0.0,Right = normalize(Up cross At),Up = normalize(source.Up),At = normalize(source.At projected perpendicular to Up),NEED_STUDY,NEED_STUDY,none,UNTESTED,,2026-06-07,,,,,,,,,,,,,,
DECAL_SCAN,DECAL_SCAN,SEEDED,dimensions_library_fbx_bounds,,models/wall_art/DECAL_SCAN.fbx,source/control scale,2.0,0.236114,2.0,0.0,0.0,0.0,Right = normalize(Up cross At),Up = normalize(source.Up),At = normalize(source.At projected perpendicular to Up),NEED_STUDY,NEED_STUDY,none,UNTESTED,,2026-06-07,,,,,,,,,,,,,,
DECAL_SHIP1,DECAL_SHIP1,SEEDED,dimensions_library_fbx_bounds,,models/wall_art/DECAL_SHIP1.fbx,source/control scale,2.0,0.331312,2.0,0.0,0.0,0.0,Right = normalize(Up cross At),Up = normalize(source.Up),At = normalize(source.At projected perpendicular to Up),NEED_STUDY,NEED_STUDY,none,UNTESTED,,2026-06-07,,,,,,,,,,,,,,
DECAL_SKULL,DECAL_SKULL,SEEDED,dimensions_library_fbx_bounds,,models/wall_art/DECAL_SKULL.fbx,source/control scale,1.327552,0.236114,1.327552,0.0,0.0,0.0,Right = normalize(Up cross At),Up = normalize(source.Up),At = normalize(source.At projected perpendicular to Up),NEED_STUDY,NEED_STUDY,none,UNTESTED,,2026-06-07,,,,,,,,,,,,,,
DECAL_SPOOKATL,DECAL_SPOOKATL,SEEDED,dimensions_library_fbx_bounds,,models/wall_art/DECAL_SPOOKATL.fbx,source/control scale,2.0,0.331312,2.0,0.0,0.0,0.0,Right = normalize(Up cross At),Up = normalize(source.Up),At = normalize(source.At projected perpendicular to Up),NEED_STUDY,NEED_STUDY,none,UNTESTED,,2026-06-07,,,,,,,,,,,,,,
DECAL_STARTSHIP,DECAL_STARTSHIP,SEEDED,dimensions_library_fbx_bounds,,models/wall_art/DECAL_STARTSHIP.fbx,source/control scale,1.540982,0.081469,2.0,0.0,0.040734,0.0,Right = normalize(Up cross At),Up = normalize(source.Up),At = normalize(source.At projected perpendicular to Up),NEED_STUDY,NEED_STUDY,none,UNTESTED,,2026-06-07,,,,,,,,,,,,,,
DECAL_TOSTARS,DECAL_TOSTARS,SEEDED,dimensions_library_fbx_bounds,,models/wall_art/DECAL_TOSTARS.fbx,source/control scale,2.0,0.331312,2.0,0.0,0.0,0.0,Right = normalize(Up cross At),Up = normalize(source.Up),At = normalize(source.At projected perpendicular to Up),NEED_STUDY,NEED_STUDY,none,UNTESTED,,2026-06-07,,,,,,,,,,,,,,
DECAL_UFT,DECAL_UFT,SEEDED,dimensions_library_fbx_bounds,,models/wall_art/DECAL_UFT.fbx,source/control scale,2.0,0.081469,2.0,0.0,0.040734,0.0,Right = normalize(Up cross At),Up = normalize(source.Up),At = normalize(source.At projected perpendicular to Up),NEED_STUDY,NEED_STUDY,none,UNTESTED,,2026-06-07,,,,,,,,,,,,,,
DECAL_UN42,DECAL_UN42,SEEDED,dimensions_library_fbx_bounds,,models/wall_art/DECAL_UN42.fbx,source/control scale,2.0,0.331312,2.0,0.0,0.0,0.0,Right = normalize(Up cross At),Up = normalize(source.Up),At = normalize(source.At projected perpendicular to Up),NEED_STUDY,NEED_STUDY,none,UNTESTED,,2026-06-07,,,,,,,,,,,,,,
DECAL_UWTREAS,DECAL_UWTREAS,SEEDED,dimensions_library_fbx_bounds,,models/wall_art/DECAL_UWTREAS.fbx,source/control scale,1.73205,0.081469,2.0,0.0,0.040734,0.0,Right = normalize(Up cross At),Up = normalize(source.Up),At = normalize(source.At projected perpendicular to Up),NEED_STUDY,NEED_STUDY,none,UNTESTED,,2026-06-07,,,,,,,,,,,,,,
DECAL_WORM_P1,DECAL_WORM_P1,SEEDED,dimensions_library_fbx_bounds,,models/wall_art/DECAL_WORM_P1.fbx,source/control scale,2.0,0.331312,2.0,0.0,0.0,0.0,Right = normalize(Up cross At),Up = normalize(source.Up),At = normalize(source.At projected perpendicular to Up),NEED_STUDY,NEED_STUDY,none,UNTESTED,,2026-06-07,,,,,,,,,,,,,,
DECAL_WORM_P2,DECAL_WORM_P2,SEEDED,dimensions_library_fbx_bounds,,models/wall_art/DECAL_WORM_P2.fbx,source/control scale,2.0,0.331312,2.0,0.0,0.0,0.0,Right = normalize(Up cross At),Up = normalize(source.Up),At = normalize(source.At projected perpendicular to Up),NEED_STUDY,NEED_STUDY,none,UNTESTED,,2026-06-07,,,,,,,,,,,,,,
DECAL_WORM_P3,DECAL_WORM_P3,SEEDED,dimensions_library_fbx_bounds,,models/wall_art/DECAL_WORM_P3.fbx,source/control scale,2.0,0.331312,2.0,0.0,0.0,0.0,Right = normalize(Up cross At),Up = normalize(source.Up),At = normalize(source.At projected perpendicular to Up),NEED_STUDY,NEED_STUDY,none,UNTESTED,,2026-06-07,,,,,,,,,,,,,,
DECAL_WORM_P4,DECAL_WORM_P4,SEEDED,dimensions_library_fbx_bounds,,models/wall_art/DECAL_WORM_P4.fbx,source/control scale,2.0,0.331312,2.0,0.0,0.0,0.0,Right = normalize(Up cross At),Up = normalize(source.Up),At = normalize(source.At projected perpendicular to Up),NEED_STUDY,NEED_STUDY,none,UNTESTED,,2026-06-07,,,,,,,,,,,,,,
DECAL_WORM_P5,DECAL_WORM_P5,SEEDED,dimensions_library_fbx_bounds,,models/wall_art/DECAL_WORM_P5.fbx,source/control scale,2.0,0.331312,2.0,0.0,0.0,0.0,Right = normalize(Up cross At),Up = normalize(source.Up),At = normalize(source.At projected perpendicular to Up),NEED_STUDY,NEED_STUDY,none,UNTESTED,,2026-06-07,,,,,,,,,,,,,,
DOOR2,DOOR2,SEEDED,dimensions_library_fbx_bounds,,models/large_structures/DOOR2.fbx,source/control scale,3.085798,3.361406,1.077986,0.0,1.614886,0.516255,Right = normalize(Up cross At),Up = normalize(source.Up),At = normalize(source.At projected perpendicular to Up),NEED_STUDY,NEED_STUDY,none,UNTESTED,,2026-06-07,,,,,,,,,,,,,,
DRAWS,DRAWS,SEEDED,dimensions_library_fbx_bounds,,models/furnishings/DRAWS.fbx,source/control scale,0.858886,1.09375,0.628325,0.0,0.546875,0.314162,Right = normalize(Up cross At),Up = normalize(source.Up),At = normalize(source.At projected perpendicular to Up),NEED_STUDY,NEED_STUDY,none,UNTESTED,,2026-06-07,,,,,,,,,,,,,,
DRESSING_TABLE,DRESSING_TABLE,SEEDED,dimensions_library_fbx_bounds,,models/advanced_technology/DRESSING_TABLE.fbx,source/control scale,4.211121,3.942207,4.211121,0.0,1.971384,0.0,Right = normalize(Up cross At),Up = normalize(source.Up),At = normalize(source.At projected perpendicular to Up),NEED_STUDY,NEED_STUDY,none,UNTESTED,,2026-06-07,,,,,,,,,,,,,,
EXPD_CUBE_06,EXPD_CUBE_06,SEEDED,dimensions_library_fbx_bounds,,models/furnishings/EXPD_CUBE_06.fbx,source/control scale,0.656738,2.183326,2.564942,0.0,1.107189,-0.954102,Right = normalize(Up cross At),Up = normalize(source.Up),At = normalize(source.At projected perpendicular to Up),NEED_STUDY,NEED_STUDY,none,UNTESTED,,2026-06-07,,,,,,,,,,,,,,
EXPD_DECAL01,EXPD_DECAL01,SEEDED,dimensions_library_fbx_bounds,,models/wall_art/EXPD_DECAL01.fbx,source/control scale,1.27928,0.130829,1.499584,0.0,0.065415,-0.083768,Right = normalize(Up cross At),Up = normalize(source.Up),At = normalize(source.At projected perpendicular to Up),NEED_STUDY,NEED_STUDY,none,UNTESTED,,2026-06-07,,,,,,,,,,,,,,
EXPD_DECAL02,EXPD_DECAL02,SEEDED,dimensions_library_fbx_bounds,,models/wall_art/EXPD_DECAL02.fbx,source/control scale,2.067234,0.130829,0.749958,0.0,0.065415,0.019878,Right = normalize(Up cross At),Up = normalize(source.Up),At = normalize(source.At projected perpendicular to Up),NEED_STUDY,NEED_STUDY,none,UNTESTED,,2026-06-07,,,,,,,,,,,,,,
EXPD_DECAL03,EXPD_DECAL03,SEEDED,dimensions_library_fbx_bounds,,models/wall_art/EXPD_DECAL03.fbx,source/control scale,1.673238,0.130829,1.312159,0.0,0.065415,-0.006624,Right = normalize(Up cross At),Up = normalize(source.Up),At = normalize(source.At projected perpendicular to Up),NEED_STUDY,NEED_STUDY,none,UNTESTED,,2026-06-07,,,,,,,,,,,,,,
EXPD_DECAL04,EXPD_DECAL04,SEEDED,dimensions_library_fbx_bounds,,models/wall_art/EXPD_DECAL04.fbx,source/control scale,2.0,0.331312,2.0,0.0,0.0,0.0,Right = normalize(Up cross At),Up = normalize(source.Up),At = normalize(source.At projected perpendicular to Up),NEED_STUDY,NEED_STUDY,none,UNTESTED,,2026-06-07,,,,,,,,,,,,,,
EXPD_DECAL05,EXPD_DECAL05,SEEDED,dimensions_library_fbx_bounds,,models/wall_art/EXPD_DECAL05.fbx,source/control scale,2.0,0.331312,1.149414,0.0,0.0,0.0,Right = normalize(Up cross At),Up = normalize(source.Up),At = normalize(source.At projected perpendicular to Up),NEED_STUDY,NEED_STUDY,none,UNTESTED,,2026-06-07,,,,,,,,,,,,,,
EXPD_DECAL06,EXPD_DECAL06,SEEDED,dimensions_library_fbx_bounds,,models/wall_art/EXPD_DECAL06.fbx,source/control scale,2.0,0.331312,2.0,0.0,0.0,0.0,Right = normalize(Up cross At),Up = normalize(source.Up),At = normalize(source.At projected perpendicular to Up),NEED_STUDY,NEED_STUDY,none,UNTESTED,,2026-06-07,,,,,,,,,,,,,,
EXPD_DECAL07,EXPD_DECAL07,SEEDED,dimensions_library_fbx_bounds,,models/wall_art/EXPD_DECAL07.fbx,source/control scale,2.0,0.331312,2.0,0.0,0.0,0.0,Right = normalize(Up cross At),Up = normalize(source.Up),At = normalize(source.At projected perpendicular to Up),NEED_STUDY,NEED_STUDY,none,UNTESTED,,2026-06-07,,,,,,,,,,,,,,
EXPD_DECAL08,EXPD_DECAL08,SEEDED,dimensions_library_fbx_bounds,,models/wall_art/EXPD_DECAL08.fbx,source/control scale,2.0,0.331312,1.149414,0.0,0.0,0.0,Right = normalize(Up cross At),Up = normalize(source.Up),At = normalize(source.At projected perpendicular to Up),NEED_STUDY,NEED_STUDY,none,UNTESTED,,2026-06-07,,,,,,,,,,,,,,
EXPD_DECAL09,EXPD_DECAL09,SEEDED,dimensions_library_fbx_bounds,,models/wall_art/EXPD_DECAL09.fbx,source/control scale,2.0,0.331312,2.0,0.0,0.0,0.0,Right = normalize(Up cross At),Up = normalize(source.Up),At = normalize(source.At projected perpendicular to Up),NEED_STUDY,NEED_STUDY,none,UNTESTED,,2026-06-07,,,,,,,,,,,,,,
EXPD_DECAL10,EXPD_DECAL10,SEEDED,dimensions_library_fbx_bounds,,models/wall_art/EXPD_DECAL10.fbx,source/control scale,2.0,0.331312,2.0,0.0,0.0,0.0,Right = normalize(Up cross At),Up = normalize(source.Up),At = normalize(source.At projected perpendicular to Up),NEED_STUDY,NEED_STUDY,none,UNTESTED,,2026-06-07,,,,,,,,,,,,,,
EXPD_DECAL11,EXPD_DECAL11,SEEDED,dimensions_library_fbx_bounds,,models/wall_art/EXPD_DECAL11.fbx,source/control scale,2.0,0.331312,2.0,0.0,0.0,0.0,Right = normalize(Up cross At),Up = normalize(source.Up),At = normalize(source.At projected perpendicular to Up),NEED_STUDY,NEED_STUDY,none,UNTESTED,,2026-06-07,,,,,,,,,,,,,,
EXPD_DECAL12,EXPD_DECAL12,SEEDED,dimensions_library_fbx_bounds,,models/wall_art/EXPD_DECAL12.fbx,source/control scale,2.0,0.331312,2.0,0.0,0.0,0.0,Right = normalize(Up cross At),Up = normalize(source.Up),At = normalize(source.At projected perpendicular to Up),NEED_STUDY,NEED_STUDY,none,UNTESTED,,2026-06-07,,,,,,,,,,,,,,
EXPD_DECAL13,EXPD_DECAL13,SEEDED,dimensions_library_fbx_bounds,,models/wall_art/EXPD_DECAL13.fbx,source/control scale,2.0,0.331312,2.0,0.0,0.0,0.0,Right = normalize(Up cross At),Up = normalize(source.Up),At = normalize(source.At projected perpendicular to Up),NEED_STUDY,NEED_STUDY,none,UNTESTED,,2026-06-07,,,,,,,,,,,,,,
EXPD_DECAL14,EXPD_DECAL14,SEEDED,dimensions_library_fbx_bounds,,models/wall_art/EXPD_DECAL14.fbx,source/control scale,2.0,0.331312,2.0,0.0,0.0,0.0,Right = normalize(Up cross At),Up = normalize(source.Up),At = normalize(source.At projected perpendicular to Up),NEED_STUDY,NEED_STUDY,none,UNTESTED,,2026-06-07,,,,,,,,,,,,,,
EXPD_DECAL15,EXPD_DECAL15,SEEDED,dimensions_library_fbx_bounds,,models/wall_art/EXPD_DECAL15.fbx,source/control scale,2.0,0.331312,2.0,0.0,0.0,0.0,Right = normalize(Up cross At),Up = normalize(source.Up),At = normalize(source.At projected perpendicular to Up),NEED_STUDY,NEED_STUDY,none,UNTESTED,,2026-06-07,,,,,,,,,,,,,,
EXPD_DECAL16,EXPD_DECAL16,SEEDED,dimensions_library_fbx_bounds,,models/wall_art/EXPD_DECAL16.fbx,source/control scale,2.0,0.331312,2.0,0.0,0.0,0.0,Right = normalize(Up cross At),Up = normalize(source.Up),At = normalize(source.At projected perpendicular to Up),NEED_STUDY,NEED_STUDY,none,UNTESTED,,2026-06-07,,,,,,,,,,,,,,
EXPD_DECAL17,EXPD_DECAL17,SEEDED,dimensions_library_fbx_bounds,,models/wall_art/EXPD_DECAL17.fbx,source/control scale,2.0,0.331312,2.0,0.0,0.0,0.0,Right = normalize(Up cross At),Up = normalize(source.Up),At = normalize(source.At projected perpendicular to Up),NEED_STUDY,NEED_STUDY,none,UNTESTED,,2026-06-07,,,,,,,,,,,,,,
EXPD_DECAL18,EXPD_DECAL18,SEEDED,dimensions_library_fbx_bounds,,models/wall_art/EXPD_DECAL18.fbx,source/control scale,2.0,0.331312,2.0,0.0,0.0,0.0,Right = normalize(Up cross At),Up = normalize(source.Up),At = normalize(source.At projected perpendicular to Up),NEED_STUDY,NEED_STUDY,none,UNTESTED,,2026-06-07,,,,,,,,,,,,,,
EXPD_DECAL19,EXPD_DECAL19,SEEDED,dimensions_library_fbx_bounds,,models/wall_art/EXPD_DECAL19.fbx,source/control scale,2.0,0.331312,2.0,0.0,0.0,0.0,Right = normalize(Up cross At),Up = normalize(source.Up),At = normalize(source.At projected perpendicular to Up),NEED_STUDY,NEED_STUDY,none,UNTESTED,,2026-06-07,,,,,,,,,,,,,,
EXPD_DECAL20,EXPD_DECAL20,SEEDED,dimensions_library_fbx_bounds,,models/wall_art/EXPD_DECAL20.fbx,source/control scale,2.0,0.331312,2.0,0.0,0.0,0.0,Right = normalize(Up cross At),Up = normalize(source.Up),At = normalize(source.At projected perpendicular to Up),NEED_STUDY,NEED_STUDY,none,UNTESTED,,2026-06-07,,,,,,,,,,,,,,
EXPD_DECAL21,EXPD_DECAL21,SEEDED,dimensions_library_fbx_bounds,,models/wall_art/EXPD_DECAL21.fbx,source/control scale,2.0,0.331312,2.0,0.0,0.0,0.0,Right = normalize(Up cross At),Up = normalize(source.Up),At = normalize(source.At projected perpendicular to Up),NEED_STUDY,NEED_STUDY,none,UNTESTED,,2026-06-07,,,,,,,,,,,,,,
EXPD_DECAL22,EXPD_DECAL22,SEEDED,dimensions_library_fbx_bounds,,models/wall_art/EXPD_DECAL22.fbx,source/control scale,2.0,0.331312,2.0,0.0,0.0,0.0,Right = normalize(Up cross At),Up = normalize(source.Up),At = normalize(source.At projected perpendicular to Up),NEED_STUDY,NEED_STUDY,none,UNTESTED,,2026-06-07,,,,,,,,,,,,,,
EXPD_FIREWORK01,EXPD_FIREWORK01,SEEDED,dimensions_library_fbx_bounds,,models/deployable_technology/EXPD_FIREWORK01.fbx,source/control scale,0.68034,0.928534,0.427734,0.0,0.124112,0.0,Right = normalize(Up cross At),Up = normalize(source.Up),At = normalize(source.At projected perpendicular to Up),NEED_STUDY,NEED_STUDY,none,UNTESTED,,2026-06-07,,,,,,,,,,,,,,
EXPD_FIREWORK02,EXPD_FIREWORK02,SEEDED,dimensions_library_fbx_bounds,,models/deployable_technology/EXPD_FIREWORK02.fbx,source/control scale,0.68034,0.928534,0.427734,0.0,0.124112,0.0,Right = normalize(Up cross At),Up = normalize(source.Up),At = normalize(source.At projected perpendicular to Up),NEED_STUDY,NEED_STUDY,none,UNTESTED,,2026-06-07,,,,,,,,,,,,,,
EXPD_FIREWORK03,EXPD_FIREWORK03,SEEDED,dimensions_library_fbx_bounds,,models/deployable_technology/EXPD_FIREWORK03.fbx,source/control scale,0.68034,0.928534,0.427734,0.0,0.124112,0.0,Right = normalize(Up cross At),Up = normalize(source.Up),At = normalize(source.At projected perpendicular to Up),NEED_STUDY,NEED_STUDY,none,UNTESTED,,2026-06-07,,,,,,,,,,,,,,
EXPD_FIREWORK04,EXPD_FIREWORK04,SEEDED,dimensions_library_fbx_bounds,,models/deployable_technology/EXPD_FIREWORK04.fbx,source/control scale,0.68034,0.928534,0.427734,0.0,0.124112,0.0,Right = normalize(Up cross At),Up = normalize(source.Up),At = normalize(source.At projected perpendicular to Up),NEED_STUDY,NEED_STUDY,none,UNTESTED,,2026-06-07,,,,,,,,,,,,,,
EXPD_FLAG_06A,EXPD_FLAG_06A,SEEDED,dimensions_library_fbx_bounds,,models/decoration/EXPD_FLAG_06A.fbx,source/control scale,3.674636,3.638306,0.205993,-1.733619,1.665222,0.000214,Right = normalize(Up cross At),Up = normalize(source.Up),At = normalize(source.At projected perpendicular to Up),NEED_STUDY,NEED_STUDY,none,UNTESTED,,2026-06-07,,,,,,,,,,,,,,
EXPD_FLAG_06B,EXPD_FLAG_06B,SEEDED,dimensions_library_fbx_bounds,,models/decoration/EXPD_FLAG_06B.fbx,source/control scale,3.674636,3.638306,0.205993,-1.733619,1.665222,0.000214,Right = normalize(Up cross At),Up = normalize(source.Up),At = normalize(source.At projected perpendicular to Up),NEED_STUDY,NEED_STUDY,none,UNTESTED,,2026-06-07,,,,,,,,,,,,,,
EXPD_FLAG_06C,EXPD_FLAG_06C,SEEDED,dimensions_library_fbx_bounds,,models/decoration/EXPD_FLAG_06C.fbx,source/control scale,3.674636,3.638306,0.205993,-1.733619,1.665222,0.000214,Right = normalize(Up cross At),Up = normalize(source.Up),At = normalize(source.At projected perpendicular to Up),NEED_STUDY,NEED_STUDY,none,UNTESTED,,2026-06-07,,,,,,,,,,,,,,
EXPD_FLAG_06D,EXPD_FLAG_06D,SEEDED,dimensions_library_fbx_bounds,,models/decoration/EXPD_FLAG_06D.fbx,source/control scale,3.674636,3.638306,0.205993,-1.733619,1.665222,0.000214,Right = normalize(Up cross At),Up = normalize(source.Up),At = normalize(source.At projected perpendicular to Up),NEED_STUDY,NEED_STUDY,none,UNTESTED,,2026-06-07,,,,,,,,,,,,,,
EXPD_FLAG_06E,EXPD_FLAG_06E,SEEDED,dimensions_library_fbx_bounds,,models/decoration/EXPD_FLAG_06E.fbx,source/control scale,3.674636,3.638306,0.205993,-1.733619,1.665222,0.000214,Right = normalize(Up cross At),Up = normalize(source.Up),At = normalize(source.At projected perpendicular to Up),NEED_STUDY,NEED_STUDY,none,UNTESTED,,2026-06-07,,,,,,,,,,,,,,
EXPD_POSTER05A,EXPD_POSTER05A,SEEDED,dimensions_library_fbx_bounds,,models/wall_art/EXPD_POSTER05A.fbx,source/control scale,0.788574,0.0,1.079102,0.0,0.0,0.0,Right = normalize(Up cross At),Up = normalize(source.Up),At = normalize(source.At projected perpendicular to Up),NEED_STUDY,NEED_STUDY,none,UNTESTED,,2026-06-07,,,,,,,,,,,,,,
EXPD_POSTER05B,EXPD_POSTER05B,SEEDED,dimensions_library_fbx_bounds,,models/wall_art/EXPD_POSTER05B.fbx,source/control scale,0.788574,0.0,1.079102,0.0,0.0,0.0,Right = normalize(Up cross At),Up = normalize(source.Up),At = normalize(source.At projected perpendicular to Up),NEED_STUDY,NEED_STUDY,none,UNTESTED,,2026-06-07,,,,,,,,,,,,,,
EXPD_POSTER05C,EXPD_POSTER05C,SEEDED,dimensions_library_fbx_bounds,,models/wall_art/EXPD_POSTER05C.fbx,source/control scale,0.788574,0.0,1.079102,0.0,0.0,0.0,Right = normalize(Up cross At),Up = normalize(source.Up),At = normalize(source.At projected perpendicular to Up),NEED_STUDY,NEED_STUDY,none,UNTESTED,,2026-06-07,,,,,,,,,,,,,,
EXPD_POSTER06A,EXPD_POSTER06A,SEEDED,dimensions_library_fbx_bounds,,models/wall_art/EXPD_POSTER06A.fbx,source/control scale,0.788574,0.0,1.079102,0.0,0.0,0.0,Right = normalize(Up cross At),Up = normalize(source.Up),At = normalize(source.At projected perpendicular to Up),NEED_STUDY,NEED_STUDY,none,UNTESTED,,2026-06-07,,,,,,,,,,,,,,
EXPD_POSTER06B,EXPD_POSTER06B,SEEDED,dimensions_library_fbx_bounds,,models/wall_art/EXPD_POSTER06B.fbx,source/control scale,0.788574,0.0,1.079102,0.0,0.0,0.0,Right = normalize(Up cross At),Up = normalize(source.Up),At = normalize(source.At projected perpendicular to Up),NEED_STUDY,NEED_STUDY,none,UNTESTED,,2026-06-07,,,,,,,,,,,,,,
EXPD_POSTER06C,EXPD_POSTER06C,SEEDED,dimensions_library_fbx_bounds,,models/wall_art/EXPD_POSTER06C.fbx,source/control scale,0.788574,0.0,1.079102,0.0,0.0,0.0,Right = normalize(Up cross At),Up = normalize(source.Up),At = normalize(source.At projected perpendicular to Up),NEED_STUDY,NEED_STUDY,none,UNTESTED,,2026-06-07,,,,,,,,,,,,,,
EXPD_POSTER07A,EXPD_POSTER07A,SEEDED,dimensions_library_fbx_bounds,,models/wall_art/EXPD_POSTER07A.fbx,source/control scale,0.79248,0.0,1.089844,0.0,0.0,0.0,Right = normalize(Up cross At),Up = normalize(source.Up),At = normalize(source.At projected perpendicular to Up),NEED_STUDY,NEED_STUDY,none,UNTESTED,,2026-06-07,,,,,,,,,,,,,,
EXPD_POSTER07B,EXPD_POSTER07B,SEEDED,dimensions_library_fbx_bounds,,models/wall_art/EXPD_POSTER07B.fbx,source/control scale,0.79248,0.0,1.089844,0.0,0.0,0.0,Right = normalize(Up cross At),Up = normalize(source.Up),At = normalize(source.At projected perpendicular to Up),NEED_STUDY,NEED_STUDY,none,UNTESTED,,2026-06-07,,,,,,,,,,,,,,
EXPD_POSTER07C,EXPD_POSTER07C,SEEDED,dimensions_library_fbx_bounds,,models/wall_art/EXPD_POSTER07C.fbx,source/control scale,0.79248,0.0,1.089844,0.0,0.0,0.0,Right = normalize(Up cross At),Up = normalize(source.Up),At = normalize(source.At projected perpendicular to Up),NEED_STUDY,NEED_STUDY,none,UNTESTED,,2026-06-07,,,,,,,,,,,,,,
EXPD_POSTER08A,EXPD_POSTER08A,SEEDED,dimensions_library_fbx_bounds,,models/wall_art/EXPD_POSTER08A.fbx,source/control scale,1.089844,0.0,0.79248,0.0,0.0,0.0,Right = normalize(Up cross At),Up = normalize(source.Up),At = normalize(source.At projected perpendicular to Up),NEED_STUDY,NEED_STUDY,none,UNTESTED,,2026-06-07,,,,,,,,,,,,,,
EXPD_POSTER08B,EXPD_POSTER08B,SEEDED,dimensions_library_fbx_bounds,,models/wall_art/EXPD_POSTER08B.fbx,source/control scale,0.79248,0.0,1.089844,0.0,0.0,0.0,Right = normalize(Up cross At),Up = normalize(source.Up),At = normalize(source.At projected perpendicular to Up),NEED_STUDY,NEED_STUDY,none,UNTESTED,,2026-06-07,,,,,,,,,,,,,,
EXPD_POSTER08C,EXPD_POSTER08C,SEEDED,dimensions_library_fbx_bounds,,models/wall_art/EXPD_POSTER08C.fbx,source/control scale,1.089844,0.0,0.79248,0.0,0.0,0.0,Right = normalize(Up cross At),Up = normalize(source.Up),At = normalize(source.At projected perpendicular to Up),NEED_STUDY,NEED_STUDY,none,UNTESTED,,2026-06-07,,,,,,,,,,,,,,
EXPD_POSTER09A,EXPD_POSTER09A,SEEDED,dimensions_library_fbx_bounds,,models/wall_art/EXPD_POSTER09A.fbx,source/control scale,0.788574,0.0,0.78955,0.0,0.0,0.0,Right = normalize(Up cross At),Up = normalize(source.Up),At = normalize(source.At projected perpendicular to Up),NEED_STUDY,NEED_STUDY,none,UNTESTED,,2026-06-07,,,,,,,,,,,,,,
EXPD_POSTER09B,EXPD_POSTER09B,SEEDED,dimensions_library_fbx_bounds,,models/wall_art/EXPD_POSTER09B.fbx,source/control scale,1.079102,0.0,0.788574,0.0,0.0,0.0,Right = normalize(Up cross At),Up = normalize(source.Up),At = normalize(source.At projected perpendicular to Up),NEED_STUDY,NEED_STUDY,none,UNTESTED,,2026-06-07,,,,,,,,,,,,,,
EXPD_POSTER09C,EXPD_POSTER09C,SEEDED,dimensions_library_fbx_bounds,,models/wall_art/EXPD_POSTER09C.fbx,source/control scale,0.788574,0.0,1.079102,0.0,0.0,0.0,Right = normalize(Up cross At),Up = normalize(source.Up),At = normalize(source.At projected perpendicular to Up),NEED_STUDY,NEED_STUDY,none,UNTESTED,,2026-06-07,,,,,,,,,,,,,,
EXPD_POSTER10A,EXPD_POSTER10A,SEEDED,dimensions_library_fbx_bounds,,models/wall_art/EXPD_POSTER10A.fbx,source/control scale,0.788574,0.0,1.069336,0.0,0.0,0.0,Right = normalize(Up cross At),Up = normalize(source.Up),At = normalize(source.At projected perpendicular to Up),NEED_STUDY,NEED_STUDY,none,UNTESTED,,2026-06-07,,,,,,,,,,,,,,
EXPD_POSTER10B,EXPD_POSTER10B,SEEDED,dimensions_library_fbx_bounds,,models/wall_art/EXPD_POSTER10B.fbx,source/control scale,0.779786,0.0,0.746582,0.0,0.0,0.0,Right = normalize(Up cross At),Up = normalize(source.Up),At = normalize(source.At projected perpendicular to Up),NEED_STUDY,NEED_STUDY,none,UNTESTED,,2026-06-07,,,,,,,,,,,,,,
EXPD_POSTER10C,EXPD_POSTER10C,SEEDED,dimensions_library_fbx_bounds,,models/wall_art/EXPD_POSTER10C.fbx,source/control scale,0.788574,0.0,1.069336,0.0,0.0,0.0,Right = normalize(Up cross At),Up = normalize(source.Up),At = normalize(source.At projected perpendicular to Up),NEED_STUDY,NEED_STUDY,none,UNTESTED,,2026-06-07,,,,,,,,,,,,,,
EXPD_POSTER11A,EXPD_POSTER11A,SEEDED,dimensions_library_fbx_bounds,,models/wall_art/EXPD_POSTER11A.fbx,source/control scale,0.788574,0.0,1.069336,0.0,0.0,0.0,Right = normalize(Up cross At),Up = normalize(source.Up),At = normalize(source.At projected perpendicular to Up),NEED_STUDY,NEED_STUDY,none,UNTESTED,,2026-06-07,,,,,,,,,,,,,,
EXPD_POSTER11B,EXPD_POSTER11B,SEEDED,dimensions_library_fbx_bounds,,models/wall_art/EXPD_POSTER11B.fbx,source/control scale,0.779786,0.0,0.746582,0.0,0.0,0.0,Right = normalize(Up cross At),Up = normalize(source.Up),At = normalize(source.At projected perpendicular to Up),NEED_STUDY,NEED_STUDY,none,UNTESTED,,2026-06-07,,,,,,,,,,,,,,
EXPD_POSTER11C,EXPD_POSTER11C,SEEDED,dimensions_library_fbx_bounds,,models/wall_art/EXPD_POSTER11C.fbx,source/control scale,0.788574,0.0,1.069336,0.0,0.0,0.0,Right = normalize(Up cross At),Up = normalize(source.Up),At = normalize(source.At projected perpendicular to Up),NEED_STUDY,NEED_STUDY,none,UNTESTED,,2026-06-07,,,,,,,,,,,,,,
EXPD_POSTER12A,EXPD_POSTER12A,SEEDED,dimensions_library_fbx_bounds,,models/wall_art/EXPD_POSTER12A.fbx,source/control scale,0.779786,0.0,0.746582,0.0,0.0,0.0,Right = normalize(Up cross At),Up = normalize(source.Up),At = normalize(source.At projected perpendicular to Up),NEED_STUDY,NEED_STUDY,none,UNTESTED,,2026-06-07,,,,,,,,,,,,,,
EXPD_POSTER12B,EXPD_POSTER12B,SEEDED,dimensions_library_fbx_bounds,,models/wall_art/EXPD_POSTER12B.fbx,source/control scale,0.788574,0.0,1.069336,0.0,0.0,0.0,Right = normalize(Up cross At),Up = normalize(source.Up),At = normalize(source.At projected perpendicular to Up),NEED_STUDY,NEED_STUDY,none,UNTESTED,,2026-06-07,,,,,,,,,,,,,,
EXPD_POSTER12C,EXPD_POSTER12C,SEEDED,dimensions_library_fbx_bounds,,models/wall_art/EXPD_POSTER12C.fbx,source/control scale,1.169922,0.0,0.86084,0.0,0.0,0.0,Right = normalize(Up cross At),Up = normalize(source.Up),At = normalize(source.At projected perpendicular to Up),NEED_STUDY,NEED_STUDY,none,UNTESTED,,2026-06-07,,,,,,,,,,,,,,
EXPD_POSTER13A,EXPD_POSTER13A,SEEDED,dimensions_library_fbx_bounds,,models/wall_art/EXPD_POSTER13A.fbx,source/control scale,0.692871,0.0,0.94043,0.0,0.0,0.0,Right = normalize(Up cross At),Up = normalize(source.Up),At = normalize(source.At projected perpendicular to Up),NEED_STUDY,NEED_STUDY,none,UNTESTED,,2026-06-07,,,,,,,,,,,,,,
EXPD_POSTER13B,EXPD_POSTER13B,SEEDED,dimensions_library_fbx_bounds,,models/wall_art/EXPD_POSTER13B.fbx,source/control scale,0.694824,0.0,0.663574,0.0,0.0,0.0,Right = normalize(Up cross At),Up = normalize(source.Up),At = normalize(source.At projected perpendicular to Up),NEED_STUDY,NEED_STUDY,none,UNTESTED,,2026-06-07,,,,,,,,,,,,,,
EXPD_POSTER13C,EXPD_POSTER13C,SEEDED,dimensions_library_fbx_bounds,,models/wall_art/EXPD_POSTER13C.fbx,source/control scale,0.692871,0.0,0.940918,0.0,0.0,0.0,Right = normalize(Up cross At),Up = normalize(source.Up),At = normalize(source.At projected perpendicular to Up),NEED_STUDY,NEED_STUDY,none,UNTESTED,,2026-06-07,,,,,,,,,,,,,,
EXPD_POSTER14A,EXPD_POSTER14A,SEEDED,dimensions_library_fbx_bounds,,models/wall_art/EXPD_POSTER14A.fbx,source/control scale,0.692871,0.0,0.94043,0.0,0.0,0.0,Right = normalize(Up cross At),Up = normalize(source.Up),At = normalize(source.At projected perpendicular to Up),NEED_STUDY,NEED_STUDY,none,UNTESTED,,2026-06-07,,,,,,,,,,,,,,
EXPD_POSTER14B,EXPD_POSTER14B,SEEDED,dimensions_library_fbx_bounds,,models/wall_art/EXPD_POSTER14B.fbx,source/control scale,0.692871,0.0,0.94043,0.0,0.0,0.0,Right = normalize(Up cross At),Up = normalize(source.Up),At = normalize(source.At projected perpendicular to Up),NEED_STUDY,NEED_STUDY,none,UNTESTED,,2026-06-07,,,,,,,,,,,,,,
EXPD_POSTER14C,EXPD_POSTER14C,SEEDED,dimensions_library_fbx_bounds,,models/wall_art/EXPD_POSTER14C.fbx,source/control scale,0.692871,0.0,0.94043,0.0,0.0,0.0,Right = normalize(Up cross At),Up = normalize(source.Up),At = normalize(source.At projected perpendicular to Up),NEED_STUDY,NEED_STUDY,none,UNTESTED,,2026-06-07,,,,,,,,,,,,,,
EXPD_POSTER15A,EXPD_POSTER15A,SEEDED,dimensions_library_fbx_bounds,,models/wall_art/EXPD_POSTER15A.fbx,source/control scale,0.692871,0.0,0.94043,0.0,0.0,0.0,Right = normalize(Up cross At),Up = normalize(source.Up),At = normalize(source.At projected perpendicular to Up),NEED_STUDY,NEED_STUDY,none,UNTESTED,,2026-06-07,,,,,,,,,,,,,,
EXPD_POSTER15B,EXPD_POSTER15B,SEEDED,dimensions_library_fbx_bounds,,models/wall_art/EXPD_POSTER15B.fbx,source/control scale,0.794434,0.0,0.816406,0.0,-0.012497,0.0,Right = normalize(Up cross At),Up = normalize(source.Up),At = normalize(source.At projected perpendicular to Up),NEED_STUDY,NEED_STUDY,none,UNTESTED,,2026-06-07,,,,,,,,,,,,,,
EXPD_POSTER15C,EXPD_POSTER15C,SEEDED,dimensions_library_fbx_bounds,,models/wall_art/EXPD_POSTER15C.fbx,source/control scale,0.692871,0.0,0.94043,0.0,0.0,0.0,Right = normalize(Up cross At),Up = normalize(source.Up),At = normalize(source.At projected perpendicular to Up),NEED_STUDY,NEED_STUDY,none,UNTESTED,,2026-06-07,,,,,,,,,,,,,,
EXPD_POSTER16A,EXPD_POSTER16A,SEEDED,dimensions_library_fbx_bounds,,models/wall_art/EXPD_POSTER16A.fbx,source/control scale,0.788574,0.0,1.079102,0.0,0.0,0.0,Right = normalize(Up cross At),Up = normalize(source.Up),At = normalize(source.At projected perpendicular to Up),NEED_STUDY,NEED_STUDY,none,UNTESTED,,2026-06-07,,,,,,,,,,,,,,
EXPD_POSTER16B,EXPD_POSTER16B,SEEDED,dimensions_library_fbx_bounds,,models/wall_art/EXPD_POSTER16B.fbx,source/control scale,0.788574,0.0,0.786133,0.0,0.0,-0.146484,Right = normalize(Up cross At),Up = normalize(source.Up),At = normalize(source.At projected perpendicular to Up),NEED_STUDY,NEED_STUDY,none,UNTESTED,,2026-06-07,,,,,,,,,,,,,,
EXPD_POSTER16C,EXPD_POSTER16C,SEEDED,dimensions_library_fbx_bounds,,models/wall_art/EXPD_POSTER16C.fbx,source/control scale,0.788574,0.0,1.079102,0.0,0.0,0.0,Right = normalize(Up cross At),Up = normalize(source.Up),At = normalize(source.At projected perpendicular to Up),NEED_STUDY,NEED_STUDY,none,UNTESTED,,2026-06-07,,,,,,,,,,,,,,
EXPD_POSTER17A,EXPD_POSTER17A,SEEDED,dimensions_library_fbx_bounds,,models/wall_art/EXPD_POSTER17A.fbx,source/control scale,1.048828,0.0,0.720703,0.0,0.0,0.0,Right = normalize(Up cross At),Up = normalize(source.Up),At = normalize(source.At projected perpendicular to Up),NEED_STUDY,NEED_STUDY,none,UNTESTED,,2026-06-07,,,,,,,,,,,,,,
EXPD_POSTER17B,EXPD_POSTER17B,SEEDED,dimensions_library_fbx_bounds,,models/wall_art/EXPD_POSTER17B.fbx,source/control scale,0.788574,0.0,1.079102,0.0,0.0,0.0,Right = normalize(Up cross At),Up = normalize(source.Up),At = normalize(source.At projected perpendicular to Up),NEED_STUDY,NEED_STUDY,none,UNTESTED,,2026-06-07,,,,,,,,,,,,,,
EXPD_POSTER17C,EXPD_POSTER17C,SEEDED,dimensions_library_fbx_bounds,,models/wall_art/EXPD_POSTER17C.fbx,source/control scale,0.788574,0.0,1.079102,0.0,0.0,0.0,Right = normalize(Up cross At),Up = normalize(source.Up),At = normalize(source.At projected perpendicular to Up),NEED_STUDY,NEED_STUDY,none,UNTESTED,,2026-06-07,,,,,,,,,,,,,,
EXPD_POSTER18A,EXPD_POSTER18A,SEEDED,dimensions_library_fbx_bounds,,models/wall_art/EXPD_POSTER18A.fbx,source/control scale,0.788574,0.0,1.079102,0.0,0.0,0.0,Right = normalize(Up cross At),Up = normalize(source.Up),At = normalize(source.At projected perpendicular to Up),NEED_STUDY,NEED_STUDY,none,UNTESTED,,2026-06-07,,,,,,,,,,,,,,
EXPD_POSTER18B,EXPD_POSTER18B,SEEDED,dimensions_library_fbx_bounds,,models/wall_art/EXPD_POSTER18B.fbx,source/control scale,0.788574,0.0,1.079102,0.0,0.0,0.0,Right = normalize(Up cross At),Up = normalize(source.Up),At = normalize(source.At projected perpendicular to Up),NEED_STUDY,NEED_STUDY,none,UNTESTED,,2026-06-07,,,,,,,,,,,,,,
EXPD_POSTER18C,EXPD_POSTER18C,SEEDED,dimensions_library_fbx_bounds,,models/wall_art/EXPD_POSTER18C.fbx,source/control scale,0.788574,0.0,1.079102,0.0,0.0,0.0,Right = normalize(Up cross At),Up = normalize(source.Up),At = normalize(source.At projected perpendicular to Up),NEED_STUDY,NEED_STUDY,none,UNTESTED,,2026-06-07,,,,,,,,,,,,,,
EXPD_POSTER19A,EXPD_POSTER19A,SEEDED,dimensions_library_fbx_bounds,,models/wall_art/EXPD_POSTER19A.fbx,source/control scale,0.788574,0.0,1.079102,0.0,0.0,0.0,Right = normalize(Up cross At),Up = normalize(source.Up),At = normalize(source.At projected perpendicular to Up),NEED_STUDY,NEED_STUDY,none,UNTESTED,,2026-06-07,,,,,,,,,,,,,,
EXPD_POSTER19B,EXPD_POSTER19B,SEEDED,dimensions_library_fbx_bounds,,models/wall_art/EXPD_POSTER19B.fbx,source/control scale,0.788574,0.0,1.079102,0.0,0.0,0.0,Right = normalize(Up cross At),Up = normalize(source.Up),At = normalize(source.At projected perpendicular to Up),NEED_STUDY,NEED_STUDY,none,UNTESTED,,2026-06-07,,,,,,,,,,,,,,
EXPD_POSTER19C,EXPD_POSTER19C,SEEDED,dimensions_library_fbx_bounds,,models/wall_art/EXPD_POSTER19C.fbx,source/control scale,0.750488,0.0,0.72998,0.0,0.0,0.0,Right = normalize(Up cross At),Up = normalize(source.Up),At = normalize(source.At projected perpendicular to Up),NEED_STUDY,NEED_STUDY,none,UNTESTED,,2026-06-07,,,,,,,,,,,,,,
EXPD_POSTER20A,EXPD_POSTER20A,SEEDED,dimensions_library_fbx_bounds,,models/wall_art/EXPD_POSTER20A.fbx,source/control scale,0.788574,0.0,1.079102,0.0,0.0,0.0,Right = normalize(Up cross At),Up = normalize(source.Up),At = normalize(source.At projected perpendicular to Up),NEED_STUDY,NEED_STUDY,none,UNTESTED,,2026-06-07,,,,,,,,,,,,,,
EXPD_POSTER20B,EXPD_POSTER20B,SEEDED,dimensions_library_fbx_bounds,,models/wall_art/EXPD_POSTER20B.fbx,source/control scale,0.750488,0.0,0.72998,0.0,0.0,0.0,Right = normalize(Up cross At),Up = normalize(source.Up),At = normalize(source.At projected perpendicular to Up),NEED_STUDY,NEED_STUDY,none,UNTESTED,,2026-06-07,,,,,,,,,,,,,,
EXPD_POSTER20C,EXPD_POSTER20C,SEEDED,dimensions_library_fbx_bounds,,models/wall_art/EXPD_POSTER20C.fbx,source/control scale,0.788574,0.0,1.079102,0.0,0.0,0.0,Right = normalize(Up cross At),Up = normalize(source.Up),At = normalize(source.At projected perpendicular to Up),NEED_STUDY,NEED_STUDY,none,UNTESTED,,2026-06-07,,,,,,,,,,,,,,
EXPD_POSTER21A,EXPD_POSTER21A,SEEDED,dimensions_library_fbx_bounds,,models/wall_art/EXPD_POSTER21A.fbx,source/control scale,0.788574,0.0,1.079102,0.0,0.0,0.0,Right = normalize(Up cross At),Up = normalize(source.Up),At = normalize(source.At projected perpendicular to Up),NEED_STUDY,NEED_STUDY,none,UNTESTED,,2026-06-07,,,,,,,,,,,,,,
EXPD_POSTER21B,EXPD_POSTER21B,SEEDED,dimensions_library_fbx_bounds,,models/wall_art/EXPD_POSTER21B.fbx,source/control scale,1.064453,0.0,0.72998,0.0,0.0,0.0,Right = normalize(Up cross At),Up = normalize(source.Up),At = normalize(source.At projected perpendicular to Up),NEED_STUDY,NEED_STUDY,none,UNTESTED,,2026-06-07,,,,,,,,,,,,,,
EXPD_POSTER21C,EXPD_POSTER21C,SEEDED,dimensions_library_fbx_bounds,,models/wall_art/EXPD_POSTER21C.fbx,source/control scale,0.788574,0.0,1.079102,0.0,0.0,0.0,Right = normalize(Up cross At),Up = normalize(source.Up),At = normalize(source.At projected perpendicular to Up),NEED_STUDY,NEED_STUDY,none,UNTESTED,,2026-06-07,,,,,,,,,,,,,,
EXPD_POSTER22A,EXPD_POSTER22A,SEEDED,dimensions_library_fbx_bounds,,models/wall_art/EXPD_POSTER22A.fbx,source/control scale,0.788574,0.0,1.079102,0.0,0.0,0.0,Right = normalize(Up cross At),Up = normalize(source.Up),At = normalize(source.At projected perpendicular to Up),NEED_STUDY,NEED_STUDY,none,UNTESTED,,2026-06-07,,,,,,,,,,,,,,
EXPD_POSTER22B,EXPD_POSTER22B,SEEDED,dimensions_library_fbx_bounds,,models/wall_art/EXPD_POSTER22B.fbx,source/control scale,0.788574,0.0,1.079102,0.0,0.0,0.0,Right = normalize(Up cross At),Up = normalize(source.Up),At = normalize(source.At projected perpendicular to Up),NEED_STUDY,NEED_STUDY,none,UNTESTED,,2026-06-07,,,,,,,,,,,,,,
EXPD_POSTER22C,EXPD_POSTER22C,SEEDED,dimensions_library_fbx_bounds,,models/wall_art/EXPD_POSTER22C.fbx,source/control scale,0.788574,0.0,1.079102,0.0,0.0,0.0,Right = normalize(Up cross At),Up = normalize(source.Up),At = normalize(source.At projected perpendicular to Up),NEED_STUDY,NEED_STUDY,none,UNTESTED,,2026-06-07,,,,,,,,,,,,,,
FLAG1,FLAG1,SEEDED,dimensions_library_fbx_bounds,,models/decoration/FLAG1.fbx,source/control scale,3.726897,3.461698,0.294004,-1.723286,1.730849,0.0,Right = normalize(Up cross At),Up = normalize(source.Up),At = normalize(source.At projected perpendicular to Up),NEED_STUDY,NEED_STUDY,none,UNTESTED,,2026-06-07,,,,,,,,,,,,,,
FLAG2,FLAG2,SEEDED,dimensions_library_fbx_bounds,,models/decoration/FLAG2.fbx,source/control scale,3.726897,3.461698,0.294004,-1.723286,1.730849,0.0,Right = normalize(Up cross At),Up = normalize(source.Up),At = normalize(source.At projected perpendicular to Up),NEED_STUDY,NEED_STUDY,none,UNTESTED,,2026-06-07,,,,,,,,,,,,,,
FLAG3,FLAG3,SEEDED,dimensions_library_fbx_bounds,,models/decoration/FLAG3.fbx,source/control scale,3.726897,3.461698,0.294004,-1.723286,1.730849,0.0,Right = normalize(Up cross At),Up = normalize(source.Up),At = normalize(source.At projected perpendicular to Up),NEED_STUDY,NEED_STUDY,none,UNTESTED,,2026-06-07,,,,,,,,,,,,,,
FLAG4,FLAG4,SEEDED,dimensions_library_fbx_bounds,,models/decoration/FLAG4.fbx,source/control scale,3.726897,3.461698,0.294004,-1.723286,1.730849,0.0,Right = normalize(Up cross At),Up = normalize(source.Up),At = normalize(source.At projected perpendicular to Up),NEED_STUDY,NEED_STUDY,none,UNTESTED,,2026-06-07,,,,,,,,,,,,,,
FLOORMAT1,FLOORMAT1,SEEDED,dimensions_library_fbx_bounds,,models/furnishings/FLOORMAT1.fbx,source/control scale,6.119413,0.031333,6.119412,0.0,0.010257,0.0,Right = normalize(Up cross At),Up = normalize(source.Up),At = normalize(source.At projected perpendicular to Up),NEED_STUDY,NEED_STUDY,none,UNTESTED,,2026-06-07,,,,,,,,,,,,,,
FOORLIGHT,FOORLIGHT,SEEDED,dimensions_library_fbx_bounds,,models/freighter/FOORLIGHT.fbx,source/control scale,0.97922,1.259436,1.050404,0.0,0.628623,-0.005878,Right = normalize(Up cross At),Up = normalize(source.Up),At = normalize(source.At projected perpendicular to Up),NEED_STUDY,NEED_STUDY,none,UNTESTED,,2026-06-07,,,,,,,,,,,,,,
FOOTLOCKER,FOOTLOCKER,SEEDED,dimensions_library_fbx_bounds,,models/freighter/FOOTLOCKER.fbx,source/control scale,1.55411,0.892886,1.0,0.0,0.446443,0.0,Right = normalize(Up cross At),Up = normalize(source.Up),At = normalize(source.At projected perpendicular to Up),NEED_STUDY,NEED_STUDY,none,UNTESTED,,2026-06-07,,,,,,,,,,,,,,
FOS_BI,FOS_BI,SEEDED,dimensions_library_fbx_bounds,,models/fossils/FOS_BI.fbx,source/control scale,3.371094,0.725388,2.677734,-0.084961,0.341896,0.0,Right = normalize(Up cross At),Up = normalize(source.Up),At = normalize(source.At projected perpendicular to Up),NEED_STUDY,NEED_STUDY,none,UNTESTED,,2026-06-07,,,,,,,,,,,,,,
FOS_BIRD,FOS_BIRD,SEEDED,dimensions_library_fbx_bounds,,models/fossils/FOS_BIRD.fbx,source/control scale,3.161133,1.852966,2.708984,-0.000488,0.931915,0.0,Right = normalize(Up cross At),Up = normalize(source.Up),At = normalize(source.At projected perpendicular to Up),NEED_STUDY,NEED_STUDY,none,UNTESTED,,2026-06-07,,,,,,,,,,,,,,
FOS_BIRD_DIS,FOS_BIRD_DIS,SEEDED,dimensions_library_fbx_bounds,,models/fossils/FOS_BIRD_DIS.fbx,source/control scale,1.121582,1.183517,1.180176,0.016283,0.591835,0.02124,Right = normalize(Up cross At),Up = normalize(source.Up),At = normalize(source.At projected perpendicular to Up),NEED_STUDY,NEED_STUDY,none,UNTESTED,,2026-06-07,,,,,,,,,,,,,,
FOS_BI_BODY_AA,FOS_BI_BODY_AA,SEEDED,dimensions_library_fbx_bounds,,models/fossil_parts/FOS_BI_BODY_AA.fbx,source/control scale,0.854492,1.365235,1.645996,0.0,0.590821,-0.028076,Right = normalize(Up cross At),Up = normalize(source.Up),At = normalize(source.At projected perpendicular to Up),NEED_STUDY,NEED_STUDY,none,UNTESTED,,2026-06-07,,,,,,,,,,,,,,
FOS_BI_BODY_AB,FOS_BI_BODY_AB,SEEDED,dimensions_library_fbx_bounds,,models/fossil_parts/FOS_BI_BODY_AB.fbx,source/control scale,1.291499,1.341681,1.635768,0.000205,0.579044,-0.022962,Right = normalize(Up cross At),Up = normalize(source.Up),At = normalize(source.At projected perpendicular to Up),NEED_STUDY,NEED_STUDY,none,UNTESTED,,2026-06-07,,,,,,,,,,,,,,
FOS_BI_BODY_AC,FOS_BI_BODY_AC,SEEDED,dimensions_library_fbx_bounds,,models/fossil_parts/FOS_BI_BODY_AC.fbx,source/control scale,1.274639,1.054574,1.453613,-0.002445,0.43549,0.068116,Right = normalize(Up cross At),Up = normalize(source.Up),At = normalize(source.At projected perpendicular to Up),NEED_STUDY,NEED_STUDY,none,UNTESTED,,2026-06-07,,,,,,,,,,,,,,
FOS_BI_BODY_AD,FOS_BI_BODY_AD,SEEDED,dimensions_library_fbx_bounds,,models/fossil_parts/FOS_BI_BODY_AD.fbx,source/control scale,0.854492,1.703833,1.478295,0.0,0.76012,0.055775,Right = normalize(Up cross At),Up = normalize(source.Up),At = normalize(source.At projected perpendicular to Up),NEED_STUDY,NEED_STUDY,none,UNTESTED,,2026-06-07,,,,,,,,,,,,,,
FOS_BI_BODY_AE,FOS_BI_BODY_AE,SEEDED,dimensions_library_fbx_bounds,,models/fossil_parts/FOS_BI_BODY_AE.fbx,source/control scale,0.854492,1.627042,1.453613,0.0,0.721724,0.068116,Right = normalize(Up cross At),Up = normalize(source.Up),At = normalize(source.At projected perpendicular to Up),NEED_STUDY,NEED_STUDY,none,UNTESTED,,2026-06-07,,,,,,,,,,,,,,
FOS_BI_BODY_AN,FOS_BI_BODY_AN,SEEDED,dimensions_library_fbx_bounds,,models/fossil_parts/FOS_BI_BODY_AN.fbx,source/control scale,0.854492,1.046875,1.453613,0.0,0.431641,0.068115,Right = normalize(Up cross At),Up = normalize(source.Up),At = normalize(source.At projected perpendicular to Up),NEED_STUDY,NEED_STUDY,none,UNTESTED,,2026-06-07,,,,,,,,,,,,,,
FOS_BI_BODY_BA,FOS_BI_BODY_BA,SEEDED,dimensions_library_fbx_bounds,,models/fossil_parts/FOS_BI_BODY_BA.fbx,source/control scale,0.854492,1.365235,1.645996,0.0,0.590821,-0.028076,Right = normalize(Up cross At),Up = normalize(source.Up),At = normalize(source.At projected perpendicular to Up),NEED_STUDY,NEED_STUDY,none,UNTESTED,,2026-06-07,,,,,,,,,,,,,,
FOS_BI_BODY_BB,FOS_BI_BODY_BB,SEEDED,dimensions_library_fbx_bounds,,models/fossil_parts/FOS_BI_BODY_BB.fbx,source/control scale,1.291499,1.341681,1.635768,0.000205,0.579044,-0.022962,Right = normalize(Up cross At),Up = normalize(source.Up),At = normalize(source.At projected perpendicular to Up),NEED_STUDY,NEED_STUDY,none,UNTESTED,,2026-06-07,,,,,,,,,,,,,,
FOS_BI_BODY_BC,FOS_BI_BODY_BC,SEEDED,dimensions_library_fbx_bounds,,models/fossil_parts/FOS_BI_BODY_BC.fbx,source/control scale,1.274639,1.054574,1.453613,-0.002445,0.43549,0.068116,Right = normalize(Up cross At),Up = normalize(source.Up),At = normalize(source.At projected perpendicular to Up),NEED_STUDY,NEED_STUDY,none,UNTESTED,,2026-06-07,,,,,,,,,,,,,,
FOS_BI_BODY_BD,FOS_BI_BODY_BD,SEEDED,dimensions_library_fbx_bounds,,models/fossil_parts/FOS_BI_BODY_BD.fbx,source/control scale,0.854492,1.703833,1.478295,0.0,0.76012,0.055775,Right = normalize(Up cross At),Up = normalize(source.Up),At = normalize(source.At projected perpendicular to Up),NEED_STUDY,NEED_STUDY,none,UNTESTED,,2026-06-07,,,,,,,,,,,,,,
FOS_BI_BODY_BE,FOS_BI_BODY_BE,SEEDED,dimensions_library_fbx_bounds,,models/fossil_parts/FOS_BI_BODY_BE.fbx,source/control scale,0.854492,1.627042,1.453613,0.0,0.721724,0.068116,Right = normalize(Up cross At),Up = normalize(source.Up),At = normalize(source.At projected perpendicular to Up),NEED_STUDY,NEED_STUDY,none,UNTESTED,,2026-06-07,,,,,,,,,,,,,,
FOS_BI_BODY_BN,FOS_BI_BODY_BN,SEEDED,dimensions_library_fbx_bounds,,models/fossil_parts/FOS_BI_BODY_BN.fbx,source/control scale,0.854492,1.046875,1.453613,0.0,0.431641,0.068115,Right = normalize(Up cross At),Up = normalize(source.Up),At = normalize(source.At projected perpendicular to Up),NEED_STUDY,NEED_STUDY,none,UNTESTED,,2026-06-07,,,,,,,,,,,,,,
FOS_BI_DIS,FOS_BI_DIS,SEEDED,dimensions_library_fbx_bounds,,models/fossils/FOS_BI_DIS.fbx,source/control scale,1.121582,1.183517,1.180176,0.016283,0.591835,0.02124,Right = normalize(Up cross At),Up = normalize(source.Up),At = normalize(source.At projected perpendicular to Up),NEED_STUDY,NEED_STUDY,none,UNTESTED,,2026-06-07,,,,,,,,,,,,,,
FOS_BI_TAIL_AA,FOS_BI_TAIL_AA,SEEDED,dimensions_library_fbx_bounds,,models/fossil_parts/FOS_BI_TAIL_AA.fbx,source/control scale,0.561523,0.661111,2.133804,0.004639,0.496349,0.109316,Right = normalize(Up cross At),Up = normalize(source.Up),At = normalize(source.At projected perpendicular to Up),NEED_STUDY,NEED_STUDY,none,UNTESTED,,2026-06-07,,,,,,,,,,,,,,
FOS_BI_TAIL_AN,FOS_BI_TAIL_AN,SEEDED,dimensions_library_fbx_bounds,,models/fossil_parts/FOS_BI_TAIL_AN.fbx,source/control scale,0.561523,0.661111,2.133804,0.004639,0.496349,0.109315,Right = normalize(Up cross At),Up = normalize(source.Up),At = normalize(source.At projected perpendicular to Up),NEED_STUDY,NEED_STUDY,none,UNTESTED,,2026-06-07,,,,,,,,,,,,,,
FOS_BI_TAIL_BA,FOS_BI_TAIL_BA,SEEDED,dimensions_library_fbx_bounds,,models/fossil_parts/FOS_BI_TAIL_BA.fbx,source/control scale,0.599609,1.702026,2.024694,0.00293,0.939018,0.015761,Right = normalize(Up cross At),Up = normalize(source.Up),At = normalize(source.At projected perpendicular to Up),NEED_STUDY,NEED_STUDY,none,UNTESTED,,2026-06-07,,,,,,,,,,,,,,
FOS_BI_TAIL_BN,FOS_BI_TAIL_BN,SEEDED,dimensions_library_fbx_bounds,,models/fossil_parts/FOS_BI_TAIL_BN.fbx,source/control scale,0.599609,1.702025,2.024694,0.00293,0.939018,0.015761,Right = normalize(Up cross At),Up = normalize(source.Up),At = normalize(source.At projected perpendicular to Up),NEED_STUDY,NEED_STUDY,none,UNTESTED,,2026-06-07,,,,,,,,,,,,,,
FOS_BI_TAIL_CA,FOS_BI_TAIL_CA,SEEDED,dimensions_library_fbx_bounds,,models/fossil_parts/FOS_BI_TAIL_CA.fbx,source/control scale,0.561523,1.360024,4.572648,0.004639,0.272612,-1.110106,Right = normalize(Up cross At),Up = normalize(source.Up),At = normalize(source.At projected perpendicular to Up),NEED_STUDY,NEED_STUDY,none,UNTESTED,,2026-06-07,,,,,,,,,,,,,,
FOS_BI_TAIL_CN,FOS_BI_TAIL_CN,SEEDED,dimensions_library_fbx_bounds,,models/fossil_parts/FOS_BI_TAIL_CN.fbx,source/control scale,0.561523,0.998836,4.572648,0.004639,0.092018,-1.110107,Right = normalize(Up cross At),Up = normalize(source.Up),At = normalize(source.At projected perpendicular to Up),NEED_STUDY,NEED_STUDY,none,UNTESTED,,2026-06-07,,,,,,,,,,,,,,
FOS_BI_TAIL_DA,FOS_BI_TAIL_DA,SEEDED,dimensions_library_fbx_bounds,,models/fossil_parts/FOS_BI_TAIL_DA.fbx,source/control scale,0.563965,1.761623,1.30493,0.005371,1.10058,0.630783,Right = normalize(Up cross At),Up = normalize(source.Up),At = normalize(source.At projected perpendicular to Up),NEED_STUDY,NEED_STUDY,none,UNTESTED,,2026-06-07,,,,,,,,,,,,,,
FOS_BI_TAIL_DN,FOS_BI_TAIL_DN,SEEDED,dimensions_library_fbx_bounds,,models/fossil_parts/FOS_BI_TAIL_DN.fbx,source/control scale,0.563965,1.761623,1.30493,0.005371,1.100579,0.630783,Right = normalize(Up cross At),Up = normalize(source.Up),At = normalize(source.At projected perpendicular to Up),NEED_STUDY,NEED_STUDY,none,UNTESTED,,2026-06-07,,,,,,,,,,,,,,
FOS_BI_TAIL_E,FOS_BI_TAIL_E,SEEDED,dimensions_library_fbx_bounds,,models/fossil_parts/FOS_BI_TAIL_E.fbx,source/control scale,2.525391,1.340113,0.397439,0.019531,1.155698,0.554739,Right = normalize(Up cross At),Up = normalize(source.Up),At = normalize(source.At projected perpendicular to Up),NEED_STUDY,NEED_STUDY,none,UNTESTED,,2026-06-07,,,,,,,,,,,,,,
FOS_BI_TAIL_F,FOS_BI_TAIL_F,SEEDED,dimensions_library_fbx_bounds,,models/fossil_parts/FOS_BI_TAIL_F.fbx,source/control scale,2.258789,0.830736,1.14915,-0.023926,0.139764,-0.528773,Right = normalize(Up cross At),Up = normalize(source.Up),At = normalize(source.At projected perpendicular to Up),NEED_STUDY,NEED_STUDY,none,UNTESTED,,2026-06-07,,,,,,,,,,,,,,
FOS_BI_TAIL_G,FOS_BI_TAIL_G,SEEDED,dimensions_library_fbx_bounds,,models/fossil_parts/FOS_BI_TAIL_G.fbx,source/control scale,0.292725,0.316732,0.607308,-0.00061,0.426042,0.698482,Right = normalize(Up cross At),Up = normalize(source.Up),At = normalize(source.At projected perpendicular to Up),NEED_STUDY,NEED_STUDY,none,UNTESTED,,2026-06-07,,,,,,,,,,,,,,
FOS_BODY,FOS_BODY,SEEDED,dimensions_library_fbx_bounds,,models/fossils/FOS_BODY.fbx,source/control scale,1.291499,1.703833,1.645996,0.000205,3.51012,-0.028076,Right = normalize(Up cross At),Up = normalize(source.Up),At = normalize(source.At projected perpendicular to Up),NEED_STUDY,NEED_STUDY,none,UNTESTED,,2026-06-07,,,,,,,,,,,,,,
FOS_BODY_DISP,FOS_BODY_DISP,SEEDED,dimensions_library_fbx_bounds,,models/fossils/FOS_BODY_DISP.fbx,source/control scale,1.121582,1.183517,1.180176,0.016283,0.591835,0.02124,Right = normalize(Up cross At),Up = normalize(source.Up),At = normalize(source.At projected perpendicular to Up),NEED_STUDY,NEED_STUDY,none,UNTESTED,,2026-06-07,,,,,,,,,,,,,,
FOS_BODY_MNT,FOS_BODY_MNT,SEEDED,dimensions_library_fbx_bounds,,models/fossils/FOS_BODY_MNT.fbx,source/control scale,1.121582,0.250977,1.180176,0.016283,0.119907,0.02124,Right = normalize(Up cross At),Up = normalize(source.Up),At = normalize(source.At projected perpendicular to Up),NEED_STUDY,NEED_STUDY,none,UNTESTED,,2026-06-07,,,,,,,,,,,,,,
FOS_GRUN,FOS_GRUN,SEEDED,dimensions_library_fbx_bounds,,models/fossils/FOS_GRUN.fbx,source/control scale,1.96875,1.20546,1.854492,-0.025391,0.580864,-0.029859,Right = normalize(Up cross At),Up = normalize(source.Up),At = normalize(source.At projected perpendicular to Up),NEED_STUDY,NEED_STUDY,none,UNTESTED,,2026-06-07,,,,,,,,,,,,,,
FOS_GRUN_DIS,FOS_GRUN_DIS,SEEDED,dimensions_library_fbx_bounds,,models/fossils/FOS_GRUN_DIS.fbx,source/control scale,1.121582,1.183517,1.180176,0.016283,0.591835,0.02124,Right = normalize(Up cross At),Up = normalize(source.Up),At = normalize(source.At projected perpendicular to Up),NEED_STUDY,NEED_STUDY,none,UNTESTED,,2026-06-07,,,,,,,,,,,,,,
FOS_HEAD_AA,FOS_HEAD_AA,SEEDED,dimensions_library_fbx_bounds,,models/fossil_parts/FOS_HEAD_AA.fbx,source/control scale,0.651367,1.060791,0.832764,0.0,0.489136,0.054565,Right = normalize(Up cross At),Up = normalize(source.Up),At = normalize(source.At projected perpendicular to Up),NEED_STUDY,NEED_STUDY,none,UNTESTED,,2026-06-07,,,,,,,,,,,,,,
FOS_HEAD_AB,FOS_HEAD_AB,SEEDED,dimensions_library_fbx_bounds,,models/fossil_parts/FOS_HEAD_AB.fbx,source/control scale,0.975586,1.16626,0.832764,0.0,0.54187,0.054565,Right = normalize(Up cross At),Up = normalize(source.Up),At = normalize(source.At projected perpendicular to Up),NEED_STUDY,NEED_STUDY,none,UNTESTED,,2026-06-07,,,,,,,,,,,,,,
FOS_HEAD_AC,FOS_HEAD_AC,SEEDED,dimensions_library_fbx_bounds,,models/fossil_parts/FOS_HEAD_AC.fbx,source/control scale,0.901367,1.064209,0.832764,0.0,0.490845,0.054565,Right = normalize(Up cross At),Up = normalize(source.Up),At = normalize(source.At projected perpendicular to Up),NEED_STUDY,NEED_STUDY,none,UNTESTED,,2026-06-07,,,,,,,,,,,,,,
FOS_HEAD_AD,FOS_HEAD_AD,SEEDED,dimensions_library_fbx_bounds,,models/fossil_parts/FOS_HEAD_AD.fbx,source/control scale,0.651367,0.865967,0.832764,0.0,0.391724,0.054565,Right = normalize(Up cross At),Up = normalize(source.Up),At = normalize(source.At projected perpendicular to Up),NEED_STUDY,NEED_STUDY,none,UNTESTED,,2026-06-07,,,,,,,,,,,,,,
FOS_HEAD_AN,FOS_HEAD_AN,SEEDED,dimensions_library_fbx_bounds,,models/fossil_parts/FOS_HEAD_AN.fbx,source/control scale,0.651367,0.865967,0.832764,0.0,0.391724,0.054565,Right = normalize(Up cross At),Up = normalize(source.Up),At = normalize(source.At projected perpendicular to Up),NEED_STUDY,NEED_STUDY,none,UNTESTED,,2026-06-07,,,,,,,,,,,,,,
FOS_HEAD_BA,FOS_HEAD_BA,SEEDED,dimensions_library_fbx_bounds,,models/fossil_parts/FOS_HEAD_BA.fbx,source/control scale,0.689941,0.76416,1.041748,0.0,0.435303,0.222778,Right = normalize(Up cross At),Up = normalize(source.Up),At = normalize(source.At projected perpendicular to Up),NEED_STUDY,NEED_STUDY,none,UNTESTED,,2026-06-07,,,,,,,,,,,,,,
FOS_HEAD_BB,FOS_HEAD_BB,SEEDED,dimensions_library_fbx_bounds,,models/fossil_parts/FOS_HEAD_BB.fbx,source/control scale,1.101562,0.836914,1.041748,-0.004395,0.47168,0.222778,Right = normalize(Up cross At),Up = normalize(source.Up),At = normalize(source.At projected perpendicular to Up),NEED_STUDY,NEED_STUDY,none,UNTESTED,,2026-06-07,,,,,,,,,,,,,,
FOS_HEAD_BC,FOS_HEAD_BC,SEEDED,dimensions_library_fbx_bounds,,models/fossil_parts/FOS_HEAD_BC.fbx,source/control scale,0.693359,0.976074,1.041748,-0.001709,0.54126,0.222778,Right = normalize(Up cross At),Up = normalize(source.Up),At = normalize(source.At projected perpendicular to Up),NEED_STUDY,NEED_STUDY,none,UNTESTED,,2026-06-07,,,,,,,,,,,,,,
FOS_HEAD_BD,FOS_HEAD_BD,SEEDED,dimensions_library_fbx_bounds,,models/fossil_parts/FOS_HEAD_BD.fbx,source/control scale,0.689941,0.807129,1.041748,0.0,0.456787,0.222778,Right = normalize(Up cross At),Up = normalize(source.Up),At = normalize(source.At projected perpendicular to Up),NEED_STUDY,NEED_STUDY,none,UNTESTED,,2026-06-07,,,,,,,,,,,,,,
FOS_HEAD_BE,FOS_HEAD_BE,SEEDED,dimensions_library_fbx_bounds,,models/fossil_parts/FOS_HEAD_BE.fbx,source/control scale,2.361328,1.512207,2.141114,0.0,0.809326,-0.326904,Right = normalize(Up cross At),Up = normalize(source.Up),At = normalize(source.At projected perpendicular to Up),NEED_STUDY,NEED_STUDY,none,UNTESTED,,2026-06-07,,,,,,,,,,,,,,
FOS_HEAD_BF,FOS_HEAD_BF,SEEDED,dimensions_library_fbx_bounds,,models/fossil_parts/FOS_HEAD_BF.fbx,source/control scale,2.003906,1.279785,2.409668,0.0,0.693115,-0.461182,Right = normalize(Up cross At),Up = normalize(source.Up),At = normalize(source.At projected perpendicular to Up),NEED_STUDY,NEED_STUDY,none,UNTESTED,,2026-06-07,,,,,,,,,,,,,,
FOS_HEAD_BG,FOS_HEAD_BG,SEEDED,dimensions_library_fbx_bounds,,models/fossil_parts/FOS_HEAD_BG.fbx,source/control scale,2.339844,2.812012,1.498047,0.0,1.459228,-0.005371,Right = normalize(Up cross At),Up = normalize(source.Up),At = normalize(source.At projected perpendicular to Up),NEED_STUDY,NEED_STUDY,none,UNTESTED,,2026-06-07,,,,,,,,,,,,,,
FOS_HEAD_BH,FOS_HEAD_BH,SEEDED,dimensions_library_fbx_bounds,,models/fossil_parts/FOS_HEAD_BH.fbx,source/control scale,2.302734,1.299316,2.534668,0.0,0.702881,-0.523682,Right = normalize(Up cross At),Up = normalize(source.Up),At = normalize(source.At projected perpendicular to Up),NEED_STUDY,NEED_STUDY,none,UNTESTED,,2026-06-07,,,,,,,,,,,,,,
FOS_HEAD_BI,FOS_HEAD_BI,SEEDED,dimensions_library_fbx_bounds,,models/fossil_parts/FOS_HEAD_BI.fbx,source/control scale,1.25293,1.480957,2.044434,0.0,0.793701,-0.278565,Right = normalize(Up cross At),Up = normalize(source.Up),At = normalize(source.At projected perpendicular to Up),NEED_STUDY,NEED_STUDY,none,UNTESTED,,2026-06-07,,,,,,,,,,,,,,
FOS_HEAD_BJ,FOS_HEAD_BJ,SEEDED,dimensions_library_fbx_bounds,,models/fossil_parts/FOS_HEAD_BJ.fbx,source/control scale,0.689941,1.20166,1.237549,0.0,0.654053,0.320679,Right = normalize(Up cross At),Up = normalize(source.Up),At = normalize(source.At projected perpendicular to Up),NEED_STUDY,NEED_STUDY,none,UNTESTED,,2026-06-07,,,,,,,,,,,,,,
FOS_HEAD_BN,FOS_HEAD_BN,SEEDED,dimensions_library_fbx_bounds,,models/fossil_parts/FOS_HEAD_BN.fbx,source/control scale,0.689941,0.670654,1.041748,0.0,0.38855,0.222778,Right = normalize(Up cross At),Up = normalize(source.Up),At = normalize(source.At projected perpendicular to Up),NEED_STUDY,NEED_STUDY,none,UNTESTED,,2026-06-07,,,,,,,,,,,,,,
FOS_HEAD_CA,FOS_HEAD_CA,SEEDED,dimensions_library_fbx_bounds,,models/fossil_parts/FOS_HEAD_CA.fbx,source/control scale,0.648438,0.684326,0.824951,0.0,0.451294,0.061401,Right = normalize(Up cross At),Up = normalize(source.Up),At = normalize(source.At projected perpendicular to Up),NEED_STUDY,NEED_STUDY,none,UNTESTED,,2026-06-07,,,,,,,,,,,,,,
FOS_HEAD_CB,FOS_HEAD_CB,SEEDED,dimensions_library_fbx_bounds,,models/fossil_parts/FOS_HEAD_CB.fbx,source/control scale,1.177734,0.884033,0.897461,-0.004883,0.551147,0.097656,Right = normalize(Up cross At),Up = normalize(source.Up),At = normalize(source.At projected perpendicular to Up),NEED_STUDY,NEED_STUDY,none,UNTESTED,,2026-06-07,,,,,,,,,,,,,,
FOS_HEAD_CC,FOS_HEAD_CC,SEEDED,dimensions_library_fbx_bounds,,models/fossil_parts/FOS_HEAD_CC.fbx,source/control scale,0.656006,0.773682,0.826904,-0.003784,0.495972,0.062378,Right = normalize(Up cross At),Up = normalize(source.Up),At = normalize(source.At projected perpendicular to Up),NEED_STUDY,NEED_STUDY,none,UNTESTED,,2026-06-07,,,,,,,,,,,,,,
FOS_HEAD_CD,FOS_HEAD_CD,SEEDED,dimensions_library_fbx_bounds,,models/fossil_parts/FOS_HEAD_CD.fbx,source/control scale,2.089844,1.00415,1.768799,-0.000977,0.611206,-0.410522,Right = normalize(Up cross At),Up = normalize(source.Up),At = normalize(source.At projected perpendicular to Up),NEED_STUDY,NEED_STUDY,none,UNTESTED,,2026-06-07,,,,,,,,,,,,,,
FOS_HEAD_CE,FOS_HEAD_CE,SEEDED,dimensions_library_fbx_bounds,,models/fossil_parts/FOS_HEAD_CE.fbx,source/control scale,1.256836,1.358887,1.099854,0.0,0.253174,-0.07605,Right = normalize(Up cross At),Up = normalize(source.Up),At = normalize(source.At projected perpendicular to Up),NEED_STUDY,NEED_STUDY,none,UNTESTED,,2026-06-07,,,,,,,,,,,,,,
FOS_HEAD_CF,FOS_HEAD_CF,SEEDED,dimensions_library_fbx_bounds,,models/fossil_parts/FOS_HEAD_CF.fbx,source/control scale,1.013672,1.430908,1.041748,0.0,0.824585,-0.046997,Right = normalize(Up cross At),Up = normalize(source.Up),At = normalize(source.At projected perpendicular to Up),NEED_STUDY,NEED_STUDY,none,UNTESTED,,2026-06-07,,,,,,,,,,,,,,
FOS_HEAD_CG,FOS_HEAD_CG,SEEDED,dimensions_library_fbx_bounds,,models/fossil_parts/FOS_HEAD_CG.fbx,source/control scale,1.34668,0.829346,1.495361,0.0,0.523804,-0.273804,Right = normalize(Up cross At),Up = normalize(source.Up),At = normalize(source.At projected perpendicular to Up),NEED_STUDY,NEED_STUDY,none,UNTESTED,,2026-06-07,,,,,,,,,,,,,,
FOS_HEAD_CH,FOS_HEAD_CH,SEEDED,dimensions_library_fbx_bounds,,models/fossil_parts/FOS_HEAD_CH.fbx,source/control scale,1.459961,1.854736,1.006104,0.0,1.036499,-0.029175,Right = normalize(Up cross At),Up = normalize(source.Up),At = normalize(source.At projected perpendicular to Up),NEED_STUDY,NEED_STUDY,none,UNTESTED,,2026-06-07,,,,,,,,,,,,,,
FOS_HEAD_CI,FOS_HEAD_CI,SEEDED,dimensions_library_fbx_bounds,,models/fossil_parts/FOS_HEAD_CI.fbx,source/control scale,1.208008,1.066162,1.35669,0.007324,0.642212,-0.204468,Right = normalize(Up cross At),Up = normalize(source.Up),At = normalize(source.At projected perpendicular to Up),NEED_STUDY,NEED_STUDY,none,UNTESTED,,2026-06-07,,,,,,,,,,,,,,
FOS_HEAD_CJ,FOS_HEAD_CJ,SEEDED,dimensions_library_fbx_bounds,,models/fossil_parts/FOS_HEAD_CJ.fbx,source/control scale,1.359375,1.04126,1.314697,0.0,0.629761,-0.183472,Right = normalize(Up cross At),Up = normalize(source.Up),At = normalize(source.At projected perpendicular to Up),NEED_STUDY,NEED_STUDY,none,UNTESTED,,2026-06-07,,,,,,,,,,,,,,
FOS_HEAD_CN,FOS_HEAD_CN,SEEDED,dimensions_library_fbx_bounds,,models/fossil_parts/FOS_HEAD_CN.fbx,source/control scale,0.648438,0.571289,0.824951,0.0,0.394775,0.061401,Right = normalize(Up cross At),Up = normalize(source.Up),At = normalize(source.At projected perpendicular to Up),NEED_STUDY,NEED_STUDY,none,UNTESTED,,2026-06-07,,,,,,,,,,,,,,
FOS_HEAD_DA,FOS_HEAD_DA,SEEDED,dimensions_library_fbx_bounds,,models/fossil_parts/FOS_HEAD_DA.fbx,source/control scale,0.61377,0.653168,1.109131,0.0,0.551346,0.197388,Right = normalize(Up cross At),Up = normalize(source.Up),At = normalize(source.At projected perpendicular to Up),NEED_STUDY,NEED_STUDY,none,UNTESTED,,2026-06-07,,,,,,,,,,,,,,
FOS_HEAD_DB,FOS_HEAD_DB,SEEDED,dimensions_library_fbx_bounds,,models/fossil_parts/FOS_HEAD_DB.fbx,source/control scale,0.582031,0.653168,1.042725,0.0,0.551346,0.164185,Right = normalize(Up cross At),Up = normalize(source.Up),At = normalize(source.At projected perpendicular to Up),NEED_STUDY,NEED_STUDY,none,UNTESTED,,2026-06-07,,,,,,,,,,,,,,
FOS_HEAD_DC,FOS_HEAD_DC,SEEDED,dimensions_library_fbx_bounds,,models/fossil_parts/FOS_HEAD_DC.fbx,source/control scale,0.67334,0.81189,1.066162,0.0,0.471985,0.175903,Right = normalize(Up cross At),Up = normalize(source.Up),At = normalize(source.At projected perpendicular to Up),NEED_STUDY,NEED_STUDY,none,UNTESTED,,2026-06-07,,,,,,,,,,,,,,
FOS_HEAD_DD,FOS_HEAD_DD,SEEDED,dimensions_library_fbx_bounds,,models/fossil_parts/FOS_HEAD_DD.fbx,source/control scale,0.854492,0.653168,1.036377,0.0,0.551346,0.161011,Right = normalize(Up cross At),Up = normalize(source.Up),At = normalize(source.At projected perpendicular to Up),NEED_STUDY,NEED_STUDY,none,UNTESTED,,2026-06-07,,,,,,,,,,,,,,
FOS_HEAD_DE,FOS_HEAD_DE,SEEDED,dimensions_library_fbx_bounds,,models/fossil_parts/FOS_HEAD_DE.fbx,source/control scale,0.582031,0.748383,1.036377,0.0,0.598953,0.161011,Right = normalize(Up cross At),Up = normalize(source.Up),At = normalize(source.At projected perpendicular to Up),NEED_STUDY,NEED_STUDY,none,UNTESTED,,2026-06-07,,,,,,,,,,,,,,
FOS_HEAD_DF,FOS_HEAD_DF,SEEDED,dimensions_library_fbx_bounds,,models/fossil_parts/FOS_HEAD_DF.fbx,source/control scale,0.582031,0.653168,1.036377,0.0,0.551346,0.161011,Right = normalize(Up cross At),Up = normalize(source.Up),At = normalize(source.At projected perpendicular to Up),NEED_STUDY,NEED_STUDY,none,UNTESTED,,2026-06-07,,,,,,,,,,,,,,
FOS_HEAD_DG,FOS_HEAD_DG,SEEDED,dimensions_library_fbx_bounds,,models/fossil_parts/FOS_HEAD_DG.fbx,source/control scale,0.582031,0.653168,1.036377,0.0,0.551346,0.161011,Right = normalize(Up cross At),Up = normalize(source.Up),At = normalize(source.At projected perpendicular to Up),NEED_STUDY,NEED_STUDY,none,UNTESTED,,2026-06-07,,,,,,,,,,,,,,
FOS_HEAD_DH,FOS_HEAD_DH,SEEDED,dimensions_library_fbx_bounds,,models/fossil_parts/FOS_HEAD_DH.fbx,source/control scale,0.582031,0.653168,1.036377,0.0,0.551346,0.161011,Right = normalize(Up cross At),Up = normalize(source.Up),At = normalize(source.At projected perpendicular to Up),NEED_STUDY,NEED_STUDY,none,UNTESTED,,2026-06-07,,,,,,,,,,,,,,
FOS_HEAD_DI,FOS_HEAD_DI,SEEDED,dimensions_library_fbx_bounds,,models/fossil_parts/FOS_HEAD_DI.fbx,source/control scale,0.582031,0.912445,1.200195,0.0,0.680984,0.203125,Right = normalize(Up cross At),Up = normalize(source.Up),At = normalize(source.At projected perpendicular to Up),NEED_STUDY,NEED_STUDY,none,UNTESTED,,2026-06-07,,,,,,,,,,,,,,
FOS_HEAD_DJ,FOS_HEAD_DJ,SEEDED,dimensions_library_fbx_bounds,,models/fossil_parts/FOS_HEAD_DJ.fbx,source/control scale,1.165039,1.323242,1.873779,0.0,0.216309,0.579712,Right = normalize(Up cross At),Up = normalize(source.Up),At = normalize(source.At projected perpendicular to Up),NEED_STUDY,NEED_STUDY,none,UNTESTED,,2026-06-07,,,,,,,,,,,,,,
FOS_HEAD_DN,FOS_HEAD_DN,SEEDED,dimensions_library_fbx_bounds,,models/fossil_parts/FOS_HEAD_DN.fbx,source/control scale,0.582031,0.653168,1.036377,0.0,0.551346,0.161011,Right = normalize(Up cross At),Up = normalize(source.Up),At = normalize(source.At projected perpendicular to Up),NEED_STUDY,NEED_STUDY,none,UNTESTED,,2026-06-07,,,,,,,,,,,,,,
FOS_HEAD_EA,FOS_HEAD_EA,SEEDED,dimensions_library_fbx_bounds,,models/fossil_parts/FOS_HEAD_EA.fbx,source/control scale,0.566406,0.709686,0.971191,0.0,0.562637,0.133545,Right = normalize(Up cross At),Up = normalize(source.Up),At = normalize(source.At projected perpendicular to Up),NEED_STUDY,NEED_STUDY,none,UNTESTED,,2026-06-07,,,,,,,,,,,,,,
FOS_HEAD_EB,FOS_HEAD_EB,SEEDED,dimensions_library_fbx_bounds,,models/fossil_parts/FOS_HEAD_EB.fbx,source/control scale,0.986572,0.755585,0.971191,-0.004028,0.585587,0.133545,Right = normalize(Up cross At),Up = normalize(source.Up),At = normalize(source.At projected perpendicular to Up),NEED_STUDY,NEED_STUDY,none,UNTESTED,,2026-06-07,,,,,,,,,,,,,,
FOS_HEAD_EC,FOS_HEAD_EC,SEEDED,dimensions_library_fbx_bounds,,models/fossil_parts/FOS_HEAD_EC.fbx,source/control scale,0.734619,0.89035,0.985107,-0.005737,0.652969,0.126587,Right = normalize(Up cross At),Up = normalize(source.Up),At = normalize(source.At projected perpendicular to Up),NEED_STUDY,NEED_STUDY,none,UNTESTED,,2026-06-07,,,,,,,,,,,,,,
FOS_HEAD_ED,FOS_HEAD_ED,SEEDED,dimensions_library_fbx_bounds,,models/fossil_parts/FOS_HEAD_ED.fbx,source/control scale,0.597656,0.715546,0.998291,0.000488,0.565567,0.119995,Right = normalize(Up cross At),Up = normalize(source.Up),At = normalize(source.At projected perpendicular to Up),NEED_STUDY,NEED_STUDY,none,UNTESTED,,2026-06-07,,,,,,,,,,,,,,
FOS_HEAD_EE,FOS_HEAD_EE,SEEDED,dimensions_library_fbx_bounds,,models/fossil_parts/FOS_HEAD_EE.fbx,source/control scale,1.375,0.983612,1.730469,0.0,0.6996,-0.246094,Right = normalize(Up cross At),Up = normalize(source.Up),At = normalize(source.At projected perpendicular to Up),NEED_STUDY,NEED_STUDY,none,UNTESTED,,2026-06-07,,,,,,,,,,,,,,
FOS_HEAD_EF,FOS_HEAD_EF,SEEDED,dimensions_library_fbx_bounds,,models/fossil_parts/FOS_HEAD_EF.fbx,source/control scale,0.866211,1.061737,1.42041,0.0,0.738663,-0.091065,Right = normalize(Up cross At),Up = normalize(source.Up),At = normalize(source.At projected perpendicular to Up),NEED_STUDY,NEED_STUDY,none,UNTESTED,,2026-06-07,,,,,,,,,,,,,,
FOS_HEAD_EG,FOS_HEAD_EG,SEEDED,dimensions_library_fbx_bounds,,models/fossil_parts/FOS_HEAD_EG.fbx,source/control scale,1.431641,0.758514,1.859375,0.0,0.587051,-0.310547,Right = normalize(Up cross At),Up = normalize(source.Up),At = normalize(source.At projected perpendicular to Up),NEED_STUDY,NEED_STUDY,none,UNTESTED,,2026-06-07,,,,,,,,,,,,,,
FOS_HEAD_EH,FOS_HEAD_EH,SEEDED,dimensions_library_fbx_bounds,,models/fossil_parts/FOS_HEAD_EH.fbx,source/control scale,1.412109,1.710175,1.399414,0.0,1.062881,-0.080566,Right = normalize(Up cross At),Up = normalize(source.Up),At = normalize(source.At projected perpendicular to Up),NEED_STUDY,NEED_STUDY,none,UNTESTED,,2026-06-07,,,,,,,,,,,,,,
FOS_HEAD_EI,FOS_HEAD_EI,SEEDED,dimensions_library_fbx_bounds,,models/fossil_parts/FOS_HEAD_EI.fbx,source/control scale,0.578125,1.017303,0.971191,0.0,0.716446,0.133545,Right = normalize(Up cross At),Up = normalize(source.Up),At = normalize(source.At projected perpendicular to Up),NEED_STUDY,NEED_STUDY,none,UNTESTED,,2026-06-07,,,,,,,,,,,,,,
FOS_HEAD_EJ,FOS_HEAD_EJ,SEEDED,dimensions_library_fbx_bounds,,models/fossil_parts/FOS_HEAD_EJ.fbx,source/control scale,1.960938,0.925018,1.478516,0.0,0.670303,-0.120117,Right = normalize(Up cross At),Up = normalize(source.Up),At = normalize(source.At projected perpendicular to Up),NEED_STUDY,NEED_STUDY,none,UNTESTED,,2026-06-07,,,,,,,,,,,,,,
FOS_HEAD_EN,FOS_HEAD_EN,SEEDED,dimensions_library_fbx_bounds,,models/fossil_parts/FOS_HEAD_EN.fbx,source/control scale,0.566406,0.540497,0.971191,0.0,0.478043,0.133545,Right = normalize(Up cross At),Up = normalize(source.Up),At = normalize(source.At projected perpendicular to Up),NEED_STUDY,NEED_STUDY,none,UNTESTED,,2026-06-07,,,,,,,,,,,,,,
FOS_HEAD_FA,FOS_HEAD_FA,SEEDED,dimensions_library_fbx_bounds,,models/fossil_parts/FOS_HEAD_FA.fbx,source/control scale,0.547363,1.296875,1.077148,0.0,0.651367,0.229004,Right = normalize(Up cross At),Up = normalize(source.Up),At = normalize(source.At projected perpendicular to Up),NEED_STUDY,NEED_STUDY,none,UNTESTED,,2026-06-07,,,,,,,,,,,,,,
FOS_HEAD_FB,FOS_HEAD_FB,SEEDED,dimensions_library_fbx_bounds,,models/fossil_parts/FOS_HEAD_FB.fbx,source/control scale,0.547363,1.036133,1.077148,0.0,0.520996,0.229004,Right = normalize(Up cross At),Up = normalize(source.Up),At = normalize(source.At projected perpendicular to Up),NEED_STUDY,NEED_STUDY,none,UNTESTED,,2026-06-07,,,,,,,,,,,,,,
FOS_HEAD_FC,FOS_HEAD_FC,SEEDED,dimensions_library_fbx_bounds,,models/fossil_parts/FOS_HEAD_FC.fbx,source/control scale,0.547363,1.295898,1.077148,0.0,0.650879,0.229004,Right = normalize(Up cross At),Up = normalize(source.Up),At = normalize(source.At projected perpendicular to Up),NEED_STUDY,NEED_STUDY,none,UNTESTED,,2026-06-07,,,,,,,,,,,,,,
FOS_HEAD_FD,FOS_HEAD_FD,SEEDED,dimensions_library_fbx_bounds,,models/fossil_parts/FOS_HEAD_FD.fbx,source/control scale,1.435547,1.986328,1.44043,0.0,0.996094,0.047363,Right = normalize(Up cross At),Up = normalize(source.Up),At = normalize(source.At projected perpendicular to Up),NEED_STUDY,NEED_STUDY,none,UNTESTED,,2026-06-07,,,,,,,,,,,,,,
FOS_HEAD_FE,FOS_HEAD_FE,SEEDED,dimensions_library_fbx_bounds,,models/fossil_parts/FOS_HEAD_FE.fbx,source/control scale,1.008789,1.370117,1.556152,0.0,0.687988,-0.010498,Right = normalize(Up cross At),Up = normalize(source.Up),At = normalize(source.At projected perpendicular to Up),NEED_STUDY,NEED_STUDY,none,UNTESTED,,2026-06-07,,,,,,,,,,,,,,
FOS_HEAD_FF,FOS_HEAD_FF,SEEDED,dimensions_library_fbx_bounds,,models/fossil_parts/FOS_HEAD_FF.fbx,source/control scale,1.385742,1.197266,1.536133,0.0,0.601562,-0.000488,Right = normalize(Up cross At),Up = normalize(source.Up),At = normalize(source.At projected perpendicular to Up),NEED_STUDY,NEED_STUDY,none,UNTESTED,,2026-06-07,,,,,,,,,,,,,,
FOS_HEAD_FG,FOS_HEAD_FG,SEEDED,dimensions_library_fbx_bounds,,models/fossil_parts/FOS_HEAD_FG.fbx,source/control scale,1.205078,0.848633,1.973633,0.0,0.427246,-0.219238,Right = normalize(Up cross At),Up = normalize(source.Up),At = normalize(source.At projected perpendicular to Up),NEED_STUDY,NEED_STUDY,none,UNTESTED,,2026-06-07,,,,,,,,,,,,,,
FOS_HEAD_FH,FOS_HEAD_FH,SEEDED,dimensions_library_fbx_bounds,,models/fossil_parts/FOS_HEAD_FH.fbx,source/control scale,1.051758,0.871582,1.761231,0.0,0.438721,-0.113037,Right = normalize(Up cross At),Up = normalize(source.Up),At = normalize(source.At projected perpendicular to Up),NEED_STUDY,NEED_STUDY,none,UNTESTED,,2026-06-07,,,,,,,,,,,,,,
FOS_HEAD_FI,FOS_HEAD_FI,SEEDED,dimensions_library_fbx_bounds,,models/fossil_parts/FOS_HEAD_FI.fbx,source/control scale,1.12793,1.149902,1.26001,0.0,0.577881,0.137573,Right = normalize(Up cross At),Up = normalize(source.Up),At = normalize(source.At projected perpendicular to Up),NEED_STUDY,NEED_STUDY,none,UNTESTED,,2026-06-07,,,,,,,,,,,,,,
FOS_HEAD_FJ,FOS_HEAD_FJ,SEEDED,dimensions_library_fbx_bounds,,models/fossil_parts/FOS_HEAD_FJ.fbx,source/control scale,0.568359,0.938477,1.305176,0.000488,0.472168,0.11499,Right = normalize(Up cross At),Up = normalize(source.Up),At = normalize(source.At projected perpendicular to Up),NEED_STUDY,NEED_STUDY,none,UNTESTED,,2026-06-07,,,,,,,,,,,,,,
FOS_HEAD_FK,FOS_HEAD_FK,SEEDED,dimensions_library_fbx_bounds,,models/fossil_parts/FOS_HEAD_FK.fbx,source/control scale,0.584229,0.980469,1.148193,-0.004517,0.493164,0.193481,Right = normalize(Up cross At),Up = normalize(source.Up),At = normalize(source.At projected perpendicular to Up),NEED_STUDY,NEED_STUDY,none,UNTESTED,,2026-06-07,,,,,,,,,,,,,,
FOS_HEAD_FL,FOS_HEAD_FL,SEEDED,dimensions_library_fbx_bounds,,models/fossil_parts/FOS_HEAD_FL.fbx,source/control scale,0.938477,0.789551,1.239258,-0.003906,0.397705,0.147949,Right = normalize(Up cross At),Up = normalize(source.Up),At = normalize(source.At projected perpendicular to Up),NEED_STUDY,NEED_STUDY,none,UNTESTED,,2026-06-07,,,,,,,,,,,,,,
FOS_HEAD_FM,FOS_HEAD_FM,SEEDED,dimensions_library_fbx_bounds,,models/fossil_parts/FOS_HEAD_FM.fbx,source/control scale,0.547363,0.911133,1.077148,0.0,0.458496,0.229004,Right = normalize(Up cross At),Up = normalize(source.Up),At = normalize(source.At projected perpendicular to Up),NEED_STUDY,NEED_STUDY,none,UNTESTED,,2026-06-07,,,,,,,,,,,,,,
FOS_HEAD_FN,FOS_HEAD_FN,SEEDED,dimensions_library_fbx_bounds,,models/fossil_parts/FOS_HEAD_FN.fbx,source/control scale,0.547363,0.777344,1.077148,0.0,0.391602,0.229004,Right = normalize(Up cross At),Up = normalize(source.Up),At = normalize(source.At projected perpendicular to Up),NEED_STUDY,NEED_STUDY,none,UNTESTED,,2026-06-07,,,,,,,,,,,,,,
FOS_HEAD_GA,FOS_HEAD_GA,SEEDED,dimensions_library_fbx_bounds,,models/fossil_parts/FOS_HEAD_GA.fbx,source/control scale,0.459717,0.578674,0.876709,0.0,0.417694,0.072876,Right = normalize(Up cross At),Up = normalize(source.Up),At = normalize(source.At projected perpendicular to Up),NEED_STUDY,NEED_STUDY,none,UNTESTED,,2026-06-07,,,,,,,,,,,,,,
FOS_HEAD_GB,FOS_HEAD_GB,SEEDED,dimensions_library_fbx_bounds,,models/fossil_parts/FOS_HEAD_GB.fbx,source/control scale,0.459717,0.813232,0.903564,0.0,0.546509,-0.166382,Right = normalize(Up cross At),Up = normalize(source.Up),At = normalize(source.At projected perpendicular to Up),NEED_STUDY,NEED_STUDY,none,UNTESTED,,2026-06-07,,,,,,,,,,,,,,
FOS_HEAD_GC,FOS_HEAD_GC,SEEDED,dimensions_library_fbx_bounds,,models/fossil_parts/FOS_HEAD_GC.fbx,source/control scale,0.921875,0.724853,1.151611,0.0,0.502319,-0.290405,Right = normalize(Up cross At),Up = normalize(source.Up),At = normalize(source.At projected perpendicular to Up),NEED_STUDY,NEED_STUDY,none,UNTESTED,,2026-06-07,,,,,,,,,,,,,,
FOS_HEAD_GD,FOS_HEAD_GD,SEEDED,dimensions_library_fbx_bounds,,models/fossil_parts/FOS_HEAD_GD.fbx,source/control scale,1.124023,1.382568,0.650879,0.0,0.831177,-0.040039,Right = normalize(Up cross At),Up = normalize(source.Up),At = normalize(source.At projected perpendicular to Up),NEED_STUDY,NEED_STUDY,none,UNTESTED,,2026-06-07,,,,,,,,,,,,,,
FOS_HEAD_GE,FOS_HEAD_GE,SEEDED,dimensions_library_fbx_bounds,,models/fossil_parts/FOS_HEAD_GE.fbx,source/control scale,0.818848,1.03833,0.67041,0.0,0.659058,-0.049805,Right = normalize(Up cross At),Up = normalize(source.Up),At = normalize(source.At projected perpendicular to Up),NEED_STUDY,NEED_STUDY,none,UNTESTED,,2026-06-07,,,,,,,,,,,,,,
FOS_HEAD_GF,FOS_HEAD_GF,SEEDED,dimensions_library_fbx_bounds,,models/fossil_parts/FOS_HEAD_GF.fbx,source/control scale,0.87207,0.99292,0.942139,0.0,0.636353,-0.185669,Right = normalize(Up cross At),Up = normalize(source.Up),At = normalize(source.At projected perpendicular to Up),NEED_STUDY,NEED_STUDY,none,UNTESTED,,2026-06-07,,,,,,,,,,,,,,
FOS_HEAD_GN,FOS_HEAD_GN,SEEDED,dimensions_library_fbx_bounds,,models/fossil_parts/FOS_HEAD_GN.fbx,source/control scale,0.459717,0.567139,0.650879,0.0,0.423462,-0.040039,Right = normalize(Up cross At),Up = normalize(source.Up),At = normalize(source.At projected perpendicular to Up),NEED_STUDY,NEED_STUDY,none,UNTESTED,,2026-06-07,,,,,,,,,,,,,,
FOS_HEAD_HA,FOS_HEAD_HA,SEEDED,dimensions_library_fbx_bounds,,models/fossil_parts/FOS_HEAD_HA.fbx,source/control scale,0.536865,0.737671,1.003418,-0.000366,0.389954,0.203369,Right = normalize(Up cross At),Up = normalize(source.Up),At = normalize(source.At projected perpendicular to Up),NEED_STUDY,NEED_STUDY,none,UNTESTED,,2026-06-07,,,,,,,,,,,,,,
FOS_HEAD_HB,FOS_HEAD_HB,SEEDED,dimensions_library_fbx_bounds,,models/fossil_parts/FOS_HEAD_HB.fbx,source/control scale,0.536865,0.69397,1.056152,-0.000366,0.368103,0.229736,Right = normalize(Up cross At),Up = normalize(source.Up),At = normalize(source.At projected perpendicular to Up),NEED_STUDY,NEED_STUDY,none,UNTESTED,,2026-06-07,,,,,,,,,,,,,,
FOS_HEAD_HC,FOS_HEAD_HC,SEEDED,dimensions_library_fbx_bounds,,models/fossil_parts/FOS_HEAD_HC.fbx,source/control scale,0.536865,0.652954,1.003418,-0.000366,0.347595,0.203369,Right = normalize(Up cross At),Up = normalize(source.Up),At = normalize(source.At projected perpendicular to Up),NEED_STUDY,NEED_STUDY,none,UNTESTED,,2026-06-07,,,,,,,,,,,,,,
FOS_HEAD_HD,FOS_HEAD_HD,SEEDED,dimensions_library_fbx_bounds,,models/fossil_parts/FOS_HEAD_HD.fbx,source/control scale,0.617188,0.724976,1.003418,0.0,0.383606,0.203369,Right = normalize(Up cross At),Up = normalize(source.Up),At = normalize(source.At projected perpendicular to Up),NEED_STUDY,NEED_STUDY,none,UNTESTED,,2026-06-07,,,,,,,,,,,,,,
FOS_HEAD_HE,FOS_HEAD_HE,SEEDED,dimensions_library_fbx_bounds,,models/fossil_parts/FOS_HEAD_HE.fbx,source/control scale,0.536865,0.652954,1.069824,-0.000366,0.347595,0.236572,Right = normalize(Up cross At),Up = normalize(source.Up),At = normalize(source.At projected perpendicular to Up),NEED_STUDY,NEED_STUDY,none,UNTESTED,,2026-06-07,,,,,,,,,,,,,,
FOS_HEAD_HF,FOS_HEAD_HF,SEEDED,dimensions_library_fbx_bounds,,models/fossil_parts/FOS_HEAD_HF.fbx,source/control scale,0.536865,0.652954,1.003418,-0.000366,0.347595,0.203369,Right = normalize(Up cross At),Up = normalize(source.Up),At = normalize(source.At projected perpendicular to Up),NEED_STUDY,NEED_STUDY,none,UNTESTED,,2026-06-07,,,,,,,,,,,,,,
FOS_HEAD_HG,FOS_HEAD_HG,SEEDED,dimensions_library_fbx_bounds,,models/fossil_parts/FOS_HEAD_HG.fbx,source/control scale,0.536865,0.708618,1.003418,-0.000366,0.375427,0.203369,Right = normalize(Up cross At),Up = normalize(source.Up),At = normalize(source.At projected perpendicular to Up),NEED_STUDY,NEED_STUDY,none,UNTESTED,,2026-06-07,,,,,,,,,,,,,,
FOS_HEAD_HN,FOS_HEAD_HN,SEEDED,dimensions_library_fbx_bounds,,models/fossil_parts/FOS_HEAD_HN.fbx,source/control scale,0.536865,0.652954,1.003418,-0.000366,0.347595,0.203369,Right = normalize(Up cross At),Up = normalize(source.Up),At = normalize(source.At projected perpendicular to Up),NEED_STUDY,NEED_STUDY,none,UNTESTED,,2026-06-07,,,,,,,,,,,,,,
FOS_HEAD_IA,FOS_HEAD_IA,SEEDED,dimensions_library_fbx_bounds,,models/fossil_parts/FOS_HEAD_IA.fbx,source/control scale,0.893555,0.744629,1.907715,0.0,0.407471,-0.210205,Right = normalize(Up cross At),Up = normalize(source.Up),At = normalize(source.At projected perpendicular to Up),NEED_STUDY,NEED_STUDY,none,UNTESTED,,2026-06-07,,,,,,,,,,,,,,
FOS_HEAD_IB,FOS_HEAD_IB,SEEDED,dimensions_library_fbx_bounds,,models/fossil_parts/FOS_HEAD_IB.fbx,source/control scale,0.38916,0.519531,0.854004,0.0,0.376709,0.243408,Right = normalize(Up cross At),Up = normalize(source.Up),At = normalize(source.At projected perpendicular to Up),NEED_STUDY,NEED_STUDY,none,UNTESTED,,2026-06-07,,,,,,,,,,,,,,
FOS_HEAD_IC,FOS_HEAD,SEEDED,dimensions_library_fbx_bounds,,models/fossil_parts/FOS_HEAD_IC.fbx,source/control scale,0.38916,0.519531,0.890625,0.0,0.376709,0.261719,Right = normalize(Up cross At),Up = normalize(source.Up),At = normalize(source.At projected perpendicular to Up),NEED_STUDY,NEED_STUDY,none,UNTESTED,,2026-06-07,,,,,,,,,,,,,,
FOS_HEAD_ID,FOS_HEAD_ID,SEEDED,dimensions_library_fbx_bounds,,models/fossil_parts/FOS_HEAD_ID.fbx,source/control scale,0.396973,0.519531,1.038086,0.000366,0.376709,0.335449,Right = normalize(Up cross At),Up = normalize(source.Up),At = normalize(source.At projected perpendicular to Up),NEED_STUDY,NEED_STUDY,none,UNTESTED,,2026-06-07,,,,,,,,,,,,,,
FOS_HEAD_IE,FOS_HEAD_IE,SEEDED,dimensions_library_fbx_bounds,,models/fossil_parts/FOS_HEAD_IE.fbx,source/control scale,0.456665,0.523193,0.775391,0.000427,0.37854,0.204102,Right = normalize(Up cross At),Up = normalize(source.Up),At = normalize(source.At projected perpendicular to Up),NEED_STUDY,NEED_STUDY,none,UNTESTED,,2026-06-07,,,,,,,,,,,,,,
FOS_HEAD_IF,FOS_HEAD_IF,SEEDED,dimensions_library_fbx_bounds,,models/fossil_parts/FOS_HEAD_IF.fbx,source/control scale,1.064453,0.521484,0.682617,0.0,0.377686,0.157715,Right = normalize(Up cross At),Up = normalize(source.Up),At = normalize(source.At projected perpendicular to Up),NEED_STUDY,NEED_STUDY,none,UNTESTED,,2026-06-07,,,,,,,,,,,,,,
FOS_HEAD_IG,FOS_HEAD_IG,SEEDED,dimensions_library_fbx_bounds,,models/fossil_parts/FOS_HEAD_IG.fbx,source/control scale,0.38916,0.638184,1.090332,0.0,0.312256,0.361572,Right = normalize(Up cross At),Up = normalize(source.Up),At = normalize(source.At projected perpendicular to Up),NEED_STUDY,NEED_STUDY,none,UNTESTED,,2026-06-07,,,,,,,,,,,,,,
FOS_HEAD_IN,FOS_HEAD_IN,SEEDED,dimensions_library_fbx_bounds,,models/fossil_parts/FOS_HEAD_IN.fbx,source/control scale,0.38916,0.510254,0.488281,0.0,0.37207,0.060547,Right = normalize(Up cross At),Up = normalize(source.Up),At = normalize(source.At projected perpendicular to Up),NEED_STUDY,NEED_STUDY,none,UNTESTED,,2026-06-07,,,,,,,,,,,,,,
FOS_HEAD_JA,FOS_HEAD_JA,SEEDED,dimensions_library_fbx_bounds,,models/fossil_parts/FOS_HEAD_JA.fbx,source/control scale,0.672363,0.798813,1.294922,-0.005127,0.621101,0.317383,Right = normalize(Up cross At),Up = normalize(source.Up),At = normalize(source.At projected perpendicular to Up),NEED_STUDY,NEED_STUDY,none,UNTESTED,,2026-06-07,,,,,,,,,,,,,,
FOS_HEAD_JB,FOS_HEAD_JB,SEEDED,dimensions_library_fbx_bounds,,models/fossil_parts/FOS_HEAD_JB.fbx,source/control scale,0.648438,0.814331,1.023926,0.0,0.506409,0.181885,Right = normalize(Up cross At),Up = normalize(source.Up),At = normalize(source.At projected perpendicular to Up),NEED_STUDY,NEED_STUDY,none,UNTESTED,,2026-06-07,,,,,,,,,,,,,,
FOS_HEAD_JC,FOS_HEAD_JC,SEEDED,dimensions_library_fbx_bounds,,models/fossil_parts/FOS_HEAD_JC.fbx,source/control scale,0.648438,0.538559,1.298828,0.0,0.490974,0.319336,Right = normalize(Up cross At),Up = normalize(source.Up),At = normalize(source.At projected perpendicular to Up),NEED_STUDY,NEED_STUDY,none,UNTESTED,,2026-06-07,,,,,,,,,,,,,,
FOS_HEAD_JD,FOS_HEAD_JD,SEEDED,dimensions_library_fbx_bounds,,models/fossil_parts/FOS_HEAD_JD.fbx,source/control scale,0.648438,0.749496,1.700195,0.0,0.596443,0.52002,Right = normalize(Up cross At),Up = normalize(source.Up),At = normalize(source.At projected perpendicular to Up),NEED_STUDY,NEED_STUDY,none,UNTESTED,,2026-06-07,,,,,,,,,,,,,,
FOS_HEAD_JE,FOS_HEAD_JE,SEEDED,dimensions_library_fbx_bounds,,models/fossil_parts/FOS_HEAD_JE.fbx,source/control scale,0.648438,0.488022,1.791016,0.0,0.465706,0.56543,Right = normalize(Up cross At),Up = normalize(source.Up),At = normalize(source.At projected perpendicular to Up),NEED_STUDY,NEED_STUDY,none,UNTESTED,,2026-06-07,,,,,,,,,,,,,,
FOS_HEAD_JF,FOS_HEAD_JF,SEEDED,dimensions_library_fbx_bounds,,models/fossil_parts/FOS_HEAD_JF.fbx,source/control scale,0.648438,0.488022,1.294922,0.0,0.465706,0.317383,Right = normalize(Up cross At),Up = normalize(source.Up),At = normalize(source.At projected perpendicular to Up),NEED_STUDY,NEED_STUDY,none,UNTESTED,,2026-06-07,,,,,,,,,,,,,,
FOS_HEAD_JG,FOS_HEAD_JG,SEEDED,dimensions_library_fbx_bounds,,models/fossil_parts/FOS_HEAD_JG.fbx,source/control scale,0.973145,0.655746,1.294922,0.0,0.549568,0.317383,Right = normalize(Up cross At),Up = normalize(source.Up),At = normalize(source.At projected perpendicular to Up),NEED_STUDY,NEED_STUDY,none,UNTESTED,,2026-06-07,,,,,,,,,,,,,,
FOS_HEAD_JH,FOS_HEAD_JH,SEEDED,dimensions_library_fbx_bounds,,models/fossil_parts/FOS_HEAD_JH.fbx,source/control scale,0.76709,0.649902,1.294922,0.0,0.384766,0.317383,Right = normalize(Up cross At),Up = normalize(source.Up),At = normalize(source.At projected perpendicular to Up),NEED_STUDY,NEED_STUDY,none,UNTESTED,,2026-06-07,,,,,,,,,,,,,,
FOS_HEAD_JI,FOS_HEAD_JI,SEEDED,dimensions_library_fbx_bounds,,models/fossil_parts/FOS_HEAD_JI.fbx,source/control scale,0.648438,0.488022,1.294922,0.0,0.465706,0.317383,Right = normalize(Up cross At),Up = normalize(source.Up),At = normalize(source.At projected perpendicular to Up),NEED_STUDY,NEED_STUDY,none,UNTESTED,,2026-06-07,,,,,,,,,,,,,,
FOS_HEAD_JJ,FOS_HEAD_JJ,SEEDED,dimensions_library_fbx_bounds,,models/fossil_parts/FOS_HEAD_JJ.fbx,source/control scale,0.648438,0.610474,1.023926,0.0,0.40448,0.181885,Right = normalize(Up cross At),Up = normalize(source.Up),At = normalize(source.At projected perpendicular to Up),NEED_STUDY,NEED_STUDY,none,UNTESTED,,2026-06-07,,,,,,,,,,,,,,
FOS_HEAD_JN,FOS_HEAD_JN,SEEDED,dimensions_library_fbx_bounds,,models/fossil_parts/FOS_HEAD_JN.fbx,source/control scale,0.648438,0.488022,1.294922,0.0,0.465706,0.317383,Right = normalize(Up cross At),Up = normalize(source.Up),At = normalize(source.At projected perpendicular to Up),NEED_STUDY,NEED_STUDY,none,UNTESTED,,2026-06-07,,,,,,,,,,,,,,
FOS_HEAD_KA,FOS_HEAD_KA,SEEDED,dimensions_library_fbx_bounds,,models/fossil_parts/FOS_HEAD_KA.fbx,source/control scale,0.632812,0.763184,0.878174,0.0,0.357178,0.165894,Right = normalize(Up cross At),Up = normalize(source.Up),At = normalize(source.At projected perpendicular to Up),NEED_STUDY,NEED_STUDY,none,UNTESTED,,2026-06-07,,,,,,,,,,,,,,
FOS_HEAD_KB,FOS_HEAD_KB,SEEDED,dimensions_library_fbx_bounds,,models/fossil_parts/FOS_HEAD_KB.fbx,source/control scale,0.632812,0.763184,0.871338,0.0,0.357178,0.162476,Right = normalize(Up cross At),Up = normalize(source.Up),At = normalize(source.At projected perpendicular to Up),NEED_STUDY,NEED_STUDY,none,UNTESTED,,2026-06-07,,,,,,,,,,,,,,
FOS_HEAD_KC,FOS_HEAD_KC,SEEDED,dimensions_library_fbx_bounds,,models/fossil_parts/FOS_HEAD_KC.fbx,source/control scale,0.632812,1.148926,1.00415,0.0,0.550049,0.228882,Right = normalize(Up cross At),Up = normalize(source.Up),At = normalize(source.At projected perpendicular to Up),NEED_STUDY,NEED_STUDY,none,UNTESTED,,2026-06-07,,,,,,,,,,,,,,
FOS_HEAD_KD,FOS_HEAD_KD,SEEDED,dimensions_library_fbx_bounds,,models/fossil_parts/FOS_HEAD_KD.fbx,source/control scale,0.632812,1.313477,0.938721,0.0,0.632324,0.196167,Right = normalize(Up cross At),Up = normalize(source.Up),At = normalize(source.At projected perpendicular to Up),NEED_STUDY,NEED_STUDY,none,UNTESTED,,2026-06-07,,,,,,,,,,,,,,
FOS_HEAD_KE,FOS_HEAD_KE,SEEDED,dimensions_library_fbx_bounds,,models/fossil_parts/FOS_HEAD_KE.fbx,source/control scale,0.724609,1.133789,0.859619,0.0,0.54248,0.156616,Right = normalize(Up cross At),Up = normalize(source.Up),At = normalize(source.At projected perpendicular to Up),NEED_STUDY,NEED_STUDY,none,UNTESTED,,2026-06-07,,,,,,,,,,,,,,
FOS_HEAD_KF,FOS_HEAD_KF,SEEDED,dimensions_library_fbx_bounds,,models/fossil_parts/FOS_HEAD_KF.fbx,source/control scale,1.06543,0.960937,0.859619,0.0,0.456055,0.156616,Right = normalize(Up cross At),Up = normalize(source.Up),At = normalize(source.At projected perpendicular to Up),NEED_STUDY,NEED_STUDY,none,UNTESTED,,2026-06-07,,,,,,,,,,,,,,
FOS_HEAD_KG,FOS_HEAD_KG,SEEDED,dimensions_library_fbx_bounds,,models/fossil_parts/FOS_HEAD_KG.fbx,source/control scale,0.632812,0.942383,0.859619,0.0,0.446777,0.156616,Right = normalize(Up cross At),Up = normalize(source.Up),At = normalize(source.At projected perpendicular to Up),NEED_STUDY,NEED_STUDY,none,UNTESTED,,2026-06-07,,,,,,,,,,,,,,
FOS_HEAD_KH,FOS_HEAD_KH,SEEDED,dimensions_library_fbx_bounds,,models/fossil_parts/FOS_HEAD_KH.fbx,source/control scale,0.632812,0.854492,0.859619,0.0,0.402832,0.156616,Right = normalize(Up cross At),Up = normalize(source.Up),At = normalize(source.At projected perpendicular to Up),NEED_STUDY,NEED_STUDY,none,UNTESTED,,2026-06-07,,,,,,,,,,,,,,
FOS_HEAD_KI,FOS_HEAD_KI,SEEDED,dimensions_library_fbx_bounds,,models/fossil_parts/FOS_HEAD_KI.fbx,source/control scale,0.891602,1.089356,1.041748,0.0,0.520264,0.065552,Right = normalize(Up cross At),Up = normalize(source.Up),At = normalize(source.At projected perpendicular to Up),NEED_STUDY,NEED_STUDY,none,UNTESTED,,2026-06-07,,,,,,,,,,,,,,
FOS_HEAD_KJ,FOS_HEAD_KJ,SEEDED,dimensions_library_fbx_bounds,,models/fossil_parts/FOS_HEAD_KJ.fbx,source/control scale,0.632812,0.796387,0.859619,0.0,0.373779,0.156616,Right = normalize(Up cross At),Up = normalize(source.Up),At = normalize(source.At projected perpendicular to Up),NEED_STUDY,NEED_STUDY,none,UNTESTED,,2026-06-07,,,,,,,,,,,,,,
FOS_HEAD_KK,FOS_HEAD_KK,SEEDED,dimensions_library_fbx_bounds,,models/fossil_parts/FOS_HEAD_KK.fbx,source/control scale,0.632812,0.763184,0.859619,0.0,0.357178,0.156616,Right = normalize(Up cross At),Up = normalize(source.Up),At = normalize(source.At projected perpendicular to Up),NEED_STUDY,NEED_STUDY,none,UNTESTED,,2026-06-07,,,,,,,,,,,,,,
FOS_HEAD_KL,FOS_HEAD_KL,SEEDED,dimensions_library_fbx_bounds,,models/fossil_parts/FOS_HEAD_KL.fbx,source/control scale,0.915039,1.097168,0.945557,0.0,0.52417,0.113647,Right = normalize(Up cross At),Up = normalize(source.Up),At = normalize(source.At projected perpendicular to Up),NEED_STUDY,NEED_STUDY,none,UNTESTED,,2026-06-07,,,,,,,,,,,,,,
FOS_HEAD_KN,FOS_HEAD_KN,SEEDED,dimensions_library_fbx_bounds,,models/fossil_parts/FOS_HEAD_KN.fbx,source/control scale,0.632812,0.763184,0.859619,0.0,0.357178,0.156616,Right = normalize(Up cross At),Up = normalize(source.Up),At = normalize(source.At projected perpendicular to Up),NEED_STUDY,NEED_STUDY,none,UNTESTED,,2026-06-07,,,,,,,,,,,,,,
FOS_LIMBS,FOS_LIMBS,SEEDED,dimensions_library_fbx_bounds,,models/fossils/FOS_LIMBS.fbx,source/control scale,0.009995,0.009995,0.009995,0.0,0.412764,0.0,Right = normalize(Up cross At),Up = normalize(source.Up),At = normalize(source.At projected perpendicular to Up),NEED_STUDY,NEED_STUDY,none,UNTESTED,,2026-06-07,,,,,,,,,,,,,,
FOS_LIMBS_A,FOS_LIMBS_A,SEEDED,dimensions_library_fbx_bounds,,models/fossil_parts/FOS_LIMBS_A.fbx,source/control scale,0.623779,0.939209,0.740478,0.025513,1.608276,0.264038,Right = normalize(Up cross At),Up = normalize(source.Up),At = normalize(source.At projected perpendicular to Up),NEED_STUDY,NEED_STUDY,none,UNTESTED,,2026-06-07,,,,,,,,,,,,,,
FOS_LIMBS_B,FOS_LIMBS_B,SEEDED,dimensions_library_fbx_bounds,,models/fossil_parts/FOS_LIMBS_B.fbx,source/control scale,0.782593,2.419189,1.185059,0.155579,1.141235,0.018799,Right = normalize(Up cross At),Up = normalize(source.Up),At = normalize(source.At projected perpendicular to Up),NEED_STUDY,NEED_STUDY,none,UNTESTED,,2026-06-07,,,,,,,,,,,,,,
FOS_LIMBS_C,FOS_LIMBS,SEEDED,dimensions_library_fbx_bounds,,models/fossil_parts/FOS_LIMBS_C.fbx,source/control scale,0.802124,2.017822,1.039307,0.165344,1.341919,-0.054077,Right = normalize(Up cross At),Up = normalize(source.Up),At = normalize(source.At projected perpendicular to Up),NEED_STUDY,NEED_STUDY,none,UNTESTED,,2026-06-07,,,,,,,,,,,,,,
FOS_LIMBS_D,FOS_LIMBS_D,SEEDED,dimensions_library_fbx_bounds,,models/fossil_parts/FOS_LIMBS_D.fbx,source/control scale,0.941772,2.421143,1.217285,0.235168,1.140259,0.034912,Right = normalize(Up cross At),Up = normalize(source.Up),At = normalize(source.At projected perpendicular to Up),NEED_STUDY,NEED_STUDY,none,UNTESTED,,2026-06-07,,,,,,,,,,,,,,
FOS_LIMBS_DISP,FOS_LIMBS_DISP,SEEDED,dimensions_library_fbx_bounds,,models/fossils/FOS_LIMBS_DISP.fbx,source/control scale,1.180176,1.183517,1.121582,-0.02124,0.591835,0.016283,Right = normalize(Up cross At),Up = normalize(source.Up),At = normalize(source.At projected perpendicular to Up),NEED_STUDY,NEED_STUDY,none,UNTESTED,,2026-06-07,,,,,,,,,,,,,,
FOS_LIMBS_E,FOS_LIMBS_E,SEEDED,dimensions_library_fbx_bounds,,models/fossil_parts/FOS_LIMBS_E.fbx,source/control scale,1.03064,2.417236,1.605957,0.279602,1.142212,0.229248,Right = normalize(Up cross At),Up = normalize(source.Up),At = normalize(source.At projected perpendicular to Up),NEED_STUDY,NEED_STUDY,none,UNTESTED,,2026-06-07,,,,,,,,,,,,,,
FOS_LIMBS_F,FOS_LIMBS_F,SEEDED,dimensions_library_fbx_bounds,,models/fossil_parts/FOS_LIMBS_F.fbx,source/control scale,0.767944,2.385986,1.041748,0.148254,1.157837,-0.052857,Right = normalize(Up cross At),Up = normalize(source.Up),At = normalize(source.At projected perpendicular to Up),NEED_STUDY,NEED_STUDY,none,UNTESTED,,2026-06-07,,,,,,,,,,,,,,
FOS_LIMBS_G,FOS_LIMBS_G,SEEDED,dimensions_library_fbx_bounds,,models/fossil_parts/FOS_LIMBS_G.fbx,source/control scale,0.796265,2.430908,1.283691,0.162415,1.135376,0.068115,Right = normalize(Up cross At),Up = normalize(source.Up),At = normalize(source.At projected perpendicular to Up),NEED_STUDY,NEED_STUDY,none,UNTESTED,,2026-06-07,,,,,,,,,,,,,,
FOS_LIMBS_H,FOS_LIMBS,SEEDED,dimensions_library_fbx_bounds,,models/fossil_parts/FOS_LIMBS_H.fbx,source/control scale,0.93396,2.286377,1.741455,0.231262,1.207641,-0.483765,Right = normalize(Up cross At),Up = normalize(source.Up),At = normalize(source.At projected perpendicular to Up),NEED_STUDY,NEED_STUDY,none,UNTESTED,,2026-06-07,,,,,,,,,,,,,,
FOS_LIMBS_I,FOS_LIMBS_I,SEEDED,dimensions_library_fbx_bounds,,models/fossil_parts/FOS_LIMBS_I.fbx,source/control scale,1.298096,2.1521,1.50415,0.362671,1.001831,-0.446167,Right = normalize(Up cross At),Up = normalize(source.Up),At = normalize(source.At projected perpendicular to Up),NEED_STUDY,NEED_STUDY,none,UNTESTED,,2026-06-07,,,,,,,,,,,,,,
FOS_LIMBS_J,FOS_LIMBS_J,SEEDED,dimensions_library_fbx_bounds,,models/fossil_parts/FOS_LIMBS_J.fbx,source/control scale,0.868896,2.455078,1.632568,0.148071,1.445312,-0.353638,Right = normalize(Up cross At),Up = normalize(source.Up),At = normalize(source.At projected perpendicular to Up),NEED_STUDY,NEED_STUDY,none,UNTESTED,,2026-06-07,,,,,,,,,,,,,,
FOS_LIMBS_MNT,FOS_LIMBS_MNT,SEEDED,dimensions_library_fbx_bounds,,models/fossils/FOS_LIMBS_MNT.fbx,source/control scale,1.121582,0.250977,1.180176,0.016283,0.119907,0.02124,Right = normalize(Up cross At),Up = normalize(source.Up),At = normalize(source.At projected perpendicular to Up),NEED_STUDY,NEED_STUDY,none,UNTESTED,,2026-06-07,,,,,,,,,,,,,,
FOS_QUAD,FOS_QUAD,SEEDED,dimensions_library_fbx_bounds,,models/fossils/FOS_QUAD.fbx,source/control scale,2.677734,0.726883,3.908203,-0.006567,0.341148,-0.000865,Right = normalize(Up cross At),Up = normalize(source.Up),At = normalize(source.At projected perpendicular to Up),NEED_STUDY,NEED_STUDY,none,UNTESTED,,2026-06-07,,,,,,,,,,,,,,
FOS_QUAD_DIS,FOS_QUAD_DIS,SEEDED,dimensions_library_fbx_bounds,,models/fossils/FOS_QUAD_DIS.fbx,source/control scale,1.121582,1.183517,1.180176,0.016283,0.591835,0.02124,Right = normalize(Up cross At),Up = normalize(source.Up),At = normalize(source.At projected perpendicular to Up),NEED_STUDY,NEED_STUDY,none,UNTESTED,,2026-06-07,,,,,,,,,,,,,,
FOS_SKULL,FOS_SKULL,SEEDED,dimensions_library_fbx_bounds,,models/fossils/FOS_SKULL.fbx,source/control scale,0.009995,0.009995,0.009995,0.0,0.412764,0.0,Right = normalize(Up cross At),Up = normalize(source.Up),At = normalize(source.At projected perpendicular to Up),NEED_STUDY,NEED_STUDY,none,UNTESTED,,2026-06-07,,,,,,,,,,,,,,
FOS_SKULL_DISP,FOS_SKULL_DISP,SEEDED,dimensions_library_fbx_bounds,,models/fossils/FOS_SKULL_DISP.fbx,source/control scale,1.121582,1.183517,1.180176,0.016283,0.591835,0.02124,Right = normalize(Up cross At),Up = normalize(source.Up),At = normalize(source.At projected perpendicular to Up),NEED_STUDY,NEED_STUDY,none,UNTESTED,,2026-06-07,,,,,,,,,,,,,,
FOS_SKULL_MNT,FOS_SKULL_MNT,SEEDED,dimensions_library_fbx_bounds,,models/fossils/FOS_SKULL_MNT.fbx,source/control scale,1.121582,0.250977,1.180176,0.016283,0.119907,0.02124,Right = normalize(Up cross At),Up = normalize(source.Up),At = normalize(source.At projected perpendicular to Up),NEED_STUDY,NEED_STUDY,none,UNTESTED,,2026-06-07,,,,,,,,,,,,,,
FOS_TAIL,FOS_TAIL,SEEDED,dimensions_library_fbx_bounds,,models/fossils/FOS_TAIL.fbx,source/control scale,0.009995,0.009995,0.009995,0.0,0.412764,0.0,Right = normalize(Up cross At),Up = normalize(source.Up),At = normalize(source.At projected perpendicular to Up),NEED_STUDY,NEED_STUDY,none,UNTESTED,,2026-06-07,,,,,,,,,,,,,,
FOS_TAIL_DISP,FOS_TAIL_DISP,SEEDED,dimensions_library_fbx_bounds,,models/fossils/FOS_TAIL_DISP.fbx,source/control scale,1.121582,1.183517,1.180176,0.016283,0.591835,0.02124,Right = normalize(Up cross At),Up = normalize(source.Up),At = normalize(source.At projected perpendicular to Up),NEED_STUDY,NEED_STUDY,none,UNTESTED,,2026-06-07,,,,,,,,,,,,,,
FOS_TAIL_MNT,FOS_TAIL_MNT,SEEDED,dimensions_library_fbx_bounds,,models/fossils/FOS_TAIL_MNT.fbx,source/control scale,1.121582,0.250977,1.180176,0.016283,0.119907,0.02124,Right = normalize(Up cross At),Up = normalize(source.Up),At = normalize(source.At projected perpendicular to Up),NEED_STUDY,NEED_STUDY,none,UNTESTED,,2026-06-07,,,,,,,,,,,,,,
FOS_WORM,FOS_WORM,SEEDED,dimensions_library_fbx_bounds,,models/fossils/FOS_WORM.fbx,source/control scale,2.677734,2.510315,7.162109,0.0,1.233124,-0.000383,Right = normalize(Up cross At),Up = normalize(source.Up),At = normalize(source.At projected perpendicular to Up),NEED_STUDY,NEED_STUDY,none,UNTESTED,,2026-06-07,,,,,,,,,,,,,,
FOS_WORM_DIS,FOS_WORM_DIS,SEEDED,dimensions_library_fbx_bounds,,models/fossils/FOS_WORM_DIS.fbx,source/control scale,1.121582,1.183517,1.180176,0.016283,0.591835,0.02124,Right = normalize(Up cross At),Up = normalize(source.Up),At = normalize(source.At projected perpendicular to Up),NEED_STUDY,NEED_STUDY,none,UNTESTED,,2026-06-07,,,,,,,,,,,,,,
FOUNDATION,FOUNDATION,SEEDED,dimensions_library_fbx_bounds,,models/decoration/FOUNDATION.fbx,source/control scale,12.287148,1.013535,12.287148,0.0,0.006768,0.0,Right = normalize(Up cross At),Up = normalize(source.Up),At = normalize(source.At projected perpendicular to Up),NEED_STUDY,NEED_STUDY,none,UNTESTED,,2026-06-07,,,,,,,,,,,,,,
FOUNDLEG,FOUNDLEG,SEEDED,dimensions_library_fbx_bounds,,models/large_structures/FOUNDLEG.fbx,source/control scale,0.697754,0.697754,1.0,0.0,0.0,0.5,Right = normalize(Up cross At),Up = normalize(source.Up),At = normalize(source.At projected perpendicular to Up),NEED_STUDY,NEED_STUDY,none,UNTESTED,,2026-06-07,,,,,,,,,,,,,,
FOUNDLEG4,FOUNDLEG4,SEEDED,dimensions_library_fbx_bounds,,models/large_structures/FOUNDLEG4.fbx,source/control scale,0.697754,0.697754,1.0,0.0,0.0,0.5,Right = normalize(Up cross At),Up = normalize(source.Up),At = normalize(source.At projected perpendicular to Up),NEED_STUDY,NEED_STUDY,none,UNTESTED,,2026-06-07,,,,,,,,,,,,,,
FREIGHTER_CORE,FREIGHTER_CORE,SEEDED,dimensions_library_fbx_bounds,,models/freighter/FREIGHTER_CORE.fbx,source/control scale,8.19979,5.439174,8.199791,0.0,2.719587,0.0,Right = normalize(Up cross At),Up = normalize(source.Up),At = normalize(source.At projected perpendicular to Up),NEED_STUDY,NEED_STUDY,none,UNTESTED,,2026-06-07,,,,,,,,,,,,,,
FRE_CORR_A,FRE_CORR_A,SEEDED,dimensions_library_fbx_bounds,,models/freighter/FRE_CORR_A.fbx,source/control scale,8.03125,4.771485,8.034724,0.0,1.385743,-0.001737,Right = normalize(Up cross At),Up = normalize(source.Up),At = normalize(source.At projected perpendicular to Up),NEED_STUDY,NEED_STUDY,none,UNTESTED,,2026-06-07,,,,,,,,,,,,,,
FRE_CORR_A_GLAS,FRE_CORR_A_GLAS,SEEDED,dimensions_library_fbx_bounds,,models/freighter/FRE_CORR_A_GLAS.fbx,source/control scale,8.03125,4.771485,8.034724,0.0,1.385743,-0.001737,Right = normalize(Up cross At),Up = normalize(source.Up),At = normalize(source.At projected perpendicular to Up),NEED_STUDY,NEED_STUDY,none,UNTESTED,,2026-06-07,,,,,,,,,,,,,,
FRE_CORR_A_L,FRE_CORR_A_L,SEEDED,dimensions_library_fbx_bounds,,models/freighter/FRE_CORR_A_L.fbx,source/control scale,6.763672,4.779298,6.763672,0.637695,1.381836,0.637695,Right = normalize(Up cross At),Up = normalize(source.Up),At = normalize(source.At projected perpendicular to Up),NEED_STUDY,NEED_STUDY,none,UNTESTED,,2026-06-07,,,,,,,,,,,,,,
FRE_CORR_A_STR,FRE_CORR_A_STR,SEEDED,dimensions_library_fbx_bounds,,models/freighter/FRE_CORR_A_STR.fbx,source/control scale,5.488282,4.771485,8.039062,0.0,1.385743,0.0,Right = normalize(Up cross At),Up = normalize(source.Up),At = normalize(source.At projected perpendicular to Up),NEED_STUDY,NEED_STUDY,none,UNTESTED,,2026-06-07,,,,,,,,,,,,,,
FRE_CORR_A_T,FRE_CORR_A_T,SEEDED,dimensions_library_fbx_bounds,,models/freighter/FRE_CORR_A_T.fbx,source/control scale,8.03125,4.771485,6.759766,0.0,1.385743,0.635742,Right = normalize(Up cross At),Up = normalize(source.Up),At = normalize(source.At projected perpendicular to Up),NEED_STUDY,NEED_STUDY,none,UNTESTED,,2026-06-07,,,,,,,,,,,,,,
FRE_CORR_GLA_L,FRE_CORR_GLA_L,SEEDED,dimensions_library_fbx_bounds,,models/freighter/FRE_CORR_GLA_L.fbx,source/control scale,6.859375,4.781251,6.830078,0.636718,1.382812,0.600586,Right = normalize(Up cross At),Up = normalize(source.Up),At = normalize(source.At projected perpendicular to Up),NEED_STUDY,NEED_STUDY,none,UNTESTED,,2026-06-07,,,,,,,,,,,,,,
FRE_CORR_GLA_ST,FRE_CORR_GLA_ST,SEEDED,dimensions_library_fbx_bounds,,models/freighter/FRE_CORR_GLA_ST.fbx,source/control scale,5.609376,4.771485,8.039062,0.0,1.385743,0.0,Right = normalize(Up cross At),Up = normalize(source.Up),At = normalize(source.At projected perpendicular to Up),NEED_STUDY,NEED_STUDY,none,UNTESTED,,2026-06-07,,,,,,,,,,,,,,
FRE_CORR_GLA_T,FRE_CORR_GLA_T,SEEDED,dimensions_library_fbx_bounds,,models/freighter/FRE_CORR_GLA_T.fbx,source/control scale,8.117188,4.773438,6.820313,0.0,1.386719,0.617188,Right = normalize(Up cross At),Up = normalize(source.Up),At = normalize(source.At projected perpendicular to Up),NEED_STUDY,NEED_STUDY,none,UNTESTED,,2026-06-07,,,,,,,,,,,,,,
FRE_CORR_G_STA,FRE_CORR_G_STA,SEEDED,dimensions_library_fbx_bounds,,models/freighter/FRE_CORR_G_STA.fbx,source/control scale,7.03125,16.0026,16.035158,0.0,5.998698,-3.998048,Right = normalize(Up cross At),Up = normalize(source.Up),At = normalize(source.At projected perpendicular to Up),NEED_STUDY,NEED_STUDY,none,UNTESTED,,2026-06-07,,,,,,,,,,,,,,
FRE_CORR_STA,FRE_CORR_STA,SEEDED,dimensions_library_fbx_bounds,,models/freighter/FRE_CORR_STA.fbx,source/control scale,7.03125,16.00781,16.031252,0.0,5.996093,-4.000001,Right = normalize(Up cross At),Up = normalize(source.Up),At = normalize(source.At projected perpendicular to Up),NEED_STUDY,NEED_STUDY,none,UNTESTED,,2026-06-07,,,,,,,,,,,,,,
FRE_EXT_PLATFOR,FRE_EXT_PLATFOR,SEEDED,dimensions_library_fbx_bounds,,models/freighter/FRE_EXT_PLATFOR.fbx,source/control scale,8.023438,1.966797,6.007812,0.0,0.004395,1.003906,Right = normalize(Up cross At),Up = normalize(source.Up),At = normalize(source.At projected perpendicular to Up),NEED_STUDY,NEED_STUDY,none,UNTESTED,,2026-06-07,,,,,,,,,,,,,,
FRE_EXT_WALKWAY,FRE_EXT_WALKWAY,SEEDED,dimensions_library_fbx_bounds,,models/freighter/FRE_EXT_WALKWAY.fbx,source/control scale,8.0,1.411379,8.0,0.0,0.281125,0.0,Right = normalize(Up cross At),Up = normalize(source.Up),At = normalize(source.At projected perpendicular to Up),NEED_STUDY,NEED_STUDY,none,UNTESTED,,2026-06-07,,,,,,,,,,,,,,
FRE_EXT_W_STA,FRE_EXT_W_STA,SEEDED,dimensions_library_fbx_bounds,,models/freighter/FRE_EXT_W_STA.fbx,source/control scale,4.005859,9.973142,16.035158,-0.000977,3.98999,-4.00586,Right = normalize(Up cross At),Up = normalize(source.Up),At = normalize(source.At projected perpendicular to Up),NEED_STUDY,NEED_STUDY,none,UNTESTED,,2026-06-07,,,,,,,,,,,,,,
FRE_FACE_DOOR_A,FRE_FACE_DOOR_A,SEEDED,dimensions_library_fbx_bounds,,models/freighter/FRE_FACE_DOOR_A.fbx,source/control scale,3.388672,3.35125,0.450195,0.0,1.630703,-0.000873,Right = normalize(Up cross At),Up = normalize(source.Up),At = normalize(source.At projected perpendicular to Up),NEED_STUDY,NEED_STUDY,none,UNTESTED,,2026-06-07,,,,,,,,,,,,,,
FRE_FACE_WALL,FRE_FACE_WALL,SEEDED,dimensions_library_fbx_bounds,,models/freighter/FRE_FACE_WINDOW.fbx,source/control scale,8.0,7.810547,1.224244,0.0,2.043945,2.511902,Right = normalize(Up cross At),Up = normalize(source.Up),At = normalize(source.At projected perpendicular to Up),NEED_STUDY,NEED_STUDY,none,UNTESTED,,2026-06-07,,,,,,,,,,,,,,
FRE_FACE_WINDOW,FRE_FACE_WINDOW,SEEDED,dimensions_library_fbx_bounds,,models/freighter/FRE_FACE_WINDOW.fbx,source/control scale,8.0,7.810547,1.224244,0.0,2.043945,2.511902,Right = normalize(Up cross At),Up = normalize(source.Up),At = normalize(source.At projected perpendicular to Up),NEED_STUDY,NEED_STUDY,none,UNTESTED,,2026-06-07,,,,,,,,,,,,,,
FRE_ROOM_BIO,FRE_ROOM_BIO,SEEDED,dimensions_library_fbx_bounds,,models/freighter/FRE_ROOM_BIO.fbx,source/control scale,8.3125,5.999757,8.3125,0.0,2.796997,-1e-06,Right = normalize(Up cross At),Up = normalize(source.Up),At = normalize(source.At projected perpendicular to Up),NEED_STUDY,NEED_STUDY,none,UNTESTED,,2026-06-07,,,,,,,,,,,,,,
FRE_ROOM_COOK,FRE_ROOM_COOK,SEEDED,dimensions_library_fbx_bounds,,models/freighter/FRE_ROOM_COOK.fbx,source/control scale,8.3125,5.999757,8.3125,0.0,2.796997,-1e-06,Right = normalize(Up cross At),Up = normalize(source.Up),At = normalize(source.At projected perpendicular to Up),NEED_STUDY,NEED_STUDY,none,UNTESTED,,2026-06-07,,,,,,,,,,,,,,
FRE_ROOM_DRESS,FRE_ROOM_DRESS,SEEDED,dimensions_library_fbx_bounds,,models/freighter/FRE_ROOM_DRESS.fbx,source/control scale,8.015624,6.787599,8.125,0.0,2.414795,-1e-06,Right = normalize(Up cross At),Up = normalize(source.Up),At = normalize(source.At projected perpendicular to Up),NEED_STUDY,NEED_STUDY,none,UNTESTED,,2026-06-07,,,,,,,,,,,,,,
FRE_ROOM_EXTR,FRE_ROOM_EXTR,SEEDED,dimensions_library_fbx_bounds,,models/freighter/FRE_ROOM_EXTR.fbx,source/control scale,4.324218,5.735841,4.320312,0.0,2.218017,-1e-06,Right = normalize(Up cross At),Up = normalize(source.Up),At = normalize(source.At projected perpendicular to Up),NEED_STUDY,NEED_STUDY,none,UNTESTED,,2026-06-07,,,,,,,,,,,,,,
FRE_ROOM_FLEET,FRE_ROOM_FLEET,SEEDED,dimensions_library_fbx_bounds,,models/freighter/FRE_ROOM_FLEET.fbx,source/control scale,8.015624,6.787599,8.125,0.0,2.414795,-1e-06,Right = normalize(Up cross At),Up = normalize(source.Up),At = normalize(source.At projected perpendicular to Up),NEED_STUDY,NEED_STUDY,none,UNTESTED,,2026-06-07,,,,,,,,,,,,,,
FRE_ROOM_IND,FRE_ROOM_IND,SEEDED,dimensions_library_fbx_bounds,,models/freighter/FRE_ROOM_IND.fbx,source/control scale,8.3125,7.38672,8.312501,0.0,2.037109,0.0,Right = normalize(Up cross At),Up = normalize(source.Up),At = normalize(source.At projected perpendicular to Up),NEED_STUDY,NEED_STUDY,none,UNTESTED,,2026-06-07,,,,,,,,,,,,,,
FRE_ROOM_IND1,FRE_ROOM_IND1,SEEDED,dimensions_library_fbx_bounds,,models/freighter/FRE_ROOM_IND.fbx,source/control scale,8.3125,7.38672,8.312501,0.0,2.037109,0.0,Right = normalize(Up cross At),Up = normalize(source.Up),At = normalize(source.At projected perpendicular to Up),NEED_STUDY,NEED_STUDY,none,UNTESTED,,2026-06-07,,,,,,,,,,,,,,
FRE_ROOM_LADDER,FRE_ROOM_LADDER,SEEDED,dimensions_library_fbx_bounds,,models/freighter/FRE_ROOM_LADDER.fbx,source/control scale,2.767578,8.015625,2.767579,0.0,4.007812,-1e-06,Right = normalize(Up cross At),Up = normalize(source.Up),At = normalize(source.At projected perpendicular to Up),NEED_STUDY,NEED_STUDY,none,UNTESTED,,2026-06-07,,,,,,,,,,,,,,
FRE_ROOM_NPCBUI,FRE_ROOM_NPCBUI,SEEDED,dimensions_library_fbx_bounds,,models/freighter/FRE_ROOM_NPCBUI.fbx,source/control scale,3.811866,3.443939,3.687192,0.714005,1.68428,0.367971,Right = normalize(Up cross At),Up = normalize(source.Up),At = normalize(source.At projected perpendicular to Up),NEED_STUDY,NEED_STUDY,none,UNTESTED,,2026-06-07,,,,,,,,,,,,,,
FRE_ROOM_NPCFAR,FRE_ROOM_NPCFAR,SEEDED,dimensions_library_fbx_bounds,,models/freighter/FRE_ROOM_NPCFAR.fbx,source/control scale,8.3125,6.796876,8.3125,0.0,2.398438,-1e-06,Right = normalize(Up cross At),Up = normalize(source.Up),At = normalize(source.At projected perpendicular to Up),NEED_STUDY,NEED_STUDY,none,UNTESTED,,2026-06-07,,,,,,,,,,,,,,
FRE_ROOM_NPCSCI,FRE_ROOM_NPCSCI,SEEDED,dimensions_library_fbx_bounds,,models/freighter/FRE_ROOM_NPCSCI.fbx,source/control scale,8.015624,6.787599,8.125,0.0,2.414795,-1e-06,Right = normalize(Up cross At),Up = normalize(source.Up),At = normalize(source.At projected perpendicular to Up),NEED_STUDY,NEED_STUDY,none,UNTESTED,,2026-06-07,,,,,,,,,,,,,,
FRE_ROOM_NPCVEH,FRE_ROOM_NPCVEH,SEEDED,dimensions_library_fbx_bounds,,models/freighter/FRE_ROOM_NPCVEH.fbx,source/control scale,8.3125,7.441407,8.3125,0.0,2.017579,-1e-06,Right = normalize(Up cross At),Up = normalize(source.Up),At = normalize(source.At projected perpendicular to Up),NEED_STUDY,NEED_STUDY,none,UNTESTED,,2026-06-07,,,,,,,,,,,,,,
FRE_ROOM_NPCWEA,FRE_ROOM_NPCWEA,SEEDED,dimensions_library_fbx_bounds,,models/freighter/FRE_ROOM_NPCWEA.fbx,source/control scale,4.371094,5.219727,4.371094,-0.001953,2.058106,-0.003907,Right = normalize(Up cross At),Up = normalize(source.Up),At = normalize(source.At projected perpendicular to Up),NEED_STUDY,NEED_STUDY,none,UNTESTED,,2026-06-07,,,,,,,,,,,,,,
FRE_ROOM_PLANT0,FRE_ROOM_PLANT0,SEEDED,dimensions_library_fbx_bounds,,models/freighter/FRE_ROOM_PLANT0.fbx,source/control scale,8.3125,6.796876,8.3125,0.0,2.398438,-1e-06,Right = normalize(Up cross At),Up = normalize(source.Up),At = normalize(source.At projected perpendicular to Up),NEED_STUDY,NEED_STUDY,none,UNTESTED,,2026-06-07,,,,,,,,,,,,,,
FRE_ROOM_PLANT1,FRE_ROOM_PLANT1,SEEDED,dimensions_library_fbx_bounds,,models/freighter/FRE_ROOM_PLANT1.fbx,source/control scale,8.3125,6.721193,8.3125,0.0,2.436279,-1e-06,Right = normalize(Up cross At),Up = normalize(source.Up),At = normalize(source.At projected perpendicular to Up),NEED_STUDY,NEED_STUDY,none,UNTESTED,,2026-06-07,,,,,,,,,,,,,,
FRE_ROOM_REFINE,FRE_ROOM_REFINE,SEEDED,dimensions_library_fbx_bounds,,models/freighter/FRE_ROOM_REFINE.fbx,source/control scale,8.3125,7.38672,8.312501,0.0,2.037109,0.0,Right = normalize(Up cross At),Up = normalize(source.Up),At = normalize(source.At projected perpendicular to Up),NEED_STUDY,NEED_STUDY,none,UNTESTED,,2026-06-07,,,,,,,,,,,,,,
FRE_ROOM_ROCLOC,FRE_ROOM_ROCLOC,SEEDED,dimensions_library_fbx_bounds,,models/freighter/FRE_ROOM_ROCLOC.fbx,source/control scale,2.18164,1.200195,2.18164,0.0,0.600097,0.0,Right = normalize(Up cross At),Up = normalize(source.Up),At = normalize(source.At projected perpendicular to Up),NEED_STUDY,NEED_STUDY,none,UNTESTED,,2026-06-07,,,,,,,,,,,,,,
FRE_ROOM_SCAN,FRE_ROOM_SCAN,SEEDED,dimensions_library_fbx_bounds,,models/freighter/FRE_ROOM_SCAN.fbx,source/control scale,4.123344,2.298262,4.116741,-1e-06,1.155223,0.0,Right = normalize(Up cross At),Up = normalize(source.Up),At = normalize(source.At projected perpendicular to Up),NEED_STUDY,NEED_STUDY,none,UNTESTED,,2026-06-07,,,,,,,,,,,,,,
FRE_ROOM_SHOP,FRE_ROOM_SHOP,SEEDED,dimensions_library_fbx_bounds,,models/freighter/FRE_ROOM_SHOP.fbx,source/control scale,8.015624,6.787599,8.125,0.0,2.414795,-1e-06,Right = normalize(Up cross At),Up = normalize(source.Up),At = normalize(source.At projected perpendicular to Up),NEED_STUDY,NEED_STUDY,none,UNTESTED,,2026-06-07,,,,,,,,,,,,,,
FRE_ROOM_STORE0,FRE_ROOM_STORE0,SEEDED,dimensions_library_fbx_bounds,,models/freighter/FRE_ROOM_STORE0.fbx,source/control scale,2.3125,4.018204,2.3125,0.0,2.008929,0.0,Right = normalize(Up cross At),Up = normalize(source.Up),At = normalize(source.At projected perpendicular to Up),NEED_STUDY,NEED_STUDY,none,UNTESTED,,2026-06-07,,,,,,,,,,,,,,
FRE_ROOM_STORE1,FRE_ROOM_STORE1,SEEDED,dimensions_library_fbx_bounds,,models/freighter/FRE_ROOM_STORE1.fbx,source/control scale,2.3125,4.018204,2.3125,0.0,2.008929,0.0,Right = normalize(Up cross At),Up = normalize(source.Up),At = normalize(source.At projected perpendicular to Up),NEED_STUDY,NEED_STUDY,none,UNTESTED,,2026-06-07,,,,,,,,,,,,,,
FRE_ROOM_STORE2,FRE_ROOM_STORE2,SEEDED,dimensions_library_fbx_bounds,,models/freighter/FRE_ROOM_STORE2.fbx,source/control scale,2.3125,4.018204,2.3125,0.0,2.008929,0.0,Right = normalize(Up cross At),Up = normalize(source.Up),At = normalize(source.At projected perpendicular to Up),NEED_STUDY,NEED_STUDY,none,UNTESTED,,2026-06-07,,,,,,,,,,,,,,
FRE_ROOM_STORE3,FRE_ROOM_STORE3,SEEDED,dimensions_library_fbx_bounds,,models/freighter/FRE_ROOM_STORE3.fbx,source/control scale,2.3125,4.018204,2.3125,0.0,2.008929,0.0,Right = normalize(Up cross At),Up = normalize(source.Up),At = normalize(source.At projected perpendicular to Up),NEED_STUDY,NEED_STUDY,none,UNTESTED,,2026-06-07,,,,,,,,,,,,,,
FRE_ROOM_STORE4,FRE_ROOM_STORE4,SEEDED,dimensions_library_fbx_bounds,,models/freighter/FRE_ROOM_STORE4.fbx,source/control scale,2.3125,4.018204,2.3125,0.0,2.008929,0.0,Right = normalize(Up cross At),Up = normalize(source.Up),At = normalize(source.At projected perpendicular to Up),NEED_STUDY,NEED_STUDY,none,UNTESTED,,2026-06-07,,,,,,,,,,,,,,
FRE_ROOM_STORE5,FRE_ROOM_STORE5,SEEDED,dimensions_library_fbx_bounds,,models/freighter/FRE_ROOM_STORE5.fbx,source/control scale,2.3125,4.018204,2.3125,0.0,2.008929,0.0,Right = normalize(Up cross At),Up = normalize(source.Up),At = normalize(source.At projected perpendicular to Up),NEED_STUDY,NEED_STUDY,none,UNTESTED,,2026-06-07,,,,,,,,,,,,,,
FRE_ROOM_STORE6,FRE_ROOM_STORE6,SEEDED,dimensions_library_fbx_bounds,,models/freighter/FRE_ROOM_STORE6.fbx,source/control scale,2.3125,4.018204,2.3125,0.0,2.008929,0.0,Right = normalize(Up cross At),Up = normalize(source.Up),At = normalize(source.At projected perpendicular to Up),NEED_STUDY,NEED_STUDY,none,UNTESTED,,2026-06-07,,,,,,,,,,,,,,
FRE_ROOM_STORE7,FRE_ROOM_STORE7,SEEDED,dimensions_library_fbx_bounds,,models/freighter/FRE_ROOM_STORE7.fbx,source/control scale,2.3125,4.018204,2.3125,0.0,2.008929,0.0,Right = normalize(Up cross At),Up = normalize(source.Up),At = normalize(source.At projected perpendicular to Up),NEED_STUDY,NEED_STUDY,none,UNTESTED,,2026-06-07,,,,,,,,,,,,,,
FRE_ROOM_STORE8,FRE_ROOM_STORE8,SEEDED,dimensions_library_fbx_bounds,,models/freighter/FRE_ROOM_STORE8.fbx,source/control scale,2.3125,4.018204,2.3125,0.0,2.008929,0.0,Right = normalize(Up cross At),Up = normalize(source.Up),At = normalize(source.At projected perpendicular to Up),NEED_STUDY,NEED_STUDY,none,UNTESTED,,2026-06-07,,,,,,,,,,,,,,
FRE_ROOM_STORE9,FRE_ROOM_STORE9,SEEDED,dimensions_library_fbx_bounds,,models/freighter/FRE_ROOM_STORE9.fbx,source/control scale,2.3125,4.018204,2.3125,0.0,2.008929,0.0,Right = normalize(Up cross At),Up = normalize(source.Up),At = normalize(source.At projected perpendicular to Up),NEED_STUDY,NEED_STUDY,none,UNTESTED,,2026-06-07,,,,,,,,,,,,,,
FRE_ROOM_TECH,FRE_ROOM_TECH,SEEDED,dimensions_library_fbx_bounds,,models/freighter/FRE_ROOM_TECH.fbx,source/control scale,8.015624,6.787599,8.125,0.0,2.414795,-1e-06,Right = normalize(Up cross At),Up = normalize(source.Up),At = normalize(source.At projected perpendicular to Up),NEED_STUDY,NEED_STUDY,none,UNTESTED,,2026-06-07,,,,,,,,,,,,,,
FRE_ROOM_TELEPO,FRE_ROOM_TELEPO,SEEDED,dimensions_library_fbx_bounds,,models/freighter/FRE_ROOM_TELEPO.fbx,source/control scale,0.386181,0.28833,0.386181,-0.623017,0.170758,0.622938,Right = normalize(Up cross At),Up = normalize(source.Up),At = normalize(source.At projected perpendicular to Up),NEED_STUDY,NEED_STUDY,none,UNTESTED,,2026-06-07,,,,,,,,,,,,,,
FRE_ROOM_VEHICL,FRE_ROOM_VEHICL,SEEDED,dimensions_library_fbx_bounds,,models/freighter/FRE_ROOM_VEHICL.fbx,source/control scale,8.3125,7.625001,8.3125,0.0,2.15625,-1e-06,Right = normalize(Up cross At),Up = normalize(source.Up),At = normalize(source.At projected perpendicular to Up),NEED_STUDY,NEED_STUDY,none,UNTESTED,,2026-06-07,,,,,,,,,,,,,,
F_ARCH,ARCH,SEEDED,dimensions_library_fbx_bounds,,models/alloy_structures/F_ARCH.fbx,source/control scale,6.0,3.431604,0.811365,0.0,1.715802,-0.001328,Right = normalize(Up cross At),Up = normalize(source.Up),At = normalize(source.At projected perpendicular to Up),NEED_STUDY,NEED_STUDY,none,UNTESTED,,2026-06-07,,,,,,,,,,,,,,
F_ARCHB,ARCHB,SEEDED,dimensions_library_fbx_bounds,,models/alloy_structures/F_ARCH.fbx,source/control scale,6.0,3.431604,0.811365,0.0,1.715802,-0.001328,Right = normalize(Up cross At),Up = normalize(source.Up),At = normalize(source.At projected perpendicular to Up),NEED_STUDY,NEED_STUDY,none,UNTESTED,,2026-06-07,,,,,,,,,,,,,,
F_ARCHB_H,ARCHB,SEEDED,dimensions_library_fbx_bounds,,models/alloy_structures/F_ARCH_H.fbx,source/control scale,2.703853,3.431604,0.811365,-0.012083,1.715802,-0.001328,Right = normalize(Up cross At),Up = normalize(source.Up),At = normalize(source.At projected perpendicular to Up),NEED_STUDY,NEED_STUDY,none,UNTESTED,,2026-06-07,,,,,,,,,,,,,,
F_ARCHM,ARCHM,SEEDED,dimensions_library_fbx_bounds,,models/alloy_structures/F_ARCH.fbx,source/control scale,6.0,3.431604,0.811365,0.0,1.715802,-0.001328,Right = normalize(Up cross At),Up = normalize(source.Up),At = normalize(source.At projected perpendicular to Up),NEED_STUDY,NEED_STUDY,none,UNTESTED,,2026-06-07,,,,,,,,,,,,,,
F_ARCHM_H,ARCHM,SEEDED,dimensions_library_fbx_bounds,,models/alloy_structures/F_ARCH_H.fbx,source/control scale,2.703853,3.431604,0.811365,-0.012083,1.715802,-0.001328,Right = normalize(Up cross At),Up = normalize(source.Up),At = normalize(source.At projected perpendicular to Up),NEED_STUDY,NEED_STUDY,none,UNTESTED,,2026-06-07,,,,,,,,,,,,,,
F_ARCHT,ARCHT,SEEDED,dimensions_library_fbx_bounds,,models/alloy_structures/F_ARCH.fbx,source/control scale,6.0,3.431604,0.811365,0.0,1.715802,-0.001328,Right = normalize(Up cross At),Up = normalize(source.Up),At = normalize(source.At projected perpendicular to Up),NEED_STUDY,NEED_STUDY,none,UNTESTED,,2026-06-07,,,,,,,,,,,,,,
F_ARCHT_H,ARCHT,SEEDED,dimensions_library_fbx_bounds,,models/alloy_structures/F_ARCH_H.fbx,source/control scale,2.703853,3.431604,0.811365,-0.012083,1.715802,-0.001328,Right = normalize(Up cross At),Up = normalize(source.Up),At = normalize(source.At projected perpendicular to Up),NEED_STUDY,NEED_STUDY,none,UNTESTED,,2026-06-07,,,,,,,,,,,,,,
F_ARCH_H,ARCH,SEEDED,dimensions_library_fbx_bounds,,models/alloy_structures/F_ARCH_H.fbx,source/control scale,2.703853,3.431604,0.811365,-0.012083,1.715802,-0.001328,Right = normalize(Up cross At),Up = normalize(source.Up),At = normalize(source.At projected perpendicular to Up),NEED_STUDY,NEED_STUDY,none,UNTESTED,,2026-06-07,,,,,,,,,,,,,,
F_CHEV_DOOR,CHEV_DOOR,SEEDED,dimensions_library_fbx_bounds,,models/alloy_structures/F_CHEV_DOOR.fbx,source/control scale,5.355554,3.431604,1.329736,0.0,1.715802,0.08628,Right = normalize(Up cross At),Up = normalize(source.Up),At = normalize(source.At projected perpendicular to Up),NEED_STUDY,NEED_STUDY,none,UNTESTED,,2026-06-07,,,,,,,,,,,,,,
F_CHEV_WALL,CHEV_WALL,SEEDED,dimensions_library_fbx_bounds,,models/alloy_structures/F_CHEV_WALL.fbx,source/control scale,5.365732,3.431604,1.158159,-0.005089,1.715802,0.172068,Right = normalize(Up cross At),Up = normalize(source.Up),At = normalize(source.At projected perpendicular to Up),NEED_STUDY,NEED_STUDY,none,UNTESTED,,2026-06-07,,,,,,,,,,,,,,
F_CHEV_WALL_H_C,CHEV_WALL_H,SEEDED,dimensions_library_fbx_bounds,,models/alloy_structures/F_CHEV_WALL_H_C.fbx,source/control scale,0.577454,3.226654,0.577454,-0.33725,1.667923,0.33725,Right = normalize(Up cross At),Up = normalize(source.Up),At = normalize(source.At projected perpendicular to Up),NEED_STUDY,NEED_STUDY,none,UNTESTED,,2026-06-07,,,,,,,,,,,,,,
F_CHEV_WIN0,CHEV_WIN0,SEEDED,dimensions_library_fbx_bounds,,models/alloy_structures/F_CHEV_WIN0.fbx,source/control scale,5.621169,3.431604,1.502296,-0.132807,1.715802,0.0,Right = normalize(Up cross At),Up = normalize(source.Up),At = normalize(source.At projected perpendicular to Up),NEED_STUDY,NEED_STUDY,none,UNTESTED,,2026-06-07,,,,,,,,,,,,,,
F_CHEV_WIN1,CHEV_WIN1,SEEDED,dimensions_library_fbx_bounds,,models/alloy_structures/F_CHEV_WIN1.fbx,source/control scale,5.365732,3.431604,1.158159,-0.005089,1.715802,0.172068,Right = normalize(Up cross At),Up = normalize(source.Up),At = normalize(source.At projected perpendicular to Up),NEED_STUDY,NEED_STUDY,none,UNTESTED,,2026-06-07,,,,,,,,,,,,,,
F_CHEV_WIN2,CHEV_WIN2,SEEDED,dimensions_library_fbx_bounds,,models/alloy_structures/F_CHEV_WIN2.fbx,source/control scale,5.365732,3.431604,1.158159,-0.005089,1.715802,0.172068,Right = normalize(Up cross At),Up = normalize(source.Up),At = normalize(source.At projected perpendicular to Up),NEED_STUDY,NEED_STUDY,none,UNTESTED,,2026-06-07,,,,,,,,,,,,,,
F_DOOR,DOOR,SEEDED,dimensions_library_fbx_bounds,,models/alloy_structures/F_DOOR.fbx,source/control scale,6.032288,3.431604,0.811365,0.0,1.715802,-0.001328,Right = normalize(Up cross At),Up = normalize(source.Up),At = normalize(source.At projected perpendicular to Up),NEED_STUDY,NEED_STUDY,none,UNTESTED,,2026-06-07,,,,,,,,,,,,,,
F_DOOR1,DOOR1,SEEDED,dimensions_library_fbx_bounds,,models/alloy_structures/F_DOOR1.fbx,source/control scale,6.032288,3.431604,0.811365,0.0,1.715802,-0.001328,Right = normalize(Up cross At),Up = normalize(source.Up),At = normalize(source.At projected perpendicular to Up),NEED_STUDY,NEED_STUDY,none,UNTESTED,,2026-06-07,,,,,,,,,,,,,,
F_DOORB0,DOORB0,SEEDED,dimensions_library_fbx_bounds,,models/alloy_structures/F_DOOR.fbx,source/control scale,6.032288,3.431604,0.811365,0.0,1.715802,-0.001328,Right = normalize(Up cross At),Up = normalize(source.Up),At = normalize(source.At projected perpendicular to Up),NEED_STUDY,NEED_STUDY,none,UNTESTED,,2026-06-07,,,,,,,,,,,,,,
F_DOORB0_H,DOORB0,SEEDED,dimensions_library_fbx_bounds,,models/alloy_structures/F_DOOR_H.fbx,source/control scale,3.346033,3.431604,0.811365,-0.008609,1.715802,-0.001328,Right = normalize(Up cross At),Up = normalize(source.Up),At = normalize(source.At projected perpendicular to Up),NEED_STUDY,NEED_STUDY,none,UNTESTED,,2026-06-07,,,,,,,,,,,,,,
F_DOORB1,DOORB1,SEEDED,dimensions_library_fbx_bounds,,models/alloy_structures/F_DOOR1.fbx,source/control scale,6.032288,3.431604,0.811365,0.0,1.715802,-0.001328,Right = normalize(Up cross At),Up = normalize(source.Up),At = normalize(source.At projected perpendicular to Up),NEED_STUDY,NEED_STUDY,none,UNTESTED,,2026-06-07,,,,,,,,,,,,,,
F_DOORM0,DOORM0,SEEDED,dimensions_library_fbx_bounds,,models/alloy_structures/F_DOOR.fbx,source/control scale,6.032288,3.431604,0.811365,0.0,1.715802,-0.001328,Right = normalize(Up cross At),Up = normalize(source.Up),At = normalize(source.At projected perpendicular to Up),NEED_STUDY,NEED_STUDY,none,UNTESTED,,2026-06-07,,,,,,,,,,,,,,
F_DOORM0_H,DOORM0,SEEDED,dimensions_library_fbx_bounds,,models/alloy_structures/F_DOOR_H.fbx,source/control scale,3.346033,3.431604,0.811365,-0.008609,1.715802,-0.001328,Right = normalize(Up cross At),Up = normalize(source.Up),At = normalize(source.At projected perpendicular to Up),NEED_STUDY,NEED_STUDY,none,UNTESTED,,2026-06-07,,,,,,,,,,,,,,
F_DOORM1,DOORM1,SEEDED,dimensions_library_fbx_bounds,,models/alloy_structures/F_DOOR1.fbx,source/control scale,6.032288,3.431604,0.811365,0.0,1.715802,-0.001328,Right = normalize(Up cross At),Up = normalize(source.Up),At = normalize(source.At projected perpendicular to Up),NEED_STUDY,NEED_STUDY,none,UNTESTED,,2026-06-07,,,,,,,,,,,,,,
F_DOORT0,DOORT0,SEEDED,dimensions_library_fbx_bounds,,models/alloy_structures/F_DOOR.fbx,source/control scale,6.032288,3.431604,0.811365,0.0,1.715802,-0.001328,Right = normalize(Up cross At),Up = normalize(source.Up),At = normalize(source.At projected perpendicular to Up),NEED_STUDY,NEED_STUDY,none,UNTESTED,,2026-06-07,,,,,,,,,,,,,,
F_DOORT0_H,DOORT0,SEEDED,dimensions_library_fbx_bounds,,models/alloy_structures/F_DOOR_H.fbx,source/control scale,3.346033,3.431604,0.811365,-0.008609,1.715802,-0.001328,Right = normalize(Up cross At),Up = normalize(source.Up),At = normalize(source.At projected perpendicular to Up),NEED_STUDY,NEED_STUDY,none,UNTESTED,,2026-06-07,,,,,,,,,,,,,,
F_DOORT1,DOORT1,SEEDED,dimensions_library_fbx_bounds,,models/alloy_structures/F_DOOR1.fbx,source/control scale,6.032288,3.431604,0.811365,0.0,1.715802,-0.001328,Right = normalize(Up cross At),Up = normalize(source.Up),At = normalize(source.At projected perpendicular to Up),NEED_STUDY,NEED_STUDY,none,UNTESTED,,2026-06-07,,,,,,,,,,,,,,
F_DOORWINB0,DOORWINB0,SEEDED,dimensions_library_fbx_bounds,,models/alloy_structures/F_DOORWINDOW.fbx,source/control scale,5.355555,3.431604,1.502296,0.0,1.715802,0.0,Right = normalize(Up cross At),Up = normalize(source.Up),At = normalize(source.At projected perpendicular to Up),NEED_STUDY,NEED_STUDY,none,UNTESTED,,2026-06-07,,,,,,,,,,,,,,
F_DOORWINDOW,DOORWINDOW,SEEDED,dimensions_library_fbx_bounds,,models/alloy_structures/F_DOORWINDOW.fbx,source/control scale,5.355555,3.431604,1.502296,0.0,1.715802,0.0,Right = normalize(Up cross At),Up = normalize(source.Up),At = normalize(source.At projected perpendicular to Up),NEED_STUDY,NEED_STUDY,none,UNTESTED,,2026-06-07,,,,,,,,,,,,,,
F_DOORWINM0,DOORWINM0,SEEDED,dimensions_library_fbx_bounds,,models/alloy_structures/F_DOORWINDOW.fbx,source/control scale,5.355555,3.431604,1.502296,0.0,1.715802,0.0,Right = normalize(Up cross At),Up = normalize(source.Up),At = normalize(source.At projected perpendicular to Up),NEED_STUDY,NEED_STUDY,none,UNTESTED,,2026-06-07,,,,,,,,,,,,,,
F_DOORWINT0,DOORWINT0,SEEDED,dimensions_library_fbx_bounds,,models/alloy_structures/F_DOORWINDOW.fbx,source/control scale,5.355555,3.431604,1.502296,0.0,1.715802,0.0,Right = normalize(Up cross At),Up = normalize(source.Up),At = normalize(source.At projected perpendicular to Up),NEED_STUDY,NEED_STUDY,none,UNTESTED,,2026-06-07,,,,,,,,,,,,,,
F_DOOR_H,DOOR,SEEDED,dimensions_library_fbx_bounds,,models/alloy_structures/F_DOOR_H.fbx,source/control scale,3.346033,3.431604,0.811365,-0.008609,1.715802,-0.001328,Right = normalize(Up cross At),Up = normalize(source.Up),At = normalize(source.At projected perpendicular to Up),NEED_STUDY,NEED_STUDY,none,UNTESTED,,2026-06-07,,,,,,,,,,,,,,
F_FLOOR,FLOOR,SEEDED,dimensions_library_fbx_bounds,,models/alloy_structures/F_FLOOR.fbx,source/control scale,5.324762,0.305556,5.380812,0.0,0.0,0.0,Right = normalize(Up cross At),Up = normalize(source.Up),At = normalize(source.At projected perpendicular to Up),NEED_STUDY,NEED_STUDY,none,UNTESTED,,2026-06-07,,,,,,,,,,,,,,
F_FLOOR_Q,FLOOR,SEEDED,dimensions_library_fbx_bounds,,models/alloy_structures/F_FLOOR_Q.fbx,source/control scale,2.638888,0.305556,2.666666,0.0,0.0,0.0,Right = normalize(Up cross At),Up = normalize(source.Up),At = normalize(source.At projected perpendicular to Up),NEED_STUDY,NEED_STUDY,none,UNTESTED,,2026-06-07,,,,,,,,,,,,,,
F_GDOOR,GDOOR,SEEDED,dimensions_library_fbx_bounds,,models/alloy_structures/F_GDOOR.fbx,source/control scale,4.25323,2.905486,0.309144,-0.003928,1.477079,0.033295,Right = normalize(Up cross At),Up = normalize(source.Up),At = normalize(source.At projected perpendicular to Up),NEED_STUDY,NEED_STUDY,none,UNTESTED,,2026-06-07,,,,,,,,,,,,,,
F_GDOORB0,GDOORB0,SEEDED,dimensions_library_fbx_bounds,,models/alloy_structures/F_GDOOR.fbx,source/control scale,4.25323,2.905486,0.309144,-0.003928,1.477079,0.033295,Right = normalize(Up cross At),Up = normalize(source.Up),At = normalize(source.At projected perpendicular to Up),NEED_STUDY,NEED_STUDY,none,UNTESTED,,2026-06-07,,,,,,,,,,,,,,
F_GDOORM0,GDOORM0,SEEDED,dimensions_library_fbx_bounds,,models/alloy_structures/F_GDOOR.fbx,source/control scale,4.25323,2.905486,0.309144,-0.003928,1.477079,0.033295,Right = normalize(Up cross At),Up = normalize(source.Up),At = normalize(source.At projected perpendicular to Up),NEED_STUDY,NEED_STUDY,none,UNTESTED,,2026-06-07,,,,,,,,,,,,,,
F_GDOORT0,GDOORT0,SEEDED,dimensions_library_fbx_bounds,,models/alloy_structures/F_GDOOR.fbx,source/control scale,4.25323,2.905486,0.309144,-0.003928,1.477079,0.033295,Right = normalize(Up cross At),Up = normalize(source.Up),At = normalize(source.At projected perpendicular to Up),NEED_STUDY,NEED_STUDY,none,UNTESTED,,2026-06-07,,,,,,,,,,,,,,
F_GFLOOR,GFLOOR,SEEDED,dimensions_library_fbx_bounds,,models/alloy_structures/F_GFLOOR.fbx,source/control scale,5.324762,0.311686,5.380812,0.0,0.0,0.0,Right = normalize(Up cross At),Up = normalize(source.Up),At = normalize(source.At projected perpendicular to Up),NEED_STUDY,NEED_STUDY,none,UNTESTED,,2026-06-07,,,,,,,,,,,,,,
F_RAMP,STAIR_FULL_RAMP,USER_ACCEPTED_GENERAL_PLACEMENT,per_part_partmap,library/part_placement_maps/F_RAMP.partmap.json,models/alloy_structures/F_RAMP.fbx,source/control scale unless explicitly parameterized,5.332032,3.460937,5.352727,0.0,1.730469,0.010347,normalize(Up cross At),normalize(source.Up),normalize(source.At projected perpendicular to Up),USER_ACCEPTED_STAIR_LOCAL_FRAME_REPEAT,floor_to_stair_edge_start; local_frame_stair_chain; terminal_landing; switchback; stadium_side_bank; stadium_back_bank; five_lane_equal_step_u_corner,none,BLENDER_USER_CHECK,,2026-06-07,OBSERVED_FACT_OR_DERIVED_PENDING,unknown,"[,,]",unknown,unknown,unknown,,,,unknown,single_part_or_unknown,none,,
F_RAMP_H,RAMP,SEEDED,dimensions_library_fbx_bounds,,models/alloy_structures/F_RAMP_H.fbx,source/control scale,2.667761,3.460937,5.352727,0.004939,1.730469,0.010347,Right = normalize(Up cross At),Up = normalize(source.Up),At = normalize(source.At projected perpendicular to Up),NEED_STUDY,NEED_STUDY,none,UNTESTED,,2026-06-07,,,,,,,,,,,,,,
F_RAMP_Q_TOP,RAMP_Q_TOP,SEEDED,dimensions_library_fbx_bounds,,models/alloy_structures/F_RAMP_Q_TOP.fbx,source/control scale,2.667761,1.187283,2.668041,0.004939,-0.432725,-0.000931,Right = normalize(Up cross At),Up = normalize(source.Up),At = normalize(source.At projected perpendicular to Up),NEED_STUDY,NEED_STUDY,none,UNTESTED,,2026-06-07,,,,,,,,,,,,,,
F_ROOF0,ROOF0,SEEDED,dimensions_library_fbx_bounds,,models/alloy_structures/F_ROOF0.fbx,source/control scale,6.493062,2.960311,6.531558,0.0,1.481441,0.0,Right = normalize(Up cross At),Up = normalize(source.Up),At = normalize(source.At projected perpendicular to Up),NEED_STUDY,NEED_STUDY,none,UNTESTED,,2026-06-07,,,,,,,,,,,,,,
F_ROOF1,ROOF1,SEEDED,dimensions_library_fbx_bounds,,models/alloy_structures/F_ROOF1.fbx,source/control scale,6.1875,1.77002,6.1875,0.0,0.897777,0.0,Right = normalize(Up cross At),Up = normalize(source.Up),At = normalize(source.At projected perpendicular to Up),NEED_STUDY,NEED_STUDY,none,UNTESTED,,2026-06-07,,,,,,,,,,,,,,
F_ROOF2,ROOF2,SEEDED,dimensions_library_fbx_bounds,,models/alloy_structures/F_ROOF2.fbx,source/control scale,6.0,3.356583,6.961211,0.0,1.678292,0.480605,Right = normalize(Up cross At),Up = normalize(source.Up),At = normalize(source.At projected perpendicular to Up),NEED_STUDY,NEED_STUDY,none,UNTESTED,,2026-06-07,,,,,,,,,,,,,,
F_ROOF3,ROOF3,SEEDED,dimensions_library_fbx_bounds,,models/alloy_structures/F_ROOF3.fbx,source/control scale,6.51,2.240234,6.51,0.0,1.120117,0.0,Right = normalize(Up cross At),Up = normalize(source.Up),At = normalize(source.At projected perpendicular to Up),NEED_STUDY,NEED_STUDY,none,UNTESTED,,2026-06-07,,,,,,,,,,,,,,
F_ROOF4,ROOF4,SEEDED,dimensions_library_fbx_bounds,,models/alloy_structures/F_ROOF4.fbx,source/control scale,5.882422,2.825061,5.86476,-0.121541,3.351656,0.103604,Right = normalize(Up cross At),Up = normalize(source.Up),At = normalize(source.At projected perpendicular to Up),NEED_STUDY,NEED_STUDY,none,UNTESTED,,2026-06-07,,,,,,,,,,,,,,
F_ROOF5,ROOF5,SEEDED,dimensions_library_fbx_bounds,,models/alloy_structures/F_ROOF5.fbx,source/control scale,6.107138,0.475878,6.107138,0.0,0.237939,0.0,Right = normalize(Up cross At),Up = normalize(source.Up),At = normalize(source.At projected perpendicular to Up),NEED_STUDY,NEED_STUDY,none,UNTESTED,,2026-06-07,,,,,,,,,,,,,,
F_ROOF6,ROOF6,SEEDED,dimensions_library_fbx_bounds,,models/alloy_structures/F_ROOF6.fbx,source/control scale,6.107138,5.718288,6.282548,0.0,2.859144,-0.005994,Right = normalize(Up cross At),Up = normalize(source.Up),At = normalize(source.At projected perpendicular to Up),NEED_STUDY,NEED_STUDY,none,UNTESTED,,2026-06-07,,,,,,,,,,,,,,
F_ROOF7,ROOF7,SEEDED,dimensions_library_fbx_bounds,,models/alloy_structures/F_ROOF7.fbx,source/control scale,6.107138,1.07989,6.107138,0.0,0.539945,0.0,Right = normalize(Up cross At),Up = normalize(source.Up),At = normalize(source.At projected perpendicular to Up),NEED_STUDY,NEED_STUDY,none,UNTESTED,,2026-06-07,,,,,,,,,,,,,,
F_ROOF8,ROOF8,SEEDED,dimensions_library_fbx_bounds,,models/alloy_structures/F_ROOF8.fbx,source/control scale,6.107138,4.933677,6.107138,0.0,2.466839,0.0,Right = normalize(Up cross At),Up = normalize(source.Up),At = normalize(source.At projected perpendicular to Up),NEED_STUDY,NEED_STUDY,none,UNTESTED,,2026-06-07,,,,,,,,,,,,,,
F_ROOF_C,ROOF,SEEDED,dimensions_library_fbx_bounds,,models/alloy_structures/F_ROOF_C.fbx,source/control scale,5.332326,3.349434,5.329742,-0.002101,1.674717,0.002762,Right = normalize(Up cross At),Up = normalize(source.Up),At = normalize(source.At projected perpendicular to Up),NEED_STUDY,NEED_STUDY,none,UNTESTED,,2026-06-07,,,,,,,,,,,,,,
F_ROOF_E_CAP,ROOF_E_CAP,SEEDED,dimensions_library_fbx_bounds,,models/alloy_structures/F_ROOF_E_CAP.fbx,source/control scale,1.177778,1.45665,6.246094,0.0,0.728325,0.0,Right = normalize(Up cross At),Up = normalize(source.Up),At = normalize(source.At projected perpendicular to Up),NEED_STUDY,NEED_STUDY,none,UNTESTED,,2026-06-07,,,,,,,,,,,,,,
F_ROOF_E_Q,ROOF_E,SEEDED,dimensions_library_fbx_bounds,,models/alloy_structures/F_ROOF_E_Q.fbx,source/control scale,0.486613,3.095584,2.664063,0.005239,1.547792,-0.000977,Right = normalize(Up cross At),Up = normalize(source.Up),At = normalize(source.At projected perpendicular to Up),NEED_STUDY,NEED_STUDY,none,UNTESTED,,2026-06-07,,,,,,,,,,,,,,
F_ROOF_IC,ROOF,SEEDED,dimensions_library_fbx_bounds,,models/alloy_structures/F_ROOF_IC.fbx,source/control scale,5.329742,3.349434,5.332326,-0.002762,1.670681,0.002101,Right = normalize(Up cross At),Up = normalize(source.Up),At = normalize(source.At projected perpendicular to Up),NEED_STUDY,NEED_STUDY,none,UNTESTED,,2026-06-07,,,,,,,,,,,,,,
F_ROOF_M,ROOF,SEEDED,dimensions_library_fbx_bounds,,models/alloy_structures/F_ROOF_M.fbx,source/control scale,5.321324,3.297463,5.368657,0.0,1.648731,-0.015419,Right = normalize(Up cross At),Up = normalize(source.Up),At = normalize(source.At projected perpendicular to Up),NEED_STUDY,NEED_STUDY,none,UNTESTED,,2026-06-07,,,,,,,,,,,,,,
F_ROOF_M_CAP,ROOF_M_CAP,SEEDED,dimensions_library_fbx_bounds,,models/alloy_structures/F_ROOF_M_CAP.fbx,source/control scale,5.519566,1.626953,6.0,0.0,0.813477,0.0,Right = normalize(Up cross At),Up = normalize(source.Up),At = normalize(source.At projected perpendicular to Up),NEED_STUDY,NEED_STUDY,none,UNTESTED,,2026-06-07,,,,,,,,,,,,,,
F_ROOF_M_Q,ROOF_M,SEEDED,dimensions_library_fbx_bounds,,models/alloy_structures/F_ROOF_M_Q.fbx,source/control scale,5.35463,3.449012,2.948252,0.0,1.724506,-0.140363,Right = normalize(Up cross At),Up = normalize(source.Up),At = normalize(source.At projected perpendicular to Up),NEED_STUDY,NEED_STUDY,none,UNTESTED,,2026-06-07,,,,,,,,,,,,,,
F_ROOF_M_WIN,ROOF_M_WIN,SEEDED,dimensions_library_fbx_bounds,,models/alloy_structures/F_ROOF_M_WIN.fbx,source/control scale,6.121094,5.149658,6.121094,0.0,2.448608,0.0,Right = normalize(Up cross At),Up = normalize(source.Up),At = normalize(source.At projected perpendicular to Up),NEED_STUDY,NEED_STUDY,none,UNTESTED,,2026-06-07,,,,,,,,,,,,,,
F_TRIFLOOR,TRIFLOOR,DISCOVERED_ALIAS,reports/triangle_part_behavior_signature_v1.json,library/part_placement_maps/F_TRIFLOOR.partmap.json,models/alloy_structures/F_TRIFLOOR.fbx,source/control scale unless explicitly parameterized,4.62,0.342094,5.334716,-0.77,0.0,0.0,normalize(Up cross At),normalize(source.Up),normalize(source.At projected perpendicular to Up),primary lattice pitch 3.079196; DISCOVERED_PARTIAL,registered triangular lattice surface paneling,diamond/source polyhedron,UNTESTED,,2026-06-07,OBSERVED_FACT_OR_DERIVED_PENDING,unknown,"[,,]",unknown,unknown,unknown,,,,unknown,single_part_or_unknown,diamond/source polyhedron,,TRIANGLE_LATTICE_REGISTRATION_PROOF
F_TRIFLOOR_Q,TRIFLOOR,DISCOVERED_ALIAS,reports/triangle_part_behavior_signature_v1.json,library/part_placement_maps/F_TRIFLOOR_Q.partmap.json,models/alloy_structures/F_TRIFLOOR_Q.fbx,source/control scale unless explicitly parameterized,2.31,0.342094,2.667358,-0.385,0.0,0.0,normalize(Up cross At),normalize(source.Up),normalize(source.At projected perpendicular to Up),primary lattice pitch 3.079196; DISCOVERED_PARTIAL,registered triangular lattice surface paneling,diamond/source polyhedron,UNTESTED,,2026-06-07,OBSERVED_FACT_OR_DERIVED_PENDING,unknown,"[,,]",unknown,unknown,unknown,,,,unknown,single_part_or_unknown,diamond/source polyhedron,,TRIANGLE_LATTICE_REGISTRATION_PROOF
F_WALL,WALL,SEEDED,dimensions_library_fbx_bounds,,models/alloy_structures/F_WALL.fbx,source/control scale,6.032288,3.431604,0.811365,0.0,1.715802,-0.001328,Right = normalize(Up cross At),Up = normalize(source.Up),At = normalize(source.At projected perpendicular to Up),NEED_STUDY,NEED_STUDY,none,UNTESTED,,2026-06-07,,,,,,,,,,,,,,
F_WALLB,WALLB,SEEDED,dimensions_library_fbx_bounds,,models/alloy_structures/F_WALL.fbx,source/control scale,6.032288,3.431604,0.811365,0.0,1.715802,-0.001328,Right = normalize(Up cross At),Up = normalize(source.Up),At = normalize(source.At projected perpendicular to Up),NEED_STUDY,NEED_STUDY,none,UNTESTED,,2026-06-07,,,,,,,,,,,,,,
F_WALLB_DIAGONA,WALLB_DIAGONA,SEEDED,dimensions_library_fbx_bounds,,models/alloy_structures/F_WALLDIAGONAL.fbx,source/control scale,5.739196,3.431604,0.811365,0.146546,1.715802,-0.001328,Right = normalize(Up cross At),Up = normalize(source.Up),At = normalize(source.At projected perpendicular to Up),NEED_STUDY,NEED_STUDY,none,UNTESTED,,2026-06-07,,,,,,,,,,,,,,
F_WALLB_H,WALLB,SEEDED,dimensions_library_fbx_bounds,,models/alloy_structures/F_WALL_H.fbx,source/control scale,3.385282,3.431604,0.811365,-0.015527,1.715802,-0.001328,Right = normalize(Up cross At),Up = normalize(source.Up),At = normalize(source.At projected perpendicular to Up),NEED_STUDY,NEED_STUDY,none,UNTESTED,,2026-06-07,,,,,,,,,,,,,,
F_WALLB_WIN0,WALLB_WIN0,SEEDED,dimensions_library_fbx_bounds,,models/alloy_structures/F_WALL_WINDOW.fbx,source/control scale,5.966548,3.431604,0.701072,0.0,1.715802,0.0,Right = normalize(Up cross At),Up = normalize(source.Up),At = normalize(source.At projected perpendicular to Up),NEED_STUDY,NEED_STUDY,none,UNTESTED,,2026-06-07,,,,,,,,,,,,,,
F_WALLB_WIN1,WALLB_WIN1,SEEDED,dimensions_library_fbx_bounds,,models/alloy_structures/F_WALL_WIN1.fbx,source/control scale,5.365619,3.431604,1.502296,-0.005032,1.715802,0.0,Right = normalize(Up cross At),Up = normalize(source.Up),At = normalize(source.At projected perpendicular to Up),NEED_STUDY,NEED_STUDY,none,UNTESTED,,2026-06-07,,,,,,,,,,,,,,
F_WALLB_WIN2,WALLB_WIN2,SEEDED,dimensions_library_fbx_bounds,,models/alloy_structures/F_WALL_WIN2.fbx,source/control scale,5.365619,3.431604,1.502296,-0.005032,1.715802,0.0,Right = normalize(Up cross At),Up = normalize(source.Up),At = normalize(source.At projected perpendicular to Up),NEED_STUDY,NEED_STUDY,none,UNTESTED,,2026-06-07,,,,,,,,,,,,,,
F_WALLB_WIN3,WALLB_WIN3,SEEDED,dimensions_library_fbx_bounds,,models/alloy_structures/F_WALL_WIN3.fbx,source/control scale,5.365619,3.431604,1.502296,-0.005032,1.715802,0.0,Right = normalize(Up cross At),Up = normalize(source.Up),At = normalize(source.At projected perpendicular to Up),NEED_STUDY,NEED_STUDY,none,UNTESTED,,2026-06-07,,,,,,,,,,,,,,
F_WALLDIAGONAL,WALLDIAGONAL,SEEDED,dimensions_library_fbx_bounds,,models/alloy_structures/F_WALLDIAGONAL.fbx,source/control scale,5.739196,3.431604,0.811365,0.146546,1.715802,-0.001328,Right = normalize(Up cross At),Up = normalize(source.Up),At = normalize(source.At projected perpendicular to Up),NEED_STUDY,NEED_STUDY,none,UNTESTED,,2026-06-07,,,,,,,,,,,,,,
F_WALLM,WALLM,SEEDED,dimensions_library_fbx_bounds,,models/alloy_structures/F_WALL.fbx,source/control scale,6.032288,3.431604,0.811365,0.0,1.715802,-0.001328,Right = normalize(Up cross At),Up = normalize(source.Up),At = normalize(source.At projected perpendicular to Up),NEED_STUDY,NEED_STUDY,none,UNTESTED,,2026-06-07,,,,,,,,,,,,,,
F_WALLM_DIAGONA,WALLM_DIAGONA,SEEDED,dimensions_library_fbx_bounds,,models/alloy_structures/F_WALLDIAGONAL.fbx,source/control scale,5.739196,3.431604,0.811365,0.146546,1.715802,-0.001328,Right = normalize(Up cross At),Up = normalize(source.Up),At = normalize(source.At projected perpendicular to Up),NEED_STUDY,NEED_STUDY,none,UNTESTED,,2026-06-07,,,,,,,,,,,,,,
F_WALLM_H,WALLM,SEEDED,dimensions_library_fbx_bounds,,models/alloy_structures/F_WALL_H.fbx,source/control scale,3.385282,3.431604,0.811365,-0.015527,1.715802,-0.001328,Right = normalize(Up cross At),Up = normalize(source.Up),At = normalize(source.At projected perpendicular to Up),NEED_STUDY,NEED_STUDY,none,UNTESTED,,2026-06-07,,,,,,,,,,,,,,
F_WALLM_WIN0,WALLM_WIN0,SEEDED,dimensions_library_fbx_bounds,,models/alloy_structures/F_WALL_WINDOW.fbx,source/control scale,5.966548,3.431604,0.701072,0.0,1.715802,0.0,Right = normalize(Up cross At),Up = normalize(source.Up),At = normalize(source.At projected perpendicular to Up),NEED_STUDY,NEED_STUDY,none,UNTESTED,,2026-06-07,,,,,,,,,,,,,,
F_WALLM_WIN1,WALLM_WIN1,SEEDED,dimensions_library_fbx_bounds,,models/alloy_structures/F_WALL_WIN1.fbx,source/control scale,5.365619,3.431604,1.502296,-0.005032,1.715802,0.0,Right = normalize(Up cross At),Up = normalize(source.Up),At = normalize(source.At projected perpendicular to Up),NEED_STUDY,NEED_STUDY,none,UNTESTED,,2026-06-07,,,,,,,,,,,,,,
F_WALLM_WIN2,WALLM_WIN2,SEEDED,dimensions_library_fbx_bounds,,models/alloy_structures/F_WALL_WIN2.fbx,source/control scale,5.365619,3.431604,1.502296,-0.005032,1.715802,0.0,Right = normalize(Up cross At),Up = normalize(source.Up),At = normalize(source.At projected perpendicular to Up),NEED_STUDY,NEED_STUDY,none,UNTESTED,,2026-06-07,,,,,,,,,,,,,,
F_WALLM_WIN3,WALLM_WIN3,SEEDED,dimensions_library_fbx_bounds,,models/alloy_structures/F_WALL_WIN3.fbx,source/control scale,5.365619,3.431604,1.502296,-0.005032,1.715802,0.0,Right = normalize(Up cross At),Up = normalize(source.Up),At = normalize(source.At projected perpendicular to Up),NEED_STUDY,NEED_STUDY,none,UNTESTED,,2026-06-07,,,,,,,,,,,,,,
F_WALLT,WALLT,SEEDED,dimensions_library_fbx_bounds,,models/alloy_structures/F_WALL.fbx,source/control scale,6.032288,3.431604,0.811365,0.0,1.715802,-0.001328,Right = normalize(Up cross At),Up = normalize(source.Up),At = normalize(source.At projected perpendicular to Up),NEED_STUDY,NEED_STUDY,none,UNTESTED,,2026-06-07,,,,,,,,,,,,,,
F_WALLT_DIAGONA,WALLT_DIAGONA,SEEDED,dimensions_library_fbx_bounds,,models/alloy_structures/F_WALLDIAGONAL.fbx,source/control scale,5.739196,3.431604,0.811365,0.146546,1.715802,-0.001328,Right = normalize(Up cross At),Up = normalize(source.Up),At = normalize(source.At projected perpendicular to Up),NEED_STUDY,NEED_STUDY,none,UNTESTED,,2026-06-07,,,,,,,,,,,,,,
F_WALLT_H,WALLT,SEEDED,dimensions_library_fbx_bounds,,models/alloy_structures/F_WALL_H.fbx,source/control scale,3.385282,3.431604,0.811365,-0.015527,1.715802,-0.001328,Right = normalize(Up cross At),Up = normalize(source.Up),At = normalize(source.At projected perpendicular to Up),NEED_STUDY,NEED_STUDY,none,UNTESTED,,2026-06-07,,,,,,,,,,,,,,
F_WALLT_WIN0,WALLT_WIN0,SEEDED,dimensions_library_fbx_bounds,,models/alloy_structures/F_WALL_WINDOW.fbx,source/control scale,5.966548,3.431604,0.701072,0.0,1.715802,0.0,Right = normalize(Up cross At),Up = normalize(source.Up),At = normalize(source.At projected perpendicular to Up),NEED_STUDY,NEED_STUDY,none,UNTESTED,,2026-06-07,,,,,,,,,,,,,,
F_WALLT_WIN1,WALLT_WIN1,SEEDED,dimensions_library_fbx_bounds,,models/alloy_structures/F_WALL_WIN1.fbx,source/control scale,5.365619,3.431604,1.502296,-0.005032,1.715802,0.0,Right = normalize(Up cross At),Up = normalize(source.Up),At = normalize(source.At projected perpendicular to Up),NEED_STUDY,NEED_STUDY,none,UNTESTED,,2026-06-07,,,,,,,,,,,,,,
F_WALLT_WIN2,WALLT_WIN2,SEEDED,dimensions_library_fbx_bounds,,models/alloy_structures/F_WALL_WIN2.fbx,source/control scale,5.365619,3.431604,1.502296,-0.005032,1.715802,0.0,Right = normalize(Up cross At),Up = normalize(source.Up),At = normalize(source.At projected perpendicular to Up),NEED_STUDY,NEED_STUDY,none,UNTESTED,,2026-06-07,,,,,,,,,,,,,,
F_WALLT_WIN3,WALLT_WIN3,SEEDED,dimensions_library_fbx_bounds,,models/alloy_structures/F_WALL_WIN3.fbx,source/control scale,5.365619,3.431604,1.502296,-0.005032,1.715802,0.0,Right = normalize(Up cross At),Up = normalize(source.Up),At = normalize(source.At projected perpendicular to Up),NEED_STUDY,NEED_STUDY,none,UNTESTED,,2026-06-07,,,,,,,,,,,,,,
F_WALL_H,WALL,SEEDED,dimensions_library_fbx_bounds,,models/alloy_structures/F_WALL_H.fbx,source/control scale,3.385282,3.431604,0.811365,-0.015527,1.715802,-0.001328,Right = normalize(Up cross At),Up = normalize(source.Up),At = normalize(source.At projected perpendicular to Up),NEED_STUDY,NEED_STUDY,none,UNTESTED,,2026-06-07,,,,,,,,,,,,,,
F_WALL_Q,WALL,SEEDED,dimensions_library_fbx_bounds,,models/alloy_structures/F_WALL_Q.fbx,source/control scale,5.825527,0.874023,0.511112,0.002524,0.437012,0.0,Right = normalize(Up cross At),Up = normalize(source.Up),At = normalize(source.At projected perpendicular to Up),NEED_STUDY,NEED_STUDY,none,UNTESTED,,2026-06-07,,,,,,,,,,,,,,
F_WALL_Q1,WALL_Q1,SEEDED,dimensions_library_fbx_bounds,,models/alloy_structures/F_WALL_Q1.fbx,source/control scale,5.3,0.874023,0.511112,0.0,0.437012,0.0,Right = normalize(Up cross At),Up = normalize(source.Up),At = normalize(source.At projected perpendicular to Up),NEED_STUDY,NEED_STUDY,none,UNTESTED,,2026-06-07,,,,,,,,,,,,,,
F_WALL_Q_H,WALL_Q,SEEDED,dimensions_library_fbx_bounds,,models/alloy_structures/F_WALL_Q_H.fbx,source/control scale,2.680928,0.874023,0.511112,0.0,0.437012,0.0,Right = normalize(Up cross At),Up = normalize(source.Up),At = normalize(source.At projected perpendicular to Up),NEED_STUDY,NEED_STUDY,none,UNTESTED,,2026-06-07,,,,,,,,,,,,,,
F_WALL_Q_H1,WALL_Q,SEEDED,dimensions_library_fbx_bounds,,models/alloy_structures/F_WALL_Q_H1.fbx,source/control scale,2.680928,0.874023,0.511112,0.0,0.437012,0.0,Right = normalize(Up cross At),Up = normalize(source.Up),At = normalize(source.At projected perpendicular to Up),NEED_STUDY,NEED_STUDY,none,UNTESTED,,2026-06-07,,,,,,,,,,,,,,
F_WALL_WIN,WALL_WIN,SEEDED,dimensions_library_fbx_bounds,,models/alloy_structures/F_WALL_WIN.fbx,source/control scale,5.355555,3.431604,1.502296,0.0,1.715802,0.0,Right = normalize(Up cross At),Up = normalize(source.Up),At = normalize(source.At projected perpendicular to Up),NEED_STUDY,NEED_STUDY,none,UNTESTED,,2026-06-07,,,,,,,,,,,,,,
F_WALL_WIN1,WALL_WIN1,SEEDED,dimensions_library_fbx_bounds,,models/alloy_structures/F_WALL_WIN1.fbx,source/control scale,5.365619,3.431604,1.502296,-0.005032,1.715802,0.0,Right = normalize(Up cross At),Up = normalize(source.Up),At = normalize(source.At projected perpendicular to Up),NEED_STUDY,NEED_STUDY,none,UNTESTED,,2026-06-07,,,,,,,,,,,,,,
F_WALL_WIN2,WALL_WIN2,SEEDED,dimensions_library_fbx_bounds,,models/alloy_structures/F_WALL_WIN2.fbx,source/control scale,5.365619,3.431604,1.502296,-0.005032,1.715802,0.0,Right = normalize(Up cross At),Up = normalize(source.Up),At = normalize(source.At projected perpendicular to Up),NEED_STUDY,NEED_STUDY,none,UNTESTED,,2026-06-07,,,,,,,,,,,,,,
F_WALL_WIN3,WALL_WIN3,SEEDED,dimensions_library_fbx_bounds,,models/alloy_structures/F_WALL_WIN3.fbx,source/control scale,5.365619,3.431604,1.502296,-0.005032,1.715802,0.0,Right = normalize(Up cross At),Up = normalize(source.Up),At = normalize(source.At projected perpendicular to Up),NEED_STUDY,NEED_STUDY,none,UNTESTED,,2026-06-07,,,,,,,,,,,,,,
F_WALL_WINDOW,WALL_WINDOW,SEEDED,dimensions_library_fbx_bounds,,models/alloy_structures/F_WALL_WINDOW.fbx,source/control scale,5.966548,3.431604,0.701072,0.0,1.715802,0.0,Right = normalize(Up cross At),Up = normalize(source.Up),At = normalize(source.At projected perpendicular to Up),NEED_STUDY,NEED_STUDY,none,UNTESTED,,2026-06-07,,,,,,,,,,,,,,
GAMETABLE,GAMETABLE,SEEDED,dimensions_library_fbx_bounds,,models/advanced_technology/GAMETABLE.fbx,source/control scale,3.388672,1.207699,3.388672,0.0,0.603182,0.0,Right = normalize(Up cross At),Up = normalize(source.Up),At = normalize(source.At projected perpendicular to Up),NEED_STUDY,NEED_STUDY,none,UNTESTED,,2026-06-07,,,,,,,,,,,,,,
GARAGE_B,GARAGE_B,SEEDED,dimensions_library_fbx_bounds,,models/deployable_technology/GARAGE_B.fbx,source/control scale,10.665709,4.620418,10.665708,1e-06,1.710678,1e-06,Right = normalize(Up cross At),Up = normalize(source.Up),At = normalize(source.At projected perpendicular to Up),NEED_STUDY,NEED_STUDY,none,UNTESTED,,2026-06-07,,,,,,,,,,,,,,
GARAGE_FREIGHT,GARAGE_FREIGHT,SEEDED,dimensions_library_fbx_bounds,,models/freighter/GARAGE_FREIGHT.fbx,source/control scale,8.199792,4.01685,8.199792,0.0,1.991575,0.0,Right = normalize(Up cross At),Up = normalize(source.Up),At = normalize(source.At projected perpendicular to Up),NEED_STUDY,NEED_STUDY,none,UNTESTED,,2026-06-07,,,,,,,,,,,,,,
GARAGE_L,GARAGE_L,SEEDED,dimensions_library_fbx_bounds,,models/deployable_technology/GARAGE_L.fbx,source/control scale,10.665709,6.010204,10.665708,1e-06,2.405571,1e-06,Right = normalize(Up cross At),Up = normalize(source.Up),At = normalize(source.At projected perpendicular to Up),NEED_STUDY,NEED_STUDY,none,UNTESTED,,2026-06-07,,,,,,,,,,,,,,
GARAGE_M,GARAGE,SEEDED,dimensions_library_fbx_bounds,,models/deployable_technology/GARAGE_M.fbx,source/control scale,10.665709,3.71168,10.665708,1e-06,1.256309,1e-06,Right = normalize(Up cross At),Up = normalize(source.Up),At = normalize(source.At projected perpendicular to Up),NEED_STUDY,NEED_STUDY,none,UNTESTED,,2026-06-07,,,,,,,,,,,,,,
GARAGE_MECH,GARAGE_MECH,SEEDED,dimensions_library_fbx_bounds,,models/deployable_technology/GARAGE_MECH.fbx,source/control scale,10.665709,6.138706,10.665708,1e-06,2.469822,1e-06,Right = normalize(Up cross At),Up = normalize(source.Up),At = normalize(source.At projected perpendicular to Up),NEED_STUDY,NEED_STUDY,none,UNTESTED,,2026-06-07,,,,,,,,,,,,,,
GARAGE_S,GARAGE_S,SEEDED,dimensions_library_fbx_bounds,,models/deployable_technology/GARAGE_S.fbx,source/control scale,10.665709,4.403009,10.665708,1e-06,1.601974,1e-06,Right = normalize(Up cross At),Up = normalize(source.Up),At = normalize(source.At projected perpendicular to Up),NEED_STUDY,NEED_STUDY,none,UNTESTED,,2026-06-07,,,,,,,,,,,,,,
GARAGE_SUB,GARAGE_SUB,SEEDED,dimensions_library_fbx_bounds,,models/deployable_technology/GARAGE_SUB.fbx,source/control scale,10.939998,4.596109,10.939996,1e-06,1.698523,1e-06,Right = normalize(Up cross At),Up = normalize(source.Up),At = normalize(source.At projected perpendicular to Up),NEED_STUDY,NEED_STUDY,none,UNTESTED,,2026-06-07,,,,,,,,,,,,,,
GLASSCORRIDOR,GLASSCORRIDOR,SEEDED,dimensions_library_fbx_bounds,,models/large_structures/GLASSCORRIDOR.fbx,source/control scale,4.0,3.353973,2.868374,0.0,1.630717,0.0,Right = normalize(Up cross At),Up = normalize(source.Up),At = normalize(source.At projected perpendicular to Up),NEED_STUDY,NEED_STUDY,none,UNTESTED,,2026-06-07,,,,,,,,,,,,,,
GRAVPLANT,GRAVPLANT,SEEDED,dimensions_library_fbx_bounds,,models/farming/GRAVPLANT.fbx,source/control scale,1.608398,1.633912,1.808594,0.101074,0.648865,-0.066406,Right = normalize(Up cross At),Up = normalize(source.Up),At = normalize(source.At projected perpendicular to Up),NEED_STUDY,NEED_STUDY,none,UNTESTED,,2026-06-07,,,,,,,,,,,,,,
HEALTHSTATION,HEALTHSTATION,SEEDED,dimensions_library_fbx_bounds,,models/advanced_technology/HEALTHSTATION.fbx,source/control scale,1.019772,0.462997,1.133973,0.022597,0.22898,-0.022328,Right = normalize(Up cross At),Up = normalize(source.Up),At = normalize(source.At projected perpendicular to Up),NEED_STUDY,NEED_STUDY,none,UNTESTED,,2026-06-07,,,,,,,,,,,,,,
HEATER,HEATER,SEEDED,dimensions_library_fbx_bounds,,models/freighter/HEATER.fbx,source/control scale,0.579038,1.50479,0.464026,0.0,0.752395,0.0,Right = normalize(Up cross At),Up = normalize(source.Up),At = normalize(source.At projected perpendicular to Up),NEED_STUDY,NEED_STUDY,none,UNTESTED,,2026-06-07,,,,,,,,,,,,,,
HOLOFILES,HOLOFILES,SEEDED,dimensions_library_fbx_bounds,,models/decoration/HOLOFILES.fbx,source/control scale,2.051758,1.647461,1.066895,0.000488,0.818456,0.002686,Right = normalize(Up cross At),Up = normalize(source.Up),At = normalize(source.At projected perpendicular to Up),NEED_STUDY,NEED_STUDY,none,UNTESTED,,2026-06-07,,,,,,,,,,,,,,
HOLO_DISCO_0,HOLO_DISCO_0,SEEDED,dimensions_library_fbx_bounds,,models/advanced_technology/HOLO_DISCO_0.fbx,source/control scale,0.418701,0.423639,0.421753,0.002568,0.210418,-0.000988,Right = normalize(Up cross At),Up = normalize(source.Up),At = normalize(source.At projected perpendicular to Up),NEED_STUDY,NEED_STUDY,none,UNTESTED,,2026-06-07,,,,,,,,,,,,,,
HOLO_EXP,HOLO_EXP,SEEDED,dimensions_library_fbx_bounds,,models/decoration/HOLO_EXP.fbx,source/control scale,3.345703,0.396725,3.345703,0.0,0.202517,0.0,Right = normalize(Up cross At),Up = normalize(source.Up),At = normalize(source.At projected perpendicular to Up),NEED_STUDY,NEED_STUDY,none,UNTESTED,,2026-06-07,,,,,,,,,,,,,,
HOLO_MED1,HOLO_MED1,SEEDED,dimensions_library_fbx_bounds,,models/decoration/HOLO_MED1.fbx,source/control scale,1.97168,0.17131,1.22876,0.0,0.107094,-0.342163,Right = normalize(Up cross At),Up = normalize(source.Up),At = normalize(source.At projected perpendicular to Up),NEED_STUDY,NEED_STUDY,none,UNTESTED,,2026-06-07,,,,,,,,,,,,,,
HOLO_MED2,HOLO_MED2,SEEDED,dimensions_library_fbx_bounds,,models/decoration/HOLO_MED2.fbx,source/control scale,1.097656,0.166626,1.910889,0.00293,0.109436,-0.651001,Right = normalize(Up cross At),Up = normalize(source.Up),At = normalize(source.At projected perpendicular to Up),NEED_STUDY,NEED_STUDY,none,UNTESTED,,2026-06-07,,,,,,,,,,,,,,
HOLO_SMALL1,HOLO_SMALL1,SEEDED,dimensions_library_fbx_bounds,,models/decoration/HOLO_SMALL1.fbx,source/control scale,0.37085,0.089711,0.751709,0.0,0.046331,-0.223755,Right = normalize(Up cross At),Up = normalize(source.Up),At = normalize(source.At projected perpendicular to Up),NEED_STUDY,NEED_STUDY,none,UNTESTED,,2026-06-07,,,,,,,,,,,,,,
HOLO_SMALL2,HOLO_SMALL2,SEEDED,dimensions_library_fbx_bounds,,models/decoration/HOLO_SMALL2.fbx,source/control scale,0.581543,0.089711,0.465088,0.0,0.046331,-0.109985,Right = normalize(Up cross At),Up = normalize(source.Up),At = normalize(source.At projected perpendicular to Up),NEED_STUDY,NEED_STUDY,none,UNTESTED,,2026-06-07,,,,,,,,,,,,,,
HOLO_SMALL3,HOLO_SMALL3,SEEDED,dimensions_library_fbx_bounds,,models/decoration/HOLO_SMALL3.fbx,source/control scale,0.439209,0.089711,0.481201,0.0,0.046331,-0.118042,Right = normalize(Up cross At),Up = normalize(source.Up),At = normalize(source.At projected perpendicular to Up),NEED_STUDY,NEED_STUDY,none,UNTESTED,,2026-06-07,,,,,,,,,,,,,,
HOLO_TRA,HOLO_TRA,SEEDED,dimensions_library_fbx_bounds,,models/decoration/HOLO_TRA.fbx,source/control scale,3.345703,0.396725,3.344727,0.0,0.202517,0.01416,Right = normalize(Up cross At),Up = normalize(source.Up),At = normalize(source.At projected perpendicular to Up),NEED_STUDY,NEED_STUDY,none,UNTESTED,,2026-06-07,,,,,,,,,,,,,,
HOLO_WAR,HOLO_WAR,SEEDED,dimensions_library_fbx_bounds,,models/decoration/HOLO_WAR.fbx,source/control scale,3.345703,0.396725,3.344727,0.0,0.202517,0.01416,Right = normalize(Up cross At),Up = normalize(source.Up),At = normalize(source.At projected perpendicular to Up),NEED_STUDY,NEED_STUDY,none,UNTESTED,,2026-06-07,,,,,,,,,,,,,,
LARGEDESK,LARGEDESK,SEEDED,dimensions_library_fbx_bounds,,models/furnishings/LARGEDESK.fbx,source/control scale,1.982062,1.869463,1.560932,0.0,0.932914,0.968251,Right = normalize(Up cross At),Up = normalize(source.Up),At = normalize(source.At projected perpendicular to Up),NEED_STUDY,NEED_STUDY,none,UNTESTED,,2026-06-07,,,,,,,,,,,,,,
LIGHTBOX,LIGHTBOX,SEEDED,dimensions_library_fbx_bounds,,models/power_industry/LIGHTBOX.fbx,source/control scale,1.011009,0.76,0.76,0.125504,0.38,0.0,Right = normalize(Up cross At),Up = normalize(source.Up),At = normalize(source.At projected perpendicular to Up),NEED_STUDY,NEED_STUDY,none,UNTESTED,,2026-06-07,,,,,,,,,,,,,,
LIGHTFRAME,LIGHTFRAME,SEEDED,dimensions_library_fbx_bounds,,models/decoration/LIGHTFRAME.fbx,source/control scale,8.28125,6.082031,0.737305,3.3e-05,3.040688,0.0,Right = normalize(Up cross At),Up = normalize(source.Up),At = normalize(source.At projected perpendicular to Up),NEED_STUDY,NEED_STUDY,none,UNTESTED,,2026-06-07,,,,,,,,,,,,,,
LIGHT_PLINTH,LIGHT_PLINTH,SEEDED,dimensions_library_fbx_bounds,,models/decoration/LIGHT_PLINTH.fbx,source/control scale,1.310547,1.891602,1.310547,0.0,0.944503,0.0,Right = normalize(Up cross At),Up = normalize(source.Up),At = normalize(source.At projected perpendicular to Up),NEED_STUDY,NEED_STUDY,none,UNTESTED,,2026-06-07,,,,,,,,,,,,,,
LIGHT_TALL,LIGHT_TALL,SEEDED,dimensions_library_fbx_bounds,,models/decoration/LIGHT_TALL.fbx,source/control scale,3.427734,6.082031,0.737305,1.6e-05,3.040665,0.0,Right = normalize(Up cross At),Up = normalize(source.Up),At = normalize(source.At projected perpendicular to Up),NEED_STUDY,NEED_STUDY,none,UNTESTED,,2026-06-07,,,,,,,,,,,,,,
LIGHT_VERT,LIGHT_VERT,SEEDED,dimensions_library_fbx_bounds,,models/decoration/LIGHT_VERT.fbx,source/control scale,0.708037,2.732422,0.739258,1.3e-05,1.36496,-3e-06,Right = normalize(Up cross At),Up = normalize(source.Up),At = normalize(source.At projected perpendicular to Up),NEED_STUDY,NEED_STUDY,none,UNTESTED,,2026-06-07,,,,,,,,,,,,,,
LOCKER2,LOCKER2,SEEDED,dimensions_library_fbx_bounds,,models/freighter/LOCKER2.fbx,source/control scale,0.950471,2.996501,0.964849,-0.000142,1.498152,-0.003273,Right = normalize(Up cross At),Up = normalize(source.Up),At = normalize(source.At projected perpendicular to Up),NEED_STUDY,NEED_STUDY,none,UNTESTED,,2026-06-07,,,,,,,,,,,,,,
LUSHPLANT,LUSHPLANT,SEEDED,dimensions_library_fbx_bounds,,models/farming/LUSHPLANT.fbx,source/control scale,1.449707,2.02995,1.746021,-0.050049,0.801352,-0.157262,Right = normalize(Up cross At),Up = normalize(source.Up),At = normalize(source.At projected perpendicular to Up),NEED_STUDY,NEED_STUDY,none,UNTESTED,,2026-06-07,,,,,,,,,,,,,,
L_FLOOR_Q,FLOOR,SEEDED,dimensions_library_fbx_bounds,,models/advanced_technology/L_FLOOR_Q.fbx,source/control scale,2.653056,0.606437,2.670615,-0.003358,-0.098248,-0.003152,Right = normalize(Up cross At),Up = normalize(source.Up),At = normalize(source.At projected perpendicular to Up),NEED_STUDY,NEED_STUDY,none,UNTESTED,,2026-06-07,,,,,,,,,,,,,,
MAINROOM,MAINROOM,SEEDED,dimensions_library_fbx_bounds,,models/large_structures/MAINROOM.fbx,source/control scale,13.404068,8.36578,13.404068,0.0,3.676937,0.0,Right = normalize(Up cross At),Up = normalize(source.Up),At = normalize(source.At projected perpendicular to Up),NEED_STUDY,NEED_STUDY,none,UNTESTED,,2026-06-07,,,,,,,,,,,,,,
MAINROOMCUBE,MAINROOMCUBE,SEEDED,dimensions_library_fbx_bounds,,models/large_structures/MAINROOMCUBE.fbx,source/control scale,13.404068,5.613385,13.404068,0.0,2.22001,0.0,Right = normalize(Up cross At),Up = normalize(source.Up),At = normalize(source.At projected perpendicular to Up),NEED_STUDY,NEED_STUDY,none,UNTESTED,,2026-06-07,,,,,,,,,,,,,,
MAINROOMCUBE_W,MAINROOMCUBE_W,SEEDED,dimensions_library_fbx_bounds,,models/large_structures/MAINROOMCUBE_W.fbx,source/control scale,12.86046,5.613385,12.716414,-0.032494,2.22001,0.008999,Right = normalize(Up cross At),Up = normalize(source.Up),At = normalize(source.At projected perpendicular to Up),NEED_STUDY,NEED_STUDY,none,UNTESTED,,2026-06-07,,,,,,,,,,,,,,
MAINROOMFRAME,MAINROOMFRAME,SEEDED,dimensions_library_fbx_bounds,,models/large_structures/MAINROOMFRAME.fbx,source/control scale,12.287148,4.0,12.287148,0.0,2.0,0.0,Right = normalize(Up cross At),Up = normalize(source.Up),At = normalize(source.At projected perpendicular to Up),NEED_STUDY,NEED_STUDY,none,UNTESTED,,2026-06-07,,,,,,,,,,,,,,
MAINROOM_WATER,MAINROOM_WATER,SEEDED,dimensions_library_fbx_bounds,,models/large_structures/MAINROOM_WATER.fbx,source/control scale,12.373014,5.517313,12.373014,0.0,2.252704,0.0,Right = normalize(Up cross At),Up = normalize(source.Up),At = normalize(source.At projected perpendicular to Up),NEED_STUDY,NEED_STUDY,none,UNTESTED,,2026-06-07,,,,,,,,,,,,,,
MAPTABLE,MAPTABLE,SEEDED,dimensions_library_fbx_bounds,,models/decoration/MAPTABLE.fbx,source/control scale,2.470703,0.6768,2.470703,0.000389,0.343241,-0.007483,Right = normalize(Up cross At),Up = normalize(source.Up),At = normalize(source.At projected perpendicular to Up),NEED_STUDY,NEED_STUDY,none,UNTESTED,,2026-06-07,,,,,,,,,,,,,,
MEDTUBE,MEDTUBE,SEEDED,dimensions_library_fbx_bounds,,models/freighter/MEDTUBE.fbx,source/control scale,0.725634,1.505555,0.754992,0.0,0.752778,-0.01509,Right = normalize(Up cross At),Up = normalize(source.Up),At = normalize(source.At projected perpendicular to Up),NEED_STUDY,NEED_STUDY,none,UNTESTED,,2026-06-07,,,,,,,,,,,,,,
MESSAGE,MESSAGE,SEEDED,dimensions_library_fbx_bounds,,models/deployable_technology/MESSAGE.fbx,source/control scale,1.485352,2.783918,1.515625,0.0,1.813888,0.0,Right = normalize(Up cross At),Up = normalize(source.Up),At = normalize(source.At projected perpendicular to Up),NEED_STUDY,NEED_STUDY,none,UNTESTED,,2026-06-07,,,,,,,,,,,,,,
MESSAGEMODULE,MESSAGEMODULE,SEEDED,dimensions_library_fbx_bounds,,models/advanced_technology/MESSAGEMODULE.fbx,source/control scale,0.656,0.984561,0.52,0.0,0.46989,0.0,Right = normalize(Up cross At),Up = normalize(source.Up),At = normalize(source.At projected perpendicular to Up),NEED_STUDY,NEED_STUDY,none,UNTESTED,,2026-06-07,,,,,,,,,,,,,,
MONITORDESK,MONITORDESK,SEEDED,dimensions_library_fbx_bounds,,models/furnishings/MONITORDESK.fbx,source/control scale,0.931776,1.789171,0.730799,0.027519,0.894001,0.000514,Right = normalize(Up cross At),Up = normalize(source.Up),At = normalize(source.At projected perpendicular to Up),NEED_STUDY,NEED_STUDY,none,UNTESTED,,2026-06-07,,,,,,,,,,,,,,
MOONPOOL,MOONPOOL,SEEDED,dimensions_library_fbx_bounds,,models/large_structures/MOONPOOL.fbx,source/control scale,10.600002,1.489564,10.600004,-1e-06,0.0,-1e-06,Right = normalize(Up cross At),Up = normalize(source.Up),At = normalize(source.At projected perpendicular to Up),NEED_STUDY,NEED_STUDY,none,UNTESTED,,2026-06-07,,,,,,,,,,,,,,
M_ARCH,ARCH,SEEDED,dimensions_library_fbx_bounds,,models/legacy_structures/M_ARCH.fbx,source/control scale,5.657782,3.332744,0.397372,0.0,1.669417,0.0,Right = normalize(Up cross At),Up = normalize(source.Up),At = normalize(source.At projected perpendicular to Up),NEED_STUDY,NEED_STUDY,none,UNTESTED,,2026-06-07,,,,,,,,,,,,,,
M_ARCH_H,ARCH,SEEDED,dimensions_library_fbx_bounds,,models/legacy_structures/M_ARCH_H.fbx,source/control scale,2.828891,3.332744,0.397372,-0.067176,1.669417,0.0,Right = normalize(Up cross At),Up = normalize(source.Up),At = normalize(source.At projected perpendicular to Up),NEED_STUDY,NEED_STUDY,none,UNTESTED,,2026-06-07,,,,,,,,,,,,,,
M_DOOR,DOOR,SEEDED,dimensions_library_fbx_bounds,,models/legacy_structures/M_DOOR.fbx,source/control scale,5.66476,3.329664,0.394648,0.001096,1.665091,0.0,Right = normalize(Up cross At),Up = normalize(source.Up),At = normalize(source.At projected perpendicular to Up),NEED_STUDY,NEED_STUDY,none,UNTESTED,,2026-06-07,,,,,,,,,,,,,,
M_DOORWINDOW,DOORWINDOW,SEEDED,dimensions_library_fbx_bounds,,models/legacy_structures/M_DOORWINDOW.fbx,source/control scale,5.66476,3.329662,0.394648,0.001096,1.66509,0.0,Right = normalize(Up cross At),Up = normalize(source.Up),At = normalize(source.At projected perpendicular to Up),NEED_STUDY,NEED_STUDY,none,UNTESTED,,2026-06-07,,,,,,,,,,,,,,
M_DOOR_H,DOOR,SEEDED,dimensions_library_fbx_bounds,,models/legacy_structures/M_DOOR_H.fbx,source/control scale,3.014526,3.329662,0.394648,0.001097,1.66509,0.0,Right = normalize(Up cross At),Up = normalize(source.Up),At = normalize(source.At projected perpendicular to Up),NEED_STUDY,NEED_STUDY,none,UNTESTED,,2026-06-07,,,,,,,,,,,,,,
M_FLOOR,FLOOR,SEEDED,dimensions_library_fbx_bounds,,models/legacy_structures/M_FLOOR.fbx,source/control scale,5.332032,0.367188,5.332032,0.0,0.001465,0.0,Right = normalize(Up cross At),Up = normalize(source.Up),At = normalize(source.At projected perpendicular to Up),NEED_STUDY,NEED_STUDY,none,UNTESTED,,2026-06-07,,,,,,,,,,,,,,
M_FLOOR_Q,FLOOR,SEEDED,dimensions_library_fbx_bounds,,models/legacy_structures/M_FLOOR_Q.fbx,source/control scale,2.653056,0.391173,2.670615,-0.003358,0.003771,-0.003152,Right = normalize(Up cross At),Up = normalize(source.Up),At = normalize(source.At projected perpendicular to Up),NEED_STUDY,NEED_STUDY,none,UNTESTED,,2026-06-07,,,,,,,,,,,,,,
M_GDOOR,GDOOR,SEEDED,dimensions_library_fbx_bounds,,models/legacy_structures/M_GDOOR.fbx,source/control scale,5.671977,3.329666,2.055296,0.004704,1.665092,-0.602744,Right = normalize(Up cross At),Up = normalize(source.Up),At = normalize(source.At projected perpendicular to Up),NEED_STUDY,NEED_STUDY,none,UNTESTED,,2026-06-07,,,,,,,,,,,,,,
M_GFLOOR,GFLOOR,SEEDED,dimensions_library_fbx_bounds,,models/legacy_structures/M_GFLOOR.fbx,source/control scale,5.330001,0.455096,5.330007,0.008736,0.0,4e-06,Right = normalize(Up cross At),Up = normalize(source.Up),At = normalize(source.At projected perpendicular to Up),NEED_STUDY,NEED_STUDY,none,UNTESTED,,2026-06-07,,,,,,,,,,,,,,
M_RAMP,STAIR_FULL_RAMP,USER_ACCEPTED_GENERAL_PLACEMENT,per_part_partmap,library/part_placement_maps/M_RAMP.partmap.json,models/legacy_structures/M_RAMP.fbx,source/control scale unless explicitly parameterized,4.833932,3.806864,5.595291,0.0,1.535044,0.148896,normalize(Up cross At),normalize(source.Up),normalize(source.At projected perpendicular to Up),USER_ACCEPTED_STAIR_LOCAL_FRAME_REPEAT,floor_to_stair_edge_start; local_frame_stair_chain; terminal_landing; switchback; stadium_side_bank; stadium_back_bank; five_lane_equal_step_u_corner,none,BLENDER_USER_CHECK,,2026-06-07,OBSERVED_FACT_OR_DERIVED_PENDING,unknown,"[,,]",unknown,unknown,unknown,,,,unknown,single_part_or_unknown,none,,
M_RAMP_H,RAMP,SEEDED,dimensions_library_fbx_bounds,,models/legacy_structures/M_RAMP_H.fbx,source/control scale,2.271712,3.806864,5.595291,0.011291,1.535044,0.148896,Right = normalize(Up cross At),Up = normalize(source.Up),At = normalize(source.At projected perpendicular to Up),NEED_STUDY,NEED_STUDY,none,UNTESTED,,2026-06-07,,,,,,,,,,,,,,
M_ROOF,ROOF,SEEDED,dimensions_library_fbx_bounds,,models/legacy_structures/M_ROOF.fbx,source/control scale,5.330001,1.23046,5.330007,0.008736,0.615229,4e-06,Right = normalize(Up cross At),Up = normalize(source.Up),At = normalize(source.At projected perpendicular to Up),NEED_STUDY,NEED_STUDY,none,UNTESTED,,2026-06-07,,,,,,,,,,,,,,
M_ROOF_C,ROOF,SEEDED,dimensions_library_fbx_bounds,,models/legacy_structures/M_ROOF_C.fbx,source/control scale,5.68862,3.29635,5.68862,0.098838,1.649422,-0.098838,Right = normalize(Up cross At),Up = normalize(source.Up),At = normalize(source.At projected perpendicular to Up),NEED_STUDY,NEED_STUDY,none,UNTESTED,,2026-06-07,,,,,,,,,,,,,,
M_ROOF_IC,ROOF,SEEDED,dimensions_library_fbx_bounds,,models/legacy_structures/M_ROOF_IC.fbx,source/control scale,5.68862,3.29635,5.688621,0.098838,1.646541,-0.098839,Right = normalize(Up cross At),Up = normalize(source.Up),At = normalize(source.At projected perpendicular to Up),NEED_STUDY,NEED_STUDY,none,UNTESTED,,2026-06-07,,,,,,,,,,,,,,
M_ROOF_M,ROOF,SEEDED,dimensions_library_fbx_bounds,,models/legacy_structures/M_ROOF_M.fbx,source/control scale,5.490944,3.29635,5.681622,0.0,1.649422,-0.102337,Right = normalize(Up cross At),Up = normalize(source.Up),At = normalize(source.At projected perpendicular to Up),NEED_STUDY,NEED_STUDY,none,UNTESTED,,2026-06-07,,,,,,,,,,,,,,
M_TRIFLOOR,TRIFLOOR,SEEDED,dimensions_library_fbx_bounds,,models/legacy_structures/M_TRIFLOOR.fbx,source/control scale,4.571969,0.579863,5.279255,-0.746485,-0.015069,0.0,Right = normalize(Up cross At),Up = normalize(source.Up),At = normalize(source.At projected perpendicular to Up),NEED_STUDY,NEED_STUDY,none,UNTESTED,,2026-06-07,,,,,,,,,,,,,,
M_TRIFLOOR_Q,TRIFLOOR,SEEDED,dimensions_library_fbx_bounds,,models/legacy_structures/M_TRIFLOOR_Q.fbx,source/control scale,2.262719,0.579863,2.612763,-0.36161,-0.015069,0.0,Right = normalize(Up cross At),Up = normalize(source.Up),At = normalize(source.At projected perpendicular to Up),NEED_STUDY,NEED_STUDY,none,UNTESTED,,2026-06-07,,,,,,,,,,,,,,
M_WALL,WALL,SEEDED,dimensions_library_fbx_bounds,,models/legacy_structures/M_WALL.fbx,source/control scale,5.671977,3.329666,0.394648,0.004704,1.665092,0.0,Right = normalize(Up cross At),Up = normalize(source.Up),At = normalize(source.At projected perpendicular to Up),NEED_STUDY,NEED_STUDY,none,UNTESTED,,2026-06-07,,,,,,,,,,,,,,
M_WALLDIAGONAL,WALLDIAGONAL,SEEDED,dimensions_library_fbx_bounds,,models/legacy_structures/M_WALLDIAGONAL.fbx,source/control scale,5.666951,3.329666,0.394648,0.007218,1.665092,0.0,Right = normalize(Up cross At),Up = normalize(source.Up),At = normalize(source.At projected perpendicular to Up),NEED_STUDY,NEED_STUDY,none,UNTESTED,,2026-06-07,,,,,,,,,,,,,,
M_WALL_H,WALL,SEEDED,dimensions_library_fbx_bounds,,models/legacy_structures/M_WALL_H.fbx,source/control scale,3.007874,3.329666,0.394648,0.003241,1.665092,0.0,Right = normalize(Up cross At),Up = normalize(source.Up),At = normalize(source.At projected perpendicular to Up),NEED_STUDY,NEED_STUDY,none,UNTESTED,,2026-06-07,,,,,,,,,,,,,,
M_WALL_Q,WALL,SEEDED,dimensions_library_fbx_bounds,,models/legacy_structures/M_WALL_Q.fbx,source/control scale,5.671955,0.838964,0.394648,0.004704,0.419741,0.0,Right = normalize(Up cross At),Up = normalize(source.Up),At = normalize(source.At projected perpendicular to Up),NEED_STUDY,NEED_STUDY,none,UNTESTED,,2026-06-07,,,,,,,,,,,,,,
M_WALL_Q_H,WALL_Q,SEEDED,dimensions_library_fbx_bounds,,models/legacy_structures/M_WALL_Q_H.fbx,source/control scale,2.835978,0.838964,0.394648,0.004704,0.419741,0.0,Right = normalize(Up cross At),Up = normalize(source.Up),At = normalize(source.At projected perpendicular to Up),NEED_STUDY,NEED_STUDY,none,UNTESTED,,2026-06-07,,,,,,,,,,,,,,
M_WALL_WINDOW,WALL_WINDOW,SEEDED,dimensions_library_fbx_bounds,,models/legacy_structures/M_WALL_WINDOW.fbx,source/control scale,5.671977,3.329666,0.394648,0.004704,1.665092,0.0,Right = normalize(Up cross At),Up = normalize(source.Up),At = normalize(source.At projected perpendicular to Up),NEED_STUDY,NEED_STUDY,none,UNTESTED,,2026-06-07,,,,,,,,,,,,,,
NIPPLANT,NIPPLANT,SEEDED,dimensions_library_fbx_bounds,,models/farming/NIPPLANT.fbx,source/control scale,1.501953,1.464549,1.688965,0.094727,0.732626,-0.061767,Right = normalize(Up cross At),Up = normalize(source.Up),At = normalize(source.At projected perpendicular to Up),NEED_STUDY,NEED_STUDY,none,UNTESTED,,2026-06-07,,,,,,,,,,,,,,
NOISEBOX,NOISEBOX,SEEDED,dimensions_library_fbx_bounds,,models/power_industry/NOISEBOX.fbx,source/control scale,1.019753,0.76,0.76,0.117491,0.38,0.0,Right = normalize(Up cross At),Up = normalize(source.Up),At = normalize(source.At projected perpendicular to Up),NEED_STUDY,NEED_STUDY,none,UNTESTED,,2026-06-07,,,,,,,,,,,,,,
NPCBUILDERTERM,NPCBUILDERTERM,SEEDED,dimensions_library_fbx_bounds,,models/specialist_terminals/NPCBUILDERTERM.fbx,source/control scale,3.5942,1.504124,3.594201,0.0,0.751708,0.620344,Right = normalize(Up cross At),Up = normalize(source.Up),At = normalize(source.At projected perpendicular to Up),NEED_STUDY,NEED_STUDY,none,UNTESTED,,2026-06-07,,,,,,,,,,,,,,
NPCFARMTERM,NPCFARMTERM,SEEDED,dimensions_library_fbx_bounds,,models/specialist_terminals/NPCFARMTERM.fbx,source/control scale,2.779494,1.42397,2.140864,-0.085286,0.701686,1.343824,Right = normalize(Up cross At),Up = normalize(source.Up),At = normalize(source.At projected perpendicular to Up),NEED_STUDY,NEED_STUDY,none,UNTESTED,,2026-06-07,,,,,,,,,,,,,,
NPCFRIGTERM,NPCFRIGTERM,SEEDED,dimensions_library_fbx_bounds,,models/freighter/NPCFRIGTERM.fbx,source/control scale,8.199792,3.850015,6.199793,0.0,1.925007,-1.0,Right = normalize(Up cross At),Up = normalize(source.Up),At = normalize(source.At projected perpendicular to Up),NEED_STUDY,NEED_STUDY,none,UNTESTED,,2026-06-07,,,,,,,,,,,,,,
NPCSCIENCETERM,NPCSCIENCETERM,SEEDED,dimensions_library_fbx_bounds,,models/specialist_terminals/NPCSCIENCETERM.fbx,source/control scale,3.5942,1.438003,3.594201,0.0,0.718648,0.620344,Right = normalize(Up cross At),Up = normalize(source.Up),At = normalize(source.At projected perpendicular to Up),NEED_STUDY,NEED_STUDY,none,UNTESTED,,2026-06-07,,,,,,,,,,,,,,
NPCVEHICLETERM,NPCVEHICLETERM,SEEDED,dimensions_library_fbx_bounds,,models/specialist_terminals/NPCVEHICLETERM.fbx,source/control scale,3.5942,1.789171,4.374637,0.0,0.894001,1.010562,Right = normalize(Up cross At),Up = normalize(source.Up),At = normalize(source.At projected perpendicular to Up),NEED_STUDY,NEED_STUDY,none,UNTESTED,,2026-06-07,,,,,,,,,,,,,,
NPCWEAPONTERM,NPCWEAPONTERM,SEEDED,dimensions_library_fbx_bounds,,models/specialist_terminals/NPCWEAPONTERM.fbx,source/control scale,3.5942,1.881213,3.594201,0.0,0.940253,0.620344,Right = normalize(Up cross At),Up = normalize(source.Up),At = normalize(source.At projected perpendicular to Up),NEED_STUDY,NEED_STUDY,none,UNTESTED,,2026-06-07,,,,,,,,,,,,,,
O2_HARVESTER,O2_HARVESTER,SEEDED,dimensions_library_fbx_bounds,,models/power_industry/O2_HARVESTER.fbx,source/control scale,1.48,3.01124,2.137388,0.0,1.507418,0.135975,Right = normalize(Up cross At),Up = normalize(source.Up),At = normalize(source.At projected perpendicular to Up),NEED_STUDY,NEED_STUDY,none,UNTESTED,,2026-06-07,,,,,,,,,,,,,,
OCTACABINET,OCTACABINET,SEEDED,dimensions_library_fbx_bounds,,models/furnishings/OCTACABINET.fbx,source/control scale,1.483494,1.617516,1.483494,0.0,0.809982,0.0,Right = normalize(Up cross At),Up = normalize(source.Up),At = normalize(source.At projected perpendicular to Up),NEED_STUDY,NEED_STUDY,none,UNTESTED,,2026-06-07,,,,,,,,,,,,,,
PALLET,PALLET,SEEDED,dimensions_library_fbx_bounds,,models/freighter/PALLET.fbx,source/control scale,1.99226,0.176311,1.459158,0.0,0.088156,0.0,Right = normalize(Up cross At),Up = normalize(source.Up),At = normalize(source.At projected perpendicular to Up),NEED_STUDY,NEED_STUDY,none,UNTESTED,,2026-06-07,,,,,,,,,,,,,,
PANEL_GLASS,PANEL_GLASS,SEEDED,dimensions_library_fbx_bounds,,models/large_structures/PANEL_GLASS.fbx,source/control scale,4.25,3.0,1.775181,0.0,1.5,-0.015924,Right = normalize(Up cross At),Up = normalize(source.Up),At = normalize(source.At projected perpendicular to Up),NEED_STUDY,NEED_STUDY,none,UNTESTED,,2026-06-07,,,,,,,,,,,,,,
PEARLPLANT,PEARLPLANT,SEEDED,dimensions_library_fbx_bounds,,models/farming/PEARLPLANT.fbx,source/control scale,2.065344,2.576795,1.556724,0.0,0.652406,0.0,Right = normalize(Up cross At),Up = normalize(source.Up),At = normalize(source.At projected perpendicular to Up),NEED_STUDY,NEED_STUDY,none,UNTESTED,,2026-06-07,,,,,,,,,,,,,,
PIPE,PIPE,SEEDED,dimensions_library_fbx_bounds,,models/decoration/BASE_BUBPIPE.fbx,source/control scale,0.953124,0.953126,2.0,0.0,0.0,0.0,Right = normalize(Up cross At),Up = normalize(source.Up),At = normalize(source.At projected perpendicular to Up),NEED_STUDY,NEED_STUDY,none,UNTESTED,,2026-06-07,,,,,,,,,,,,,,
PIPESHAPE,PIPESHAPE,SEEDED,dimensions_library_fbx_bounds,,models/decoration/PIPESHAPE.fbx,source/control scale,0.964812,2.0,0.964812,0.0,1.0,0.0,Right = normalize(Up cross At),Up = normalize(source.Up),At = normalize(source.At projected perpendicular to Up),NEED_STUDY,NEED_STUDY,none,UNTESTED,,2026-06-07,,,,,,,,,,,,,,
PLANTBOX,PLANTBOX,SEEDED,dimensions_library_fbx_bounds,,models/decoration/PLANTBOX.fbx,source/control scale,2.056641,1.346191,1.0625,0.00293,0.666769,0.005371,Right = normalize(Up cross At),Up = normalize(source.Up),At = normalize(source.At projected perpendicular to Up),NEED_STUDY,NEED_STUDY,none,UNTESTED,,2026-06-07,,,,,,,,,,,,,,
PLANTER,PLANTER,SEEDED,dimensions_library_fbx_bounds,,models/farming/PLANTER.fbx,source/control scale,2.621958,2.540115,2.621958,0.0,1.270058,0.0,Right = normalize(Up cross At),Up = normalize(source.Up),At = normalize(source.At projected perpendicular to Up),NEED_STUDY,NEED_STUDY,none,UNTESTED,,2026-06-07,,,,,,,,,,,,,,
PLANTERMEGA,PLANTERMEGA,SEEDED,dimensions_library_fbx_bounds,,models/farming/PLANTERMEGA.fbx,source/control scale,4.650244,2.540115,4.650244,0.0,1.270058,0.0,Right = normalize(Up cross At),Up = normalize(source.Up),At = normalize(source.At projected perpendicular to Up),NEED_STUDY,NEED_STUDY,none,UNTESTED,,2026-06-07,,,,,,,,,,,,,,
PLANTER_S,PLANTER_S,SEEDED,dimensions_library_fbx_bounds,,models/decoration/PLANTER_S.fbx,source/control scale,1.470215,1.092773,1.463379,-0.003174,0.546387,0.000244,Right = normalize(Up cross At),Up = normalize(source.Up),At = normalize(source.At projected perpendicular to Up),NEED_STUDY,NEED_STUDY,none,UNTESTED,,2026-06-07,,,,,,,,,,,,,,
PLANTPOT,PLANTPOT,SEEDED,dimensions_library_fbx_bounds,,models/farming/PLANTPOT.fbx,source/control scale,0.86326,0.515549,0.873805,0.0,0.257775,-0.184332,Right = normalize(Up cross At),Up = normalize(source.Up),At = normalize(source.At projected perpendicular to Up),NEED_STUDY,NEED_STUDY,none,UNTESTED,,2026-06-07,,,,,,,,,,,,,,
PLANTPOT1,PLANTPOT1,SEEDED,dimensions_library_fbx_bounds,,models/farming/PLANTPOT1.fbx,source/control scale,1.0,1.5444,0.686855,0.0,0.771953,-0.015005,Right = normalize(Up cross At),Up = normalize(source.Up),At = normalize(source.At projected perpendicular to Up),NEED_STUDY,NEED_STUDY,none,UNTESTED,,2026-06-07,,,,,,,,,,,,,,
PLANTPOT2,PLANTPOT2,SEEDED,dimensions_library_fbx_bounds,,models/farming/PLANTPOT2.fbx,source/control scale,1.447036,1.42397,0.780505,0.135188,0.701686,-0.008961,Right = normalize(Up cross At),Up = normalize(source.Up),At = normalize(source.At projected perpendicular to Up),NEED_STUDY,NEED_STUDY,none,UNTESTED,,2026-06-07,,,,,,,,,,,,,,
PLANTPOT3,PLANTPOT3,SEEDED,dimensions_library_fbx_bounds,,models/farming/PLANTPOT3.fbx,source/control scale,0.55948,0.834817,0.55948,0.0,0.451144,0.0,Right = normalize(Up cross At),Up = normalize(source.Up),At = normalize(source.At projected perpendicular to Up),NEED_STUDY,NEED_STUDY,none,UNTESTED,,2026-06-07,,,,,,,,,,,,,,
PLANTPOT4,PLANTPOT4,SEEDED,dimensions_library_fbx_bounds,,models/furnishings/PLANTPOT4.fbx,source/control scale,0.617626,0.476324,0.617626,0.0,0.238274,0.0,Right = normalize(Up cross At),Up = normalize(source.Up),At = normalize(source.At projected perpendicular to Up),NEED_STUDY,NEED_STUDY,none,UNTESTED,,2026-06-07,,,,,,,,,,,,,,
PLANTTUBE,PLANTTUBE,SEEDED,dimensions_library_fbx_bounds,,models/freighter/PLANTTUBE.fbx,source/control scale,0.526532,0.768586,0.526532,0.0,0.382799,0.0,Right = normalize(Up cross At),Up = normalize(source.Up),At = normalize(source.At projected perpendicular to Up),NEED_STUDY,NEED_STUDY,none,UNTESTED,,2026-06-07,,,,,,,,,,,,,,
POOPPLANT,POOPPLANT,SEEDED,dimensions_library_fbx_bounds,,models/farming/POOPPLANT.fbx,source/control scale,1.503293,1.871774,1.376025,0.058087,0.837399,0.001635,Right = normalize(Up cross At),Up = normalize(source.Up),At = normalize(source.At projected perpendicular to Up),NEED_STUDY,NEED_STUDY,none,UNTESTED,,2026-06-07,,,,,,,,,,,,,,
POWERBOX,POWERBOX,SEEDED,dimensions_library_fbx_bounds,,models/decoration/POWERBOX.fbx,source/control scale,2.650391,2.363281,1.53125,0.0,1.174104,-5e-06,Right = normalize(Up cross At),Up = normalize(source.Up),At = normalize(source.At projected perpendicular to Up),NEED_STUDY,NEED_STUDY,none,UNTESTED,,2026-06-07,,,,,,,,,,,,,,
POWERLINE_HIDER,POWERLINE_HIDER,SEEDED,dimensions_library_fbx_bounds,,models/power_industry/POWERLINE_HIDER.fbx,source/control scale,1.58888,2.396139,1.58888,0.0,1.198069,0.0,Right = normalize(Up cross At),Up = normalize(source.Up),At = normalize(source.At projected perpendicular to Up),NEED_STUDY,NEED_STUDY,none,UNTESTED,,2026-06-07,,,,,,,,,,,,,,
PYRAMIDSHAPE,PYRAMIDSHAPE,SEEDED,dimensions_library_fbx_bounds,,models/decoration/PYRAMIDSHAPE.fbx,source/control scale,1.955992,2.05,2.025,0.0,0.975,-0.0125,Right = normalize(Up cross At),Up = normalize(source.Up),At = normalize(source.At projected perpendicular to Up),NEED_STUDY,NEED_STUDY,none,UNTESTED,,2026-06-07,,,,,,,,,,,,,,
RACE_BOOSTER,RACE_BOOSTER,SEEDED,dimensions_library_fbx_bounds,,models/deployable_technology/RACE_BOOSTER.fbx,source/control scale,6.88,1.297611,12.230729,0.0,-0.096816,-0.064558,Right = normalize(Up cross At),Up = normalize(source.Up),At = normalize(source.At projected perpendicular to Up),NEED_STUDY,NEED_STUDY,none,UNTESTED,,2026-06-07,,,,,,,,,,,,,,
RACE_RAMP,RACE_RAMP,SEEDED,dimensions_library_fbx_bounds,,models/deployable_technology/RACE_RAMP.fbx,source/control scale,6.958262,6.252899,10.543548,0.016651,3.12645,0.0,Right = normalize(Up cross At),Up = normalize(source.Up),At = normalize(source.At projected perpendicular to Up),NEED_STUDY,NEED_STUDY,none,UNTESTED,,2026-06-07,,,,,,,,,,,,,,
RACE_START,RACE_START,SEEDED,dimensions_library_fbx_bounds,,models/deployable_technology/RACE_START.fbx,source/control scale,18.52,6.854283,4.206128,0.0,4.541126,1.430384,Right = normalize(Up cross At),Up = normalize(source.Up),At = normalize(source.At projected perpendicular to Up),NEED_STUDY,NEED_STUDY,none,UNTESTED,,2026-06-07,,,,,,,,,,,,,,
RADIOPLANT,RADIOPLANT,SEEDED,dimensions_library_fbx_bounds,,models/farming/RADIOPLANT.fbx,source/control scale,1.700497,1.574589,1.608026,0.036247,0.54352,0.058148,Right = normalize(Up cross At),Up = normalize(source.Up),At = normalize(source.At projected perpendicular to Up),NEED_STUDY,NEED_STUDY,none,UNTESTED,,2026-06-07,,,,,,,,,,,,,,
ROBOTICARM,ROBOTICARM,SEEDED,dimensions_library_fbx_bounds,,models/furnishings/ROBOTICARM.fbx,source/control scale,0.463392,1.352045,2.74095,0.0,0.66379,0.380754,Right = normalize(Up cross At),Up = normalize(source.Up),At = normalize(source.At projected perpendicular to Up),NEED_STUDY,NEED_STUDY,none,UNTESTED,,2026-06-07,,,,,,,,,,,,,,
ROOFMONITOR,ROOFMONITOR,SEEDED,dimensions_library_fbx_bounds,,models/furnishings/ROOFMONITOR.fbx,source/control scale,1.209818,2.78701,1.273328,0.0,1.17797,0.370032,Right = normalize(Up cross At),Up = normalize(source.Up),At = normalize(source.At projected perpendicular to Up),NEED_STUDY,NEED_STUDY,none,UNTESTED,,2026-06-07,,,,,,,,,,,,,,
ROOMFLOOR,ROOMFLOOR,SEEDED,dimensions_library_fbx_bounds,,models/legacy_structures/ROOMFLOOR.fbx,source/control scale,4.0,0.147107,4.0,0.0,0.033553,0.0,Right = normalize(Up cross At),Up = normalize(source.Up),At = normalize(source.At projected perpendicular to Up),NEED_STUDY,NEED_STUDY,none,UNTESTED,,2026-06-07,,,,,,,,,,,,,,
S16_HEATER,S16_HEATER,SEEDED,dimensions_library_fbx_bounds,,models/decoration/S16_HEATER.fbx,source/control scale,2.039062,2.915697,2.039062,0.0,1.362633,0.0,Right = normalize(Up cross At),Up = normalize(source.Up),At = normalize(source.At projected perpendicular to Up),NEED_STUDY,NEED_STUDY,none,UNTESTED,,2026-06-07,,,,,,,,,,,,,,
SACVENOMPLANT,SACVENOMPLANT,SEEDED,dimensions_library_fbx_bounds,,models/farming/SACVENOMPLANT.fbx,source/control scale,1.505925,2.029045,1.540553,0.077859,0.867147,-0.049529,Right = normalize(Up cross At),Up = normalize(source.Up),At = normalize(source.At projected perpendicular to Up),NEED_STUDY,NEED_STUDY,none,UNTESTED,,2026-06-07,,,,,,,,,,,,,,
SCORCHEDPLANT,SCORCHEDPLANT,SEEDED,dimensions_library_fbx_bounds,,models/farming/SCORCHEDPLANT.fbx,source/control scale,1.428298,2.182443,1.552184,0.01056,0.684169,-0.004418,Right = normalize(Up cross At),Up = normalize(source.Up),At = normalize(source.At projected perpendicular to Up),NEED_STUDY,NEED_STUDY,none,UNTESTED,,2026-06-07,,,,,,,,,,,,,,
SERVERBOX1,SERVERBOX1,SEEDED,dimensions_library_fbx_bounds,,models/decoration/SERVERBOX1.fbx,source/control scale,2.650391,2.371094,1.530273,0.0,1.174916,-7.3e-05,Right = normalize(Up cross At),Up = normalize(source.Up),At = normalize(source.At projected perpendicular to Up),NEED_STUDY,NEED_STUDY,none,UNTESTED,,2026-06-07,,,,,,,,,,,,,,
SERVERBOX2,SERVERBOX2,SEEDED,dimensions_library_fbx_bounds,,models/decoration/SERVERBOX2.fbx,source/control scale,2.650391,2.371094,1.530273,0.0,1.174916,-7.3e-05,Right = normalize(Up cross At),Up = normalize(source.Up),At = normalize(source.At projected perpendicular to Up),NEED_STUDY,NEED_STUDY,none,UNTESTED,,2026-06-07,,,,,,,,,,,,,,
SERVERSTACK,SERVERSTACK,SEEDED,dimensions_library_fbx_bounds,,models/furnishings/SERVERSTACK.fbx,source/control scale,0.677668,1.242188,0.805598,-0.00061,0.621094,-0.001587,Right = normalize(Up cross At),Up = normalize(source.Up),At = normalize(source.At projected perpendicular to Up),NEED_STUDY,NEED_STUDY,none,UNTESTED,,2026-06-07,,,,,,,,,,,,,,
SET_B_MONU,SET_B_MONU,SEEDED,dimensions_library_fbx_bounds,,models/settlement/SET_B_MONU.fbx,source/control scale,17.664062,30.413414,15.464844,-0.003906,15.199543,-2.36914,Right = normalize(Up cross At),Up = normalize(source.Up),At = normalize(source.At projected perpendicular to Up),NEED_STUDY,NEED_STUDY,none,UNTESTED,,2026-06-07,,,,,,,,,,,,,,
SET_CLASS_A,SET_CLASS_A,SEEDED,dimensions_library_fbx_bounds,,models/settlement/SET_CLASS_A.fbx,source/control scale,1.312041,11.22177,1.305048,0.0,6.596728,0.0,Right = normalize(Up cross At),Up = normalize(source.Up),At = normalize(source.At projected perpendicular to Up),NEED_STUDY,NEED_STUDY,none,UNTESTED,,2026-06-07,,,,,,,,,,,,,,
SET_CLASS_B,SET_CLASS_B,SEEDED,dimensions_library_fbx_bounds,,models/settlement/SET_CLASS_B.fbx,source/control scale,1.312041,11.221769,1.305048,0.0,6.596727,0.0,Right = normalize(Up cross At),Up = normalize(source.Up),At = normalize(source.At projected perpendicular to Up),NEED_STUDY,NEED_STUDY,none,UNTESTED,,2026-06-07,,,,,,,,,,,,,,
SET_CLASS_S,SET_CLASS_S,SEEDED,dimensions_library_fbx_bounds,,models/settlement/SET_CLASS_S.fbx,source/control scale,1.312041,11.22177,1.305048,0.0,6.596728,-1e-06,Right = normalize(Up cross At),Up = normalize(source.Up),At = normalize(source.At projected perpendicular to Up),NEED_STUDY,NEED_STUDY,none,UNTESTED,,2026-06-07,,,,,,,,,,,,,,
SET_CONSTRUCT,SET_CONSTRUCT,SEEDED,dimensions_library_fbx_bounds,,models/settlement/SET_CONSTRUCT.fbx,source/control scale,0.81543,1.787395,0.94165,0.0,0.892436,4.4e-05,Right = normalize(Up cross At),Up = normalize(source.Up),At = normalize(source.At projected perpendicular to Up),NEED_STUDY,NEED_STUDY,none,UNTESTED,,2026-06-07,,,,,,,,,,,,,,
SET_FISHPOND,SET_FISHPOND,SEEDED,dimensions_library_fbx_bounds,,models/settlement/SET_FISHPOND.fbx,source/control scale,9.207031,2.916015,16.109375,0.091797,1.458008,1.726562,Right = normalize(Up cross At),Up = normalize(source.Up),At = normalize(source.At projected perpendicular to Up),NEED_STUDY,NEED_STUDY,none,UNTESTED,,2026-06-07,,,,,,,,,,,,,,
SET_F_MONU,SET_F_MONU,SEEDED,dimensions_library_fbx_bounds,,models/settlement/SET_F_MONU.fbx,source/control scale,5.378906,9.086046,5.378906,0.0,4.542915,0.0,Right = normalize(Up cross At),Up = normalize(source.Up),At = normalize(source.At projected perpendicular to Up),NEED_STUDY,NEED_STUDY,none,UNTESTED,,2026-06-07,,,,,,,,,,,,,,
SET_F_MONU_FA,SET_F_MONU_FA,SEEDED,dimensions_library_fbx_bounds,,models/settlement/SET_F_MONU_FA.fbx,source/control scale,3.986328,8.418457,3.986328,0.0,4.868897,0.0,Right = normalize(Up cross At),Up = normalize(source.Up),At = normalize(source.At projected perpendicular to Up),NEED_STUDY,NEED_STUDY,none,UNTESTED,,2026-06-07,,,,,,,,,,,,,,
SET_GROUNDDECAL,SET_GROUNDDECAL,SEEDED,dimensions_library_fbx_bounds,,models/settlement/SET_GROUNDDECAL.fbx,source/control scale,10.770304,1.422852,6.151016,0.0,0.0,0.0,Right = normalize(Up cross At),Up = normalize(source.Up),At = normalize(source.At projected perpendicular to Up),NEED_STUDY,NEED_STUDY,none,UNTESTED,,2026-06-07,,,,,,,,,,,,,,
SET_INT_SHIPSAL,SET_INT_SHIPSAL,SEEDED,dimensions_library_fbx_bounds,,models/settlement/SET_INT_SHIPSAL.fbx,source/control scale,5.285156,1.221069,5.949219,0.0,0.604309,-0.667969,Right = normalize(Up cross At),Up = normalize(source.Up),At = normalize(source.At projected perpendicular to Up),NEED_STUDY,NEED_STUDY,none,UNTESTED,,2026-06-07,,,,,,,,,,,,,,
SET_INT_SUMMARY,SET_INT_SUMMARY,SEEDED,dimensions_library_fbx_bounds,,models/settlement/SET_INT_SUMMARY.fbx,source/control scale,2.124277,3.553216,0.964238,-0.00673,1.776608,0.162051,Right = normalize(Up cross At),Up = normalize(source.Up),At = normalize(source.At projected perpendicular to Up),NEED_STUDY,NEED_STUDY,none,UNTESTED,,2026-06-07,,,,,,,,,,,,,,
SET_LZ_SHIPBUIL,SET_LZ_SHIPBUIL,SEEDED,dimensions_library_fbx_bounds,,models/settlement/SET_LZ_SHIPBUIL.fbx,source/control scale,2.740235,2.101174,1.766566,-7.809715,1.050823,-0.541824,Right = normalize(Up cross At),Up = normalize(source.Up),At = normalize(source.At projected perpendicular to Up),NEED_STUDY,NEED_STUDY,none,UNTESTED,,2026-06-07,,,,,,,,,,,,,,
SET_MAYORTERM,SET_MAYORTERM,SEEDED,dimensions_library_fbx_bounds,,models/settlement/SET_MAYORTERM.fbx,source/control scale,3.791016,1.791016,2.403321,0.0,0.895508,-0.002442,Right = normalize(Up cross At),Up = normalize(source.Up),At = normalize(source.At projected perpendicular to Up),NEED_STUDY,NEED_STUDY,none,UNTESTED,,2026-06-07,,,,,,,,,,,,,,
SET_MONUMENT,SET_MONUMENT,SEEDED,dimensions_library_fbx_bounds,,models/settlement/SET_MONUMENT.fbx,source/control scale,5.378906,8.343751,5.378906,0.0,4.171875,0.0,Right = normalize(Up cross At),Up = normalize(source.Up),At = normalize(source.At projected perpendicular to Up),NEED_STUDY,NEED_STUDY,none,UNTESTED,,2026-06-07,,,,,,,,,,,,,,
SET_MONUMENT_FA,SET_MONUMENT_FA,SEEDED,dimensions_library_fbx_bounds,,models/settlement/SET_MONUMENT_FA.fbx,source/control scale,3.8125,3.828125,4.113281,0.0,3.359375,-1e-06,Right = normalize(Up cross At),Up = normalize(source.Up),At = normalize(source.At projected perpendicular to Up),NEED_STUDY,NEED_STUDY,none,UNTESTED,,2026-06-07,,,,,,,,,,,,,,
SET_STAFFBUILD,SET_STAFFBUILD,SEEDED,dimensions_library_fbx_bounds,,models/settlement/SET_STAFFBUILD.fbx,source/control scale,2.498047,4.286133,3.362305,0.079102,1.624512,0.473145,Right = normalize(Up cross At),Up = normalize(source.Up),At = normalize(source.At projected perpendicular to Up),NEED_STUDY,NEED_STUDY,none,UNTESTED,,2026-06-07,,,,,,,,,,,,,,
SET_S_TOWER,SET_S_TOWER,SEEDED,dimensions_library_fbx_bounds,,models/settlement/SET_S_TOWER.fbx,source/control scale,16.078123,24.968751,18.34375,0.0,12.484375,-3e-06,Right = normalize(Up cross At),Up = normalize(source.Up),At = normalize(source.At projected perpendicular to Up),NEED_STUDY,NEED_STUDY,none,UNTESTED,,2026-06-07,,,,,,,,,,,,,,
SET_S_TOWER_FA,SET_S_TOWER_FA,SEEDED,dimensions_library_fbx_bounds,,models/settlement/SET_S_TOWER_FA.fbx,source/control scale,14.179688,8.609378,16.3125,0.0,8.914063,-3e-06,Right = normalize(Up cross At),Up = normalize(source.Up),At = normalize(source.At projected perpendicular to Up),NEED_STUDY,NEED_STUDY,none,UNTESTED,,2026-06-07,,,,,,,,,,,,,,
SET_T_MONU,SET_T_MONU,SEEDED,dimensions_library_fbx_bounds,,models/settlement/SET_T_MONU.fbx,source/control scale,5.363282,7.120087,5.382812,0.0,3.545426,0.0,Right = normalize(Up cross At),Up = normalize(source.Up),At = normalize(source.At projected perpendicular to Up),NEED_STUDY,NEED_STUDY,none,UNTESTED,,2026-06-07,,,,,,,,,,,,,,
SET_T_MONU_FA,SET_T_MONU_FA,SEEDED,dimensions_library_fbx_bounds,,models/settlement/SET_T_MONU_FA.fbx,source/control scale,3.964844,3.830078,3.972656,0.009766,2.584961,-0.013672,Right = normalize(Up cross At),Up = normalize(source.Up),At = normalize(source.At projected perpendicular to Up),NEED_STUDY,NEED_STUDY,none,UNTESTED,,2026-06-07,,,,,,,,,,,,,,
SET_WEAPONBOX,SET_WEAPONBOX,SEEDED,dimensions_library_fbx_bounds,,models/settlement/SET_WEAPONBOX.fbx,source/control scale,4.175781,3.298058,2.447266,0.0,1.638081,-0.318359,Right = normalize(Up cross At),Up = normalize(source.Up),At = normalize(source.At projected perpendicular to Up),NEED_STUDY,NEED_STUDY,none,UNTESTED,,2026-06-07,,,,,,,,,,,,,,
SHELFPANEL,SHELFPANEL,SEEDED,dimensions_library_fbx_bounds,,models/furnishings/SHELFPANEL.fbx,source/control scale,3.012592,0.361625,1.242506,0.0,0.18233,0.0,Right = normalize(Up cross At),Up = normalize(source.Up),At = normalize(source.At projected perpendicular to Up),NEED_STUDY,NEED_STUDY,none,UNTESTED,,2026-06-07,,,,,,,,,,,,,,
SHIELDSTATION,SHIELDSTATION,SEEDED,dimensions_library_fbx_bounds,,models/advanced_technology/SHIELDSTATION.fbx,source/control scale,0.622432,0.430598,1.11056,0.0,0.215672,-0.047285,Right = normalize(Up cross At),Up = normalize(source.Up),At = normalize(source.At projected perpendicular to Up),NEED_STUDY,NEED_STUDY,none,UNTESTED,,2026-06-07,,,,,,,,,,,,,,
SHIPARMS,SHIPARMS,SEEDED,dimensions_library_fbx_bounds,,models/decoration/SHIPARMS.fbx,source/control scale,2.640869,2.679199,3.504883,0.933472,2.152588,0.519043,Right = normalize(Up cross At),Up = normalize(source.Up),At = normalize(source.At projected perpendicular to Up),NEED_STUDY,NEED_STUDY,none,UNTESTED,,2026-06-07,,,,,,,,,,,,,,
SLIME_MED,SLIME_MED,SEEDED,dimensions_library_fbx_bounds,,models/exotic_decorations/SLIME_MED.fbx,source/control scale,2.51943,0.691147,3.058175,0.070173,0.315559,0.05632,Right = normalize(Up cross At),Up = normalize(source.Up),At = normalize(source.At projected perpendicular to Up),NEED_STUDY,NEED_STUDY,none,UNTESTED,,2026-06-07,,,,,,,,,,,,,,
SMALLLIGHT,SMALLLIGHT,SEEDED,dimensions_library_fbx_bounds,,models/lights/SMALLLIGHT.fbx,source/control scale,0.26,0.731846,0.26,0.0,0.365923,0.0,Right = normalize(Up cross At),Up = normalize(source.Up),At = normalize(source.At projected perpendicular to Up),NEED_STUDY,NEED_STUDY,none,UNTESTED,,2026-06-07,,,,,,,,,,,,,,
SNOWPLANT,SNOWPLANT,SEEDED,dimensions_library_fbx_bounds,,models/farming/SNOWPLANT.fbx,source/control scale,1.998061,2.491841,1.943482,0.113275,1.033012,-0.073114,Right = normalize(Up cross At),Up = normalize(source.Up),At = normalize(source.At projected perpendicular to Up),NEED_STUDY,NEED_STUDY,none,UNTESTED,,2026-06-07,,,,,,,,,,,,,,
SPAWNER_BALL,SPAWNER_BALL,SEEDED,dimensions_library_fbx_bounds,,models/power_industry/SPAWNER_BALL.fbx,source/control scale,2.889305,2.308753,3.040494,-1e-06,1.1536,-0.075595,Right = normalize(Up cross At),Up = normalize(source.Up),At = normalize(source.At projected perpendicular to Up),NEED_STUDY,NEED_STUDY,none,UNTESTED,,2026-06-07,,,,,,,,,,,,,,
SPEC_DECAL01,SPEC_DECAL01,SEEDED,dimensions_library_fbx_bounds,,models/wall_art/SPEC_DECAL01.fbx,source/control scale,1.581917,0.116399,1.581917,-1e-06,0.058199,-1e-06,Right = normalize(Up cross At),Up = normalize(source.Up),At = normalize(source.At projected perpendicular to Up),NEED_STUDY,NEED_STUDY,none,UNTESTED,,2026-06-07,,,,,,,,,,,,,,
SPEC_DECAL02,SPEC_DECAL02,SEEDED,dimensions_library_fbx_bounds,,models/wall_art/SPEC_DECAL02.fbx,source/control scale,1.587442,0.087555,1.587442,0.0,0.043777,0.0,Right = normalize(Up cross At),Up = normalize(source.Up),At = normalize(source.At projected perpendicular to Up),NEED_STUDY,NEED_STUDY,none,UNTESTED,,2026-06-07,,,,,,,,,,,,,,
SPEC_DECAL03,SPEC_DECAL03,SEEDED,dimensions_library_fbx_bounds,,models/wall_art/SPEC_DECAL03.fbx,source/control scale,1.390747,0.132067,1.750536,0.014571,0.066033,-0.013389,Right = normalize(Up cross At),Up = normalize(source.Up),At = normalize(source.At projected perpendicular to Up),NEED_STUDY,NEED_STUDY,none,UNTESTED,,2026-06-07,,,,,,,,,,,,,,
SPEC_DECAL04,SPEC_DECAL04,SEEDED,dimensions_library_fbx_bounds,,models/wall_art/SPEC_DECAL04.fbx,source/control scale,1.10013,0.09925,1.668293,0.0,0.049625,-0.078203,Right = normalize(Up cross At),Up = normalize(source.Up),At = normalize(source.At projected perpendicular to Up),NEED_STUDY,NEED_STUDY,none,UNTESTED,,2026-06-07,,,,,,,,,,,,,,
SPEC_DECAL05,SPEC_DECAL05,SEEDED,dimensions_library_fbx_bounds,,models/wall_art/SPEC_DECAL05.fbx,source/control scale,1.619677,0.578876,1.551716,0.202277,0.289438,-0.080747,Right = normalize(Up cross At),Up = normalize(source.Up),At = normalize(source.At projected perpendicular to Up),NEED_STUDY,NEED_STUDY,none,UNTESTED,,2026-06-07,,,,,,,,,,,,,,
SPEC_DECAL06,SPEC_DECAL06,SEEDED,dimensions_library_fbx_bounds,,models/wall_art/SPEC_DECAL06.fbx,source/control scale,1.768514,0.073848,1.768514,0.0,0.036924,0.0,Right = normalize(Up cross At),Up = normalize(source.Up),At = normalize(source.At projected perpendicular to Up),NEED_STUDY,NEED_STUDY,none,UNTESTED,,2026-06-07,,,,,,,,,,,,,,
SPEC_DECAL07,SPEC_DECAL07,SEEDED,dimensions_library_fbx_bounds,,models/wall_art/SPEC_DECAL07.fbx,source/control scale,1.60887,0.105653,1.898523,0.0,0.052593,-0.050739,Right = normalize(Up cross At),Up = normalize(source.Up),At = normalize(source.At projected perpendicular to Up),NEED_STUDY,NEED_STUDY,none,UNTESTED,,2026-06-07,,,,,,,,,,,,,,
SPEC_DECAL08,SPEC_DECAL08,SEEDED,dimensions_library_fbx_bounds,,models/wall_art/SPEC_DECAL08.fbx,source/control scale,1.981143,0.141278,1.8008,-0.002178,0.070639,0.071779,Right = normalize(Up cross At),Up = normalize(source.Up),At = normalize(source.At projected perpendicular to Up),NEED_STUDY,NEED_STUDY,none,UNTESTED,,2026-06-07,,,,,,,,,,,,,,
SPEC_FIREWORK01,SPEC_FIREWORK01,SEEDED,dimensions_library_fbx_bounds,,models/deployable_technology/SPEC_FIREWORK01.fbx,source/control scale,0.421682,0.58677,0.421682,0.0,0.293385,0.0,Right = normalize(Up cross At),Up = normalize(source.Up),At = normalize(source.At projected perpendicular to Up),NEED_STUDY,NEED_STUDY,none,UNTESTED,,2026-06-07,,,,,,,,,,,,,,
SPEC_FIREWORK02,SPEC_FIREWORK02,SEEDED,dimensions_library_fbx_bounds,,models/deployable_technology/SPEC_FIREWORK02.fbx,source/control scale,0.421682,0.58677,0.421682,0.0,0.293385,0.0,Right = normalize(Up cross At),Up = normalize(source.Up),At = normalize(source.At projected perpendicular to Up),NEED_STUDY,NEED_STUDY,none,UNTESTED,,2026-06-07,,,,,,,,,,,,,,
SPEC_FIREWORK03,SPEC_FIREWORK03,SEEDED,dimensions_library_fbx_bounds,,models/deployable_technology/SPEC_FIREWORK03.fbx,source/control scale,0.421682,0.58677,0.421682,0.0,0.293385,0.0,Right = normalize(Up cross At),Up = normalize(source.Up),At = normalize(source.At projected perpendicular to Up),NEED_STUDY,NEED_STUDY,none,UNTESTED,,2026-06-07,,,,,,,,,,,,,,
SPEC_FIREWORK04,SPEC_FIREWORK04,SEEDED,dimensions_library_fbx_bounds,,models/deployable_technology/SPEC_FIREWORK04.fbx,source/control scale,0.421682,0.58677,0.421682,0.0,0.293385,0.0,Right = normalize(Up cross At),Up = normalize(source.Up),At = normalize(source.At projected perpendicular to Up),NEED_STUDY,NEED_STUDY,none,UNTESTED,,2026-06-07,,,,,,,,,,,,,,
SPEC_FIREWORK05,SPEC_FIREWORK05,SEEDED,dimensions_library_fbx_bounds,,models/deployable_technology/SPEC_FIREWORK05.fbx,source/control scale,0.421682,0.58677,0.421682,0.0,0.293385,0.0,Right = normalize(Up cross At),Up = normalize(source.Up),At = normalize(source.At projected perpendicular to Up),NEED_STUDY,NEED_STUDY,none,UNTESTED,,2026-06-07,,,,,,,,,,,,,,
SPEC_FIREWORK06,SPEC_FIREWORK06,SEEDED,dimensions_library_fbx_bounds,,models/deployable_technology/SPEC_FIREWORK06.fbx,source/control scale,0.421682,0.58677,0.421682,0.0,0.293385,0.0,Right = normalize(Up cross At),Up = normalize(source.Up),At = normalize(source.At projected perpendicular to Up),NEED_STUDY,NEED_STUDY,none,UNTESTED,,2026-06-07,,,,,,,,,,,,,,
SPEC_FIREWORK07,SPEC_FIREWORK07,SEEDED,dimensions_library_fbx_bounds,,models/deployable_technology/SPEC_FIREWORK07.fbx,source/control scale,0.427734,0.588379,0.427734,0.0,0.29419,0.0,Right = normalize(Up cross At),Up = normalize(source.Up),At = normalize(source.At projected perpendicular to Up),NEED_STUDY,NEED_STUDY,none,UNTESTED,,2026-06-07,,,,,,,,,,,,,,
SPEC_FIREWORK08,SPEC_FIREWORK08,SEEDED,dimensions_library_fbx_bounds,,models/deployable_technology/SPEC_FIREWORK08.fbx,source/control scale,0.427734,0.588379,0.427734,0.0,0.29419,0.0,Right = normalize(Up cross At),Up = normalize(source.Up),At = normalize(source.At projected perpendicular to Up),NEED_STUDY,NEED_STUDY,none,UNTESTED,,2026-06-07,,,,,,,,,,,,,,
SPEC_FIREWORK09,SPEC_FIREWORK09,SEEDED,dimensions_library_fbx_bounds,,models/deployable_technology/SPEC_FIREWORK09.fbx,source/control scale,0.427734,0.588379,0.427734,0.0,0.29419,0.0,Right = normalize(Up cross At),Up = normalize(source.Up),At = normalize(source.At projected perpendicular to Up),NEED_STUDY,NEED_STUDY,none,UNTESTED,,2026-06-07,,,,,,,,,,,,,,
SPHERESHAPE,SPHERESHAPE,SEEDED,dimensions_library_fbx_bounds,,models/decoration/SPHERESHAPE.fbx,source/control scale,2.0,2.0,2.0,0.0,1.0,0.0,Right = normalize(Up cross At),Up = normalize(source.Up),At = normalize(source.At projected perpendicular to Up),NEED_STUDY,NEED_STUDY,none,UNTESTED,,2026-06-07,,,,,,,,,,,,,,
SPOOKY_PLANT,SPOOKY_PLANT,SEEDED,dimensions_library_fbx_bounds,,models/exotic_decorations/SPOOKY_PLANT.fbx,source/control scale,0.877442,0.958496,0.908692,0.0,0.345459,0.0,Right = normalize(Up cross At),Up = normalize(source.Up),At = normalize(source.At projected perpendicular to Up),NEED_STUDY,NEED_STUDY,none,UNTESTED,,2026-06-07,,,,,,,,,,,,,,
STANDINGSIGN,STANDINGSIGN,SEEDED,dimensions_library_fbx_bounds,,models/decoration/STANDINGSIGN.fbx,source/control scale,0.272949,3.015625,1.407227,0.0,1.50799,0.0,Right = normalize(Up cross At),Up = normalize(source.Up),At = normalize(source.At projected perpendicular to Up),NEED_STUDY,NEED_STUDY,none,UNTESTED,,2026-06-07,,,,,,,,,,,,,,
STATIONCRATE,STATIONCRATE,SEEDED,dimensions_library_fbx_bounds,,models/decoration/STATIONCRATE.fbx,source/control scale,1.174146,1.173056,1.174976,0.000623,0.579732,-0.002698,Right = normalize(Up cross At),Up = normalize(source.Up),At = normalize(source.At projected perpendicular to Up),NEED_STUDY,NEED_STUDY,none,UNTESTED,,2026-06-07,,,,,,,,,,,,,,
STATUE_ASTRO_B,STATUE_ASTRO_B,SEEDED,dimensions_library_fbx_bounds,,models/exotic_decorations/STATUE_ASTRO_B.fbx,source/control scale,0.507718,1.331855,0.508513,0.0,0.664972,0.047126,Right = normalize(Up cross At),Up = normalize(source.Up),At = normalize(source.At projected perpendicular to Up),NEED_STUDY,NEED_STUDY,none,UNTESTED,,2026-06-07,,,,,,,,,,,,,,
STATUE_ASTRO_G,STATUE_ASTRO_G,SEEDED,dimensions_library_fbx_bounds,,models/exotic_decorations/STATUE_ASTRO_G.fbx,source/control scale,0.72531,1.90265,0.726448,0.0,0.949959,0.067322,Right = normalize(Up cross At),Up = normalize(source.Up),At = normalize(source.At projected perpendicular to Up),NEED_STUDY,NEED_STUDY,none,UNTESTED,,2026-06-07,,,,,,,,,,,,,,
STATUE_ASTRO_I,STATUE_ASTRO_I,SEEDED,dimensions_library_fbx_bounds,,models/exotic_decorations/STATUE_ASTRO_I.fbx,source/control scale,1.414062,2.279297,1.416016,0.00186,1.139648,0.0,Right = normalize(Up cross At),Up = normalize(source.Up),At = normalize(source.At projected perpendicular to Up),NEED_STUDY,NEED_STUDY,none,UNTESTED,,2026-06-07,,,,,,,,,,,,,,
STATUE_ASTRO_S,STATUE_ASTRO_S,SEEDED,dimensions_library_fbx_bounds,,models/exotic_decorations/STATUE_ASTRO_S.fbx,source/control scale,0.602008,1.579199,0.602951,0.0,0.788466,0.055877,Right = normalize(Up cross At),Up = normalize(source.Up),At = normalize(source.At projected perpendicular to Up),NEED_STUDY,NEED_STUDY,none,UNTESTED,,2026-06-07,,,,,,,,,,,,,,
STATUE_ATLAS_B,STATUE_ATLAS_B,SEEDED,dimensions_library_fbx_bounds,,models/exotic_decorations/STATUE_ATLAS_B.fbx,source/control scale,0.66601,1.406596,0.501911,0.0,0.703295,0.062194,Right = normalize(Up cross At),Up = normalize(source.Up),At = normalize(source.At projected perpendicular to Up),NEED_STUDY,NEED_STUDY,none,UNTESTED,,2026-06-07,,,,,,,,,,,,,,
STATUE_ATLAS_G,STATUE_ATLAS_G,SEEDED,dimensions_library_fbx_bounds,,models/exotic_decorations/STATUE_ATLAS_G.fbx,source/control scale,0.941854,1.98917,0.709791,0.0,0.994581,0.087952,Right = normalize(Up cross At),Up = normalize(source.Up),At = normalize(source.At projected perpendicular to Up),NEED_STUDY,NEED_STUDY,none,UNTESTED,,2026-06-07,,,,,,,,,,,,,,
STATUE_ATLAS_I,STATUE_ATLAS_I,SEEDED,dimensions_library_fbx_bounds,,models/exotic_decorations/STATUE_ATLAS_I.fbx,source/control scale,1.421875,1.864258,1.416016,0.003719,0.932129,0.0,Right = normalize(Up cross At),Up = normalize(source.Up),At = normalize(source.At projected perpendicular to Up),NEED_STUDY,NEED_STUDY,none,UNTESTED,,2026-06-07,,,,,,,,,,,,,,
STATUE_ATLAS_S,STATUE_ATLAS_S,SEEDED,dimensions_library_fbx_bounds,,models/exotic_decorations/STATUE_ATLAS_S.fbx,source/control scale,0.785914,1.659827,0.592273,0.0,0.829911,0.073391,Right = normalize(Up cross At),Up = normalize(source.Up),At = normalize(source.At projected perpendicular to Up),NEED_STUDY,NEED_STUDY,none,UNTESTED,,2026-06-07,,,,,,,,,,,,,,
STATUE_BLOB_B,STATUE_BLOB_B,SEEDED,dimensions_library_fbx_bounds,,models/exotic_decorations/STATUE_BLOB_B.fbx,source/control scale,0.396435,1.296047,0.411115,-3.8e-05,0.652094,-0.026222,Right = normalize(Up cross At),Up = normalize(source.Up),At = normalize(source.At projected perpendicular to Up),NEED_STUDY,NEED_STUDY,none,UNTESTED,,2026-06-07,,,,,,,,,,,,,,
STATUE_BLOB_G,STATUE_BLOB_G,SEEDED,dimensions_library_fbx_bounds,,models/exotic_decorations/STATUE_BLOB_G.fbx,source/control scale,0.52534,1.717468,0.544792,-5.1e-05,0.864129,-0.034749,Right = normalize(Up cross At),Up = normalize(source.Up),At = normalize(source.At projected perpendicular to Up),NEED_STUDY,NEED_STUDY,none,UNTESTED,,2026-06-07,,,,,,,,,,,,,,
STATUE_BLOB_I,STATUE_BLOB_I,SEEDED,dimensions_library_fbx_bounds,,models/exotic_decorations/STATUE_BLOB_I.fbx,source/control scale,1.416016,1.422852,1.416016,0.0,0.711426,0.0,Right = normalize(Up cross At),Up = normalize(source.Up),At = normalize(source.At projected perpendicular to Up),NEED_STUDY,NEED_STUDY,none,UNTESTED,,2026-06-07,,,,,,,,,,,,,,
STATUE_BLOB_S,STATUE_BLOB_S,SEEDED,dimensions_library_fbx_bounds,,models/exotic_decorations/STATUE_BLOB_S.fbx,source/control scale,0.451862,1.47725,0.468593,-4.4e-05,0.743266,-0.029889,Right = normalize(Up cross At),Up = normalize(source.Up),At = normalize(source.At projected perpendicular to Up),NEED_STUDY,NEED_STUDY,none,UNTESTED,,2026-06-07,,,,,,,,,,,,,,
STATUE_DIP_B,STATUE_DIP_B,SEEDED,dimensions_library_fbx_bounds,,models/exotic_decorations/STATUE_DIP_B.fbx,source/control scale,0.505174,1.355982,0.538133,0.068862,0.68483,0.063295,Right = normalize(Up cross At),Up = normalize(source.Up),At = normalize(source.At projected perpendicular to Up),NEED_STUDY,NEED_STUDY,none,UNTESTED,,2026-06-07,,,,,,,,,,,,,,
STATUE_DIP_G,STATUE_DIP_G,SEEDED,dimensions_library_fbx_bounds,,models/exotic_decorations/STATUE_DIP_G.fbx,source/control scale,0.885277,2.376253,0.943035,0.084472,1.191969,0.113352,Right = normalize(Up cross At),Up = normalize(source.Up),At = normalize(source.At projected perpendicular to Up),NEED_STUDY,NEED_STUDY,none,UNTESTED,,2026-06-07,,,,,,,,,,,,,,
STATUE_DIP_I,STATUE_DIP_I,SEEDED,dimensions_library_fbx_bounds,,models/exotic_decorations/STATUE_DIP_I.fbx,source/control scale,1.419194,3.185547,1.559082,0.004224,1.592773,0.071533,Right = normalize(Up cross At),Up = normalize(source.Up),At = normalize(source.At projected perpendicular to Up),NEED_STUDY,NEED_STUDY,none,UNTESTED,,2026-06-07,,,,,,,,,,,,,,
STATUE_DIP_S,STATUE_DIP_S,SEEDED,dimensions_library_fbx_bounds,,models/exotic_decorations/STATUE_DIP_S.fbx,source/control scale,0.686272,1.842087,0.731047,0.078896,0.929989,0.063295,Right = normalize(Up cross At),Up = normalize(source.Up),At = normalize(source.At projected perpendicular to Up),NEED_STUDY,NEED_STUDY,none,UNTESTED,,2026-06-07,,,,,,,,,,,,,,
STATUE_GEK_B,STATUE_GEK_B,SEEDED,dimensions_library_fbx_bounds,,models/exotic_decorations/STATUE_GEK_B.fbx,source/control scale,0.607788,1.297024,0.517944,0.072571,0.651293,0.059875,Right = normalize(Up cross At),Up = normalize(source.Up),At = normalize(source.At projected perpendicular to Up),NEED_STUDY,NEED_STUDY,none,UNTESTED,,2026-06-07,,,,,,,,,,,,,,
STATUE_GEK_G,STATUE_GEK_G,SEEDED,dimensions_library_fbx_bounds,,models/exotic_decorations/STATUE_GEK_G.fbx,source/control scale,0.789551,1.685839,0.672852,0.094238,0.846534,0.077881,Right = normalize(Up cross At),Up = normalize(source.Up),At = normalize(source.At projected perpendicular to Up),NEED_STUDY,NEED_STUDY,none,UNTESTED,,2026-06-07,,,,,,,,,,,,,,
STATUE_GEK_I,STATUE_GEK_I,SEEDED,dimensions_library_fbx_bounds,,models/exotic_decorations/STATUE_GEK_I.fbx,source/control scale,1.421875,2.0,1.416016,0.005579,1.0,0.0,Right = normalize(Up cross At),Up = normalize(source.Up),At = normalize(source.At projected perpendicular to Up),NEED_STUDY,NEED_STUDY,none,UNTESTED,,2026-06-07,,,,,,,,,,,,,,
STATUE_GEK_S,STATUE_GEK_S,SEEDED,dimensions_library_fbx_bounds,,models/exotic_decorations/STATUE_GEK_S.fbx,source/control scale,0.696045,1.486071,0.593262,0.08313,0.746222,0.068604,Right = normalize(Up cross At),Up = normalize(source.Up),At = normalize(source.At projected perpendicular to Up),NEED_STUDY,NEED_STUDY,none,UNTESTED,,2026-06-07,,,,,,,,,,,,,,
STATUE_SHIP_B,STATUE_SHIP_B,SEEDED,dimensions_library_fbx_bounds,,models/exotic_decorations/STATUE_SHIP_B.fbx,source/control scale,0.627411,0.985389,0.533606,0.00043,0.496078,-0.072025,Right = normalize(Up cross At),Up = normalize(source.Up),At = normalize(source.At projected perpendicular to Up),NEED_STUDY,NEED_STUDY,none,UNTESTED,,2026-06-07,,,,,,,,,,,,,,
STATUE_SHIP_G,STATUE_SHIP_G,SEEDED,dimensions_library_fbx_bounds,,models/exotic_decorations/STATUE_SHIP_G.fbx,source/control scale,1.053547,1.654663,0.89603,0.000506,0.833702,-0.068316,Right = normalize(Up cross At),Up = normalize(source.Up),At = normalize(source.At projected perpendicular to Up),NEED_STUDY,NEED_STUDY,none,UNTESTED,,2026-06-07,,,,,,,,,,,,,,
STATUE_SHIP_I,STATUE_SHIP_I,SEEDED,dimensions_library_fbx_bounds,,models/exotic_decorations/STATUE_SHIP_I.fbx,source/control scale,1.421875,2.061654,1.741211,0.008556,1.030827,-0.162598,Right = normalize(Up cross At),Up = normalize(source.Up),At = normalize(source.At projected perpendicular to Up),NEED_STUDY,NEED_STUDY,none,UNTESTED,,2026-06-07,,,,,,,,,,,,,,
STATUE_SHIP_S,STATUE_SHIP_S,SEEDED,dimensions_library_fbx_bounds,,models/exotic_decorations/STATUE_SHIP_S.fbx,source/control scale,0.78015,1.225275,0.663509,0.000451,0.611787,-0.058144,Right = normalize(Up cross At),Up = normalize(source.Up),At = normalize(source.At projected perpendicular to Up),NEED_STUDY,NEED_STUDY,none,UNTESTED,,2026-06-07,,,,,,,,,,,,,,
STATUE_WALK_B,STATUE_WALK_B,SEEDED,dimensions_library_fbx_bounds,,models/exotic_decorations/STATUE_WALK_B.fbx,source/control scale,0.396435,1.296047,0.411115,-3.8e-05,0.652094,-0.026222,Right = normalize(Up cross At),Up = normalize(source.Up),At = normalize(source.At projected perpendicular to Up),NEED_STUDY,NEED_STUDY,none,UNTESTED,,2026-06-07,,,,,,,,,,,,,,
STATUE_WALK_G,STATUE_WALK_G,SEEDED,dimensions_library_fbx_bounds,,models/exotic_decorations/STATUE_WALK_G.fbx,source/control scale,0.52534,1.717468,0.544792,-5.1e-05,0.864129,-0.034749,Right = normalize(Up cross At),Up = normalize(source.Up),At = normalize(source.At projected perpendicular to Up),NEED_STUDY,NEED_STUDY,none,UNTESTED,,2026-06-07,,,,,,,,,,,,,,
STATUE_WALK_I,STATUE_WALK_I,SEEDED,dimensions_library_fbx_bounds,,models/exotic_decorations/STATUE_WALK_I.fbx,source/control scale,1.414062,2.523438,1.416016,0.002789,1.261719,0.0,Right = normalize(Up cross At),Up = normalize(source.Up),At = normalize(source.At projected perpendicular to Up),NEED_STUDY,NEED_STUDY,none,UNTESTED,,2026-06-07,,,,,,,,,,,,,,
STATUE_WALK_S,STATUE_WALK_S,SEEDED,dimensions_library_fbx_bounds,,models/exotic_decorations/STATUE_WALK_S.fbx,source/control scale,0.451862,1.47725,0.468593,-4.4e-05,0.743266,-0.029889,Right = normalize(Up cross At),Up = normalize(source.Up),At = normalize(source.At projected perpendicular to Up),NEED_STUDY,NEED_STUDY,none,UNTESTED,,2026-06-07,,,,,,,,,,,,,,
STORAGEPANEL,STORAGEPANEL,SEEDED,dimensions_library_fbx_bounds,,models/furnishings/STORAGEPANEL.fbx,source/control scale,2.99707,0.384277,1.250977,-0.026855,0.192139,0.02832,Right = normalize(Up cross At),Up = normalize(source.Up),At = normalize(source.At projected perpendicular to Up),NEED_STUDY,NEED_STUDY,none,UNTESTED,,2026-06-07,,,,,,,,,,,,,,
SUMMON_GARAGE,SUMMON_GARAGE,SEEDED,dimensions_library_fbx_bounds,,models/deployable_technology/SUMMON_GARAGE.fbx,source/control scale,10.939998,6.957302,10.939996,1e-06,2.87912,1e-06,Right = normalize(Up cross At),Up = normalize(source.Up),At = normalize(source.At projected perpendicular to Up),NEED_STUDY,NEED_STUDY,none,UNTESTED,,2026-06-07,,,,,,,,,,,,,,
SWARM_FLAG_B1,SWARM_FLAG_B1,SEEDED,dimensions_library_fbx_bounds,,models/decoration/SWARM_FLAG_B1.fbx,source/control scale,0.205933,3.638306,0.205994,0.000732,1.665222,0.000214,Right = normalize(Up cross At),Up = normalize(source.Up),At = normalize(source.At projected perpendicular to Up),NEED_STUDY,NEED_STUDY,none,UNTESTED,,2026-06-07,,,,,,,,,,,,,,
SWARM_FLAG_B2,SWARM_FLAG_B2,SEEDED,dimensions_library_fbx_bounds,,models/decoration/SWARM_FLAG_B2.fbx,source/control scale,1.895508,0.453354,0.326172,0.0,0.19886,-1.306641,Right = normalize(Up cross At),Up = normalize(source.Up),At = normalize(source.At projected perpendicular to Up),NEED_STUDY,NEED_STUDY,none,UNTESTED,,2026-06-07,,,,,,,,,,,,,,
SWARM_FLAG_B3,SWARM_FLAG_B3,SEEDED,dimensions_library_fbx_bounds,,models/decoration/SWARM_FLAG_B3.fbx,source/control scale,0.33606,1.47168,0.28595,0.000305,0.73584,0.044159,Right = normalize(Up cross At),Up = normalize(source.Up),At = normalize(source.At projected perpendicular to Up),NEED_STUDY,NEED_STUDY,none,UNTESTED,,2026-06-07,,,,,,,,,,,,,,
SWARM_FLAG_G1,SWARM_FLAG_G1,SEEDED,dimensions_library_fbx_bounds,,models/decoration/SWARM_FLAG_G1.fbx,source/control scale,0.205933,3.638306,0.205994,0.000732,1.665222,0.000214,Right = normalize(Up cross At),Up = normalize(source.Up),At = normalize(source.At projected perpendicular to Up),NEED_STUDY,NEED_STUDY,none,UNTESTED,,2026-06-07,,,,,,,,,,,,,,
SWARM_FLAG_G2,SWARM_FLAG_G2,SEEDED,dimensions_library_fbx_bounds,,models/decoration/SWARM_FLAG_G2.fbx,source/control scale,1.895508,0.453354,0.326172,0.0,0.19886,-1.306641,Right = normalize(Up cross At),Up = normalize(source.Up),At = normalize(source.At projected perpendicular to Up),NEED_STUDY,NEED_STUDY,none,UNTESTED,,2026-06-07,,,,,,,,,,,,,,
SWARM_FLAG_G3,SWARM_FLAG_G3,SEEDED,dimensions_library_fbx_bounds,,models/decoration/SWARM_FLAG_G3.fbx,source/control scale,0.33606,1.47168,0.28595,0.000305,0.73584,0.044159,Right = normalize(Up cross At),Up = normalize(source.Up),At = normalize(source.At projected perpendicular to Up),NEED_STUDY,NEED_STUDY,none,UNTESTED,,2026-06-07,,,,,,,,,,,,,,
SWARM_FLAG_R1,SWARM_FLAG_R1,SEEDED,dimensions_library_fbx_bounds,,models/decoration/SWARM_FLAG_R1.fbx,source/control scale,0.205933,3.638306,0.205994,0.000732,1.665222,0.000214,Right = normalize(Up cross At),Up = normalize(source.Up),At = normalize(source.At projected perpendicular to Up),NEED_STUDY,NEED_STUDY,none,UNTESTED,,2026-06-07,,,,,,,,,,,,,,
SWARM_FLAG_R2,SWARM_FLAG_R2,SEEDED,dimensions_library_fbx_bounds,,models/decoration/SWARM_FLAG_R2.fbx,source/control scale,1.895508,0.453354,0.326172,0.0,0.19886,-1.306641,Right = normalize(Up cross At),Up = normalize(source.Up),At = normalize(source.At projected perpendicular to Up),NEED_STUDY,NEED_STUDY,none,UNTESTED,,2026-06-07,,,,,,,,,,,,,,
SWARM_FLAG_R3,SWARM_FLAG_R3,SEEDED,dimensions_library_fbx_bounds,,models/decoration/SWARM_FLAG_R3.fbx,source/control scale,0.33606,1.47168,0.28595,0.000305,0.73584,0.044159,Right = normalize(Up cross At),Up = normalize(source.Up),At = normalize(source.At projected perpendicular to Up),NEED_STUDY,NEED_STUDY,none,UNTESTED,,2026-06-07,,,,,,,,,,,,,,
SWARM_TROPHY_B,SWARM_TROPHY_COLOR_VARIANT,DISCOVERED,per_part_partmap,library/part_placement_maps/SWARM_TROPHY_B.partmap.json,,source/control scale unless explicitly parameterized,2.0,2.0,2.0,0.0,1.0,0.0,normalize(Up cross At),normalize(source.Up),normalize(source.At projected perpendicular to Up),NEED_STUDY,free_place_effect_decor_only; in_game_visual_review_required,none,UNTESTED,,2026-06-07,OBSERVED_FACT_OR_DERIVED_PENDING,unknown,"[,,]",unknown,unknown,unknown,,,,unknown,single_part_or_unknown,none,,
SWARM_TROPHY_G,SWARM_TROPHY_COLOR_VARIANT,DISCOVERED,per_part_partmap,library/part_placement_maps/SWARM_TROPHY_G.partmap.json,,source/control scale unless explicitly parameterized,2.0,2.0,2.0,0.0,1.0,0.0,normalize(Up cross At),normalize(source.Up),normalize(source.At projected perpendicular to Up),NEED_STUDY,free_place_effect_decor_only; in_game_visual_review_required,none,UNTESTED,,2026-06-07,OBSERVED_FACT_OR_DERIVED_PENDING,unknown,"[,,]",unknown,unknown,unknown,,,,unknown,single_part_or_unknown,none,,
SWARM_TROPHY_R,SWARM_TROPHY_COLOR_VARIANT,DISCOVERED,per_part_partmap,library/part_placement_maps/SWARM_TROPHY_R.partmap.json,,source/control scale unless explicitly parameterized,2.0,2.0,2.0,0.0,1.0,0.0,normalize(Up cross At),normalize(source.Up),normalize(source.At projected perpendicular to Up),NEED_STUDY,free_place_effect_decor_only; in_game_visual_review_required,none,UNTESTED,,2026-06-07,OBSERVED_FACT_OR_DERIVED_PENDING,unknown,"[,,]",unknown,unknown,unknown,,,,unknown,single_part_or_unknown,none,,
S_ANTENNA0,ANTENNA0,SEEDED,dimensions_library_fbx_bounds,,models/decoration/S_ANTENNA0.fbx,source/control scale,1.266482,3.689994,0.983471,-0.192245,1.274006,0.044941,Right = normalize(Up cross At),Up = normalize(source.Up),At = normalize(source.At projected perpendicular to Up),NEED_STUDY,NEED_STUDY,none,UNTESTED,,2026-06-07,,,,,,,,,,,,,,
S_ANTENNA1,ANTENNA1,SEEDED,dimensions_library_fbx_bounds,,models/decoration/S_ANTENNA1.fbx,source/control scale,1.118463,6.817481,1.121535,-0.001866,3.197154,-0.002717,Right = normalize(Up cross At),Up = normalize(source.Up),At = normalize(source.At projected perpendicular to Up),NEED_STUDY,NEED_STUDY,none,UNTESTED,,2026-06-07,,,,,,,,,,,,,,
S_ANTENNA2,ANTENNA2,SEEDED,dimensions_library_fbx_bounds,,models/decoration/S_ANTENNA2.fbx,source/control scale,1.66747,4.947036,1.329246,0.0,2.332781,0.0,Right = normalize(Up cross At),Up = normalize(source.Up),At = normalize(source.At projected perpendicular to Up),NEED_STUDY,NEED_STUDY,none,UNTESTED,,2026-06-07,,,,,,,,,,,,,,
S_ANTENNA3,ANTENNA3,SEEDED,dimensions_library_fbx_bounds,,models/decoration/S_ANTENNA3.fbx,source/control scale,1.549771,4.634203,1.75468,-0.126382,2.226708,-0.001564,Right = normalize(Up cross At),Up = normalize(source.Up),At = normalize(source.At projected perpendicular to Up),NEED_STUDY,NEED_STUDY,none,UNTESTED,,2026-06-07,,,,,,,,,,,,,,
S_ARCH,ARCH,SEEDED,dimensions_library_fbx_bounds,,models/stone_structures/S_ARCH.fbx,source/control scale,5.817139,3.394531,0.572265,-0.008788,1.697266,0.0,Right = normalize(Up cross At),Up = normalize(source.Up),At = normalize(source.At projected perpendicular to Up),NEED_STUDY,NEED_STUDY,none,UNTESTED,,2026-06-07,,,,,,,,,,,,,,
S_ARCHB,ARCHB,SEEDED,dimensions_library_fbx_bounds,,models/stone_structures/S_ARCH.fbx,source/control scale,5.817139,3.394531,0.572265,-0.008788,1.697266,0.0,Right = normalize(Up cross At),Up = normalize(source.Up),At = normalize(source.At projected perpendicular to Up),NEED_STUDY,NEED_STUDY,none,UNTESTED,,2026-06-07,,,,,,,,,,,,,,
S_ARCHB_H,ARCHB,SEEDED,dimensions_library_fbx_bounds,,models/stone_structures/S_ARCH_H.fbx,source/control scale,2.910507,3.394531,0.572265,-0.124583,1.697266,0.0,Right = normalize(Up cross At),Up = normalize(source.Up),At = normalize(source.At projected perpendicular to Up),NEED_STUDY,NEED_STUDY,none,UNTESTED,,2026-06-07,,,,,,,,,,,,,,
S_ARCHM,ARCHM,SEEDED,dimensions_library_fbx_bounds,,models/stone_structures/S_ARCH.fbx,source/control scale,5.817139,3.394531,0.572265,-0.008788,1.697266,0.0,Right = normalize(Up cross At),Up = normalize(source.Up),At = normalize(source.At projected perpendicular to Up),NEED_STUDY,NEED_STUDY,none,UNTESTED,,2026-06-07,,,,,,,,,,,,,,
S_ARCHM_H,ARCHM,SEEDED,dimensions_library_fbx_bounds,,models/stone_structures/S_ARCH_H.fbx,source/control scale,2.910507,3.394531,0.572265,-0.124583,1.697266,0.0,Right = normalize(Up cross At),Up = normalize(source.Up),At = normalize(source.At projected perpendicular to Up),NEED_STUDY,NEED_STUDY,none,UNTESTED,,2026-06-07,,,,,,,,,,,,,,
S_ARCHT,ARCHT,SEEDED,dimensions_library_fbx_bounds,,models/stone_structures/S_ARCH.fbx,source/control scale,5.817139,3.394531,0.572265,-0.008788,1.697266,0.0,Right = normalize(Up cross At),Up = normalize(source.Up),At = normalize(source.At projected perpendicular to Up),NEED_STUDY,NEED_STUDY,none,UNTESTED,,2026-06-07,,,,,,,,,,,,,,
S_ARCHT_H,ARCHT,SEEDED,dimensions_library_fbx_bounds,,models/stone_structures/S_ARCH_H.fbx,source/control scale,2.910507,3.394531,0.572265,-0.124583,1.697266,0.0,Right = normalize(Up cross At),Up = normalize(source.Up),At = normalize(source.At projected perpendicular to Up),NEED_STUDY,NEED_STUDY,none,UNTESTED,,2026-06-07,,,,,,,,,,,,,,
S_ARCH_H,ARCH,SEEDED,dimensions_library_fbx_bounds,,models/stone_structures/S_ARCH_H.fbx,source/control scale,2.910507,3.394531,0.572265,-0.124583,1.697266,0.0,Right = normalize(Up cross At),Up = normalize(source.Up),At = normalize(source.At projected perpendicular to Up),NEED_STUDY,NEED_STUDY,none,UNTESTED,,2026-06-07,,,,,,,,,,,,,,
S_BAR,BAR,SEEDED,dimensions_library_fbx_bounds,,models/decoration/S_BAR.fbx,source/control scale,2.666016,1.131836,1.285156,0.0,0.565918,0.0,Right = normalize(Up cross At),Up = normalize(source.Up),At = normalize(source.At projected perpendicular to Up),NEED_STUDY,NEED_STUDY,none,UNTESTED,,2026-06-07,,,,,,,,,,,,,,
S_BARREL1,BARREL1,SEEDED,dimensions_library_fbx_bounds,,models/decoration/S_BARREL1.fbx,source/control scale,0.875096,1.43668,0.72,0.0,0.71834,0.0,Right = normalize(Up cross At),Up = normalize(source.Up),At = normalize(source.At projected perpendicular to Up),NEED_STUDY,NEED_STUDY,none,UNTESTED,,2026-06-07,,,,,,,,,,,,,,
S_BARRIER,BARRIER,SEEDED,dimensions_library_fbx_bounds,,models/decoration/S_BARRIER.fbx,source/control scale,5.327782,1.797382,0.7,-0.00023,0.898691,0.0,Right = normalize(Up cross At),Up = normalize(source.Up),At = normalize(source.At projected perpendicular to Up),NEED_STUDY,NEED_STUDY,none,UNTESTED,,2026-06-07,,,,,,,,,,,,,,
S_BARSTOOL0,BARSTOOL0,SEEDED,dimensions_library_fbx_bounds,,models/decoration/S_BARSTOOL0.fbx,source/control scale,0.569824,0.888852,0.552734,0.0,0.444734,0.0,Right = normalize(Up cross At),Up = normalize(source.Up),At = normalize(source.At projected perpendicular to Up),NEED_STUDY,NEED_STUDY,none,UNTESTED,,2026-06-07,,,,,,,,,,,,,,
S_BARTABLE0,BARTABLE0,SEEDED,dimensions_library_fbx_bounds,,models/decoration/S_BARTABLE0.fbx,source/control scale,1.274654,0.826188,1.108512,0.0,0.413094,0.0,Right = normalize(Up cross At),Up = normalize(source.Up),At = normalize(source.At projected perpendicular to Up),NEED_STUDY,NEED_STUDY,none,UNTESTED,,2026-06-07,,,,,,,,,,,,,,
S_BARTAPS0,BARTAPS0,SEEDED,dimensions_library_fbx_bounds,,models/decoration/S_BARTAPS0.fbx,source/control scale,0.176194,0.492354,0.292915,-0.002007,0.246177,0.01046,Right = normalize(Up cross At),Up = normalize(source.Up),At = normalize(source.At projected perpendicular to Up),NEED_STUDY,NEED_STUDY,none,UNTESTED,,2026-06-07,,,,,,,,,,,,,,
S_BAR_C,BAR,SEEDED,dimensions_library_fbx_bounds,,models/decoration/S_BAR_C.fbx,source/control scale,1.974404,1.131836,1.977537,0.34629,0.565918,-0.345859,Right = normalize(Up cross At),Up = normalize(source.Up),At = normalize(source.At projected perpendicular to Up),NEED_STUDY,NEED_STUDY,none,UNTESTED,,2026-06-07,,,,,,,,,,,,,,
S_BAR_H,BAR,SEEDED,dimensions_library_fbx_bounds,,models/decoration/S_BAR_H.fbx,source/control scale,1.33361,1.131836,1.285156,0.0,0.565918,0.0,Right = normalize(Up cross At),Up = normalize(source.Up),At = normalize(source.At projected perpendicular to Up),NEED_STUDY,NEED_STUDY,none,UNTESTED,,2026-06-07,,,,,,,,,,,,,,
S_BRICKSWRAPPED,BRICKSWRAPPED,SEEDED,dimensions_library_fbx_bounds,,models/decoration/S_BRICKSWRAPPED.fbx,source/control scale,1.593864,0.574397,0.931443,-0.000171,0.287199,-0.007272,Right = normalize(Up cross At),Up = normalize(source.Up),At = normalize(source.At projected perpendicular to Up),NEED_STUDY,NEED_STUDY,none,UNTESTED,,2026-06-07,,,,,,,,,,,,,,
S_BUCKET_M,BUCKET,SEEDED,dimensions_library_fbx_bounds,,models/decoration/S_BUCKET_M.fbx,source/control scale,0.914062,0.973747,0.826172,-0.002638,0.481876,0.017334,Right = normalize(Up cross At),Up = normalize(source.Up),At = normalize(source.At projected perpendicular to Up),NEED_STUDY,NEED_STUDY,none,UNTESTED,,2026-06-07,,,,,,,,,,,,,,
S_BUCKET_S,BUCKET_S,SEEDED,dimensions_library_fbx_bounds,,models/decoration/S_BUCKET_S.fbx,source/control scale,0.770508,0.501091,0.864746,0.0,0.245548,0.0,Right = normalize(Up cross At),Up = normalize(source.Up),At = normalize(source.At projected perpendicular to Up),NEED_STUDY,NEED_STUDY,none,UNTESTED,,2026-06-07,,,,,,,,,,,,,,
S_BURNER0,BURNER0,SEEDED,dimensions_library_fbx_bounds,,models/decoration/S_BURNER0.fbx,source/control scale,0.762882,0.727513,0.762882,0.0,0.354174,0.0,Right = normalize(Up cross At),Up = normalize(source.Up),At = normalize(source.At projected perpendicular to Up),NEED_STUDY,NEED_STUDY,none,UNTESTED,,2026-06-07,,,,,,,,,,,,,,
S_CANISTER0,CANISTER0,SEEDED,dimensions_library_fbx_bounds,,models/decoration/S_CANISTER0.fbx,source/control scale,0.319414,0.526461,0.319414,0.0,0.26188,0.0,Right = normalize(Up cross At),Up = normalize(source.Up),At = normalize(source.At projected perpendicular to Up),NEED_STUDY,NEED_STUDY,none,UNTESTED,,2026-06-07,,,,,,,,,,,,,,
S_CANISTER1,CANISTER1,SEEDED,dimensions_library_fbx_bounds,,models/decoration/S_CANISTER1.fbx,source/control scale,0.93008,0.303721,0.30372,0.017287,0.153825,0.0,Right = normalize(Up cross At),Up = normalize(source.Up),At = normalize(source.At projected perpendicular to Up),NEED_STUDY,NEED_STUDY,none,UNTESTED,,2026-06-07,,,,,,,,,,,,,,
S_CANOPY_WALL0,CANOPY_WALL0,SEEDED,dimensions_library_fbx_bounds,,models/decoration/S_CANOPY_WALL0.fbx,source/control scale,5.02786,2.150224,0.803303,0.0,0.945759,0.332011,Right = normalize(Up cross At),Up = normalize(source.Up),At = normalize(source.At projected perpendicular to Up),NEED_STUDY,NEED_STUDY,none,UNTESTED,,2026-06-07,,,,,,,,,,,,,,
S_CANOPY_WALL1,CANOPY_WALL1,SEEDED,dimensions_library_fbx_bounds,,models/decoration/S_CANOPY_WALL1.fbx,source/control scale,5.02786,2.150224,0.803303,0.0,0.945759,0.332011,Right = normalize(Up cross At),Up = normalize(source.Up),At = normalize(source.At projected perpendicular to Up),NEED_STUDY,NEED_STUDY,none,UNTESTED,,2026-06-07,,,,,,,,,,,,,,
S_CANOPY_WALL2,CANOPY_WALL2,SEEDED,dimensions_library_fbx_bounds,,models/decoration/S_CANOPY_WALL2.fbx,source/control scale,5.02786,2.150224,0.766745,0.0,0.945759,0.313731,Right = normalize(Up cross At),Up = normalize(source.Up),At = normalize(source.At projected perpendicular to Up),NEED_STUDY,NEED_STUDY,none,UNTESTED,,2026-06-07,,,,,,,,,,,,,,
S_CARRIAGE,CARRIAGE,SEEDED,dimensions_library_fbx_bounds,,models/decoration/S_CARRIAGE.fbx,source/control scale,4.402676,1.888786,2.44585,0.694048,0.942856,0.0,Right = normalize(Up cross At),Up = normalize(source.Up),At = normalize(source.At projected perpendicular to Up),NEED_STUDY,NEED_STUDY,none,UNTESTED,,2026-06-07,,,,,,,,,,,,,,
S_CARRIAGEWHEEL,CARRIAGEWHEEL,SEEDED,dimensions_library_fbx_bounds,,models/decoration/S_CARRIAGEWHEEL.fbx,source/control scale,1.4,0.314822,1.4,0.0,0.046142,0.0,Right = normalize(Up cross At),Up = normalize(source.Up),At = normalize(source.At projected perpendicular to Up),NEED_STUDY,NEED_STUDY,none,UNTESTED,,2026-06-07,,,,,,,,,,,,,,
S_CEMENTBAG,CEMENTBAG,SEEDED,dimensions_library_fbx_bounds,,models/decoration/S_CEMENTBAG.fbx,source/control scale,0.90039,0.279003,0.663574,0.0,0.136134,0.0,Right = normalize(Up cross At),Up = normalize(source.Up),At = normalize(source.At projected perpendicular to Up),NEED_STUDY,NEED_STUDY,none,UNTESTED,,2026-06-07,,,,,,,,,,,,,,
S_CEMENTMIXER,CEMENTMIXER,SEEDED,dimensions_library_fbx_bounds,,models/decoration/S_CEMENTMIXER.fbx,source/control scale,2.017947,1.830827,1.11069,-0.12503,0.915413,0.04313,Right = normalize(Up cross At),Up = normalize(source.Up),At = normalize(source.At projected perpendicular to Up),NEED_STUDY,NEED_STUDY,none,UNTESTED,,2026-06-07,,,,,,,,,,,,,,
S_CHAIR0,CHAIR0,SEEDED,dimensions_library_fbx_bounds,,models/decoration/S_CHAIR0.fbx,source/control scale,0.728,0.894504,0.926589,0.0,0.447252,-0.061534,Right = normalize(Up cross At),Up = normalize(source.Up),At = normalize(source.At projected perpendicular to Up),NEED_STUDY,NEED_STUDY,none,UNTESTED,,2026-06-07,,,,,,,,,,,,,,
S_CHEV_DOOR,CHEV_DOOR,SEEDED,dimensions_library_fbx_bounds,,models/stone_structures/S_CHEV_DOOR.fbx,source/control scale,5.332032,3.332031,1.81421,0.0,1.666016,0.67688,Right = normalize(Up cross At),Up = normalize(source.Up),At = normalize(source.At projected perpendicular to Up),NEED_STUDY,NEED_STUDY,none,UNTESTED,,2026-06-07,,,,,,,,,,,,,,
S_CHEV_WALL,CHEV_WALL,SEEDED,dimensions_library_fbx_bounds,,models/stone_structures/S_CHEV_WALL.fbx,source/control scale,5.332032,3.332031,1.623169,0.0,1.666016,0.602478,Right = normalize(Up cross At),Up = normalize(source.Up),At = normalize(source.At projected perpendicular to Up),NEED_STUDY,NEED_STUDY,none,UNTESTED,,2026-06-07,,,,,,,,,,,,,,
S_CHEV_WALL_H_C,CHEV_WALL_H,SEEDED,dimensions_library_fbx_bounds,,models/stone_structures/S_CHEV_WALL_H_C.fbx,source/control scale,1.678711,3.394531,1.678711,-0.58545,1.697266,0.58545,Right = normalize(Up cross At),Up = normalize(source.Up),At = normalize(source.At projected perpendicular to Up),NEED_STUDY,NEED_STUDY,none,UNTESTED,,2026-06-07,,,,,,,,,,,,,,
S_CHEV_WIN0,CHEV_WIN0,SEEDED,dimensions_library_fbx_bounds,,models/stone_structures/S_CHEV_WIN0.fbx,source/control scale,5.835336,3.394531,1.702617,0.00031,1.697266,0.565176,Right = normalize(Up cross At),Up = normalize(source.Up),At = normalize(source.At projected perpendicular to Up),NEED_STUDY,NEED_STUDY,none,UNTESTED,,2026-06-07,,,,,,,,,,,,,,
S_CHEV_WIN1,CHEV_WIN1,SEEDED,dimensions_library_fbx_bounds,,models/stone_structures/S_CHEV_WIN1.fbx,source/control scale,5.835336,3.394531,1.702617,0.00031,1.697266,0.565176,Right = normalize(Up cross At),Up = normalize(source.Up),At = normalize(source.At projected perpendicular to Up),NEED_STUDY,NEED_STUDY,none,UNTESTED,,2026-06-07,,,,,,,,,,,,,,
S_CHEV_WIN2,CHEV_WIN2,SEEDED,dimensions_library_fbx_bounds,,models/stone_structures/S_CHEV_WIN2.fbx,source/control scale,5.332032,3.332031,1.623169,0.0,1.666016,0.602478,Right = normalize(Up cross At),Up = normalize(source.Up),At = normalize(source.At projected perpendicular to Up),NEED_STUDY,NEED_STUDY,none,UNTESTED,,2026-06-07,,,,,,,,,,,,,,
S_COMPOSTBIN,COMPOSTBIN,SEEDED,dimensions_library_fbx_bounds,,models/decoration/S_COMPOSTBIN.fbx,source/control scale,1.388904,1.468963,1.275109,0.004453,0.734482,0.004271,Right = normalize(Up cross At),Up = normalize(source.Up),At = normalize(source.At projected perpendicular to Up),NEED_STUDY,NEED_STUDY,none,UNTESTED,,2026-06-07,,,,,,,,,,,,,,
S_CONTAINER0,CONTAINER0,SEEDED,dimensions_library_fbx_bounds,,models/freighter/S_CONTAINER0.fbx,source/control scale,8.215024,4.01685,8.199792,0.007616,1.991575,0.0,Right = normalize(Up cross At),Up = normalize(source.Up),At = normalize(source.At projected perpendicular to Up),NEED_STUDY,NEED_STUDY,none,UNTESTED,,2026-06-07,,,,,,,,,,,,,,
S_CONTAINER1,CONTAINER1,SEEDED,dimensions_library_fbx_bounds,,models/freighter/S_CONTAINER1.fbx,source/control scale,8.215024,4.01685,8.199792,0.007616,1.991575,0.0,Right = normalize(Up cross At),Up = normalize(source.Up),At = normalize(source.At projected perpendicular to Up),NEED_STUDY,NEED_STUDY,none,UNTESTED,,2026-06-07,,,,,,,,,,,,,,
S_CONTAINER2,CONTAINER2,SEEDED,dimensions_library_fbx_bounds,,models/freighter/S_CONTAINER2.fbx,source/control scale,8.215024,4.01685,8.199792,0.007616,1.991575,0.0,Right = normalize(Up cross At),Up = normalize(source.Up),At = normalize(source.At projected perpendicular to Up),NEED_STUDY,NEED_STUDY,none,UNTESTED,,2026-06-07,,,,,,,,,,,,,,
S_CONTAINER3,CONTAINER3,SEEDED,dimensions_library_fbx_bounds,,models/freighter/S_CONTAINER3.fbx,source/control scale,8.215024,4.01685,8.199792,0.007616,1.991575,0.0,Right = normalize(Up cross At),Up = normalize(source.Up),At = normalize(source.At projected perpendicular to Up),NEED_STUDY,NEED_STUDY,none,UNTESTED,,2026-06-07,,,,,,,,,,,,,,
S_CONTAINER4,CONTAINER4,SEEDED,dimensions_library_fbx_bounds,,models/freighter/S_CONTAINER4.fbx,source/control scale,8.215024,4.01685,8.199792,0.007616,1.991575,0.0,Right = normalize(Up cross At),Up = normalize(source.Up),At = normalize(source.At projected perpendicular to Up),NEED_STUDY,NEED_STUDY,none,UNTESTED,,2026-06-07,,,,,,,,,,,,,,
S_CONTAINER5,CONTAINER5,SEEDED,dimensions_library_fbx_bounds,,models/freighter/S_CONTAINER5.fbx,source/control scale,8.215024,4.01685,8.199792,0.007616,1.991575,0.0,Right = normalize(Up cross At),Up = normalize(source.Up),At = normalize(source.At projected perpendicular to Up),NEED_STUDY,NEED_STUDY,none,UNTESTED,,2026-06-07,,,,,,,,,,,,,,
S_CONTAINER6,CONTAINER6,SEEDED,dimensions_library_fbx_bounds,,models/freighter/S_CONTAINER6.fbx,source/control scale,8.215024,4.01685,8.199792,0.007616,1.991575,0.0,Right = normalize(Up cross At),Up = normalize(source.Up),At = normalize(source.At projected perpendicular to Up),NEED_STUDY,NEED_STUDY,none,UNTESTED,,2026-06-07,,,,,,,,,,,,,,
S_CONTAINER7,CONTAINER7,SEEDED,dimensions_library_fbx_bounds,,models/freighter/S_CONTAINER7.fbx,source/control scale,8.215024,4.01685,8.199792,0.007616,1.991575,0.0,Right = normalize(Up cross At),Up = normalize(source.Up),At = normalize(source.At projected perpendicular to Up),NEED_STUDY,NEED_STUDY,none,UNTESTED,,2026-06-07,,,,,,,,,,,,,,
S_CONTAINER8,CONTAINER8,SEEDED,dimensions_library_fbx_bounds,,models/freighter/S_CONTAINER8.fbx,source/control scale,8.215024,4.01685,8.199792,0.007616,1.991575,0.0,Right = normalize(Up cross At),Up = normalize(source.Up),At = normalize(source.At projected perpendicular to Up),NEED_STUDY,NEED_STUDY,none,UNTESTED,,2026-06-07,,,,,,,,,,,,,,
S_CONTAINER9,CONTAINER9,SEEDED,dimensions_library_fbx_bounds,,models/freighter/S_CONTAINER9.fbx,source/control scale,8.215024,4.01685,8.199792,0.007616,1.991575,0.0,Right = normalize(Up cross At),Up = normalize(source.Up),At = normalize(source.At projected perpendicular to Up),NEED_STUDY,NEED_STUDY,none,UNTESTED,,2026-06-07,,,,,,,,,,,,,,
S_CRATE0,CRATE0,SEEDED,dimensions_library_fbx_bounds,,models/decoration/S_CRATE0.fbx,source/control scale,0.778008,0.42377,0.76604,0.0,0.211885,0.0,Right = normalize(Up cross At),Up = normalize(source.Up),At = normalize(source.At projected perpendicular to Up),NEED_STUDY,NEED_STUDY,none,UNTESTED,,2026-06-07,,,,,,,,,,,,,,
S_CRATE1,CRATE1,SEEDED,dimensions_library_fbx_bounds,,models/decoration/S_CRATE1.fbx,source/control scale,1.40332,0.722656,1.233886,0.001465,0.361328,0.01001,Right = normalize(Up cross At),Up = normalize(source.Up),At = normalize(source.At projected perpendicular to Up),NEED_STUDY,NEED_STUDY,none,UNTESTED,,2026-06-07,,,,,,,,,,,,,,
S_CRATE2,CRATE2,SEEDED,dimensions_library_fbx_bounds,,models/decoration/S_CRATE2.fbx,source/control scale,1.28982,0.722656,0.958647,0.001465,0.361328,7.8e-05,Right = normalize(Up cross At),Up = normalize(source.Up),At = normalize(source.At projected perpendicular to Up),NEED_STUDY,NEED_STUDY,none,UNTESTED,,2026-06-07,,,,,,,,,,,,,,
S_CRATE3,CRATE3,SEEDED,dimensions_library_fbx_bounds,,models/decoration/S_CRATE3.fbx,source/control scale,1.11914,1.319336,0.994141,0.0,0.660131,0.0,Right = normalize(Up cross At),Up = normalize(source.Up),At = normalize(source.At projected perpendicular to Up),NEED_STUDY,NEED_STUDY,none,UNTESTED,,2026-06-07,,,,,,,,,,,,,,
S_CRATE3OPEN,CRATE3OPEN,SEEDED,dimensions_library_fbx_bounds,,models/decoration/S_CRATE3OPEN.fbx,source/control scale,1.22957,0.963104,1.22957,0.0,0.481339,0.0,Right = normalize(Up cross At),Up = normalize(source.Up),At = normalize(source.At projected perpendicular to Up),NEED_STUDY,NEED_STUDY,none,UNTESTED,,2026-06-07,,,,,,,,,,,,,,
S_CRATE4,CRATE4,SEEDED,dimensions_library_fbx_bounds,,models/decoration/S_CRATE4.fbx,source/control scale,1.11914,2.53125,0.994141,0.0,1.265625,0.0,Right = normalize(Up cross At),Up = normalize(source.Up),At = normalize(source.At projected perpendicular to Up),NEED_STUDY,NEED_STUDY,none,UNTESTED,,2026-06-07,,,,,,,,,,,,,,
S_CRATE4OPEN,CRATE4OPEN,SEEDED,dimensions_library_fbx_bounds,,models/decoration/S_CRATE4OPEN.fbx,source/control scale,1.22957,2.158619,1.22957,0.0,1.079097,0.0,Right = normalize(Up cross At),Up = normalize(source.Up),At = normalize(source.At projected perpendicular to Up),NEED_STUDY,NEED_STUDY,none,UNTESTED,,2026-06-07,,,,,,,,,,,,,,
S_CRATE4OPEN1,CRATE4OPEN1,SEEDED,dimensions_library_fbx_bounds,,models/decoration/S_CRATE4OPEN1.fbx,source/control scale,1.20996,2.16797,1.329102,0.0,1.083984,0.0,Right = normalize(Up cross At),Up = normalize(source.Up),At = normalize(source.At projected perpendicular to Up),NEED_STUDY,NEED_STUDY,none,UNTESTED,,2026-06-07,,,,,,,,,,,,,,
S_CUP0,CUP0,SEEDED,dimensions_library_fbx_bounds,,models/decoration/S_CUP0.fbx,source/control scale,0.159302,0.142456,0.159302,0.0,0.071228,0.0,Right = normalize(Up cross At),Up = normalize(source.Up),At = normalize(source.At projected perpendicular to Up),NEED_STUDY,NEED_STUDY,none,UNTESTED,,2026-06-07,,,,,,,,,,,,,,
S_CURTAIN0,CURTAIN0,SEEDED,dimensions_library_fbx_bounds,,models/decoration/S_CURTAIN0.fbx,source/control scale,1.695734,3.462553,1.414246,0.0,1.731277,0.694635,Right = normalize(Up cross At),Up = normalize(source.Up),At = normalize(source.At projected perpendicular to Up),NEED_STUDY,NEED_STUDY,none,UNTESTED,,2026-06-07,,,,,,,,,,,,,,
S_DOOR,DOOR,SEEDED,dimensions_library_fbx_bounds,,models/stone_structures/S_DOOR.fbx,source/control scale,5.691406,3.332031,0.4292,0.0,1.666016,0.0,Right = normalize(Up cross At),Up = normalize(source.Up),At = normalize(source.At projected perpendicular to Up),NEED_STUDY,NEED_STUDY,none,UNTESTED,,2026-06-07,,,,,,,,,,,,,,
S_DOOR1,DOOR1,SEEDED,dimensions_library_fbx_bounds,,models/stone_structures/S_DOOR1.fbx,source/control scale,5.691406,3.332031,0.4292,0.0,1.666016,0.0,Right = normalize(Up cross At),Up = normalize(source.Up),At = normalize(source.At projected perpendicular to Up),NEED_STUDY,NEED_STUDY,none,UNTESTED,,2026-06-07,,,,,,,,,,,,,,
S_DOORB0,DOORB0,SEEDED,dimensions_library_fbx_bounds,,models/stone_structures/S_DOOR.fbx,source/control scale,5.691406,3.332031,0.4292,0.0,1.666016,0.0,Right = normalize(Up cross At),Up = normalize(source.Up),At = normalize(source.At projected perpendicular to Up),NEED_STUDY,NEED_STUDY,none,UNTESTED,,2026-06-07,,,,,,,,,,,,,,
S_DOORB0_H,DOORB0,SEEDED,dimensions_library_fbx_bounds,,models/stone_structures/S_DOOR_H.fbx,source/control scale,3.176092,3.394531,0.572265,0.00031,1.697266,0.0,Right = normalize(Up cross At),Up = normalize(source.Up),At = normalize(source.At projected perpendicular to Up),NEED_STUDY,NEED_STUDY,none,UNTESTED,,2026-06-07,,,,,,,,,,,,,,
S_DOORB1,DOORB1,SEEDED,dimensions_library_fbx_bounds,,models/stone_structures/S_DOOR1.fbx,source/control scale,5.691406,3.332031,0.4292,0.0,1.666016,0.0,Right = normalize(Up cross At),Up = normalize(source.Up),At = normalize(source.At projected perpendicular to Up),NEED_STUDY,NEED_STUDY,none,UNTESTED,,2026-06-07,,,,,,,,,,,,,,
S_DOORM0,DOORM0,SEEDED,dimensions_library_fbx_bounds,,models/stone_structures/S_DOOR.fbx,source/control scale,5.691406,3.332031,0.4292,0.0,1.666016,0.0,Right = normalize(Up cross At),Up = normalize(source.Up),At = normalize(source.At projected perpendicular to Up),NEED_STUDY,NEED_STUDY,none,UNTESTED,,2026-06-07,,,,,,,,,,,,,,
S_DOORM0_H,DOORM0,SEEDED,dimensions_library_fbx_bounds,,models/stone_structures/S_DOOR_H.fbx,source/control scale,3.176092,3.394531,0.572265,0.00031,1.697266,0.0,Right = normalize(Up cross At),Up = normalize(source.Up),At = normalize(source.At projected perpendicular to Up),NEED_STUDY,NEED_STUDY,none,UNTESTED,,2026-06-07,,,,,,,,,,,,,,
S_DOORM1,DOORM1,SEEDED,dimensions_library_fbx_bounds,,models/stone_structures/S_DOOR1.fbx,source/control scale,5.691406,3.332031,0.4292,0.0,1.666016,0.0,Right = normalize(Up cross At),Up = normalize(source.Up),At = normalize(source.At projected perpendicular to Up),NEED_STUDY,NEED_STUDY,none,UNTESTED,,2026-06-07,,,,,,,,,,,,,,
S_DOORT0,DOORT0,SEEDED,dimensions_library_fbx_bounds,,models/stone_structures/S_DOOR.fbx,source/control scale,5.691406,3.332031,0.4292,0.0,1.666016,0.0,Right = normalize(Up cross At),Up = normalize(source.Up),At = normalize(source.At projected perpendicular to Up),NEED_STUDY,NEED_STUDY,none,UNTESTED,,2026-06-07,,,,,,,,,,,,,,
S_DOORT0_H,DOORT0,SEEDED,dimensions_library_fbx_bounds,,models/stone_structures/S_DOOR_H.fbx,source/control scale,3.176092,3.394531,0.572265,0.00031,1.697266,0.0,Right = normalize(Up cross At),Up = normalize(source.Up),At = normalize(source.At projected perpendicular to Up),NEED_STUDY,NEED_STUDY,none,UNTESTED,,2026-06-07,,,,,,,,,,,,,,
S_DOORT1,DOORT1,SEEDED,dimensions_library_fbx_bounds,,models/stone_structures/S_DOOR1.fbx,source/control scale,5.691406,3.332031,0.4292,0.0,1.666016,0.0,Right = normalize(Up cross At),Up = normalize(source.Up),At = normalize(source.At projected perpendicular to Up),NEED_STUDY,NEED_STUDY,none,UNTESTED,,2026-06-07,,,,,,,,,,,,,,
S_DOORWINB0,DOORWINB0,SEEDED,dimensions_library_fbx_bounds,,models/stone_structures/S_DOORWINDOW.fbx,source/control scale,5.835336,3.394531,0.572265,0.00031,1.697266,0.0,Right = normalize(Up cross At),Up = normalize(source.Up),At = normalize(source.At projected perpendicular to Up),NEED_STUDY,NEED_STUDY,none,UNTESTED,,2026-06-07,,,,,,,,,,,,,,
S_DOORWINDOW,DOORWINDOW,SEEDED,dimensions_library_fbx_bounds,,models/stone_structures/S_DOORWINDOW.fbx,source/control scale,5.835336,3.394531,0.572265,0.00031,1.697266,0.0,Right = normalize(Up cross At),Up = normalize(source.Up),At = normalize(source.At projected perpendicular to Up),NEED_STUDY,NEED_STUDY,none,UNTESTED,,2026-06-07,,,,,,,,,,,,,,
S_DOORWINM0,DOORWINM0,SEEDED,dimensions_library_fbx_bounds,,models/stone_structures/S_DOORWINDOW.fbx,source/control scale,5.835336,3.394531,0.572265,0.00031,1.697266,0.0,Right = normalize(Up cross At),Up = normalize(source.Up),At = normalize(source.At projected perpendicular to Up),NEED_STUDY,NEED_STUDY,none,UNTESTED,,2026-06-07,,,,,,,,,,,,,,
S_DOORWINT0,DOORWINT0,SEEDED,dimensions_library_fbx_bounds,,models/stone_structures/S_DOORWINDOW.fbx,source/control scale,5.835336,3.394531,0.572265,0.00031,1.697266,0.0,Right = normalize(Up cross At),Up = normalize(source.Up),At = normalize(source.At projected perpendicular to Up),NEED_STUDY,NEED_STUDY,none,UNTESTED,,2026-06-07,,,,,,,,,,,,,,
S_DOOR_H,DOOR,SEEDED,dimensions_library_fbx_bounds,,models/stone_structures/S_DOOR_H.fbx,source/control scale,3.176092,3.394531,0.572265,0.00031,1.697266,0.0,Right = normalize(Up cross At),Up = normalize(source.Up),At = normalize(source.At projected perpendicular to Up),NEED_STUDY,NEED_STUDY,none,UNTESTED,,2026-06-07,,,,,,,,,,,,,,
S_DRAPE0,DRAPE0,SEEDED,dimensions_library_fbx_bounds,,models/decoration/S_DRAPE0.fbx,source/control scale,2.860623,0.16,0.057262,-0.010804,1.382058,-0.019285,Right = normalize(Up cross At),Up = normalize(source.Up),At = normalize(source.At projected perpendicular to Up),NEED_STUDY,NEED_STUDY,none,UNTESTED,,2026-06-07,,,,,,,,,,,,,,
S_EXCBUCKET,EXCBUCKET,SEEDED,dimensions_library_fbx_bounds,,models/decoration/S_EXCBUCKET.fbx,source/control scale,0.941354,1.149064,1.536216,0.0,0.55048,0.0065,Right = normalize(Up cross At),Up = normalize(source.Up),At = normalize(source.At projected perpendicular to Up),NEED_STUDY,NEED_STUDY,none,UNTESTED,,2026-06-07,,,,,,,,,,,,,,
S_FABROLL0,FABROLL0,SEEDED,dimensions_library_fbx_bounds,,models/decoration/S_FABROLL0.fbx,source/control scale,2.188266,0.503503,0.503504,-0.005156,0.0,0.0,Right = normalize(Up cross At),Up = normalize(source.Up),At = normalize(source.At projected perpendicular to Up),NEED_STUDY,NEED_STUDY,none,UNTESTED,,2026-06-07,,,,,,,,,,,,,,
S_FABROLLPILE0,FABROLLPILE0,SEEDED,dimensions_library_fbx_bounds,,models/decoration/S_FABROLLPILE0.fbx,source/control scale,2.433564,0.781596,1.972864,0.117493,0.139047,-0.233426,Right = normalize(Up cross At),Up = normalize(source.Up),At = normalize(source.At projected perpendicular to Up),NEED_STUDY,NEED_STUDY,none,UNTESTED,,2026-06-07,,,,,,,,,,,,,,
S_FENCE0,FENCE0,SEEDED,dimensions_library_fbx_bounds,,models/decoration/S_FENCE0.fbx,source/control scale,5.504685,3.424406,1.0,0.002959,1.712203,0.0,Right = normalize(Up cross At),Up = normalize(source.Up),At = normalize(source.At projected perpendicular to Up),NEED_STUDY,NEED_STUDY,none,UNTESTED,,2026-06-07,,,,,,,,,,,,,,
S_FENCE1,FENCE1,SEEDED,dimensions_library_fbx_bounds,,models/decoration/S_FENCE1.fbx,source/control scale,5.504685,3.335618,1.684855,0.002959,1.665426,0.491945,Right = normalize(Up cross At),Up = normalize(source.Up),At = normalize(source.At projected perpendicular to Up),NEED_STUDY,NEED_STUDY,none,UNTESTED,,2026-06-07,,,,,,,,,,,,,,
S_FENCE2,FENCE2,SEEDED,dimensions_library_fbx_bounds,,models/decoration/S_FENCE2.fbx,source/control scale,5.967174,3.501484,1.500116,0.0,1.744061,0.635999,Right = normalize(Up cross At),Up = normalize(source.Up),At = normalize(source.At projected perpendicular to Up),NEED_STUDY,NEED_STUDY,none,UNTESTED,,2026-06-07,,,,,,,,,,,,,,
S_FENCE3,FENCE3,SEEDED,dimensions_library_fbx_bounds,,models/decoration/S_FENCE3.fbx,source/control scale,5.413793,3.627369,1.501152,-0.001545,1.81357,0.635481,Right = normalize(Up cross At),Up = normalize(source.Up),At = normalize(source.At projected perpendicular to Up),NEED_STUDY,NEED_STUDY,none,UNTESTED,,2026-06-07,,,,,,,,,,,,,,
S_FLAG5,FLAG5,SEEDED,dimensions_library_fbx_bounds,,models/decoration/S_FLAG5.fbx,source/control scale,0.333346,0.287419,1.478421,0.0,-0.044893,0.73921,Right = normalize(Up cross At),Up = normalize(source.Up),At = normalize(source.At projected perpendicular to Up),NEED_STUDY,NEED_STUDY,none,UNTESTED,,2026-06-07,,,,,,,,,,,,,,
S_FLAG6,FLAG6,SEEDED,dimensions_library_fbx_bounds,,models/decoration/S_FLAG6.fbx,source/control scale,0.333346,0.287419,1.478421,0.0,-0.044893,0.73921,Right = normalize(Up cross At),Up = normalize(source.Up),At = normalize(source.At projected perpendicular to Up),NEED_STUDY,NEED_STUDY,none,UNTESTED,,2026-06-07,,,,,,,,,,,,,,
S_FLOOR,FLOOR,SEEDED,dimensions_library_fbx_bounds,,models/stone_structures/S_FLOOR.fbx,source/control scale,5.244682,0.325988,5.244682,0.0,0.0,0.0,Right = normalize(Up cross At),Up = normalize(source.Up),At = normalize(source.At projected perpendicular to Up),NEED_STUDY,NEED_STUDY,none,UNTESTED,,2026-06-07,,,,,,,,,,,,,,
S_FLOOR_Q,FLOOR,SEEDED,dimensions_library_fbx_bounds,,models/stone_structures/S_FLOOR_Q.fbx,source/control scale,2.651872,0.26172,2.651872,0.0,0.0,0.0,Right = normalize(Up cross At),Up = normalize(source.Up),At = normalize(source.At projected perpendicular to Up),NEED_STUDY,NEED_STUDY,none,UNTESTED,,2026-06-07,,,,,,,,,,,,,,
S_FURNACE,FURNACE,SEEDED,dimensions_library_fbx_bounds,,models/decoration/S_FURNACE.fbx,source/control scale,1.218304,1.504655,1.429446,0.057909,0.752328,-0.031347,Right = normalize(Up cross At),Up = normalize(source.Up),At = normalize(source.At projected perpendicular to Up),NEED_STUDY,NEED_STUDY,none,UNTESTED,,2026-06-07,,,,,,,,,,,,,,
S_GAZEBO0,GAZEBO0,SEEDED,dimensions_library_fbx_bounds,,models/decoration/S_GAZEBO0.fbx,source/control scale,4.9004,4.37961,4.9004,0.0,2.189805,0.0,Right = normalize(Up cross At),Up = normalize(source.Up),At = normalize(source.At projected perpendicular to Up),NEED_STUDY,NEED_STUDY,none,UNTESTED,,2026-06-07,,,,,,,,,,,,,,
S_GDOOR,GDOOR,SEEDED,dimensions_library_fbx_bounds,,models/stone_structures/S_GDOOR.fbx,source/control scale,5.691406,3.332031,3.117635,0.0,1.666016,-1.24102,Right = normalize(Up cross At),Up = normalize(source.Up),At = normalize(source.At projected perpendicular to Up),NEED_STUDY,NEED_STUDY,none,UNTESTED,,2026-06-07,,,,,,,,,,,,,,
S_GDOORB0,GDOORB0,SEEDED,dimensions_library_fbx_bounds,,models/stone_structures/S_GDOOR.fbx,source/control scale,5.691406,3.332031,3.117635,0.0,1.666016,-1.24102,Right = normalize(Up cross At),Up = normalize(source.Up),At = normalize(source.At projected perpendicular to Up),NEED_STUDY,NEED_STUDY,none,UNTESTED,,2026-06-07,,,,,,,,,,,,,,
S_GDOORM0,GDOORM0,SEEDED,dimensions_library_fbx_bounds,,models/stone_structures/S_GDOOR.fbx,source/control scale,5.691406,3.332031,3.117635,0.0,1.666016,-1.24102,Right = normalize(Up cross At),Up = normalize(source.Up),At = normalize(source.At projected perpendicular to Up),NEED_STUDY,NEED_STUDY,none,UNTESTED,,2026-06-07,,,,,,,,,,,,,,
S_GDOORT0,GDOORT0,SEEDED,dimensions_library_fbx_bounds,,models/stone_structures/S_GDOOR.fbx,source/control scale,5.691406,3.332031,3.117635,0.0,1.666016,-1.24102,Right = normalize(Up cross At),Up = normalize(source.Up),At = normalize(source.At projected perpendicular to Up),NEED_STUDY,NEED_STUDY,none,UNTESTED,,2026-06-07,,,,,,,,,,,,,,
S_GENERATOR,GENERATOR,SEEDED,dimensions_library_fbx_bounds,,models/decoration/S_GENERATOR.fbx,source/control scale,1.041956,1.151669,1.154297,0.0,0.575835,0.0,Right = normalize(Up cross At),Up = normalize(source.Up),At = normalize(source.At projected perpendicular to Up),NEED_STUDY,NEED_STUDY,none,UNTESTED,,2026-06-07,,,,,,,,,,,,,,
S_GFLOOR,GFLOOR,SEEDED,dimensions_library_fbx_bounds,,models/stone_structures/S_GFLOOR.fbx,source/control scale,5.244682,0.325988,5.244682,0.0,0.0,0.0,Right = normalize(Up cross At),Up = normalize(source.Up),At = normalize(source.At projected perpendicular to Up),NEED_STUDY,NEED_STUDY,none,UNTESTED,,2026-06-07,,,,,,,,,,,,,,
S_GLOWGLOBE,GLOWGLOBE,SEEDED,dimensions_library_fbx_bounds,,models/decoration/S_GLOWGLOBE.fbx,source/control scale,1.374116,1.953375,1.371901,-0.01184,0.976687,0.004056,Right = normalize(Up cross At),Up = normalize(source.Up),At = normalize(source.At projected perpendicular to Up),NEED_STUDY,NEED_STUDY,none,UNTESTED,,2026-06-07,,,,,,,,,,,,,,
S_HANGLAMP0,HANGLAMP0,SEEDED,dimensions_library_fbx_bounds,,models/decoration/S_HANGLAMP0.fbx,source/control scale,0.169956,2.881848,0.169956,0.0,1.436268,0.0,Right = normalize(Up cross At),Up = normalize(source.Up),At = normalize(source.At projected perpendicular to Up),NEED_STUDY,NEED_STUDY,none,UNTESTED,,2026-06-07,,,,,,,,,,,,,,
S_HANGLAMP1,HANGLAMP1,SEEDED,dimensions_library_fbx_bounds,,models/decoration/S_HANGLAMP1.fbx,source/control scale,0.426486,1.355763,0.426483,0.0,0.677881,0.0,Right = normalize(Up cross At),Up = normalize(source.Up),At = normalize(source.At projected perpendicular to Up),NEED_STUDY,NEED_STUDY,none,UNTESTED,,2026-06-07,,,,,,,,,,,,,,
S_HANGLAMP2,HANGLAMP2,SEEDED,dimensions_library_fbx_bounds,,models/decoration/S_HANGLAMP2.fbx,source/control scale,1.349904,1.076718,1.349904,0.0,0.538359,0.0,Right = normalize(Up cross At),Up = normalize(source.Up),At = normalize(source.At projected perpendicular to Up),NEED_STUDY,NEED_STUDY,none,UNTESTED,,2026-06-07,,,,,,,,,,,,,,
S_HANGLAMP3,HANGLAMP3,SEEDED,dimensions_library_fbx_bounds,,models/decoration/S_HANGLAMP3.fbx,source/control scale,1.07319,0.582225,1.23394,-0.17081,0.291113,0.0,Right = normalize(Up cross At),Up = normalize(source.Up),At = normalize(source.At projected perpendicular to Up),NEED_STUDY,NEED_STUDY,none,UNTESTED,,2026-06-07,,,,,,,,,,,,,,
S_LANDINGZONE,LANDINGZONE,SEEDED,dimensions_library_fbx_bounds,,models/advanced_technology/S_LANDINGZONE.fbx,source/control scale,16.15625,1.525285,18.375,0.03125,0.97834,-0.054688,Right = normalize(Up cross At),Up = normalize(source.Up),At = normalize(source.At projected perpendicular to Up),NEED_STUDY,NEED_STUDY,none,UNTESTED,,2026-06-07,,,,,,,,,,,,,,
S_LARGETRYE0,LARGETRYE0,SEEDED,dimensions_library_fbx_bounds,,models/decoration/S_LARGETRYE0.fbx,source/control scale,2.246452,0.930196,2.246452,0.0,0.465098,0.0,Right = normalize(Up cross At),Up = normalize(source.Up),At = normalize(source.At projected perpendicular to Up),NEED_STUDY,NEED_STUDY,none,UNTESTED,,2026-06-07,,,,,,,,,,,,,,
S_LIGHTSTRIP0,LIGHTSTRIP0,SEEDED,dimensions_library_fbx_bounds,,models/decoration/S_LIGHTSTRIP0.fbx,source/control scale,3.112008,0.624174,0.444942,-0.044184,0.312087,0.0,Right = normalize(Up cross At),Up = normalize(source.Up),At = normalize(source.At projected perpendicular to Up),NEED_STUDY,NEED_STUDY,none,UNTESTED,,2026-06-07,,,,,,,,,,,,,,
S_MACHINE0,MACHINE0,SEEDED,dimensions_library_fbx_bounds,,models/decoration/S_MACHINE0.fbx,source/control scale,5.021265,2.726115,3.773716,-0.144006,1.363057,-0.621573,Right = normalize(Up cross At),Up = normalize(source.Up),At = normalize(source.At projected perpendicular to Up),NEED_STUDY,NEED_STUDY,none,UNTESTED,,2026-06-07,,,,,,,,,,,,,,
S_MILKBOTTLE,MILKBOTTLE,SEEDED,dimensions_library_fbx_bounds,,models/decoration/S_MILKBOTTLE.fbx,source/control scale,0.14,0.372131,0.14,0.0,0.18666,0.0,Right = normalize(Up cross At),Up = normalize(source.Up),At = normalize(source.At projected perpendicular to Up),NEED_STUDY,NEED_STUDY,none,UNTESTED,,2026-06-07,,,,,,,,,,,,,,
S_MILKCRATE,MILKCRATE,SEEDED,dimensions_library_fbx_bounds,,models/decoration/S_MILKCRATE.fbx,source/control scale,0.692333,0.366206,0.438477,-0.001539,0.187677,0.000974,Right = normalize(Up cross At),Up = normalize(source.Up),At = normalize(source.At projected perpendicular to Up),NEED_STUDY,NEED_STUDY,none,UNTESTED,,2026-06-07,,,,,,,,,,,,,,
S_PALLET,PALLET,SEEDED,dimensions_library_fbx_bounds,,models/decoration/S_PALLET.fbx,source/control scale,1.911112,0.236517,1.236653,0.0,0.118325,0.001628,Right = normalize(Up cross At),Up = normalize(source.Up),At = normalize(source.At projected perpendicular to Up),NEED_STUDY,NEED_STUDY,none,UNTESTED,,2026-06-07,,,,,,,,,,,,,,
S_PALLET_BRICK,PALLET_BRICK,SEEDED,dimensions_library_fbx_bounds,,models/decoration/S_PALLET_BRICK.fbx,source/control scale,1.911112,0.809717,1.236653,0.0,0.404925,0.001628,Right = normalize(Up cross At),Up = normalize(source.Up),At = normalize(source.At projected perpendicular to Up),NEED_STUDY,NEED_STUDY,none,UNTESTED,,2026-06-07,,,,,,,,,,,,,,
S_PAN0,PAN0,SEEDED,dimensions_library_fbx_bounds,,models/decoration/S_PAN0.fbx,source/control scale,0.75919,0.30458,0.7,0.0,0.150518,0.0,Right = normalize(Up cross At),Up = normalize(source.Up),At = normalize(source.At projected perpendicular to Up),NEED_STUDY,NEED_STUDY,none,UNTESTED,,2026-06-07,,,,,,,,,,,,,,
S_PLANTER_M,PLANTER,SEEDED,dimensions_library_fbx_bounds,,models/decoration/S_PLANTER_M.fbx,source/control scale,2.666016,0.581824,1.328202,0.0,0.290912,0.0,Right = normalize(Up cross At),Up = normalize(source.Up),At = normalize(source.At projected perpendicular to Up),NEED_STUDY,NEED_STUDY,none,UNTESTED,,2026-06-07,,,,,,,,,,,,,,
S_POSTER0,POSTER0,SEEDED,dimensions_library_fbx_bounds,,models/wall_art/S_POSTER0.fbx,source/control scale,0.766602,0.022671,1.079102,0.0,0.011335,0.0,Right = normalize(Up cross At),Up = normalize(source.Up),At = normalize(source.At projected perpendicular to Up),NEED_STUDY,NEED_STUDY,none,UNTESTED,,2026-06-07,,,,,,,,,,,,,,
S_POSTER1,POSTER1,SEEDED,dimensions_library_fbx_bounds,,models/wall_art/S_POSTER1.fbx,source/control scale,0.766602,0.022671,1.079102,0.0,0.011335,0.0,Right = normalize(Up cross At),Up = normalize(source.Up),At = normalize(source.At projected perpendicular to Up),NEED_STUDY,NEED_STUDY,none,UNTESTED,,2026-06-07,,,,,,,,,,,,,,
S_POSTER10,POSTER10,SEEDED,dimensions_library_fbx_bounds,,models/wall_art/S_POSTER10.fbx,source/control scale,0.766602,0.022671,1.079102,0.0,0.011335,0.0,Right = normalize(Up cross At),Up = normalize(source.Up),At = normalize(source.At projected perpendicular to Up),NEED_STUDY,NEED_STUDY,none,UNTESTED,,2026-06-07,,,,,,,,,,,,,,
S_POSTER11,POSTER11,SEEDED,dimensions_library_fbx_bounds,,models/wall_art/S_POSTER11.fbx,source/control scale,0.766602,0.022671,1.079102,0.0,0.011335,0.0,Right = normalize(Up cross At),Up = normalize(source.Up),At = normalize(source.At projected perpendicular to Up),NEED_STUDY,NEED_STUDY,none,UNTESTED,,2026-06-07,,,,,,,,,,,,,,
S_POSTER12,POSTER12,SEEDED,dimensions_library_fbx_bounds,,models/wall_art/S_POSTER12.fbx,source/control scale,0.766602,0.022671,1.079102,0.0,0.011335,0.0,Right = normalize(Up cross At),Up = normalize(source.Up),At = normalize(source.At projected perpendicular to Up),NEED_STUDY,NEED_STUDY,none,UNTESTED,,2026-06-07,,,,,,,,,,,,,,
S_POSTER13,POSTER13,SEEDED,dimensions_library_fbx_bounds,,models/wall_art/S_POSTER13.fbx,source/control scale,0.766602,0.022671,1.079102,0.0,0.011335,0.0,Right = normalize(Up cross At),Up = normalize(source.Up),At = normalize(source.At projected perpendicular to Up),NEED_STUDY,NEED_STUDY,none,UNTESTED,,2026-06-07,,,,,,,,,,,,,,
S_POSTER14,POSTER14,SEEDED,dimensions_library_fbx_bounds,,models/wall_art/S_POSTER14.fbx,source/control scale,0.766602,0.022671,1.079102,0.0,0.011335,0.0,Right = normalize(Up cross At),Up = normalize(source.Up),At = normalize(source.At projected perpendicular to Up),NEED_STUDY,NEED_STUDY,none,UNTESTED,,2026-06-07,,,,,,,,,,,,,,
S_POSTER15,POSTER15,SEEDED,dimensions_library_fbx_bounds,,models/wall_art/S_POSTER15.fbx,source/control scale,0.766602,0.022671,1.079102,0.0,0.011335,0.0,Right = normalize(Up cross At),Up = normalize(source.Up),At = normalize(source.At projected perpendicular to Up),NEED_STUDY,NEED_STUDY,none,UNTESTED,,2026-06-07,,,,,,,,,,,,,,
S_POSTER16,POSTER16,SEEDED,dimensions_library_fbx_bounds,,models/wall_art/S_POSTER16.fbx,source/control scale,0.766602,0.022671,1.079102,0.0,0.011335,0.0,Right = normalize(Up cross At),Up = normalize(source.Up),At = normalize(source.At projected perpendicular to Up),NEED_STUDY,NEED_STUDY,none,UNTESTED,,2026-06-07,,,,,,,,,,,,,,
S_POSTER17,POSTER17,SEEDED,dimensions_library_fbx_bounds,,models/wall_art/S_POSTER17.fbx,source/control scale,0.788574,0.0,1.079102,0.0,0.0,0.0,Right = normalize(Up cross At),Up = normalize(source.Up),At = normalize(source.At projected perpendicular to Up),NEED_STUDY,NEED_STUDY,none,UNTESTED,,2026-06-07,,,,,,,,,,,,,,
S_POSTER18,POSTER18,SEEDED,dimensions_library_fbx_bounds,,models/wall_art/S_POSTER18.fbx,source/control scale,0.788574,0.0,1.079102,0.0,0.0,0.0,Right = normalize(Up cross At),Up = normalize(source.Up),At = normalize(source.At projected perpendicular to Up),NEED_STUDY,NEED_STUDY,none,UNTESTED,,2026-06-07,,,,,,,,,,,,,,
S_POSTER19,POSTER19,SEEDED,dimensions_library_fbx_bounds,,models/wall_art/S_POSTER19.fbx,source/control scale,0.788574,0.0,1.079102,0.0,0.0,0.0,Right = normalize(Up cross At),Up = normalize(source.Up),At = normalize(source.At projected perpendicular to Up),NEED_STUDY,NEED_STUDY,none,UNTESTED,,2026-06-07,,,,,,,,,,,,,,
S_POSTER2,POSTER2,SEEDED,dimensions_library_fbx_bounds,,models/wall_art/S_POSTER2.fbx,source/control scale,0.766602,0.022671,1.079102,0.0,0.011335,0.0,Right = normalize(Up cross At),Up = normalize(source.Up),At = normalize(source.At projected perpendicular to Up),NEED_STUDY,NEED_STUDY,none,UNTESTED,,2026-06-07,,,,,,,,,,,,,,
S_POSTER20,POSTER20,SEEDED,dimensions_library_fbx_bounds,,models/wall_art/S_POSTER20.fbx,source/control scale,0.788574,0.0,1.079102,0.0,0.0,0.0,Right = normalize(Up cross At),Up = normalize(source.Up),At = normalize(source.At projected perpendicular to Up),NEED_STUDY,NEED_STUDY,none,UNTESTED,,2026-06-07,,,,,,,,,,,,,,
S_POSTER21,POSTER21,SEEDED,dimensions_library_fbx_bounds,,models/wall_art/S_POSTER21.fbx,source/control scale,0.788574,0.0,1.079102,0.0,0.0,0.0,Right = normalize(Up cross At),Up = normalize(source.Up),At = normalize(source.At projected perpendicular to Up),NEED_STUDY,NEED_STUDY,none,UNTESTED,,2026-06-07,,,,,,,,,,,,,,
S_POSTER22,POSTER22,SEEDED,dimensions_library_fbx_bounds,,models/wall_art/S_POSTER22.fbx,source/control scale,0.788574,0.0,1.079102,0.0,0.0,0.0,Right = normalize(Up cross At),Up = normalize(source.Up),At = normalize(source.At projected perpendicular to Up),NEED_STUDY,NEED_STUDY,none,UNTESTED,,2026-06-07,,,,,,,,,,,,,,
S_POSTER23,POSTER23,SEEDED,dimensions_library_fbx_bounds,,models/wall_art/S_POSTER23.fbx,source/control scale,0.788574,0.0,1.079102,0.0,0.0,0.0,Right = normalize(Up cross At),Up = normalize(source.Up),At = normalize(source.At projected perpendicular to Up),NEED_STUDY,NEED_STUDY,none,UNTESTED,,2026-06-07,,,,,,,,,,,,,,
S_POSTER24,POSTER24,SEEDED,dimensions_library_fbx_bounds,,models/wall_art/S_POSTER24.fbx,source/control scale,1.075196,0.0,0.788574,0.001953,0.0,0.0,Right = normalize(Up cross At),Up = normalize(source.Up),At = normalize(source.At projected perpendicular to Up),NEED_STUDY,NEED_STUDY,none,UNTESTED,,2026-06-07,,,,,,,,,,,,,,
S_POSTER25,POSTER25,SEEDED,dimensions_library_fbx_bounds,,models/wall_art/S_POSTER25.fbx,source/control scale,0.788574,0.0,1.079102,0.0,0.0,0.0,Right = normalize(Up cross At),Up = normalize(source.Up),At = normalize(source.At projected perpendicular to Up),NEED_STUDY,NEED_STUDY,none,UNTESTED,,2026-06-07,,,,,,,,,,,,,,
S_POSTER26,POSTER26,SEEDED,dimensions_library_fbx_bounds,,models/wall_art/S_POSTER26.fbx,source/control scale,0.788574,0.0,1.079102,0.0,0.0,0.0,Right = normalize(Up cross At),Up = normalize(source.Up),At = normalize(source.At projected perpendicular to Up),NEED_STUDY,NEED_STUDY,none,UNTESTED,,2026-06-07,,,,,,,,,,,,,,
S_POSTER27,POSTER27,SEEDED,dimensions_library_fbx_bounds,,models/wall_art/S_POSTER27.fbx,source/control scale,0.788574,0.0,0.78955,0.0,0.0,0.0,Right = normalize(Up cross At),Up = normalize(source.Up),At = normalize(source.At projected perpendicular to Up),NEED_STUDY,NEED_STUDY,none,UNTESTED,,2026-06-07,,,,,,,,,,,,,,
S_POSTER28,POSTER28,SEEDED,dimensions_library_fbx_bounds,,models/wall_art/S_POSTER28.fbx,source/control scale,1.079102,0.0,0.788574,0.0,0.0,0.0,Right = normalize(Up cross At),Up = normalize(source.Up),At = normalize(source.At projected perpendicular to Up),NEED_STUDY,NEED_STUDY,none,UNTESTED,,2026-06-07,,,,,,,,,,,,,,
S_POSTER29,POSTER29,SEEDED,dimensions_library_fbx_bounds,,models/wall_art/S_POSTER29.fbx,source/control scale,0.788574,0.0,0.786133,0.0,0.0,-0.146484,Right = normalize(Up cross At),Up = normalize(source.Up),At = normalize(source.At projected perpendicular to Up),NEED_STUDY,NEED_STUDY,none,UNTESTED,,2026-06-07,,,,,,,,,,,,,,
S_POSTER3,POSTER3,SEEDED,dimensions_library_fbx_bounds,,models/wall_art/S_POSTER3.fbx,source/control scale,0.766602,0.022671,1.079102,0.0,0.011335,0.0,Right = normalize(Up cross At),Up = normalize(source.Up),At = normalize(source.At projected perpendicular to Up),NEED_STUDY,NEED_STUDY,none,UNTESTED,,2026-06-07,,,,,,,,,,,,,,
S_POSTER30,POSTER30,SEEDED,dimensions_library_fbx_bounds,,models/wall_art/S_POSTER30.fbx,source/control scale,0.788574,0.0,1.079102,0.0,0.0,0.0,Right = normalize(Up cross At),Up = normalize(source.Up),At = normalize(source.At projected perpendicular to Up),NEED_STUDY,NEED_STUDY,none,UNTESTED,,2026-06-07,,,,,,,,,,,,,,
S_POSTER31,POSTER31,SEEDED,dimensions_library_fbx_bounds,,models/wall_art/S_POSTER31.fbx,source/control scale,0.788574,0.0,1.079102,0.0,0.0,0.0,Right = normalize(Up cross At),Up = normalize(source.Up),At = normalize(source.At projected perpendicular to Up),NEED_STUDY,NEED_STUDY,none,UNTESTED,,2026-06-07,,,,,,,,,,,,,,
S_POSTER4,POSTER4,SEEDED,dimensions_library_fbx_bounds,,models/wall_art/S_POSTER4.fbx,source/control scale,0.766602,0.022671,1.079102,0.0,0.011335,0.0,Right = normalize(Up cross At),Up = normalize(source.Up),At = normalize(source.At projected perpendicular to Up),NEED_STUDY,NEED_STUDY,none,UNTESTED,,2026-06-07,,,,,,,,,,,,,,
S_POSTER5,POSTER5,SEEDED,dimensions_library_fbx_bounds,,models/wall_art/S_POSTER5.fbx,source/control scale,0.766602,0.022671,1.079102,0.0,0.011335,0.0,Right = normalize(Up cross At),Up = normalize(source.Up),At = normalize(source.At projected perpendicular to Up),NEED_STUDY,NEED_STUDY,none,UNTESTED,,2026-06-07,,,,,,,,,,,,,,
S_POSTER6,POSTER6,SEEDED,dimensions_library_fbx_bounds,,models/wall_art/S_POSTER6.fbx,source/control scale,0.766602,0.022671,1.079102,0.0,0.011335,0.0,Right = normalize(Up cross At),Up = normalize(source.Up),At = normalize(source.At projected perpendicular to Up),NEED_STUDY,NEED_STUDY,none,UNTESTED,,2026-06-07,,,,,,,,,,,,,,
S_POSTER7,POSTER7,SEEDED,dimensions_library_fbx_bounds,,models/wall_art/S_POSTER7.fbx,source/control scale,0.766602,0.022671,1.079102,0.0,0.011335,0.0,Right = normalize(Up cross At),Up = normalize(source.Up),At = normalize(source.At projected perpendicular to Up),NEED_STUDY,NEED_STUDY,none,UNTESTED,,2026-06-07,,,,,,,,,,,,,,
S_POSTER8,POSTER8,SEEDED,dimensions_library_fbx_bounds,,models/wall_art/S_POSTER8.fbx,source/control scale,0.766602,0.022671,1.079102,0.0,0.011335,0.0,Right = normalize(Up cross At),Up = normalize(source.Up),At = normalize(source.At projected perpendicular to Up),NEED_STUDY,NEED_STUDY,none,UNTESTED,,2026-06-07,,,,,,,,,,,,,,
S_POSTER9,POSTER9,SEEDED,dimensions_library_fbx_bounds,,models/wall_art/S_POSTER9.fbx,source/control scale,0.766602,0.022671,1.079102,0.0,0.011335,0.0,Right = normalize(Up cross At),Up = normalize(source.Up),At = normalize(source.At projected perpendicular to Up),NEED_STUDY,NEED_STUDY,none,UNTESTED,,2026-06-07,,,,,,,,,,,,,,
S_POT0,POT0,SEEDED,dimensions_library_fbx_bounds,,models/decoration/S_POT0.fbx,source/control scale,0.490238,0.389124,0.490238,0.0,0.194562,0.0,Right = normalize(Up cross At),Up = normalize(source.Up),At = normalize(source.At projected perpendicular to Up),NEED_STUDY,NEED_STUDY,none,UNTESTED,,2026-06-07,,,,,,,,,,,,,,
S_PUMP,PUMP,SEEDED,dimensions_library_fbx_bounds,,models/decoration/S_PUMP.fbx,source/control scale,3.501081,1.796677,1.155569,-0.039621,0.891193,-0.000627,Right = normalize(Up cross At),Up = normalize(source.Up),At = normalize(source.At projected perpendicular to Up),NEED_STUDY,NEED_STUDY,none,UNTESTED,,2026-06-07,,,,,,,,,,,,,,
S_RAMP,STAIR_FULL_RAMP,USER_ACCEPTED_GENERAL_PLACEMENT,per_part_partmap,library/part_placement_maps/S_RAMP.partmap.json,models/stone_structures/S_RAMP.fbx,source/control scale unless explicitly parameterized,5.332032,3.491043,5.452886,0.0,1.508385,-0.00218,normalize(Up cross At),normalize(source.Up),normalize(source.At projected perpendicular to Up),USER_ACCEPTED_STAIR_LOCAL_FRAME_REPEAT,floor_to_stair_edge_start; local_frame_stair_chain; terminal_landing; switchback; stadium_side_bank; stadium_back_bank; five_lane_equal_step_u_corner,none,BLENDER_USER_CHECK,,2026-06-07,OBSERVED_FACT_OR_DERIVED_PENDING,unknown,"[,,]",unknown,unknown,unknown,,,,unknown,single_part_or_unknown,none,,
S_RAMP_H,RAMP,SEEDED,dimensions_library_fbx_bounds,,models/stone_structures/S_RAMP_H.fbx,source/control scale,2.656,3.491043,5.452886,0.0,1.508385,-0.00218,Right = normalize(Up cross At),Up = normalize(source.Up),At = normalize(source.At projected perpendicular to Up),NEED_STUDY,NEED_STUDY,none,UNTESTED,,2026-06-07,,,,,,,,,,,,,,
S_RAMP_Q_TOP,RAMP_Q_TOP,SEEDED,dimensions_library_fbx_bounds,,models/stone_structures/S_RAMP_Q_TOP.fbx,source/control scale,2.667761,1.276148,2.70906,0.004939,-0.497668,0.019579,Right = normalize(Up cross At),Up = normalize(source.Up),At = normalize(source.At projected perpendicular to Up),NEED_STUDY,NEED_STUDY,none,UNTESTED,,2026-06-07,,,,,,,,,,,,,,
S_ROOF0,ROOF0,SEEDED,dimensions_library_fbx_bounds,,models/stone_structures/S_ROOF0.fbx,source/control scale,5.957032,1.853883,5.957032,0.0,0.847322,0.0,Right = normalize(Up cross At),Up = normalize(source.Up),At = normalize(source.At projected perpendicular to Up),NEED_STUDY,NEED_STUDY,none,UNTESTED,,2026-06-07,,,,,,,,,,,,,,
S_ROOF1,ROOF1,SEEDED,dimensions_library_fbx_bounds,,models/stone_structures/S_ROOF1.fbx,source/control scale,6.511718,2.855469,6.511718,0.0,1.427734,0.0,Right = normalize(Up cross At),Up = normalize(source.Up),At = normalize(source.At projected perpendicular to Up),NEED_STUDY,NEED_STUDY,none,UNTESTED,,2026-06-07,,,,,,,,,,,,,,
S_ROOF2,ROOF2,SEEDED,dimensions_library_fbx_bounds,,models/stone_structures/S_ROOF2.fbx,source/control scale,6.167968,1.259766,6.167968,0.0,0.630161,0.0,Right = normalize(Up cross At),Up = normalize(source.Up),At = normalize(source.At projected perpendicular to Up),NEED_STUDY,NEED_STUDY,none,UNTESTED,,2026-06-07,,,,,,,,,,,,,,
S_ROOF3,ROOF3,SEEDED,dimensions_library_fbx_bounds,,models/stone_structures/S_ROOF3.fbx,source/control scale,6.460938,1.149415,6.460938,0.0,0.596772,0.0,Right = normalize(Up cross At),Up = normalize(source.Up),At = normalize(source.At projected perpendicular to Up),NEED_STUDY,NEED_STUDY,none,UNTESTED,,2026-06-07,,,,,,,,,,,,,,
S_ROOF4,ROOF4,SEEDED,dimensions_library_fbx_bounds,,models/stone_structures/S_ROOF4.fbx,source/control scale,4.891092,1.215968,4.891092,0.0,3.42451,0.0,Right = normalize(Up cross At),Up = normalize(source.Up),At = normalize(source.At projected perpendicular to Up),NEED_STUDY,NEED_STUDY,none,UNTESTED,,2026-06-07,,,,,,,,,,,,,,
S_ROOF5,ROOF5,SEEDED,dimensions_library_fbx_bounds,,models/stone_structures/S_ROOF5.fbx,source/control scale,5.890624,2.427979,5.890624,0.0,1.084838,0.0,Right = normalize(Up cross At),Up = normalize(source.Up),At = normalize(source.At projected perpendicular to Up),NEED_STUDY,NEED_STUDY,none,UNTESTED,,2026-06-07,,,,,,,,,,,,,,
S_ROOF_C,ROOF,SEEDED,dimensions_library_fbx_bounds,,models/stone_structures/S_ROOF_C.fbx,source/control scale,5.460937,3.359772,5.476563,-0.023438,1.665817,0.027344,Right = normalize(Up cross At),Up = normalize(source.Up),At = normalize(source.At projected perpendicular to Up),NEED_STUDY,NEED_STUDY,none,UNTESTED,,2026-06-07,,,,,,,,,,,,,,
S_ROOF_E_CAP,ROOF_E_CAP,SEEDED,dimensions_library_fbx_bounds,,models/stone_structures/S_ROOF_E_CAP.fbx,source/control scale,0.207807,1.267666,4.991972,0.00522,0.633833,0.0,Right = normalize(Up cross At),Up = normalize(source.Up),At = normalize(source.At projected perpendicular to Up),NEED_STUDY,NEED_STUDY,none,UNTESTED,,2026-06-07,,,,,,,,,,,,,,
S_ROOF_E_Q,ROOF_E,SEEDED,dimensions_library_fbx_bounds,,models/stone_structures/S_ROOF_E_Q.fbx,source/control scale,0.206804,3.095584,2.664063,0.005239,1.547792,-0.000977,Right = normalize(Up cross At),Up = normalize(source.Up),At = normalize(source.At projected perpendicular to Up),NEED_STUDY,NEED_STUDY,none,UNTESTED,,2026-06-07,,,,,,,,,,,,,,
S_ROOF_IC,ROOF,SEEDED,dimensions_library_fbx_bounds,,models/stone_structures/S_ROOF_IC.fbx,source/control scale,5.556641,3.3565,5.515624,-0.075196,1.667454,0.056641,Right = normalize(Up cross At),Up = normalize(source.Up),At = normalize(source.At projected perpendicular to Up),NEED_STUDY,NEED_STUDY,none,UNTESTED,,2026-06-07,,,,,,,,,,,,,,
S_ROOF_M,ROOF,SEEDED,dimensions_library_fbx_bounds,,models/stone_structures/S_ROOF_M.fbx,source/control scale,5.589844,3.217528,5.673828,0.0,1.854126,0.016602,Right = normalize(Up cross At),Up = normalize(source.Up),At = normalize(source.At projected perpendicular to Up),NEED_STUDY,NEED_STUDY,none,UNTESTED,,2026-06-07,,,,,,,,,,,,,,
S_ROOF_M_CAP,ROOF_M_CAP,SEEDED,dimensions_library_fbx_bounds,,models/stone_structures/S_ROOF_M_CAP.fbx,source/control scale,5.707584,1.876605,5.465474,0.0,0.825457,0.00528,Right = normalize(Up cross At),Up = normalize(source.Up),At = normalize(source.At projected perpendicular to Up),NEED_STUDY,NEED_STUDY,none,UNTESTED,,2026-06-07,,,,,,,,,,,,,,
S_ROOF_M_Q,ROOF_M,SEEDED,dimensions_library_fbx_bounds,,models/stone_structures/S_ROOF_M_Q.fbx,source/control scale,5.699218,3.345703,2.875977,0.0,1.672851,-0.10498,Right = normalize(Up cross At),Up = normalize(source.Up),At = normalize(source.At projected perpendicular to Up),NEED_STUDY,NEED_STUDY,none,UNTESTED,,2026-06-07,,,,,,,,,,,,,,
S_ROOF_M_WIN,ROOF_M_WIN,SEEDED,dimensions_library_fbx_bounds,,models/stone_structures/S_ROOF_M_WIN.fbx,source/control scale,5.427458,3.22827,5.403809,0.0,1.701207,0.00735,Right = normalize(Up cross At),Up = normalize(source.Up),At = normalize(source.At projected perpendicular to Up),NEED_STUDY,NEED_STUDY,none,UNTESTED,,2026-06-07,,,,,,,,,,,,,,
S_RSJSTACK,RSJSTACK,SEEDED,dimensions_library_fbx_bounds,,models/decoration/S_RSJSTACK.fbx,source/control scale,5.244446,1.507234,1.61363,0.0,0.753617,0.0,Right = normalize(Up cross At),Up = normalize(source.Up),At = normalize(source.At projected perpendicular to Up),NEED_STUDY,NEED_STUDY,none,UNTESTED,,2026-06-07,,,,,,,,,,,,,,
S_RUG0,RUG0,SEEDED,dimensions_library_fbx_bounds,,models/decoration/S_RUG0.fbx,source/control scale,2.394532,1e-06,3.816406,0.0,0.016465,0.0,Right = normalize(Up cross At),Up = normalize(source.Up),At = normalize(source.At projected perpendicular to Up),NEED_STUDY,NEED_STUDY,none,UNTESTED,,2026-06-07,,,,,,,,,,,,,,
S_RUG1,RUG1,SEEDED,dimensions_library_fbx_bounds,,models/decoration/S_RUG1.fbx,source/control scale,2.394532,0.043381,3.816406,0.0,0.038155,0.0,Right = normalize(Up cross At),Up = normalize(source.Up),At = normalize(source.At projected perpendicular to Up),NEED_STUDY,NEED_STUDY,none,UNTESTED,,2026-06-07,,,,,,,,,,,,,,
S_SAIL0,SAIL0,SEEDED,dimensions_library_fbx_bounds,,models/decoration/S_SAIL0.fbx,source/control scale,4.634084,5.246291,0.632232,-2.000926,2.517966,0.0,Right = normalize(Up cross At),Up = normalize(source.Up),At = normalize(source.At projected perpendicular to Up),NEED_STUDY,NEED_STUDY,none,UNTESTED,,2026-06-07,,,,,,,,,,,,,,
S_SAIL1,SAIL1,SEEDED,dimensions_library_fbx_bounds,,models/decoration/S_SAIL1.fbx,source/control scale,6.627223,10.062956,0.407866,-1.077134,5.025824,0.0,Right = normalize(Up cross At),Up = normalize(source.Up),At = normalize(source.At projected perpendicular to Up),NEED_STUDY,NEED_STUDY,none,UNTESTED,,2026-06-07,,,,,,,,,,,,,,
S_SAIL2,SAIL2,SEEDED,dimensions_library_fbx_bounds,,models/decoration/S_SAIL2.fbx,source/control scale,6.5161,5.246291,0.632232,-1.059918,2.517966,0.0,Right = normalize(Up cross At),Up = normalize(source.Up),At = normalize(source.At projected perpendicular to Up),NEED_STUDY,NEED_STUDY,none,UNTESTED,,2026-06-07,,,,,,,,,,,,,,
S_SAIL3,SAIL3,SEEDED,dimensions_library_fbx_bounds,,models/decoration/S_SAIL3.fbx,source/control scale,4.706861,7.999113,0.632232,-2.037315,3.894377,0.0,Right = normalize(Up cross At),Up = normalize(source.Up),At = normalize(source.At projected perpendicular to Up),NEED_STUDY,NEED_STUDY,none,UNTESTED,,2026-06-07,,,,,,,,,,,,,,
S_SCAFFOLD_L,SCAFFOLD_L,SEEDED,dimensions_library_fbx_bounds,,models/decoration/S_SCAFFOLD_L.fbx,source/control scale,5.23962,3.578912,1.166666,0.000341,1.789456,0.0,Right = normalize(Up cross At),Up = normalize(source.Up),At = normalize(source.At projected perpendicular to Up),NEED_STUDY,NEED_STUDY,none,UNTESTED,,2026-06-07,,,,,,,,,,,,,,
S_SCAFFOLD_M,SCAFFOLD,SEEDED,dimensions_library_fbx_bounds,,models/decoration/S_SCAFFOLD_M.fbx,source/control scale,2.747247,3.578912,1.166666,-0.002614,1.789456,0.0,Right = normalize(Up cross At),Up = normalize(source.Up),At = normalize(source.At projected perpendicular to Up),NEED_STUDY,NEED_STUDY,none,UNTESTED,,2026-06-07,,,,,,,,,,,,,,
S_SCISSORLIFT,SCISSORLIFT,SEEDED,dimensions_library_fbx_bounds,,models/decoration/S_SCISSORLIFT.fbx,source/control scale,3.608576,5.048487,1.83,0.0,2.48898,0.0,Right = normalize(Up cross At),Up = normalize(source.Up),At = normalize(source.At projected perpendicular to Up),NEED_STUDY,NEED_STUDY,none,UNTESTED,,2026-06-07,,,,,,,,,,,,,,
S_SHELVINGUNIT0,SHELVINGUNIT0,SEEDED,dimensions_library_fbx_bounds,,models/decoration/S_SHELVINGUNIT0.fbx,source/control scale,1.961914,2.236486,1.273438,0.0,1.118243,0.0,Right = normalize(Up cross At),Up = normalize(source.Up),At = normalize(source.At projected perpendicular to Up),NEED_STUDY,NEED_STUDY,none,UNTESTED,,2026-06-07,,,,,,,,,,,,,,
S_SHOVEL,SHOVEL,SEEDED,dimensions_library_fbx_bounds,,models/decoration/S_SHOVEL.fbx,source/control scale,0.382708,1.741844,0.256887,0.0,0.809213,-0.08995,Right = normalize(Up cross At),Up = normalize(source.Up),At = normalize(source.At projected perpendicular to Up),NEED_STUDY,NEED_STUDY,none,UNTESTED,,2026-06-07,,,,,,,,,,,,,,
S_SIGN_BAR0,SIGN_BAR0,SEEDED,dimensions_library_fbx_bounds,,models/decoration/S_SIGN_BAR0.fbx,source/control scale,5.593511,1.246681,0.357574,-0.003162,0.62334,0.073043,Right = normalize(Up cross At),Up = normalize(source.Up),At = normalize(source.At projected perpendicular to Up),NEED_STUDY,NEED_STUDY,none,UNTESTED,,2026-06-07,,,,,,,,,,,,,,
S_SIGN_BAR1,SIGN_BAR1,SEEDED,dimensions_library_fbx_bounds,,models/furnishings/S_SIGN_BAR1.fbx,source/control scale,5.345703,1.409695,0.287231,0.000976,0.70238,0.000672,Right = normalize(Up cross At),Up = normalize(source.Up),At = normalize(source.At projected perpendicular to Up),NEED_STUDY,NEED_STUDY,none,UNTESTED,,2026-06-07,,,,,,,,,,,,,,
S_SIGN_BAR2,SIGN_BAR2,SEEDED,dimensions_library_fbx_bounds,,models/furnishings/S_SIGN_BAR2.fbx,source/control scale,2.872071,3.288769,0.294434,-0.23877,1.638818,0.0,Right = normalize(Up cross At),Up = normalize(source.Up),At = normalize(source.At projected perpendicular to Up),NEED_STUDY,NEED_STUDY,none,UNTESTED,,2026-06-07,,,,,,,,,,,,,,
S_SIGN_BAR3,SIGN_BAR3,SEEDED,dimensions_library_fbx_bounds,,models/furnishings/S_SIGN_BAR3.fbx,source/control scale,3.779297,4.071083,0.408936,0.023438,2.026959,-0.002075,Right = normalize(Up cross At),Up = normalize(source.Up),At = normalize(source.At projected perpendicular to Up),NEED_STUDY,NEED_STUDY,none,UNTESTED,,2026-06-07,,,,,,,,,,,,,,
S_SPARKPLUG,SPARKPLUG,SEEDED,dimensions_library_fbx_bounds,,models/decoration/S_SPARKPLUG.fbx,source/control scale,0.867727,0.327024,0.327024,-0.000478,0.163619,0.0,Right = normalize(Up cross At),Up = normalize(source.Up),At = normalize(source.At projected perpendicular to Up),NEED_STUDY,NEED_STUDY,none,UNTESTED,,2026-06-07,,,,,,,,,,,,,,
S_STEPLADDER,STEPLADDER,SEEDED,dimensions_library_fbx_bounds,,models/decoration/S_STEPLADDER.fbx,source/control scale,1.65918,2.492615,0.776856,0.0,1.200959,0.0,Right = normalize(Up cross At),Up = normalize(source.Up),At = normalize(source.At projected perpendicular to Up),NEED_STUDY,NEED_STUDY,none,UNTESTED,,2026-06-07,,,,,,,,,,,,,,
S_STREETLAMP0,STREETLAMP0,SEEDED,dimensions_library_fbx_bounds,,models/decoration/S_STREETLAMP0.fbx,source/control scale,1.674544,5.909671,1.917754,0.0,2.954791,-0.240218,Right = normalize(Up cross At),Up = normalize(source.Up),At = normalize(source.At projected perpendicular to Up),NEED_STUDY,NEED_STUDY,none,UNTESTED,,2026-06-07,,,,,,,,,,,,,,
S_TABLELAMP0,TABLELAMP0,SEEDED,dimensions_library_fbx_bounds,,models/decoration/S_TABLELAMP0.fbx,source/control scale,0.363142,0.484007,0.363142,0.0,0.242004,0.0,Right = normalize(Up cross At),Up = normalize(source.Up),At = normalize(source.At projected perpendicular to Up),NEED_STUDY,NEED_STUDY,none,UNTESTED,,2026-06-07,,,,,,,,,,,,,,
S_TABLEPOT0,TABLEPOT0,SEEDED,dimensions_library_fbx_bounds,,models/decoration/S_TABLEPOT0.fbx,source/control scale,0.252885,0.626678,0.264276,-0.019149,0.313339,0.0,Right = normalize(Up cross At),Up = normalize(source.Up),At = normalize(source.At projected perpendicular to Up),NEED_STUDY,NEED_STUDY,none,UNTESTED,,2026-06-07,,,,,,,,,,,,,,
S_TOWER,TOWER,SEEDED,dimensions_library_fbx_bounds,,models/settlement/S_TOWER.fbx,source/control scale,9.328125,18.453125,9.328125,0.0,9.226562,0.0,Right = normalize(Up cross At),Up = normalize(source.Up),At = normalize(source.At projected perpendicular to Up),NEED_STUDY,NEED_STUDY,none,UNTESTED,,2026-06-07,,,,,,,,,,,,,,
S_TOWER_B,TOWER_B,SEEDED,dimensions_library_fbx_bounds,,models/settlement/S_TOWER_B.fbx,source/control scale,14.363281,28.47644,14.929688,-0.279297,14.152405,-0.289062,Right = normalize(Up cross At),Up = normalize(source.Up),At = normalize(source.At projected perpendicular to Up),NEED_STUDY,NEED_STUDY,none,UNTESTED,,2026-06-07,,,,,,,,,,,,,,
S_TOWER_B_FA,TOWER_B_FA,SEEDED,dimensions_library_fbx_bounds,,models/settlement/S_TOWER_B_FA.fbx,source/control scale,14.179688,8.609375,8.234375,0.0,8.914062,0.0,Right = normalize(Up cross At),Up = normalize(source.Up),At = normalize(source.At projected perpendicular to Up),NEED_STUDY,NEED_STUDY,none,UNTESTED,,2026-06-07,,,,,,,,,,,,,,
S_TOWER_C,TOWER,SEEDED,dimensions_library_fbx_bounds,,models/settlement/S_TOWER_C.fbx,source/control scale,16.078125,13.085938,18.34375,0.0,18.425781,0.0,Right = normalize(Up cross At),Up = normalize(source.Up),At = normalize(source.At projected perpendicular to Up),NEED_STUDY,NEED_STUDY,none,UNTESTED,,2026-06-07,,,,,,,,,,,,,,
S_TOWER_FA,TOWER_FA,SEEDED,dimensions_library_fbx_bounds,,models/settlement/S_TOWER_FA.fbx,source/control scale,14.179688,8.609375,16.3125,0.0,8.914062,0.0,Right = normalize(Up cross At),Up = normalize(source.Up),At = normalize(source.At projected perpendicular to Up),NEED_STUDY,NEED_STUDY,none,UNTESTED,,2026-06-07,,,,,,,,,,,,,,
S_TRAY0,TRAY0,SEEDED,dimensions_library_fbx_bounds,,models/decoration/S_TRAY0.fbx,source/control scale,0.60205,0.032623,0.60205,0.0,0.016312,0.0,Right = normalize(Up cross At),Up = normalize(source.Up),At = normalize(source.At projected perpendicular to Up),NEED_STUDY,NEED_STUDY,none,UNTESTED,,2026-06-07,,,,,,,,,,,,,,
S_TRIFLOOR,TRIFLOOR,SEEDED,dimensions_library_fbx_bounds,,models/stone_structures/S_TRIFLOOR.fbx,source/control scale,4.516293,0.292766,5.225106,-0.736956,0.0,-0.004829,Right = normalize(Up cross At),Up = normalize(source.Up),At = normalize(source.At projected perpendicular to Up),NEED_STUDY,NEED_STUDY,none,UNTESTED,,2026-06-07,,,,,,,,,,,,,,
S_TRIFLOOR_Q,TRIFLOOR,SEEDED,dimensions_library_fbx_bounds,,models/stone_structures/S_TRIFLOOR_Q.fbx,source/control scale,2.217224,0.285332,2.57278,-0.351793,-1e-06,-0.003057,Right = normalize(Up cross At),Up = normalize(source.Up),At = normalize(source.At projected perpendicular to Up),NEED_STUDY,NEED_STUDY,none,UNTESTED,,2026-06-07,,,,,,,,,,,,,,
S_TROUGH0,TROUGH0,SEEDED,dimensions_library_fbx_bounds,,models/decoration/S_TROUGH0.fbx,source/control scale,2.648248,0.659668,1.05578,0.0,0.329834,0.0,Right = normalize(Up cross At),Up = normalize(source.Up),At = normalize(source.At projected perpendicular to Up),NEED_STUDY,NEED_STUDY,none,UNTESTED,,2026-06-07,,,,,,,,,,,,,,
S_WALL,WALL,SEEDED,dimensions_library_fbx_bounds,,models/stone_structures/S_WALL.fbx,source/control scale,5.691406,3.332031,0.678223,0.0,1.666016,1e-06,Right = normalize(Up cross At),Up = normalize(source.Up),At = normalize(source.At projected perpendicular to Up),NEED_STUDY,NEED_STUDY,none,UNTESTED,,2026-06-07,,,,,,,,,,,,,,
S_WALLB,WALLB,SEEDED,dimensions_library_fbx_bounds,,models/stone_structures/S_WALL.fbx,source/control scale,5.691406,3.332031,0.678223,0.0,1.666016,1e-06,Right = normalize(Up cross At),Up = normalize(source.Up),At = normalize(source.At projected perpendicular to Up),NEED_STUDY,NEED_STUDY,none,UNTESTED,,2026-06-07,,,,,,,,,,,,,,
S_WALLB_DIAGONA,WALLB_DIAGONA,SEEDED,dimensions_library_fbx_bounds,,models/stone_structures/S_WALLDIAGONAL.fbx,source/control scale,5.835336,3.394531,0.572265,0.00031,1.697266,0.0,Right = normalize(Up cross At),Up = normalize(source.Up),At = normalize(source.At projected perpendicular to Up),NEED_STUDY,NEED_STUDY,none,UNTESTED,,2026-06-07,,,,,,,,,,,,,,
S_WALLB_H,WALLB,SEEDED,dimensions_library_fbx_bounds,,models/stone_structures/S_WALL_H.fbx,source/control scale,3.023438,3.475281,0.4292,0.0,1.666657,0.0,Right = normalize(Up cross At),Up = normalize(source.Up),At = normalize(source.At projected perpendicular to Up),NEED_STUDY,NEED_STUDY,none,UNTESTED,,2026-06-07,,,,,,,,,,,,,,
S_WALLB_WIN0,WALLB_WIN0,SEEDED,dimensions_library_fbx_bounds,,models/stone_structures/S_WALL_WINDOW.fbx,source/control scale,5.835336,3.394531,0.572265,0.00031,1.697266,0.0,Right = normalize(Up cross At),Up = normalize(source.Up),At = normalize(source.At projected perpendicular to Up),NEED_STUDY,NEED_STUDY,none,UNTESTED,,2026-06-07,,,,,,,,,,,,,,
S_WALLB_WIN1,WALLB_WIN1,SEEDED,dimensions_library_fbx_bounds,,models/stone_structures/S_WALL_WIN1.fbx,source/control scale,5.835336,3.332031,0.678223,0.00031,1.666016,1e-06,Right = normalize(Up cross At),Up = normalize(source.Up),At = normalize(source.At projected perpendicular to Up),NEED_STUDY,NEED_STUDY,none,UNTESTED,,2026-06-07,,,,,,,,,,,,,,
S_WALLB_WIN2,WALLB_WIN2,SEEDED,dimensions_library_fbx_bounds,,models/stone_structures/S_WALL_WIN2.fbx,source/control scale,5.835336,3.332031,0.572265,0.00031,1.666016,0.0,Right = normalize(Up cross At),Up = normalize(source.Up),At = normalize(source.At projected perpendicular to Up),NEED_STUDY,NEED_STUDY,none,UNTESTED,,2026-06-07,,,,,,,,,,,,,,
S_WALLB_WIN3,WALLB_WIN3,SEEDED,dimensions_library_fbx_bounds,,models/stone_structures/S_WALL_WIN3.fbx,source/control scale,5.835336,3.394531,0.572265,0.00031,1.697266,0.0,Right = normalize(Up cross At),Up = normalize(source.Up),At = normalize(source.At projected perpendicular to Up),NEED_STUDY,NEED_STUDY,none,UNTESTED,,2026-06-07,,,,,,,,,,,,,,
S_WALLDIAGONAL,WALLDIAGONAL,SEEDED,dimensions_library_fbx_bounds,,models/stone_structures/S_WALLDIAGONAL.fbx,source/control scale,5.835336,3.394531,0.572265,0.00031,1.697266,0.0,Right = normalize(Up cross At),Up = normalize(source.Up),At = normalize(source.At projected perpendicular to Up),NEED_STUDY,NEED_STUDY,none,UNTESTED,,2026-06-07,,,,,,,,,,,,,,
S_WALLHANGING1,WALLHANGING1,SEEDED,dimensions_library_fbx_bounds,,models/decoration/S_WALLHANGING1.fbx,source/control scale,3.238296,0.274112,1.682082,0.0,0.137056,0.117943,Right = normalize(Up cross At),Up = normalize(source.Up),At = normalize(source.At projected perpendicular to Up),NEED_STUDY,NEED_STUDY,none,UNTESTED,,2026-06-07,,,,,,,,,,,,,,
S_WALLHANGING2,WALLHANGING2,SEEDED,dimensions_library_fbx_bounds,,models/decoration/S_WALLHANGING2.fbx,source/control scale,3.238296,0.274112,1.219935,0.0,0.137056,-0.11313,Right = normalize(Up cross At),Up = normalize(source.Up),At = normalize(source.At projected perpendicular to Up),NEED_STUDY,NEED_STUDY,none,UNTESTED,,2026-06-07,,,,,,,,,,,,,,
S_WALLHANGING3,WALLHANGING3,SEEDED,dimensions_library_fbx_bounds,,models/decoration/S_WALLHANGING3.fbx,source/control scale,3.238296,0.274112,1.209914,0.0,0.137056,-0.118141,Right = normalize(Up cross At),Up = normalize(source.Up),At = normalize(source.At projected perpendicular to Up),NEED_STUDY,NEED_STUDY,none,UNTESTED,,2026-06-07,,,,,,,,,,,,,,
S_WALLLIGHT0,WALLLIGHT0,SEEDED,dimensions_library_fbx_bounds,,models/decoration/S_WALLLIGHT0.fbx,source/control scale,1.269532,0.126343,0.72754,0.0,0.063171,0.0,Right = normalize(Up cross At),Up = normalize(source.Up),At = normalize(source.At projected perpendicular to Up),NEED_STUDY,NEED_STUDY,none,UNTESTED,,2026-06-07,,,,,,,,,,,,,,
S_WALLM,WALLM,SEEDED,dimensions_library_fbx_bounds,,models/stone_structures/S_WALL.fbx,source/control scale,5.691406,3.332031,0.678223,0.0,1.666016,1e-06,Right = normalize(Up cross At),Up = normalize(source.Up),At = normalize(source.At projected perpendicular to Up),NEED_STUDY,NEED_STUDY,none,UNTESTED,,2026-06-07,,,,,,,,,,,,,,
S_WALLM_DIAGONA,WALLM_DIAGONA,SEEDED,dimensions_library_fbx_bounds,,models/stone_structures/S_WALLDIAGONAL.fbx,source/control scale,5.835336,3.394531,0.572265,0.00031,1.697266,0.0,Right = normalize(Up cross At),Up = normalize(source.Up),At = normalize(source.At projected perpendicular to Up),NEED_STUDY,NEED_STUDY,none,UNTESTED,,2026-06-07,,,,,,,,,,,,,,
S_WALLM_H,WALLM,SEEDED,dimensions_library_fbx_bounds,,models/stone_structures/S_WALL_H.fbx,source/control scale,3.023438,3.475281,0.4292,0.0,1.666657,0.0,Right = normalize(Up cross At),Up = normalize(source.Up),At = normalize(source.At projected perpendicular to Up),NEED_STUDY,NEED_STUDY,none,UNTESTED,,2026-06-07,,,,,,,,,,,,,,
S_WALLM_WIN0,WALLM_WIN0,SEEDED,dimensions_library_fbx_bounds,,models/stone_structures/S_WALL_WINDOW.fbx,source/control scale,5.835336,3.394531,0.572265,0.00031,1.697266,0.0,Right = normalize(Up cross At),Up = normalize(source.Up),At = normalize(source.At projected perpendicular to Up),NEED_STUDY,NEED_STUDY,none,UNTESTED,,2026-06-07,,,,,,,,,,,,,,
S_WALLM_WIN1,WALLM_WIN1,SEEDED,dimensions_library_fbx_bounds,,models/stone_structures/S_WALL_WIN1.fbx,source/control scale,5.835336,3.332031,0.678223,0.00031,1.666016,1e-06,Right = normalize(Up cross At),Up = normalize(source.Up),At = normalize(source.At projected perpendicular to Up),NEED_STUDY,NEED_STUDY,none,UNTESTED,,2026-06-07,,,,,,,,,,,,,,
S_WALLM_WIN2,WALLM_WIN2,SEEDED,dimensions_library_fbx_bounds,,models/stone_structures/S_WALL_WIN2.fbx,source/control scale,5.835336,3.332031,0.572265,0.00031,1.666016,0.0,Right = normalize(Up cross At),Up = normalize(source.Up),At = normalize(source.At projected perpendicular to Up),NEED_STUDY,NEED_STUDY,none,UNTESTED,,2026-06-07,,,,,,,,,,,,,,
S_WALLM_WIN3,WALLM_WIN3,SEEDED,dimensions_library_fbx_bounds,,models/stone_structures/S_WALL_WIN3.fbx,source/control scale,5.835336,3.394531,0.572265,0.00031,1.697266,0.0,Right = normalize(Up cross At),Up = normalize(source.Up),At = normalize(source.At projected perpendicular to Up),NEED_STUDY,NEED_STUDY,none,UNTESTED,,2026-06-07,,,,,,,,,,,,,,
S_WALLT,WALLT,SEEDED,dimensions_library_fbx_bounds,,models/stone_structures/S_WALL.fbx,source/control scale,5.691406,3.332031,0.678223,0.0,1.666016,1e-06,Right = normalize(Up cross At),Up = normalize(source.Up),At = normalize(source.At projected perpendicular to Up),NEED_STUDY,NEED_STUDY,none,UNTESTED,,2026-06-07,,,,,,,,,,,,,,
S_WALLT_DIAGONA,WALLT_DIAGONA,SEEDED,dimensions_library_fbx_bounds,,models/stone_structures/S_WALLDIAGONAL.fbx,source/control scale,5.835336,3.394531,0.572265,0.00031,1.697266,0.0,Right = normalize(Up cross At),Up = normalize(source.Up),At = normalize(source.At projected perpendicular to Up),NEED_STUDY,NEED_STUDY,none,UNTESTED,,2026-06-07,,,,,,,,,,,,,,
S_WALLT_H,WALLT,SEEDED,dimensions_library_fbx_bounds,,models/stone_structures/S_WALL_H.fbx,source/control scale,3.023438,3.475281,0.4292,0.0,1.666657,0.0,Right = normalize(Up cross At),Up = normalize(source.Up),At = normalize(source.At projected perpendicular to Up),NEED_STUDY,NEED_STUDY,none,UNTESTED,,2026-06-07,,,,,,,,,,,,,,
S_WALLT_WIN0,WALLT_WIN0,SEEDED,dimensions_library_fbx_bounds,,models/stone_structures/S_WALL_WINDOW.fbx,source/control scale,5.835336,3.394531,0.572265,0.00031,1.697266,0.0,Right = normalize(Up cross At),Up = normalize(source.Up),At = normalize(source.At projected perpendicular to Up),NEED_STUDY,NEED_STUDY,none,UNTESTED,,2026-06-07,,,,,,,,,,,,,,
S_WALLT_WIN1,WALLT_WIN1,SEEDED,dimensions_library_fbx_bounds,,models/stone_structures/S_WALL_WIN1.fbx,source/control scale,5.835336,3.332031,0.678223,0.00031,1.666016,1e-06,Right = normalize(Up cross At),Up = normalize(source.Up),At = normalize(source.At projected perpendicular to Up),NEED_STUDY,NEED_STUDY,none,UNTESTED,,2026-06-07,,,,,,,,,,,,,,
S_WALLT_WIN2,WALLT_WIN2,SEEDED,dimensions_library_fbx_bounds,,models/stone_structures/S_WALL_WIN2.fbx,source/control scale,5.835336,3.332031,0.572265,0.00031,1.666016,0.0,Right = normalize(Up cross At),Up = normalize(source.Up),At = normalize(source.At projected perpendicular to Up),NEED_STUDY,NEED_STUDY,none,UNTESTED,,2026-06-07,,,,,,,,,,,,,,
S_WALLT_WIN3,WALLT_WIN3,SEEDED,dimensions_library_fbx_bounds,,models/stone_structures/S_WALL_WIN3.fbx,source/control scale,5.835336,3.394531,0.572265,0.00031,1.697266,0.0,Right = normalize(Up cross At),Up = normalize(source.Up),At = normalize(source.At projected perpendicular to Up),NEED_STUDY,NEED_STUDY,none,UNTESTED,,2026-06-07,,,,,,,,,,,,,,
S_WALL_H,WALL,SEEDED,dimensions_library_fbx_bounds,,models/stone_structures/S_WALL_H.fbx,source/control scale,3.023438,3.475281,0.4292,0.0,1.666657,0.0,Right = normalize(Up cross At),Up = normalize(source.Up),At = normalize(source.At projected perpendicular to Up),NEED_STUDY,NEED_STUDY,none,UNTESTED,,2026-06-07,,,,,,,,,,,,,,
S_WALL_Q,WALL,SEEDED,dimensions_library_fbx_bounds,,models/stone_structures/S_WALL_Q.fbx,source/control scale,5.835336,0.82493,0.635851,0.00031,0.412465,0.0,Right = normalize(Up cross At),Up = normalize(source.Up),At = normalize(source.At projected perpendicular to Up),NEED_STUDY,NEED_STUDY,none,UNTESTED,,2026-06-07,,,,,,,,,,,,,,
S_WALL_Q1,WALL_Q1,SEEDED,dimensions_library_fbx_bounds,,models/stone_structures/S_WALL_Q1.fbx,source/control scale,5.835336,0.82493,0.635851,0.00031,0.412465,0.0,Right = normalize(Up cross At),Up = normalize(source.Up),At = normalize(source.At projected perpendicular to Up),NEED_STUDY,NEED_STUDY,none,UNTESTED,,2026-06-07,,,,,,,,,,,,,,
S_WALL_Q_H,WALL_Q,SEEDED,dimensions_library_fbx_bounds,,models/stone_structures/S_WALL_Q_H.fbx,source/control scale,3.062824,0.82493,0.635851,0.00031,0.412465,0.0,Right = normalize(Up cross At),Up = normalize(source.Up),At = normalize(source.At projected perpendicular to Up),NEED_STUDY,NEED_STUDY,none,UNTESTED,,2026-06-07,,,,,,,,,,,,,,
S_WALL_Q_H1,WALL_Q,SEEDED,dimensions_library_fbx_bounds,,models/stone_structures/S_WALL_Q_H1.fbx,source/control scale,3.062824,0.82493,0.635851,0.00031,0.412465,0.0,Right = normalize(Up cross At),Up = normalize(source.Up),At = normalize(source.At projected perpendicular to Up),NEED_STUDY,NEED_STUDY,none,UNTESTED,,2026-06-07,,,,,,,,,,,,,,
S_WALL_SUPPORTS,WALL_SUPPORTS,SEEDED,dimensions_library_fbx_bounds,,models/stone_structures/S_WALL_SUPPORTS.fbx,source/control scale,1.156447,2.197952,0.786957,0.000814,1.098976,0.179551,Right = normalize(Up cross At),Up = normalize(source.Up),At = normalize(source.At projected perpendicular to Up),NEED_STUDY,NEED_STUDY,none,UNTESTED,,2026-06-07,,,,,,,,,,,,,,
S_WALL_WIN1,WALL_WIN1,SEEDED,dimensions_library_fbx_bounds,,models/stone_structures/S_WALL_WIN1.fbx,source/control scale,5.835336,3.332031,0.678223,0.00031,1.666016,1e-06,Right = normalize(Up cross At),Up = normalize(source.Up),At = normalize(source.At projected perpendicular to Up),NEED_STUDY,NEED_STUDY,none,UNTESTED,,2026-06-07,,,,,,,,,,,,,,
S_WALL_WIN2,WALL_WIN2,SEEDED,dimensions_library_fbx_bounds,,models/stone_structures/S_WALL_WIN2.fbx,source/control scale,5.835336,3.332031,0.572265,0.00031,1.666016,0.0,Right = normalize(Up cross At),Up = normalize(source.Up),At = normalize(source.At projected perpendicular to Up),NEED_STUDY,NEED_STUDY,none,UNTESTED,,2026-06-07,,,,,,,,,,,,,,
S_WALL_WIN3,WALL_WIN3,SEEDED,dimensions_library_fbx_bounds,,models/stone_structures/S_WALL_WIN3.fbx,source/control scale,5.835336,3.394531,0.572265,0.00031,1.697266,0.0,Right = normalize(Up cross At),Up = normalize(source.Up),At = normalize(source.At projected perpendicular to Up),NEED_STUDY,NEED_STUDY,none,UNTESTED,,2026-06-07,,,,,,,,,,,,,,
S_WALL_WINDOW,WALL_WINDOW,SEEDED,dimensions_library_fbx_bounds,,models/stone_structures/S_WALL_WINDOW.fbx,source/control scale,5.835336,3.394531,0.572265,0.00031,1.697266,0.0,Right = normalize(Up cross At),Up = normalize(source.Up),At = normalize(source.At projected perpendicular to Up),NEED_STUDY,NEED_STUDY,none,UNTESTED,,2026-06-07,,,,,,,,,,,,,,
S_WATERTOWER,WATERTOWER,SEEDED,dimensions_library_fbx_bounds,,models/decoration/S_WATERTOWER.fbx,source/control scale,2.46289,5.964309,2.589845,0.0,2.994408,0.0,Right = normalize(Up cross At),Up = normalize(source.Up),At = normalize(source.At projected perpendicular to Up),NEED_STUDY,NEED_STUDY,none,UNTESTED,,2026-06-07,,,,,,,,,,,,,,
S_WATERVALVE0,WATERVALVE0,SEEDED,dimensions_library_fbx_bounds,,models/decoration/S_WATERVALVE0.fbx,source/control scale,0.98,1.212363,1.053495,0.0,0.606182,-0.036747,Right = normalize(Up cross At),Up = normalize(source.Up),At = normalize(source.At projected perpendicular to Up),NEED_STUDY,NEED_STUDY,none,UNTESTED,,2026-06-07,,,,,,,,,,,,,,
S_WHEELBARROW,WHEELBARROW,SEEDED,dimensions_library_fbx_bounds,,models/decoration/S_WHEELBARROW.fbx,source/control scale,2.001465,1.047852,1.06836,0.065674,0.523926,0.0,Right = normalize(Up cross At),Up = normalize(source.Up),At = normalize(source.At projected perpendicular to Up),NEED_STUDY,NEED_STUDY,none,UNTESTED,,2026-06-07,,,,,,,,,,,,,,
TECHPANEL,TECHPANEL,SEEDED,dimensions_library_fbx_bounds,,models/furnishings/TECHPANEL.fbx,source/control scale,1.283196,0.198365,0.618326,0.0,0.084123,0.0,Right = normalize(Up cross At),Up = normalize(source.Up),At = normalize(source.At projected perpendicular to Up),NEED_STUDY,NEED_STUDY,none,UNTESTED,,2026-06-07,,,,,,,,,,,,,,
TELEPORTER,TELEPORTER,SEEDED,dimensions_library_fbx_bounds,,models/freighter/TELEPORTER_F.fbx,source/control scale,4.121094,3.917725,2.791992,0.0,1.689575,-0.371582,Right = normalize(Up cross At),Up = normalize(source.Up),At = normalize(source.At projected perpendicular to Up),NEED_STUDY,NEED_STUDY,none,UNTESTED,,2026-06-07,,,,,,,,,,,,,,
TELEPORTER_F,TELEPORTER_F,SEEDED,dimensions_library_fbx_bounds,,models/freighter/TELEPORTER_F.fbx,source/control scale,4.121094,3.917725,2.791992,0.0,1.689575,-0.371582,Right = normalize(Up cross At),Up = normalize(source.Up),At = normalize(source.At projected perpendicular to Up),NEED_STUDY,NEED_STUDY,none,UNTESTED,,2026-06-07,,,,,,,,,,,,,,
TOXICPLANT,TOXICPLANT,SEEDED,dimensions_library_fbx_bounds,,models/farming/TOXICPLANT.fbx,source/control scale,1.275112,2.177318,1.358073,0.0,0.85672,0.029518,Right = normalize(Up cross At),Up = normalize(source.Up),At = normalize(source.At projected perpendicular to Up),NEED_STUDY,NEED_STUDY,none,UNTESTED,,2026-06-07,,,,,,,,,,,,,,
TURRET_ABAND,TURRET_ABAND,SEEDED,dimensions_library_fbx_bounds,,models/freighter/TURRET_ABAND.fbx,source/control scale,1.10458,0.931386,1.430924,0.0,0.465693,0.076517,Right = normalize(Up cross At),Up = normalize(source.Up),At = normalize(source.At projected perpendicular to Up),NEED_STUDY,NEED_STUDY,none,UNTESTED,,2026-06-07,,,,,,,,,,,,,,
T_ARCH,ARCH,SEEDED,dimensions_library_fbx_bounds,,models/timber_structures/T_ARCH.fbx,source/control scale,5.557536,3.351036,0.43156,-0.068146,1.668011,0.008004,Right = normalize(Up cross At),Up = normalize(source.Up),At = normalize(source.At projected perpendicular to Up),NEED_STUDY,NEED_STUDY,none,UNTESTED,,2026-06-07,,,,,,,,,,,,,,
T_ARCHB,ARCHB,SEEDED,dimensions_library_fbx_bounds,,models/timber_structures/T_ARCH.fbx,source/control scale,5.557536,3.351036,0.43156,-0.068146,1.668011,0.008004,Right = normalize(Up cross At),Up = normalize(source.Up),At = normalize(source.At projected perpendicular to Up),NEED_STUDY,NEED_STUDY,none,UNTESTED,,2026-06-07,,,,,,,,,,,,,,
T_ARCHB_H,ARCHB,SEEDED,dimensions_library_fbx_bounds,,models/timber_structures/T_ARCH_H.fbx,source/control scale,2.84707,3.351036,0.360339,-0.043729,1.668011,0.001463,Right = normalize(Up cross At),Up = normalize(source.Up),At = normalize(source.At projected perpendicular to Up),NEED_STUDY,NEED_STUDY,none,UNTESTED,,2026-06-07,,,,,,,,,,,,,,
T_ARCHM,ARCHM,SEEDED,dimensions_library_fbx_bounds,,models/timber_structures/T_ARCH.fbx,source/control scale,5.557536,3.351036,0.43156,-0.068146,1.668011,0.008004,Right = normalize(Up cross At),Up = normalize(source.Up),At = normalize(source.At projected perpendicular to Up),NEED_STUDY,NEED_STUDY,none,UNTESTED,,2026-06-07,,,,,,,,,,,,,,
T_ARCHM_H,ARCHM,SEEDED,dimensions_library_fbx_bounds,,models/timber_structures/T_ARCH_H.fbx,source/control scale,2.84707,3.351036,0.360339,-0.043729,1.668011,0.001463,Right = normalize(Up cross At),Up = normalize(source.Up),At = normalize(source.At projected perpendicular to Up),NEED_STUDY,NEED_STUDY,none,UNTESTED,,2026-06-07,,,,,,,,,,,,,,
T_ARCHT,ARCHT,SEEDED,dimensions_library_fbx_bounds,,models/timber_structures/T_ARCH.fbx,source/control scale,5.557536,3.351036,0.43156,-0.068146,1.668011,0.008004,Right = normalize(Up cross At),Up = normalize(source.Up),At = normalize(source.At projected perpendicular to Up),NEED_STUDY,NEED_STUDY,none,UNTESTED,,2026-06-07,,,,,,,,,,,,,,
T_ARCHT_H,ARCHT,SEEDED,dimensions_library_fbx_bounds,,models/timber_structures/T_ARCH_H.fbx,source/control scale,2.84707,3.351036,0.360339,-0.043729,1.668011,0.001463,Right = normalize(Up cross At),Up = normalize(source.Up),At = normalize(source.At projected perpendicular to Up),NEED_STUDY,NEED_STUDY,none,UNTESTED,,2026-06-07,,,,,,,,,,,,,,
T_ARCH_H,ARCH,SEEDED,dimensions_library_fbx_bounds,,models/timber_structures/T_ARCH_H.fbx,source/control scale,2.84707,3.351036,0.360339,-0.043729,1.668011,0.001463,Right = normalize(Up cross At),Up = normalize(source.Up),At = normalize(source.At projected perpendicular to Up),NEED_STUDY,NEED_STUDY,none,UNTESTED,,2026-06-07,,,,,,,,,,,,,,
T_CHEV_DOOR,CHEV_DOOR,SEEDED,dimensions_library_fbx_bounds,,models/timber_structures/T_CHEV_DOOR.fbx,source/control scale,5.429236,3.332031,1.118747,0.0,1.666016,0.488531,Right = normalize(Up cross At),Up = normalize(source.Up),At = normalize(source.At projected perpendicular to Up),NEED_STUDY,NEED_STUDY,none,UNTESTED,,2026-06-07,,,,,,,,,,,,,,
T_CHEV_WALL,CHEV_WALL,SEEDED,dimensions_library_fbx_bounds,,models/timber_structures/T_CHEV_WALL.fbx,source/control scale,5.424624,3.336023,0.792379,0.002306,1.663942,0.325346,Right = normalize(Up cross At),Up = normalize(source.Up),At = normalize(source.At projected perpendicular to Up),NEED_STUDY,NEED_STUDY,none,UNTESTED,,2026-06-07,,,,,,,,,,,,,,
T_CHEV_WALL_H_C,CHEV_WALL_H,SEEDED,dimensions_library_fbx_bounds,,models/timber_structures/T_CHEV_WALL_H_C.fbx,source/control scale,0.793206,3.332457,0.770289,-0.33199,1.666229,0.339628,Right = normalize(Up cross At),Up = normalize(source.Up),At = normalize(source.At projected perpendicular to Up),NEED_STUDY,NEED_STUDY,none,UNTESTED,,2026-06-07,,,,,,,,,,,,,,
T_CHEV_WIN0,CHEV_WIN0,SEEDED,dimensions_library_fbx_bounds,,models/timber_structures/T_CHEV_WIN0.fbx,source/control scale,5.417968,3.337905,0.817378,0.0,1.661319,0.351194,Right = normalize(Up cross At),Up = normalize(source.Up),At = normalize(source.At projected perpendicular to Up),NEED_STUDY,NEED_STUDY,none,UNTESTED,,2026-06-07,,,,,,,,,,,,,,
T_CHEV_WIN1,CHEV_WIN1,SEEDED,dimensions_library_fbx_bounds,,models/timber_structures/T_CHEV_WIN1.fbx,source/control scale,5.417968,3.337905,0.817378,0.0,1.661319,0.351194,Right = normalize(Up cross At),Up = normalize(source.Up),At = normalize(source.At projected perpendicular to Up),NEED_STUDY,NEED_STUDY,none,UNTESTED,,2026-06-07,,,,,,,,,,,,,,
T_CHEV_WIN2,CHEV_WIN2,SEEDED,dimensions_library_fbx_bounds,,models/timber_structures/T_CHEV_WIN2.fbx,source/control scale,5.417968,3.337905,0.817378,0.0,1.661319,0.351194,Right = normalize(Up cross At),Up = normalize(source.Up),At = normalize(source.At projected perpendicular to Up),NEED_STUDY,NEED_STUDY,none,UNTESTED,,2026-06-07,,,,,,,,,,,,,,
T_DOOR,DOOR,SEEDED,dimensions_library_fbx_bounds,,models/timber_structures/T_DOOR.fbx,source/control scale,5.693828,3.351036,0.477778,0.0,1.668011,0.0,Right = normalize(Up cross At),Up = normalize(source.Up),At = normalize(source.At projected perpendicular to Up),NEED_STUDY,NEED_STUDY,none,UNTESTED,,2026-06-07,,,,,,,,,,,,,,
T_DOOR1,DOOR1,SEEDED,dimensions_library_fbx_bounds,,models/timber_structures/T_DOOR1.fbx,source/control scale,5.693828,3.351036,0.477778,0.0,1.668011,0.0,Right = normalize(Up cross At),Up = normalize(source.Up),At = normalize(source.At projected perpendicular to Up),NEED_STUDY,NEED_STUDY,none,UNTESTED,,2026-06-07,,,,,,,,,,,,,,
T_DOORB0,DOORB0,SEEDED,dimensions_library_fbx_bounds,,models/timber_structures/T_DOOR.fbx,source/control scale,5.693828,3.351036,0.477778,0.0,1.668011,0.0,Right = normalize(Up cross At),Up = normalize(source.Up),At = normalize(source.At projected perpendicular to Up),NEED_STUDY,NEED_STUDY,none,UNTESTED,,2026-06-07,,,,,,,,,,,,,,
T_DOORB0_H,DOORB0,SEEDED,dimensions_library_fbx_bounds,,models/timber_structures/T_DOOR_H.fbx,source/control scale,3.056668,3.351036,0.355556,0.0,1.668011,0.0,Right = normalize(Up cross At),Up = normalize(source.Up),At = normalize(source.At projected perpendicular to Up),NEED_STUDY,NEED_STUDY,none,UNTESTED,,2026-06-07,,,,,,,,,,,,,,
T_DOORB1,DOORB1,SEEDED,dimensions_library_fbx_bounds,,models/timber_structures/T_DOOR1.fbx,source/control scale,5.693828,3.351036,0.477778,0.0,1.668011,0.0,Right = normalize(Up cross At),Up = normalize(source.Up),At = normalize(source.At projected perpendicular to Up),NEED_STUDY,NEED_STUDY,none,UNTESTED,,2026-06-07,,,,,,,,,,,,,,
T_DOORM0,DOORM0,SEEDED,dimensions_library_fbx_bounds,,models/timber_structures/T_DOOR.fbx,source/control scale,5.693828,3.351036,0.477778,0.0,1.668011,0.0,Right = normalize(Up cross At),Up = normalize(source.Up),At = normalize(source.At projected perpendicular to Up),NEED_STUDY,NEED_STUDY,none,UNTESTED,,2026-06-07,,,,,,,,,,,,,,
T_DOORM0_H,DOORM0,SEEDED,dimensions_library_fbx_bounds,,models/timber_structures/T_DOOR_H.fbx,source/control scale,3.056668,3.351036,0.355556,0.0,1.668011,0.0,Right = normalize(Up cross At),Up = normalize(source.Up),At = normalize(source.At projected perpendicular to Up),NEED_STUDY,NEED_STUDY,none,UNTESTED,,2026-06-07,,,,,,,,,,,,,,
T_DOORM1,DOORM1,SEEDED,dimensions_library_fbx_bounds,,models/timber_structures/T_DOOR1.fbx,source/control scale,5.693828,3.351036,0.477778,0.0,1.668011,0.0,Right = normalize(Up cross At),Up = normalize(source.Up),At = normalize(source.At projected perpendicular to Up),NEED_STUDY,NEED_STUDY,none,UNTESTED,,2026-06-07,,,,,,,,,,,,,,
T_DOORT0,DOORT0,SEEDED,dimensions_library_fbx_bounds,,models/timber_structures/T_DOOR.fbx,source/control scale,5.693828,3.351036,0.477778,0.0,1.668011,0.0,Right = normalize(Up cross At),Up = normalize(source.Up),At = normalize(source.At projected perpendicular to Up),NEED_STUDY,NEED_STUDY,none,UNTESTED,,2026-06-07,,,,,,,,,,,,,,
T_DOORT0_H,DOORT0,SEEDED,dimensions_library_fbx_bounds,,models/timber_structures/T_DOOR_H.fbx,source/control scale,3.056668,3.351036,0.355556,0.0,1.668011,0.0,Right = normalize(Up cross At),Up = normalize(source.Up),At = normalize(source.At projected perpendicular to Up),NEED_STUDY,NEED_STUDY,none,UNTESTED,,2026-06-07,,,,,,,,,,,,,,
T_DOORT1,DOORT1,SEEDED,dimensions_library_fbx_bounds,,models/timber_structures/T_DOOR1.fbx,source/control scale,5.693828,3.351036,0.477778,0.0,1.668011,0.0,Right = normalize(Up cross At),Up = normalize(source.Up),At = normalize(source.At projected perpendicular to Up),NEED_STUDY,NEED_STUDY,none,UNTESTED,,2026-06-07,,,,,,,,,,,,,,
T_DOORWINB0,DOORWINB0,SEEDED,dimensions_library_fbx_bounds,,models/timber_structures/T_DOORWINDOW.fbx,source/control scale,5.417614,3.351036,0.119374,-0.004845,1.668011,0.0,Right = normalize(Up cross At),Up = normalize(source.Up),At = normalize(source.At projected perpendicular to Up),NEED_STUDY,NEED_STUDY,none,UNTESTED,,2026-06-07,,,,,,,,,,,,,,
T_DOORWINDOW,DOORWINDOW,SEEDED,dimensions_library_fbx_bounds,,models/timber_structures/T_DOORWINDOW.fbx,source/control scale,5.417614,3.351036,0.119374,-0.004845,1.668011,0.0,Right = normalize(Up cross At),Up = normalize(source.Up),At = normalize(source.At projected perpendicular to Up),NEED_STUDY,NEED_STUDY,none,UNTESTED,,2026-06-07,,,,,,,,,,,,,,
T_DOORWINM0,DOORWINM0,SEEDED,dimensions_library_fbx_bounds,,models/timber_structures/T_DOORWINDOW.fbx,source/control scale,5.417614,3.351036,0.119374,-0.004845,1.668011,0.0,Right = normalize(Up cross At),Up = normalize(source.Up),At = normalize(source.At projected perpendicular to Up),NEED_STUDY,NEED_STUDY,none,UNTESTED,,2026-06-07,,,,,,,,,,,,,,
T_DOORWINT0,DOORWINT0,SEEDED,dimensions_library_fbx_bounds,,models/timber_structures/T_DOORWINDOW.fbx,source/control scale,5.417614,3.351036,0.119374,-0.004845,1.668011,0.0,Right = normalize(Up cross At),Up = normalize(source.Up),At = normalize(source.At projected perpendicular to Up),NEED_STUDY,NEED_STUDY,none,UNTESTED,,2026-06-07,,,,,,,,,,,,,,
T_DOOR_H,DOOR,SEEDED,dimensions_library_fbx_bounds,,models/timber_structures/T_DOOR_H.fbx,source/control scale,3.056668,3.351036,0.355556,0.0,1.668011,0.0,Right = normalize(Up cross At),Up = normalize(source.Up),At = normalize(source.At projected perpendicular to Up),NEED_STUDY,NEED_STUDY,none,UNTESTED,,2026-06-07,,,,,,,,,,,,,,
T_FLOOR,FLOOR,SEEDED,dimensions_library_fbx_bounds,,models/timber_structures/T_FLOOR.fbx,source/control scale,5.320312,0.127351,5.3125,0.0,0.068527,0.0,Right = normalize(Up cross At),Up = normalize(source.Up),At = normalize(source.At projected perpendicular to Up),NEED_STUDY,NEED_STUDY,none,UNTESTED,,2026-06-07,,,,,,,,,,,,,,
T_FLOOR_Q,FLOOR,SEEDED,dimensions_library_fbx_bounds,,models/timber_structures/T_FLOOR_Q.fbx,source/control scale,2.640361,0.127351,2.637755,-6.3e-05,0.068527,0.000117,Right = normalize(Up cross At),Up = normalize(source.Up),At = normalize(source.At projected perpendicular to Up),NEED_STUDY,NEED_STUDY,none,UNTESTED,,2026-06-07,,,,,,,,,,,,,,
T_GDOOR,GDOOR,SEEDED,dimensions_library_fbx_bounds,,models/timber_structures/T_GDOOR.fbx,source/control scale,5.417614,3.351036,1.756086,-0.004845,1.668011,-0.647512,Right = normalize(Up cross At),Up = normalize(source.Up),At = normalize(source.At projected perpendicular to Up),NEED_STUDY,NEED_STUDY,none,UNTESTED,,2026-06-07,,,,,,,,,,,,,,
T_GDOORB0,GDOORB0,SEEDED,dimensions_library_fbx_bounds,,models/timber_structures/T_GDOOR.fbx,source/control scale,5.417614,3.351036,1.756086,-0.004845,1.668011,-0.647512,Right = normalize(Up cross At),Up = normalize(source.Up),At = normalize(source.At projected perpendicular to Up),NEED_STUDY,NEED_STUDY,none,UNTESTED,,2026-06-07,,,,,,,,,,,,,,
T_GDOORM0,GDOORM0,SEEDED,dimensions_library_fbx_bounds,,models/timber_structures/T_GDOOR.fbx,source/control scale,5.417614,3.351036,1.756086,-0.004845,1.668011,-0.647512,Right = normalize(Up cross At),Up = normalize(source.Up),At = normalize(source.At projected perpendicular to Up),NEED_STUDY,NEED_STUDY,none,UNTESTED,,2026-06-07,,,,,,,,,,,,,,
T_GDOORT0,GDOORT0,SEEDED,dimensions_library_fbx_bounds,,models/timber_structures/T_GDOOR.fbx,source/control scale,5.417614,3.351036,1.756086,-0.004845,1.668011,-0.647512,Right = normalize(Up cross At),Up = normalize(source.Up),At = normalize(source.At projected perpendicular to Up),NEED_STUDY,NEED_STUDY,none,UNTESTED,,2026-06-07,,,,,,,,,,,,,,
T_GFLOOR,GFLOOR,SEEDED,dimensions_library_fbx_bounds,,models/timber_structures/T_GFLOOR.fbx,source/control scale,5.320312,0.127351,5.3125,0.0,0.068527,0.0,Right = normalize(Up cross At),Up = normalize(source.Up),At = normalize(source.At projected perpendicular to Up),NEED_STUDY,NEED_STUDY,none,UNTESTED,,2026-06-07,,,,,,,,,,,,,,
T_RAMP,STAIR_FULL_RAMP,USER_ACCEPTED_GENERAL_PLACEMENT,per_part_partmap,library/part_placement_maps/T_RAMP.partmap.json,models/timber_structures/T_RAMP.fbx,source/control scale unless explicitly parameterized,5.332032,3.491043,5.452886,0.0,1.508385,-0.00218,normalize(Up cross At),normalize(source.Up),normalize(source.At projected perpendicular to Up),USER_ACCEPTED_STAIR_LOCAL_FRAME_REPEAT,floor_to_stair_edge_start; local_frame_stair_chain; terminal_landing; switchback; stadium_side_bank; stadium_back_bank; five_lane_equal_step_u_corner,none,BLENDER_USER_CHECK,,2026-06-07,OBSERVED_FACT_OR_DERIVED_PENDING,unknown,"[,,]",unknown,unknown,unknown,,,,unknown,single_part_or_unknown,none,,
T_RAMP_H,RAMP,SEEDED,dimensions_library_fbx_bounds,,models/timber_structures/T_RAMP_H.fbx,source/control scale,2.656,3.491043,5.452886,0.0,1.508385,-0.00218,Right = normalize(Up cross At),Up = normalize(source.Up),At = normalize(source.At projected perpendicular to Up),NEED_STUDY,NEED_STUDY,none,UNTESTED,,2026-06-07,,,,,,,,,,,,,,
T_RAMP_Q_TOP,RAMP_Q_TOP,SEEDED,dimensions_library_fbx_bounds,,models/timber_structures/T_RAMP_Q_TOP.fbx,source/control scale,2.656,1.226186,2.800428,0.0,-0.475752,-0.061335,Right = normalize(Up cross At),Up = normalize(source.Up),At = normalize(source.At projected perpendicular to Up),NEED_STUDY,NEED_STUDY,none,UNTESTED,,2026-06-07,,,,,,,,,,,,,,
T_ROOF0,ROOF0,SEEDED,dimensions_library_fbx_bounds,,models/timber_structures/T_ROOF0.fbx,source/control scale,5.40625,1.334191,5.40625,0.0,0.658101,-0.001953,Right = normalize(Up cross At),Up = normalize(source.Up),At = normalize(source.At projected perpendicular to Up),NEED_STUDY,NEED_STUDY,none,UNTESTED,,2026-06-07,,,,,,,,,,,,,,
T_ROOF1,ROOF1,SEEDED,dimensions_library_fbx_bounds,,models/timber_structures/T_ROOF1.fbx,source/control scale,5.3125,2.661956,5.314453,0.0,1.330978,-0.000976,Right = normalize(Up cross At),Up = normalize(source.Up),At = normalize(source.At projected perpendicular to Up),NEED_STUDY,NEED_STUDY,none,UNTESTED,,2026-06-07,,,,,,,,,,,,,,
T_ROOF2,ROOF2,SEEDED,dimensions_library_fbx_bounds,,models/timber_structures/T_ROOF2.fbx,source/control scale,5.390943,2.158122,5.314453,0.039222,1.079061,-0.000976,Right = normalize(Up cross At),Up = normalize(source.Up),At = normalize(source.At projected perpendicular to Up),NEED_STUDY,NEED_STUDY,none,UNTESTED,,2026-06-07,,,,,,,,,,,,,,
T_ROOF3,ROOF3,SEEDED,dimensions_library_fbx_bounds,,models/timber_structures/T_ROOF3.fbx,source/control scale,5.578223,5.040141,5.578223,0.011425,2.520071,0.011425,Right = normalize(Up cross At),Up = normalize(source.Up),At = normalize(source.At projected perpendicular to Up),NEED_STUDY,NEED_STUDY,none,UNTESTED,,2026-06-07,,,,,,,,,,,,,,
T_ROOF4,ROOF4,SEEDED,dimensions_library_fbx_bounds,,models/timber_structures/T_ROOF4.fbx,source/control scale,5.638081,2.240751,5.606621,-0.032282,1.120376,-0.009362,Right = normalize(Up cross At),Up = normalize(source.Up),At = normalize(source.At projected perpendicular to Up),NEED_STUDY,NEED_STUDY,none,UNTESTED,,2026-06-07,,,,,,,,,,,,,,
T_ROOF5,ROOF5,SEEDED,dimensions_library_fbx_bounds,,models/timber_structures/T_ROOF5.fbx,source/control scale,5.502222,4.54586,5.504245,0.0,2.27293,-0.000976,Right = normalize(Up cross At),Up = normalize(source.Up),At = normalize(source.At projected perpendicular to Up),NEED_STUDY,NEED_STUDY,none,UNTESTED,,2026-06-07,,,,,,,,,,,,,,
T_ROOF6,ROOF6,SEEDED,dimensions_library_fbx_bounds,,models/timber_structures/T_ROOF6.fbx,source/control scale,5.642614,1.3,5.642614,0.0,0.505135,0.0,Right = normalize(Up cross At),Up = normalize(source.Up),At = normalize(source.At projected perpendicular to Up),NEED_STUDY,NEED_STUDY,none,UNTESTED,,2026-06-07,,,,,,,,,,,,,,
T_ROOF7,ROOF7,SEEDED,dimensions_library_fbx_bounds,,models/timber_structures/T_ROOF7.fbx,source/control scale,5.6,1.438593,5.6,0.0,0.719297,0.0,Right = normalize(Up cross At),Up = normalize(source.Up),At = normalize(source.At projected perpendicular to Up),NEED_STUDY,NEED_STUDY,none,UNTESTED,,2026-06-07,,,,,,,,,,,,,,
T_ROOF_C,ROOF,SEEDED,dimensions_library_fbx_bounds,,models/timber_structures/T_ROOF_C.fbx,source/control scale,5.460937,3.359772,5.476563,-0.023438,1.665817,0.027344,Right = normalize(Up cross At),Up = normalize(source.Up),At = normalize(source.At projected perpendicular to Up),NEED_STUDY,NEED_STUDY,none,UNTESTED,,2026-06-07,,,,,,,,,,,,,,
T_ROOF_E_CAP,ROOF_E_CAP,SEEDED,dimensions_library_fbx_bounds,,models/timber_structures/T_ROOF_E_CAP.fbx,source/control scale,0.392928,1.457734,6.28071,0.005239,0.728867,0.0,Right = normalize(Up cross At),Up = normalize(source.Up),At = normalize(source.At projected perpendicular to Up),NEED_STUDY,NEED_STUDY,none,UNTESTED,,2026-06-07,,,,,,,,,,,,,,
T_ROOF_E_Q,ROOF_E,SEEDED,dimensions_library_fbx_bounds,,models/timber_structures/T_ROOF_E_Q.fbx,source/control scale,0.206804,3.095584,2.664063,0.005239,1.547792,-0.000977,Right = normalize(Up cross At),Up = normalize(source.Up),At = normalize(source.At projected perpendicular to Up),NEED_STUDY,NEED_STUDY,none,UNTESTED,,2026-06-07,,,,,,,,,,,,,,
T_ROOF_IC,ROOF,SEEDED,dimensions_library_fbx_bounds,,models/timber_structures/T_ROOF_IC.fbx,source/control scale,5.556641,3.3565,5.515624,-0.075196,1.667454,0.056641,Right = normalize(Up cross At),Up = normalize(source.Up),At = normalize(source.At projected perpendicular to Up),NEED_STUDY,NEED_STUDY,none,UNTESTED,,2026-06-07,,,,,,,,,,,,,,
T_ROOF_M,ROOF,SEEDED,dimensions_library_fbx_bounds,,models/timber_structures/T_ROOF_M.fbx,source/control scale,5.421876,3.359771,5.421876,0.0,1.665817,0.0,Right = normalize(Up cross At),Up = normalize(source.Up),At = normalize(source.At projected perpendicular to Up),NEED_STUDY,NEED_STUDY,none,UNTESTED,,2026-06-07,,,,,,,,,,,,,,
T_ROOF_M_CAP,ROOF_M_CAP,SEEDED,dimensions_library_fbx_bounds,,models/timber_structures/T_ROOF_M_CAP.fbx,source/control scale,5.332032,2.013672,5.394532,0.0,1.006836,0.0,Right = normalize(Up cross At),Up = normalize(source.Up),At = normalize(source.At projected perpendicular to Up),NEED_STUDY,NEED_STUDY,none,UNTESTED,,2026-06-07,,,,,,,,,,,,,,
T_ROOF_M_CAP_Glass,ROOF_M_CAP_Glass,SEEDED,dimensions_library_fbx_bounds,,models/timber_structures/T_ROOF_M_CAP_Glass.fbx,source/control scale,4.800782,1.677734,5.021484,0.0,1.111328,-0.004883,Right = normalize(Up cross At),Up = normalize(source.Up),At = normalize(source.At projected perpendicular to Up),NEED_STUDY,NEED_STUDY,none,UNTESTED,,2026-06-07,,,,,,,,,,,,,,
T_ROOF_M_Q,ROOF_M,SEEDED,dimensions_library_fbx_bounds,,models/timber_structures/T_ROOF_M_Q.fbx,source/control scale,5.417968,3.381937,2.795035,-8e-06,1.690969,0.016053,Right = normalize(Up cross At),Up = normalize(source.Up),At = normalize(source.At projected perpendicular to Up),NEED_STUDY,NEED_STUDY,none,UNTESTED,,2026-06-07,,,,,,,,,,,,,,
T_ROOF_M_WIN,ROOF_M_WIN,SEEDED,dimensions_library_fbx_bounds,,models/timber_structures/T_ROOF_M_WIN.fbx,source/control scale,5.511719,1.223272,5.445312,0.0,0.61102,-0.025391,Right = normalize(Up cross At),Up = normalize(source.Up),At = normalize(source.At projected perpendicular to Up),NEED_STUDY,NEED_STUDY,none,UNTESTED,,2026-06-07,,,,,,,,,,,,,,
T_TRIFLOOR,TRIFLOOR,SEEDED,dimensions_library_fbx_bounds,,models/timber_structures/T_TRIFLOOR.fbx,source/control scale,4.593367,0.137085,5.307487,-0.757856,0.068543,0.000211,Right = normalize(Up cross At),Up = normalize(source.Up),At = normalize(source.At projected perpendicular to Up),NEED_STUDY,NEED_STUDY,none,UNTESTED,,2026-06-07,,,,,,,,,,,,,,
T_TRIFLOOR_Q,TRIFLOOR,SEEDED,dimensions_library_fbx_bounds,,models/timber_structures/T_TRIFLOOR_Q.fbx,source/control scale,2.299629,0.137085,2.64998,-0.37872,0.068543,-0.000535,Right = normalize(Up cross At),Up = normalize(source.Up),At = normalize(source.At projected perpendicular to Up),NEED_STUDY,NEED_STUDY,none,UNTESTED,,2026-06-07,,,,,,,,,,,,,,
T_WALL,WALL,SEEDED,dimensions_library_fbx_bounds,,models/timber_structures/T_WALL.fbx,source/control scale,5.417614,3.351036,0.119374,-0.004845,1.668011,0.0,Right = normalize(Up cross At),Up = normalize(source.Up),At = normalize(source.At projected perpendicular to Up),NEED_STUDY,NEED_STUDY,none,UNTESTED,,2026-06-07,,,,,,,,,,,,,,
T_WALLB,WALLB,SEEDED,dimensions_library_fbx_bounds,,models/timber_structures/T_WALL.fbx,source/control scale,5.417614,3.351036,0.119374,-0.004845,1.668011,0.0,Right = normalize(Up cross At),Up = normalize(source.Up),At = normalize(source.At projected perpendicular to Up),NEED_STUDY,NEED_STUDY,none,UNTESTED,,2026-06-07,,,,,,,,,,,,,,
T_WALLB_DIAGONA,WALLB_DIAGONA,SEEDED,dimensions_library_fbx_bounds,,models/timber_structures/T_WALLDIAGONAL.fbx,source/control scale,5.417614,3.351037,0.119374,-0.004845,1.668011,0.0,Right = normalize(Up cross At),Up = normalize(source.Up),At = normalize(source.At projected perpendicular to Up),NEED_STUDY,NEED_STUDY,none,UNTESTED,,2026-06-07,,,,,,,,,,,,,,
T_WALLB_H,WALLB,SEEDED,dimensions_library_fbx_bounds,,models/timber_structures/T_WALL_H.fbx,source/control scale,2.707484,3.351036,0.119374,-0.004844,1.668011,0.0,Right = normalize(Up cross At),Up = normalize(source.Up),At = normalize(source.At projected perpendicular to Up),NEED_STUDY,NEED_STUDY,none,UNTESTED,,2026-06-07,,,,,,,,,,,,,,
T_WALLB_WIN0,WALLB_WIN0,SEEDED,dimensions_library_fbx_bounds,,models/timber_structures/T_WALL_WINDOW.fbx,source/control scale,5.467706,3.351036,0.149842,0.000234,1.668011,0.0,Right = normalize(Up cross At),Up = normalize(source.Up),At = normalize(source.At projected perpendicular to Up),NEED_STUDY,NEED_STUDY,none,UNTESTED,,2026-06-07,,,,,,,,,,,,,,
T_WALLB_WIN1,WALLB_WIN1,SEEDED,dimensions_library_fbx_bounds,,models/timber_structures/T_WALL_WIN1.fbx,source/control scale,5.677368,3.351036,0.355556,0.0,1.668011,0.0,Right = normalize(Up cross At),Up = normalize(source.Up),At = normalize(source.At projected perpendicular to Up),NEED_STUDY,NEED_STUDY,none,UNTESTED,,2026-06-07,,,,,,,,,,,,,,
T_WALLB_WIN2,WALLB_WIN2,SEEDED,dimensions_library_fbx_bounds,,models/timber_structures/T_WALL_WIN2.fbx,source/control scale,5.417614,3.351036,0.355556,-0.004845,1.668011,0.0,Right = normalize(Up cross At),Up = normalize(source.Up),At = normalize(source.At projected perpendicular to Up),NEED_STUDY,NEED_STUDY,none,UNTESTED,,2026-06-07,,,,,,,,,,,,,,
T_WALLB_WIN3,WALLB_WIN3,SEEDED,dimensions_library_fbx_bounds,,models/timber_structures/T_WALL_WIN3.fbx,source/control scale,5.417614,3.351036,0.119374,-0.004845,1.668011,0.0,Right = normalize(Up cross At),Up = normalize(source.Up),At = normalize(source.At projected perpendicular to Up),NEED_STUDY,NEED_STUDY,none,UNTESTED,,2026-06-07,,,,,,,,,,,,,,
T_WALLDIAGONAL,WALLDIAGONAL,SEEDED,dimensions_library_fbx_bounds,,models/timber_structures/T_WALLDIAGONAL.fbx,source/control scale,5.417614,3.351037,0.119374,-0.004845,1.668011,0.0,Right = normalize(Up cross At),Up = normalize(source.Up),At = normalize(source.At projected perpendicular to Up),NEED_STUDY,NEED_STUDY,none,UNTESTED,,2026-06-07,,,,,,,,,,,,,,
T_WALLM,WALLM,SEEDED,dimensions_library_fbx_bounds,,models/timber_structures/T_WALL.fbx,source/control scale,5.417614,3.351036,0.119374,-0.004845,1.668011,0.0,Right = normalize(Up cross At),Up = normalize(source.Up),At = normalize(source.At projected perpendicular to Up),NEED_STUDY,NEED_STUDY,none,UNTESTED,,2026-06-07,,,,,,,,,,,,,,
T_WALLM_DIAGONA,WALLM_DIAGONA,SEEDED,dimensions_library_fbx_bounds,,models/timber_structures/T_WALLDIAGONAL.fbx,source/control scale,5.417614,3.351037,0.119374,-0.004845,1.668011,0.0,Right = normalize(Up cross At),Up = normalize(source.Up),At = normalize(source.At projected perpendicular to Up),NEED_STUDY,NEED_STUDY,none,UNTESTED,,2026-06-07,,,,,,,,,,,,,,
T_WALLM_H,WALLM,SEEDED,dimensions_library_fbx_bounds,,models/timber_structures/T_WALL_H.fbx,source/control scale,2.707484,3.351036,0.119374,-0.004844,1.668011,0.0,Right = normalize(Up cross At),Up = normalize(source.Up),At = normalize(source.At projected perpendicular to Up),NEED_STUDY,NEED_STUDY,none,UNTESTED,,2026-06-07,,,,,,,,,,,,,,
T_WALLM_WIN0,WALLM_WIN0,SEEDED,dimensions_library_fbx_bounds,,models/timber_structures/T_WALL_WINDOW.fbx,source/control scale,5.467706,3.351036,0.149842,0.000234,1.668011,0.0,Right = normalize(Up cross At),Up = normalize(source.Up),At = normalize(source.At projected perpendicular to Up),NEED_STUDY,NEED_STUDY,none,UNTESTED,,2026-06-07,,,,,,,,,,,,,,
T_WALLM_WIN1,WALLM_WIN1,SEEDED,dimensions_library_fbx_bounds,,models/timber_structures/T_WALL_WIN1.fbx,source/control scale,5.677368,3.351036,0.355556,0.0,1.668011,0.0,Right = normalize(Up cross At),Up = normalize(source.Up),At = normalize(source.At projected perpendicular to Up),NEED_STUDY,NEED_STUDY,none,UNTESTED,,2026-06-07,,,,,,,,,,,,,,
T_WALLM_WIN2,WALLM_WIN2,SEEDED,dimensions_library_fbx_bounds,,models/timber_structures/T_WALL_WIN2.fbx,source/control scale,5.417614,3.351036,0.355556,-0.004845,1.668011,0.0,Right = normalize(Up cross At),Up = normalize(source.Up),At = normalize(source.At projected perpendicular to Up),NEED_STUDY,NEED_STUDY,none,UNTESTED,,2026-06-07,,,,,,,,,,,,,,
T_WALLM_WIN3,WALLM_WIN3,SEEDED,dimensions_library_fbx_bounds,,models/timber_structures/T_WALL_WIN3.fbx,source/control scale,5.417614,3.351036,0.119374,-0.004845,1.668011,0.0,Right = normalize(Up cross At),Up = normalize(source.Up),At = normalize(source.At projected perpendicular to Up),NEED_STUDY,NEED_STUDY,none,UNTESTED,,2026-06-07,,,,,,,,,,,,,,
T_WALLT,WALLT,SEEDED,dimensions_library_fbx_bounds,,models/timber_structures/T_WALL.fbx,source/control scale,5.417614,3.351036,0.119374,-0.004845,1.668011,0.0,Right = normalize(Up cross At),Up = normalize(source.Up),At = normalize(source.At projected perpendicular to Up),NEED_STUDY,NEED_STUDY,none,UNTESTED,,2026-06-07,,,,,,,,,,,,,,
T_WALLT_DIAGONA,WALLT_DIAGONA,SEEDED,dimensions_library_fbx_bounds,,models/timber_structures/T_WALLDIAGONAL.fbx,source/control scale,5.417614,3.351037,0.119374,-0.004845,1.668011,0.0,Right = normalize(Up cross At),Up = normalize(source.Up),At = normalize(source.At projected perpendicular to Up),NEED_STUDY,NEED_STUDY,none,UNTESTED,,2026-06-07,,,,,,,,,,,,,,
T_WALLT_H,WALLT,SEEDED,dimensions_library_fbx_bounds,,models/timber_structures/T_WALL_H.fbx,source/control scale,2.707484,3.351036,0.119374,-0.004844,1.668011,0.0,Right = normalize(Up cross At),Up = normalize(source.Up),At = normalize(source.At projected perpendicular to Up),NEED_STUDY,NEED_STUDY,none,UNTESTED,,2026-06-07,,,,,,,,,,,,,,
T_WALLT_WIN0,WALLT_WIN0,SEEDED,dimensions_library_fbx_bounds,,models/timber_structures/T_WALL_WINDOW.fbx,source/control scale,5.467706,3.351036,0.149842,0.000234,1.668011,0.0,Right = normalize(Up cross At),Up = normalize(source.Up),At = normalize(source.At projected perpendicular to Up),NEED_STUDY,NEED_STUDY,none,UNTESTED,,2026-06-07,,,,,,,,,,,,,,
T_WALLT_WIN1,WALLT_WIN1,SEEDED,dimensions_library_fbx_bounds,,models/timber_structures/T_WALL_WIN1.fbx,source/control scale,5.677368,3.351036,0.355556,0.0,1.668011,0.0,Right = normalize(Up cross At),Up = normalize(source.Up),At = normalize(source.At projected perpendicular to Up),NEED_STUDY,NEED_STUDY,none,UNTESTED,,2026-06-07,,,,,,,,,,,,,,
T_WALLT_WIN2,WALLT_WIN2,SEEDED,dimensions_library_fbx_bounds,,models/timber_structures/T_WALL_WIN2.fbx,source/control scale,5.417614,3.351036,0.355556,-0.004845,1.668011,0.0,Right = normalize(Up cross At),Up = normalize(source.Up),At = normalize(source.At projected perpendicular to Up),NEED_STUDY,NEED_STUDY,none,UNTESTED,,2026-06-07,,,,,,,,,,,,,,
T_WALLT_WIN3,WALLT_WIN3,SEEDED,dimensions_library_fbx_bounds,,models/timber_structures/T_WALL_WIN3.fbx,source/control scale,5.417614,3.351036,0.119374,-0.004845,1.668011,0.0,Right = normalize(Up cross At),Up = normalize(source.Up),At = normalize(source.At projected perpendicular to Up),NEED_STUDY,NEED_STUDY,none,UNTESTED,,2026-06-07,,,,,,,,,,,,,,
T_WALL_H,WALL,SEEDED,dimensions_library_fbx_bounds,,models/timber_structures/T_WALL_H.fbx,source/control scale,2.707484,3.351036,0.119374,-0.004844,1.668011,0.0,Right = normalize(Up cross At),Up = normalize(source.Up),At = normalize(source.At projected perpendicular to Up),NEED_STUDY,NEED_STUDY,none,UNTESTED,,2026-06-07,,,,,,,,,,,,,,
T_WALL_Q,WALL,SEEDED,dimensions_library_fbx_bounds,,models/timber_structures/T_WALL_Q.fbx,source/control scale,5.613894,0.853759,0.322788,-0.004845,0.419373,0.0,Right = normalize(Up cross At),Up = normalize(source.Up),At = normalize(source.At projected perpendicular to Up),NEED_STUDY,NEED_STUDY,none,UNTESTED,,2026-06-07,,,,,,,,,,,,,,
T_WALL_Q1,WALL_Q1,SEEDED,dimensions_library_fbx_bounds,,models/timber_structures/T_WALL_Q1.fbx,source/control scale,5.443556,0.881683,0.150305,-0.004845,0.393188,0.000498,Right = normalize(Up cross At),Up = normalize(source.Up),At = normalize(source.At projected perpendicular to Up),NEED_STUDY,NEED_STUDY,none,UNTESTED,,2026-06-07,,,,,,,,,,,,,,
T_WALL_Q_H,WALL_Q,SEEDED,dimensions_library_fbx_bounds,,models/timber_structures/T_WALL_Q_H.fbx,source/control scale,2.93993,0.853759,0.322788,-0.004845,0.419373,0.0,Right = normalize(Up cross At),Up = normalize(source.Up),At = normalize(source.At projected perpendicular to Up),NEED_STUDY,NEED_STUDY,none,UNTESTED,,2026-06-07,,,,,,,,,,,,,,
T_WALL_Q_H1,WALL_Q,SEEDED,dimensions_library_fbx_bounds,,models/timber_structures/T_WALL_Q_H1.fbx,source/control scale,2.707814,0.881683,0.150305,-0.004845,0.393188,0.000498,Right = normalize(Up cross At),Up = normalize(source.Up),At = normalize(source.At projected perpendicular to Up),NEED_STUDY,NEED_STUDY,none,UNTESTED,,2026-06-07,,,,,,,,,,,,,,
T_WALL_WIN1,WALL_WIN1,SEEDED,dimensions_library_fbx_bounds,,models/timber_structures/T_WALL_WIN1.fbx,source/control scale,5.677368,3.351036,0.355556,0.0,1.668011,0.0,Right = normalize(Up cross At),Up = normalize(source.Up),At = normalize(source.At projected perpendicular to Up),NEED_STUDY,NEED_STUDY,none,UNTESTED,,2026-06-07,,,,,,,,,,,,,,
T_WALL_WIN2,WALL_WIN2,SEEDED,dimensions_library_fbx_bounds,,models/timber_structures/T_WALL_WIN2.fbx,source/control scale,5.417614,3.351036,0.355556,-0.004845,1.668011,0.0,Right = normalize(Up cross At),Up = normalize(source.Up),At = normalize(source.At projected perpendicular to Up),NEED_STUDY,NEED_STUDY,none,UNTESTED,,2026-06-07,,,,,,,,,,,,,,
T_WALL_WIN3,WALL_WIN3,SEEDED,dimensions_library_fbx_bounds,,models/timber_structures/T_WALL_WIN3.fbx,source/control scale,5.417614,3.351036,0.119374,-0.004845,1.668011,0.0,Right = normalize(Up cross At),Up = normalize(source.Up),At = normalize(source.At projected perpendicular to Up),NEED_STUDY,NEED_STUDY,none,UNTESTED,,2026-06-07,,,,,,,,,,,,,,
T_WALL_WINDOW,WALL_WINDOW,SEEDED,dimensions_library_fbx_bounds,,models/timber_structures/T_WALL_WINDOW.fbx,source/control scale,5.467706,3.351036,0.149842,0.000234,1.668011,0.0,Right = normalize(Up cross At),Up = normalize(source.Up),At = normalize(source.At projected perpendicular to Up),NEED_STUDY,NEED_STUDY,none,UNTESTED,,2026-06-07,,,,,,,,,,,,,,
U_BATTERY_S,BATTERY_S,SEEDED,dimensions_library_fbx_bounds,,models/power_industry/U_BATTERY_S.fbx,source/control scale,1.650011,1.828654,1.647835,0.003342,0.914327,-0.000618,Right = normalize(Up cross At),Up = normalize(source.Up),At = normalize(source.At projected perpendicular to Up),NEED_STUDY,NEED_STUDY,none,UNTESTED,,2026-06-07,,,,,,,,,,,,,,
U_BIOGENERATOR,BIOGENERATOR,SEEDED,dimensions_library_fbx_bounds,,models/power_industry/U_BIOGENERATOR.fbx,source/control scale,1.759616,1.911883,1.682807,0.0,0.955744,0.000762,Right = normalize(Up cross At),Up = normalize(source.Up),At = normalize(source.At projected perpendicular to Up),NEED_STUDY,NEED_STUDY,none,UNTESTED,,2026-06-07,,,,,,,,,,,,,,
U_BYTEBEATLINE,BYTEBEATLINE,SEEDED,dimensions_library_fbx_bounds,,models/power_industry/U_BYTEBEATLINE.fbx,source/control scale,0.14468,0.153824,1.0,0.0,-0.011277,0.5,Right = normalize(Up cross At),Up = normalize(source.Up),At = normalize(source.At projected perpendicular to Up),NEED_STUDY,NEED_STUDY,none,UNTESTED,,2026-06-07,,,,,,,,,,,,,,
U_EXTRACTOR_S,EXTRACTOR_S,SEEDED,dimensions_library_fbx_bounds,,models/power_industry/U_EXTRACTOR_S.fbx,source/control scale,2.435854,6.029782,2.245329,-9.7e-05,3.014891,-0.090647,Right = normalize(Up cross At),Up = normalize(source.Up),At = normalize(source.At projected perpendicular to Up),NEED_STUDY,NEED_STUDY,none,UNTESTED,,2026-06-07,,,,,,,,,,,,,,
U_GASEXTRACTOR,GASEXTRACTOR,SEEDED,dimensions_library_fbx_bounds,,models/power_industry/U_GASEXTRACTOR.fbx,source/control scale,2.930452,6.333261,2.54138,0.0,3.164984,-0.128652,Right = normalize(Up cross At),Up = normalize(source.Up),At = normalize(source.At projected perpendicular to Up),NEED_STUDY,NEED_STUDY,none,UNTESTED,,2026-06-07,,,,,,,,,,,,,,
U_GENERATOR_S,GENERATOR_S,SEEDED,dimensions_library_fbx_bounds,,models/power_industry/U_GENERATOR_S.fbx,source/control scale,3.003962,6.546011,3.012254,0.0,3.273005,0.0,Right = normalize(Up cross At),Up = normalize(source.Up),At = normalize(source.At projected perpendicular to Up),NEED_STUDY,NEED_STUDY,none,UNTESTED,,2026-06-07,,,,,,,,,,,,,,
U_MINIPORTAL,MINIPORTAL,SEEDED,dimensions_library_fbx_bounds,,models/advanced_technology/U_MINIPORTAL.fbx,source/control scale,2.0,5.441512,2.540539,0.0,2.720756,-0.27027,Right = normalize(Up cross At),Up = normalize(source.Up),At = normalize(source.At projected perpendicular to Up),NEED_STUDY,NEED_STUDY,none,UNTESTED,,2026-06-07,,,,,,,,,,,,,,
U_MINIPORTAL_CV,MINIPORTAL_CV,SEEDED,dimensions_library_fbx_bounds,,models/advanced_technology/U_MINIPORTAL_CV.fbx,source/control scale,2.851562,3.643661,2.921875,0.0,1.814888,0.0,Right = normalize(Up cross At),Up = normalize(source.Up),At = normalize(source.At projected perpendicular to Up),NEED_STUDY,NEED_STUDY,none,UNTESTED,,2026-06-07,,,,,,,,,,,,,,
U_PIPELINE,PIPELINE,SEEDED,dimensions_library_fbx_bounds,,models/power_industry/U_PIPELINE.fbx,source/control scale,1.152071,0.267977,1.0,0.008542,-0.010395,0.5,Right = normalize(Up cross At),Up = normalize(source.Up),At = normalize(source.At projected perpendicular to Up),NEED_STUDY,NEED_STUDY,none,UNTESTED,,2026-06-07,,,,,,,,,,,,,,
U_PORTALLINE,PORTALLINE,SEEDED,dimensions_library_fbx_bounds,,models/power_industry/U_PORTALLINE.fbx,source/control scale,0.14468,0.153824,1.0,0.0,-0.011277,0.5,Right = normalize(Up cross At),Up = normalize(source.Up),At = normalize(source.At projected perpendicular to Up),NEED_STUDY,NEED_STUDY,none,UNTESTED,,2026-06-07,,,,,,,,,,,,,,
U_POWERLINE,POWERLINE,SEEDED,dimensions_library_fbx_bounds,,models/power_industry/U_POWERLINE.fbx,source/control scale,0.14468,0.153824,1.0,0.0,-0.011277,0.5,Right = normalize(Up cross At),Up = normalize(source.Up),At = normalize(source.At projected perpendicular to Up),NEED_STUDY,NEED_STUDY,none,UNTESTED,,2026-06-07,,,,,,,,,,,,,,
U_SILO_S,SILO_S,SEEDED,dimensions_library_fbx_bounds,,models/power_industry/U_SILO_S.fbx,source/control scale,2.9719,6.670234,2.963901,-0.014123,3.335056,-0.053048,Right = normalize(Up cross At),Up = normalize(source.Up),At = normalize(source.At projected perpendicular to Up),NEED_STUDY,NEED_STUDY,none,UNTESTED,,2026-06-07,,,,,,,,,,,,,,
U_SOLAR_S,SOLAR_S,SEEDED,dimensions_library_fbx_bounds,,models/power_industry/U_SOLAR_S.fbx,source/control scale,2.530731,2.75282,2.505795,0.319692,1.37641,-0.324319,Right = normalize(Up cross At),Up = normalize(source.Up),At = normalize(source.At projected perpendicular to Up),NEED_STUDY,NEED_STUDY,none,UNTESTED,,2026-06-07,,,,,,,,,,,,,,
U_SWITCHBUTTON,SWITCHBUTTON,SEEDED,dimensions_library_fbx_bounds,,models/power_industry/U_SWITCHBUTTON.fbx,source/control scale,0.821694,0.64393,0.49,0.0,0.321965,0.0,Right = normalize(Up cross At),Up = normalize(source.Up),At = normalize(source.At projected perpendicular to Up),NEED_STUDY,NEED_STUDY,none,UNTESTED,,2026-06-07,,,,,,,,,,,,,,
U_SWITCHPRESS,SWITCHPRESS,SEEDED,dimensions_library_fbx_bounds,,models/power_industry/U_SWITCHPRESS.fbx,source/control scale,4.3,0.282023,4.483473,0.0,0.141012,-0.091736,Right = normalize(Up cross At),Up = normalize(source.Up),At = normalize(source.At projected perpendicular to Up),NEED_STUDY,NEED_STUDY,none,UNTESTED,,2026-06-07,,,,,,,,,,,,,,
U_SWITCHPROX,SWITCHPROX,SEEDED,dimensions_library_fbx_bounds,,models/power_industry/U_SWITCHPROX.fbx,source/control scale,0.821694,0.532762,0.49,0.0,0.266381,0.0,Right = normalize(Up cross At),Up = normalize(source.Up),At = normalize(source.At projected perpendicular to Up),NEED_STUDY,NEED_STUDY,none,UNTESTED,,2026-06-07,,,,,,,,,,,,,,
U_SWITCHWALL,SWITCHWALL,SEEDED,dimensions_library_fbx_bounds,,models/power_industry/U_SWITCHWALL.fbx,source/control scale,0.821694,0.532762,0.49,0.0,0.266381,0.0,Right = normalize(Up cross At),Up = normalize(source.Up),At = normalize(source.At projected perpendicular to Up),NEED_STUDY,NEED_STUDY,none,UNTESTED,,2026-06-07,,,,,,,,,,,,,,
U_TRANSISTOR1,TRANSISTOR1,SEEDED,dimensions_library_fbx_bounds,,models/power_industry/U_TRANSISTOR1.fbx,source/control scale,0.821694,0.554268,0.642815,0.0,0.277134,0.076407,Right = normalize(Up cross At),Up = normalize(source.Up),At = normalize(source.At projected perpendicular to Up),NEED_STUDY,NEED_STUDY,none,UNTESTED,,2026-06-07,,,,,,,,,,,,,,
U_TRANSISTOR2,TRANSISTOR2,SEEDED,dimensions_library_fbx_bounds,,models/power_industry/U_TRANSISTOR2.fbx,source/control scale,0.821694,0.532762,0.642815,0.0,0.266381,0.076407,Right = normalize(Up cross At),Up = normalize(source.Up),At = normalize(source.At projected perpendicular to Up),NEED_STUDY,NEED_STUDY,none,UNTESTED,,2026-06-07,,,,,,,,,,,,,,
VIEWSPHERE,VIEWSPHERE,SEEDED,dimensions_library_fbx_bounds,,models/large_structures/VIEWSPHERE.fbx,source/control scale,3.966389,4.046056,3.993049,-0.013331,1.976758,-1e-06,Right = normalize(Up cross At),Up = normalize(source.Up),At = normalize(source.At projected perpendicular to Up),NEED_STUDY,NEED_STUDY,none,UNTESTED,,2026-06-07,,,,,,,,,,,,,,
WALL,WALL,SEEDED,dimensions_library_fbx_bounds,,models/legacy_structures/WALL.fbx,source/control scale,4.091636,1.058095,0.322434,0.0,0.512187,0.0,Right = normalize(Up cross At),Up = normalize(source.Up),At = normalize(source.At projected perpendicular to Up),NEED_STUDY,NEED_STUDY,none,UNTESTED,,2026-06-07,,,,,,,,,,,,,,
WALLCURVED,WALLCURVED,SEEDED,dimensions_library_fbx_bounds,,models/legacy_structures/WALLCURVED.fbx,source/control scale,4.155628,1.0,4.157727,0.084794,0.5265,-0.084014,Right = normalize(Up cross At),Up = normalize(source.Up),At = normalize(source.At projected perpendicular to Up),NEED_STUDY,NEED_STUDY,none,UNTESTED,,2026-06-07,,,,,,,,,,,,,,
WALLDOOR,WALLDOOR,SEEDED,dimensions_library_fbx_bounds,,models/legacy_structures/WALLDOOR.fbx,source/control scale,4.091636,3.07477,0.451745,0.0,1.520524,0.064655,Right = normalize(Up cross At),Up = normalize(source.Up),At = normalize(source.At projected perpendicular to Up),NEED_STUDY,NEED_STUDY,none,UNTESTED,,2026-06-07,,,,,,,,,,,,,,
WALLFAN,WALLFAN,SEEDED,dimensions_library_fbx_bounds,,models/furnishings/WALLFAN.fbx,source/control scale,1.039745,0.256964,1.033003,-0.124822,0.0,0.004624,Right = normalize(Up cross At),Up = normalize(source.Up),At = normalize(source.At projected perpendicular to Up),NEED_STUDY,NEED_STUDY,none,UNTESTED,,2026-06-07,,,,,,,,,,,,,,
WALLFLAG1,WALLFLAG1,SEEDED,dimensions_library_fbx_bounds,,models/decoration/WALLFLAG1.fbx,source/control scale,1.88,0.456589,2.978355,0.0,0.199267,0.050236,Right = normalize(Up cross At),Up = normalize(source.Up),At = normalize(source.At projected perpendicular to Up),NEED_STUDY,NEED_STUDY,none,UNTESTED,,2026-06-07,,,,,,,,,,,,,,
WALLFLAG2,WALLFLAG2,SEEDED,dimensions_library_fbx_bounds,,models/decoration/WALLFLAG2.fbx,source/control scale,1.88,0.456589,2.978355,0.0,0.199267,0.050236,Right = normalize(Up cross At),Up = normalize(source.Up),At = normalize(source.At projected perpendicular to Up),NEED_STUDY,NEED_STUDY,none,UNTESTED,,2026-06-07,,,,,,,,,,,,,,
WALLFLAG3,WALLFLAG3,SEEDED,dimensions_library_fbx_bounds,,models/decoration/WALLFLAG3.fbx,source/control scale,1.88,0.456589,2.978355,0.0,0.199267,0.050236,Right = normalize(Up cross At),Up = normalize(source.Up),At = normalize(source.At projected perpendicular to Up),NEED_STUDY,NEED_STUDY,none,UNTESTED,,2026-06-07,,,,,,,,,,,,,,
WALLFLOORLADDER,WALLFLOORLADDER,SEEDED,dimensions_library_fbx_bounds,,models/large_structures/WALLFLOORLADDER.fbx,source/control scale,0.726298,4.0,0.1,-0.002387,2.0,-0.722999,Right = normalize(Up cross At),Up = normalize(source.Up),At = normalize(source.At projected perpendicular to Up),NEED_STUDY,NEED_STUDY,none,UNTESTED,,2026-06-07,,,,,,,,,,,,,,
WALLLIGHTBLUE,WALLLIGHTBLUE,SEEDED,dimensions_library_fbx_bounds,,models/lights/WALLLIGHTBLUE.fbx,source/control scale,0.304688,0.255296,0.783857,0.0,0.072352,-0.084607,Right = normalize(Up cross At),Up = normalize(source.Up),At = normalize(source.At projected perpendicular to Up),NEED_STUDY,NEED_STUDY,none,UNTESTED,,2026-06-07,,,,,,,,,,,,,,
WALLLIGHTGREEN,WALLLIGHTGREEN,SEEDED,dimensions_library_fbx_bounds,,models/lights/WALLLIGHTGREEN.fbx,source/control scale,0.304688,0.255296,0.783857,0.0,0.072352,-0.084607,Right = normalize(Up cross At),Up = normalize(source.Up),At = normalize(source.At projected perpendicular to Up),NEED_STUDY,NEED_STUDY,none,UNTESTED,,2026-06-07,,,,,,,,,,,,,,
WALLLIGHTPINK,WALLLIGHTPINK,SEEDED,dimensions_library_fbx_bounds,,models/lights/WALLLIGHTPINK.fbx,source/control scale,0.304688,0.255296,0.783857,0.0,0.072352,-0.084607,Right = normalize(Up cross At),Up = normalize(source.Up),At = normalize(source.At projected perpendicular to Up),NEED_STUDY,NEED_STUDY,none,UNTESTED,,2026-06-07,,,,,,,,,,,,,,
WALLLIGHTRED,WALLLIGHTRED,SEEDED,dimensions_library_fbx_bounds,,models/lights/WALLLIGHTRED.fbx,source/control scale,0.304688,0.255296,0.783857,0.0,0.072352,-0.084607,Right = normalize(Up cross At),Up = normalize(source.Up),At = normalize(source.At projected perpendicular to Up),NEED_STUDY,NEED_STUDY,none,UNTESTED,,2026-06-07,,,,,,,,,,,,,,
WALLLIGHTWHITE,WALLLIGHTWHITE,SEEDED,dimensions_library_fbx_bounds,,models/lights/WALLLIGHTWHITE.fbx,source/control scale,0.304688,0.255296,0.783857,0.0,0.072352,-0.084607,Right = normalize(Up cross At),Up = normalize(source.Up),At = normalize(source.At projected perpendicular to Up),NEED_STUDY,NEED_STUDY,none,UNTESTED,,2026-06-07,,,,,,,,,,,,,,
WALLLIGHTYELLOW,WALLLIGHTYELLOW,SEEDED,dimensions_library_fbx_bounds,,models/lights/WALLLIGHTYELLOW.fbx,source/control scale,0.304688,0.255296,0.783857,0.0,0.072352,-0.084607,Right = normalize(Up cross At),Up = normalize(source.Up),At = normalize(source.At projected perpendicular to Up),NEED_STUDY,NEED_STUDY,none,UNTESTED,,2026-06-07,,,,,,,,,,,,,,
WALLSCREEN,WALLSCREEN,SEEDED,dimensions_library_fbx_bounds,,models/furnishings/WALLSCREEN.fbx,source/control scale,1.476242,0.555171,0.869388,0.0,0.277586,-0.022365,Right = normalize(Up cross At),Up = normalize(source.Up),At = normalize(source.At projected perpendicular to Up),NEED_STUDY,NEED_STUDY,none,UNTESTED,,2026-06-07,,,,,,,,,,,,,,
WALLSCREENB,WALLSCREENB,SEEDED,dimensions_library_fbx_bounds,,models/furnishings/WALLSCREENB.fbx,source/control scale,1.476242,0.555171,0.869388,0.0,0.277586,-0.022365,Right = normalize(Up cross At),Up = normalize(source.Up),At = normalize(source.At projected perpendicular to Up),NEED_STUDY,NEED_STUDY,none,UNTESTED,,2026-06-07,,,,,,,,,,,,,,
WALLSCREENB2,WALLSCREENB2,SEEDED,dimensions_library_fbx_bounds,,models/furnishings/WALLSCREENB2.fbx,source/control scale,1.476242,0.555171,0.869388,0.0,0.277586,-0.022365,Right = normalize(Up cross At),Up = normalize(source.Up),At = normalize(source.At projected perpendicular to Up),NEED_STUDY,NEED_STUDY,none,UNTESTED,,2026-06-07,,,,,,,,,,,,,,
WALLTALL,WALLTALL,SEEDED,dimensions_library_fbx_bounds,,models/legacy_structures/WALLTALL.fbx,source/control scale,4.091636,3.077024,0.322434,0.0,1.521651,0.0,Right = normalize(Up cross At),Up = normalize(source.Up),At = normalize(source.At projected perpendicular to Up),NEED_STUDY,NEED_STUDY,none,UNTESTED,,2026-06-07,,,,,,,,,,,,,,
WATERBUBBLE,WATERBUBBLE,SEEDED,dimensions_library_fbx_bounds,,models/deployable_technology/WATERBUBBLE.fbx,source/control scale,4.679686,4.910818,6.28,-0.019843,1.875849,0.0,Right = normalize(Up cross At),Up = normalize(source.Up),At = normalize(source.At projected perpendicular to Up),NEED_STUDY,NEED_STUDY,none,UNTESTED,,2026-06-07,,,,,,,,,,,,,,
WEAPONRACK,WEAPONRACK,SEEDED,dimensions_library_fbx_bounds,,models/furnishings/WEAPONRACK.fbx,source/control scale,3.180556,0.829735,1.693612,0.0,0.414867,0.0,Right = normalize(Up cross At),Up = normalize(source.Up),At = normalize(source.At projected perpendicular to Up),NEED_STUDY,NEED_STUDY,none,UNTESTED,,2026-06-07,,,,,,,,,,,,,,
WEDGESHAPE,WEDGESHAPE,SEEDED,dimensions_library_fbx_bounds,,models/decoration/WEDGESHAPE.fbx,source/control scale,1.955992,2.081176,4.05,0.0,0.990588,0.975,Right = normalize(Up cross At),Up = normalize(source.Up),At = normalize(source.At projected perpendicular to Up),NEED_STUDY,NEED_STUDY,none,UNTESTED,,2026-06-07,,,,,,,,,,,,,,
WEDGESMALLSHAPE,WEDGESMALLSHAPE,SEEDED,dimensions_library_fbx_bounds,,models/decoration/WEDGESMALLSHAPE.fbx,source/control scale,1.955992,2.081176,2.025,0.0,0.990588,-0.0125,Right = normalize(Up cross At),Up = normalize(source.Up),At = normalize(source.At projected perpendicular to Up),NEED_STUDY,NEED_STUDY,none,UNTESTED,,2026-06-07,,,,,,,,,,,,,,
W_ARCH,ARCH,SEEDED,dimensions_library_fbx_bounds,,models/legacy_structures/W_ARCH.fbx,source/control scale,5.657782,3.332744,0.397372,0.0,1.669417,0.0,Right = normalize(Up cross At),Up = normalize(source.Up),At = normalize(source.At projected perpendicular to Up),NEED_STUDY,NEED_STUDY,none,UNTESTED,,2026-06-07,,,,,,,,,,,,,,
W_ARCH_H,ARCH,SEEDED,dimensions_library_fbx_bounds,,models/legacy_structures/W_ARCH_H.fbx,source/control scale,2.828891,3.332744,0.397372,-0.06952,1.669417,0.0,Right = normalize(Up cross At),Up = normalize(source.Up),At = normalize(source.At projected perpendicular to Up),NEED_STUDY,NEED_STUDY,none,UNTESTED,,2026-06-07,,,,,,,,,,,,,,
W_DOOR,DOOR,SEEDED,dimensions_library_fbx_bounds,,models/legacy_structures/W_DOOR.fbx,source/control scale,5.681397,3.329664,0.394648,-5e-06,1.665093,0.0,Right = normalize(Up cross At),Up = normalize(source.Up),At = normalize(source.At projected perpendicular to Up),NEED_STUDY,NEED_STUDY,none,UNTESTED,,2026-06-07,,,,,,,,,,,,,,
W_DOORWINDOW,DOORWINDOW,SEEDED,dimensions_library_fbx_bounds,,models/legacy_structures/W_DOORWINDOW.fbx,source/control scale,5.681397,3.329664,0.394648,-5e-06,1.665093,0.0,Right = normalize(Up cross At),Up = normalize(source.Up),At = normalize(source.At projected perpendicular to Up),NEED_STUDY,NEED_STUDY,none,UNTESTED,,2026-06-07,,,,,,,,,,,,,,
W_DOOR_H,DOOR,SEEDED,dimensions_library_fbx_bounds,,models/legacy_structures/W_DOOR_H.fbx,source/control scale,2.99656,3.329664,0.394648,-0.001817,1.665093,0.0,Right = normalize(Up cross At),Up = normalize(source.Up),At = normalize(source.At projected perpendicular to Up),NEED_STUDY,NEED_STUDY,none,UNTESTED,,2026-06-07,,,,,,,,,,,,,,
W_FLOOR,FLOOR,SEEDED,dimensions_library_fbx_bounds,,models/legacy_structures/W_FLOOR.fbx,source/control scale,5.330001,0.441718,5.330007,0.008736,0.029043,4e-06,Right = normalize(Up cross At),Up = normalize(source.Up),At = normalize(source.At projected perpendicular to Up),NEED_STUDY,NEED_STUDY,none,UNTESTED,,2026-06-07,,,,,,,,,,,,,,
W_FLOOR_Q,FLOOR,SEEDED,dimensions_library_fbx_bounds,,models/legacy_structures/W_FLOOR_Q.fbx,source/control scale,2.653056,0.410057,2.670615,-0.003358,0.013213,-0.003152,Right = normalize(Up cross At),Up = normalize(source.Up),At = normalize(source.At projected perpendicular to Up),NEED_STUDY,NEED_STUDY,none,UNTESTED,,2026-06-07,,,,,,,,,,,,,,
W_GDOOR,GDOOR,SEEDED,dimensions_library_fbx_bounds,,models/legacy_structures/W_GDOOR.fbx,source/control scale,5.671977,3.329666,2.055296,0.004704,1.665092,-0.602744,Right = normalize(Up cross At),Up = normalize(source.Up),At = normalize(source.At projected perpendicular to Up),NEED_STUDY,NEED_STUDY,none,UNTESTED,,2026-06-07,,,,,,,,,,,,,,
W_GFLOOR,GFLOOR,SEEDED,dimensions_library_fbx_bounds,,models/legacy_structures/W_GFLOOR.fbx,source/control scale,5.330001,0.455096,5.330007,0.008736,0.0,4e-06,Right = normalize(Up cross At),Up = normalize(source.Up),At = normalize(source.At projected perpendicular to Up),NEED_STUDY,NEED_STUDY,none,UNTESTED,,2026-06-07,,,,,,,,,,,,,,
W_RAMP,STAIR_FULL_RAMP,USER_ACCEPTED_GENERAL_PLACEMENT,per_part_partmap,library/part_placement_maps/W_RAMP.partmap.json,models/legacy_structures/W_RAMP.fbx,source/control scale unless explicitly parameterized,4.833932,3.806864,5.595291,0.0,1.535044,0.148896,normalize(Up cross At),normalize(source.Up),normalize(source.At projected perpendicular to Up),USER_ACCEPTED_STAIR_LOCAL_FRAME_REPEAT,floor_to_stair_edge_start; local_frame_stair_chain; terminal_landing; switchback; stadium_side_bank; stadium_back_bank; five_lane_equal_step_u_corner,none,BLENDER_USER_CHECK,,2026-06-07,OBSERVED_FACT_OR_DERIVED_PENDING,unknown,"[,,]",unknown,unknown,unknown,,,,unknown,single_part_or_unknown,none,,
W_RAMP_H,RAMP,SEEDED,dimensions_library_fbx_bounds,,models/legacy_structures/W_RAMP_H.fbx,source/control scale,2.271712,3.806864,5.595291,0.011291,1.535044,0.148896,Right = normalize(Up cross At),Up = normalize(source.Up),At = normalize(source.At projected perpendicular to Up),NEED_STUDY,NEED_STUDY,none,UNTESTED,,2026-06-07,,,,,,,,,,,,,,
W_ROOF,ROOF,SEEDED,dimensions_library_fbx_bounds,,models/legacy_structures/W_ROOF.fbx,source/control scale,5.94304,3.132678,5.94304,0.0,1.370083,0.0,Right = normalize(Up cross At),Up = normalize(source.Up),At = normalize(source.At projected perpendicular to Up),NEED_STUDY,NEED_STUDY,none,UNTESTED,,2026-06-07,,,,,,,,,,,,,,
W_ROOF_C,ROOF,SEEDED,dimensions_library_fbx_bounds,,models/legacy_structures/W_ROOF_C.fbx,source/control scale,5.688621,3.29635,5.68862,0.098839,1.649422,-0.098838,Right = normalize(Up cross At),Up = normalize(source.Up),At = normalize(source.At projected perpendicular to Up),NEED_STUDY,NEED_STUDY,none,UNTESTED,,2026-06-07,,,,,,,,,,,,,,
W_ROOF_IC,ROOF,SEEDED,dimensions_library_fbx_bounds,,models/legacy_structures/W_ROOF_IC.fbx,source/control scale,5.68862,3.29635,5.688621,0.098838,1.646541,-0.098839,Right = normalize(Up cross At),Up = normalize(source.Up),At = normalize(source.At projected perpendicular to Up),NEED_STUDY,NEED_STUDY,none,UNTESTED,,2026-06-07,,,,,,,,,,,,,,
W_ROOF_M,ROOF,SEEDED,dimensions_library_fbx_bounds,,models/legacy_structures/W_ROOF_M.fbx,source/control scale,5.490944,3.29635,5.681622,0.0,1.649422,-0.102337,Right = normalize(Up cross At),Up = normalize(source.Up),At = normalize(source.At projected perpendicular to Up),NEED_STUDY,NEED_STUDY,none,UNTESTED,,2026-06-07,,,,,,,,,,,,,,
W_TRIFLOOR,TRIFLOOR,SEEDED,dimensions_library_fbx_bounds,,models/legacy_structures/W_TRIFLOOR.fbx,source/control scale,4.571969,0.574358,5.279255,-0.746485,0.0,0.0,Right = normalize(Up cross At),Up = normalize(source.Up),At = normalize(source.At projected perpendicular to Up),NEED_STUDY,NEED_STUDY,none,UNTESTED,,2026-06-07,,,,,,,,,,,,,,
W_TRIFLOOR_Q,TRIFLOOR,SEEDED,dimensions_library_fbx_bounds,,models/legacy_structures/W_TRIFLOOR_Q.fbx,source/control scale,2.30925,0.495768,2.666492,-0.384875,0.0,0.0,Right = normalize(Up cross At),Up = normalize(source.Up),At = normalize(source.At projected perpendicular to Up),NEED_STUDY,NEED_STUDY,none,UNTESTED,,2026-06-07,,,,,,,,,,,,,,
W_WALL,WALL,SEEDED,dimensions_library_fbx_bounds,,models/legacy_structures/W_WALL.fbx,source/control scale,5.671977,3.329666,0.394648,0.004704,1.665092,0.0,Right = normalize(Up cross At),Up = normalize(source.Up),At = normalize(source.At projected perpendicular to Up),NEED_STUDY,NEED_STUDY,none,UNTESTED,,2026-06-07,,,,,,,,,,,,,,
W_WALLDIAGONAL,WALLDIAGONAL,SEEDED,dimensions_library_fbx_bounds,,models/legacy_structures/W_WALLDIAGONAL.fbx,source/control scale,5.666951,3.329666,0.394648,0.007218,1.665092,0.0,Right = normalize(Up cross At),Up = normalize(source.Up),At = normalize(source.At projected perpendicular to Up),NEED_STUDY,NEED_STUDY,none,UNTESTED,,2026-06-07,,,,,,,,,,,,,,
W_WALL_H,WALL,SEEDED,dimensions_library_fbx_bounds,,models/legacy_structures/W_WALL_H.fbx,source/control scale,3.007874,3.329666,0.394648,0.003241,1.665092,0.0,Right = normalize(Up cross At),Up = normalize(source.Up),At = normalize(source.At projected perpendicular to Up),NEED_STUDY,NEED_STUDY,none,UNTESTED,,2026-06-07,,,,,,,,,,,,,,
W_WALL_Q,WALL,SEEDED,dimensions_library_fbx_bounds,,models/legacy_structures/W_WALL_Q.fbx,source/control scale,5.671977,0.838964,0.394648,0.004704,0.419741,0.0,Right = normalize(Up cross At),Up = normalize(source.Up),At = normalize(source.At projected perpendicular to Up),NEED_STUDY,NEED_STUDY,none,UNTESTED,,2026-06-07,,,,,,,,,,,,,,
W_WALL_Q_H,WALL_Q,SEEDED,dimensions_library_fbx_bounds,,models/legacy_structures/W_WALL_Q_H.fbx,source/control scale,2.835989,0.838964,0.394648,0.004704,0.419741,0.0,Right = normalize(Up cross At),Up = normalize(source.Up),At = normalize(source.At projected perpendicular to Up),NEED_STUDY,NEED_STUDY,none,UNTESTED,,2026-06-07,,,,,,,,,,,,,,
W_WALL_WINDOW,WALL_WINDOW,SEEDED,dimensions_library_fbx_bounds,,models/legacy_structures/W_WALL_WINDOW.fbx,source/control scale,5.671977,3.329666,0.394648,0.004704,1.665092,0.0,Right = normalize(Up cross At),Up = normalize(source.Up),At = normalize(source.At projected perpendicular to Up),NEED_STUDY,NEED_STUDY,none,UNTESTED,,2026-06-07,,,,,,,,,,,,,,
